map_version,geography,college,municipality,entry_type,entry_text,source_page,ocr_text,match_score
camera-mattarellum-1993-corrected,VALLE D'AOSTA,1,ALLEIN,whole,,163,ALLE IN,1.0
camera-mattarellum-1993-corrected,VALLE D'AOSTA,1,ANTEY-SAINT-ANDRE',whole,,163,ANTEY-SAINT-ANDRE?,1.0
camera-mattarellum-1993-corrected,VALLE D'AOSTA,1,AOSTA,whole,,163,AOSTA,1.0
camera-mattarellum-1993-corrected,VALLE D'AOSTA,1,ARNAD,whole,,163,ARNAD,1.0
camera-mattarellum-1993-corrected,VALLE D'AOSTA,1,ARVIER,whole,,163,ARVIER,1.0
camera-mattarellum-1993-corrected,VALLE D'AOSTA,1,AVISE,whole,,163,AVISE,1.0
camera-mattarellum-1993-corrected,VALLE D'AOSTA,1,AYAS,whole,,163,AYAS,1.0
camera-mattarellum-1993-corrected,VALLE D'AOSTA,1,AYMAVILLES,whole,,163,AYMAVILLES,1.0
camera-mattarellum-1993-corrected,VALLE D'AOSTA,1,BARD,whole,,163,BARD,1.0
camera-mattarellum-1993-corrected,VALLE D'AOSTA,1,BIONAZ,whole,,163,BIONAZ,1.0
camera-mattarellum-1993-corrected,VALLE D'AOSTA,1,BRISSOGNE,whole,,163,BRISSOGNE,1.0
camera-mattarellum-1993-corrected,VALLE D'AOSTA,1,BRUSSON,whole,,163,BRUSSON,1.0
camera-mattarellum-1993-corrected,VALLE D'AOSTA,1,CHALLAND-SAINT-ANSELME,whole,,163,CHALLAND-SATINT-ANSELME,0.952
camera-mattarellum-1993-corrected,VALLE D'AOSTA,1,CHALLAND-SAINT-VICTOR,whole,,163,CHALLAND-SAINT-VICTOR,1.0
camera-mattarellum-1993-corrected,VALLE D'AOSTA,1,CHAMBAVE,whole,,163,CHAHMBAVE,0.889
camera-mattarellum-1993-corrected,VALLE D'AOSTA,1,CHAMOIS,whole,,163,CHAMOIS,1.0
camera-mattarellum-1993-corrected,VALLE D'AOSTA,1,CHAMPDEPRAZ,whole,,163,CHAMPDEPRAZ,1.0
camera-mattarellum-1993-corrected,VALLE D'AOSTA,1,CHAMPORCHER,whole,,163,CHAMPORCHER,1.0
camera-mattarellum-1993-corrected,VALLE D'AOSTA,1,CHARVENSOD,whole,,163,CHARVENSOO,0.9
camera-mattarellum-1993-corrected,VALLE D'AOSTA,1,CHATILLON,whole,,163,CHATILLON,1.0
camera-mattarellum-1993-corrected,VALLE D'AOSTA,1,COGNE,whole,,163,COGNE,1.0
camera-mattarellum-1993-corrected,VALLE D'AOSTA,1,COURMAYEUR,whole,,163,COURMAYEUR,1.0
camera-mattarellum-1993-corrected,VALLE D'AOSTA,1,DONNAS,whole,,163,DONNAS,1.0
camera-mattarellum-1993-corrected,VALLE D'AOSTA,1,DOUES,whole,,163,DOVE S,0.8
camera-mattarellum-1993-corrected,VALLE D'AOSTA,1,EMARESE,whole,,163,EMARESE,1.0
camera-mattarellum-1993-corrected,VALLE D'AOSTA,1,ETROUBLES,whole,,163,E TROUBLE S,1.0
camera-mattarellum-1993-corrected,VALLE D'AOSTA,1,FENIS,whole,,163,FENIS,1.0
camera-mattarellum-1993-corrected,VALLE D'AOSTA,1,FONTAINEMORE,whole,,163,FONTAINEMORE,1.0
camera-mattarellum-1993-corrected,VALLE D'AOSTA,1,GABY,whole,,163,GABY,1.0
camera-mattarellum-1993-corrected,VALLE D'AOSTA,1,GIGNOD,whole,,163,GIGNOD,1.0
camera-mattarellum-1993-corrected,VALLE D'AOSTA,1,GRESSAN,whole,,163,GRESSAN,1.0
camera-mattarellum-1993-corrected,VALLE D'AOSTA,1,GRESSONEY-LA-TRINITE',whole,,163,GRESSOUNEY-LA-TRINITE*?,0.947
camera-mattarellum-1993-corrected,VALLE D'AOSTA,1,GRESSONEY-SAINT-JEAN,whole,,163,GRESSONEY-SAINT-JEAN,1.0
camera-mattarellum-1993-corrected,VALLE D'AOSTA,1,HONE,whole,,163,HONE,1.0
camera-mattarellum-1993-corrected,VALLE D'AOSTA,1,INTROD,whole,,163,INTROD,1.0
camera-mattarellum-1993-corrected,VALLE D'AOSTA,1,ISSIME,whole,,163,ISSIME,1.0
camera-mattarellum-1993-corrected,VALLE D'AOSTA,1,ISSOGNE,whole,,163,I1SSOGNE,0.875
camera-mattarellum-1993-corrected,VALLE D'AOSTA,1,JOVENCAN,whole,,163,JOVENCAN,1.0
camera-mattarellum-1993-corrected,VALLE D'AOSTA,1,LA MAGDELEINE,whole,,163,LA MAGDELE INE,1.0
camera-mattarellum-1993-corrected,VALLE D'AOSTA,1,LA SALLE,whole,,163,LA SALLE,1.0
camera-mattarellum-1993-corrected,VALLE D'AOSTA,1,LA THUILE,whole,,163,LA THUILE,1.0
camera-mattarellum-1993-corrected,VALLE D'AOSTA,1,LILLIANES,whole,,163,LILLIANES,1.0
camera-mattarellum-1993-corrected,VALLE D'AOSTA,1,MONTJOVET,whole,,163,MONTJOVET,1.0
camera-mattarellum-1993-corrected,VALLE D'AOSTA,1,MORGEX,whole,,163,MORGEX,1.0
camera-mattarellum-1993-corrected,VALLE D'AOSTA,1,OLLOMONT,whole,,163,DOLLUMONT,0.778
camera-mattarellum-1993-corrected,VALLE D'AOSTA,1,OYACE,whole,,163,OYACE,1.0
camera-mattarellum-1993-corrected,VALLE D'AOSTA,1,PERLOZ,whole,,163,PERLO2Z,1.0
camera-mattarellum-1993-corrected,VALLE D'AOSTA,1,POLLEIN,whole,,163,POLLEIN,1.0
camera-mattarellum-1993-corrected,VALLE D'AOSTA,1,PONTBOSET,whole,,163,PONTBOSET,1.0
camera-mattarellum-1993-corrected,VALLE D'AOSTA,1,PONTEY,whole,,163,PONTE Y,1.0
camera-mattarellum-1993-corrected,VALLE D'AOSTA,1,PONT-SAINT-MARTIN,whole,,163,PONT-SAINT-MARTIN,1.0
camera-mattarellum-1993-corrected,VALLE D'AOSTA,1,PRE'-SAINT-DIDIER,whole,,163,PRE'-SAINT-GIODIER,0.867
camera-mattarellum-1993-corrected,VALLE D'AOSTA,1,QUART,whole,,163,QUART,1.0
camera-mattarellum-1993-corrected,VALLE D'AOSTA,1,RHEMES-NOTRE-DAME,whole,,163,RHEMES-NOTRE DAME,1.0
camera-mattarellum-1993-corrected,VALLE D'AOSTA,1,RHEMES-SAINT-GEORGES,whole,,163,RHEMES-SAINT-GEORGES,1.0
camera-mattarellum-1993-corrected,VALLE D'AOSTA,1,ROISAN,whole,,163,ROISAN,1.0
camera-mattarellum-1993-corrected,VALLE D'AOSTA,1,SAINT-CHRISTOPHE,whole,,163,SAINT-CHRISTOPHE,1.0
camera-mattarellum-1993-corrected,VALLE D'AOSTA,1,SAINT-DENIS,whole,,163,SAINT-DENIS,1.0
camera-mattarellum-1993-corrected,VALLE D'AOSTA,1,SAINT-MARCEL,whole,,163,SAINT-MARCEL,1.0
camera-mattarellum-1993-corrected,VALLE D'AOSTA,1,SAINT-NICOLAS,whole,,163,SAINT-NICOLAS,1.0
camera-mattarellum-1993-corrected,VALLE D'AOSTA,1,SAINT-OYEN,whole,,163,SAINT-OYEN,1.0
camera-mattarellum-1993-corrected,VALLE D'AOSTA,1,SAINT-PIERRE,whole,,164,SAINT-PIERRE,1.0
camera-mattarellum-1993-corrected,VALLE D'AOSTA,1,SAINT-RHEMY-EN-BOSSES,whole,,164,SAINT-RHEMY-EN-B0SSES,1.0
camera-mattarellum-1993-corrected,VALLE D'AOSTA,1,SAINT-VINCENT,whole,,164,SATNT-YVINCENT,0.846
camera-mattarellum-1993-corrected,VALLE D'AOSTA,1,SARRE,whole,,164,SARRE,1.0
camera-mattarellum-1993-corrected,VALLE D'AOSTA,1,TORGNON,whole,,164,TORGNON,1.0
camera-mattarellum-1993-corrected,VALLE D'AOSTA,1,VALGRISENCHE,whole,,164,VALGR I SENCHE,1.0
camera-mattarellum-1993-corrected,VALLE D'AOSTA,1,VALPELLINE,whole,,164,VALPELLINE,1.0
camera-mattarellum-1993-corrected,VALLE D'AOSTA,1,VALSAVARENCHE,whole,,164,VALSAVARENCHE,1.0
camera-mattarellum-1993-corrected,VALLE D'AOSTA,1,VALTOURNENCHE,whole,,164,VALTOURNENCHE,1.0
camera-mattarellum-1993-corrected,VALLE D'AOSTA,1,VERRAYES,whole,,164,VERRAYES,1.0
camera-mattarellum-1993-corrected,VALLE D'AOSTA,1,VERRES,whole,,164,VERRES,1.0
camera-mattarellum-1993-corrected,VALLE D'AOSTA,1,VILLENEUVE,whole,,164,VILLENEUVE,1.0
camera-mattarellum-1993-corrected,PIEMONTE 1,1,TORINO,whole,,165,TORINO,1.0
camera-mattarellum-1993-corrected,PIEMONTE 1,2,TORINO,described_part,"TUR INO Comprende parte del territoric del comune di Torino delimitata come segue: asse corso Francia (dal corso Inghilterra), asse largo Francia, asse piazza Rivoli, asse corso Francia, asse corso Monte Cucco, asse corso Peschiera, asse corso Trapani, ferrovia Torino-Susa, asse via Gorizia {fino al'incrocio con il corso Orbassano). asse via Filadelfia, asse piazzale San Gabriele da Gorizia, asse corso Unione Sovietica, raccordo ferroviario, ferrovia Torino-Milano (fino al corso Francia}.",165,parte del territoric del comune di Torino,1.0
camera-mattarellum-1993-corrected,PIEMONTE 1,2,TORINO,whole,,165,TUR INO,0.833
camera-mattarellum-1993-corrected,PIEMONTE 1,3,TORINO,described_part,"TORINO Comprende parte del territorio del comune di Torino delimitata come segue: asse corso Francia (dalla piazza Bernini), linea di confine con i comuni di COLLEGNO -— VENARIA, asse strada comunale di Altessano, asse via Sansovine, asse via Masaccio, asse piazza Manno, asse corso Grosseto, asse via Bergaro, ponte Carlo Emannele 111, mezzerta torrente DORA RIPARIA, ponte Candido Ramello, asse corse Tassoni (finc alla piazza Bernini). — 165 —",165,parte del territorio del comune di Torino,1.0
camera-mattarellum-1993-corrected,PIEMONTE 1,3,TORINO,whole,,165,TORINO,1.0
camera-mattarellum-1993-corrected,PIEMONTE 1,4,TORINO,described_part,"TORINO Comprende parte del territorio del comune di Torino delimitata come segue: asse corso Regina Margherita (daî corso. Tassoni fino alla via Consolata}, asse via Consolata, asse piazza Savoia, asse via Consolata, asse corso Siccardi, asse via Cernaia, asse via Santa Teresa, asse via XX Settembre, asse via Barbaroux {fino alla via Pietro Micca), piazza Castello (lato via Garibaldi}, asse via Palazzo Gi Città, asse via XX Seitembre, asse corso Regina Margherita (fino aì ponte Rossini), ponte Rossini, mezzeria Torrente DORA RIPARIA, ponte Bologna, asse via Belogna, asse corse Novara, asse via Aosta, asse piazza Bottesini, asse via Mercadante, raccordo ferroviario Scalo vanchiglia, asse via Breglio, asse via Campiglia, asse corso Grosseto, asse via Borgaro, ponte Carlo Emanuele 11, mezzeria Torrente DORA RIPARIA, ponte Candido Ramello, asse corso Tasscni {fino al corse Regina Magherita}.",166,parte del territorio del comune di Torino,1.0
camera-mattarellum-1993-corrected,PIEMONTE 1,4,TORINO,whole,,166,TORINO,1.0
camera-mattarellum-1993-corrected,PIEMONTE 1,5,TORINO,described_part,"TOR ENO Comprende parte del territorio del comune di Torìno delimitata come segue: linea di confine con i comuni di VENAREA —- BORGARO TOÒ.se - SETTIMO TO.se - SAN MAURO TO.se, mezzeria fiume PO, via Pindemonte, asse via Cimarosa, asse via Bologna, asse corso Novara, asse via Acsta, asse piazza DBottesini, asse via Mercadante, raccorde ferroviario Scalo Vanchiglia. asse via Breglio, asse via Campiglia, usse corso Grosseto (fino e piazza Manno), asse via Masaccio, asse via Sensovino, esse strada comunale di Altessano {fino alla linea di confine con il comune di Venaria}.",166,parte del territorio del comune di Torìno,1.0
camera-mattarellum-1993-corrected,PIEMONTE 1,5,TORINO,whole,,166,TOR ENO,0.833
camera-mattarellum-1993-corrected,PIEMONTE 1,6,TORINO,described_part,"TORINO Comprende parte del territorio del comune di Torino delimitata come segue: linea di cofine con i comuni di SAN MAURO TO.se - BALDISSERO - PINO TO.se - PECETTO - MONCALIERI, ferrovia Torino-Genova, linea immaginaria tra ila ferrovia Torino-Genova e la via Brugnone, asse via Brugnone, asse via Nizza, asse via Petrarca, asse corso Sclopis, ponte Principessa isabella, mezzeria Fiume PO (fino alla via Giolitti), asse via Giolitti, asse via San Massimo, asse via Montebello, asse via Verdi, asse via Rossini, asse corso San Maurizio (fino al fiume PO}, mezzeria fiume PÒ, ponte Regina Margherita, asse corso Regina Margherita, ponte Rossini, mezzeria torrente DORA RIPARIA, ponte Bologna, asse via Bologna, asse via Cimarosa, via Pindemonte, mezzeria fiume PO {fino ai confine con il comune di San Mauro Torinese).",166,parte del territorio del comune di Torino,1.0
camera-mattarellum-1993-corrected,PIEMONTE 1,6,TORINO,whole,,166,TORINO,1.0
camera-mattarellum-1993-corrected,PIEMONTE 1,7,TORINO,described_part,"TORINO Comprende parte del territorio del comune di Torino delimitata come segue: linea di confine con i comuni di — 166 — NICHELINO - MONCALIERI, ferrovia Torino-Genova, asse corso Bramante, asse via Gierdano Bruno, raccordo ferroviario, asse corso Unicne Sovietica, asse piazzale San Gabriele da Gorizia, asse via Filadelfia, asse cerso Orbassane, asse piazza Cattaneo, linea immaginaria fine a via Faccioli, asse via Faccioli, linea immaginaria fine al confine con il comune di Beinasco.",166,parte del territorio del comune di Torino,1.0
camera-mattarellum-1993-corrected,PIEMONTE 1,7,TORINO,whole,,166,TORINO,1.0
camera-mattarellum-1993-corrected,PIEMONTE 1,8,TORINO,described_part,"TORINO Comprende parte del territorio del comune di Torino delimitata come segue: linea di confine con i comuni di BEINASCO - ORBASSANO - RIVOLI - GRUGLIASCO - COLLEGNO, asse corso Francia, asse corso Monte Cucco, asse corso Peschiera, asse corso Trapani, ferrovia Torino-Susa, asse via Gorizia, asse corso Orbassano, asse piazza Cattaneo, linea retta immaginaria dall'asse di piazza Cattaneo a via Faccioli, asse via Faccioli, linea retta immaginaria dall'asse di via Faccioli al confine con il comune di Beinasco.",167,parte del territorio del comune di Torino,1.0
camera-mattarellum-1993-corrected,PIEMONTE 1,8,TORINO,whole,,167,TORINO,1.0
camera-mattarellum-1993-corrected,PIEMONTE 1,9,AGLIE',whole,,167,AGLIE !,1.0
camera-mattarellum-1993-corrected,PIEMONTE 1,9,ALBIANO D'IVREA,whole,,167,ALBIANO D'IVREA,1.0
camera-mattarellum-1993-corrected,PIEMONTE 1,9,ALICE SUPERIORE,whole,,167,ALICE SUPERIORE,1.0
camera-mattarellum-1993-corrected,PIEMONTE 1,9,ANDRATE,whole,,167,ANDRATE,1.0
camera-mattarellum-1993-corrected,PIEMONTE 1,9,AZEGLIO,whole,,167,AZEGLIO,1.0
camera-mattarellum-1993-corrected,PIEMONTE 1,9,BAIRO,whole,,167,BAIRO,1.0
camera-mattarellum-1993-corrected,PIEMONTE 1,9,BALDISSERO CANAVESE,whole,,167,BALDISSERO CANAVESE,1.0
camera-mattarellum-1993-corrected,PIEMONTE 1,9,BANCHETTE,whole,,167,BANCHETTE,1.0
camera-mattarellum-1993-corrected,PIEMONTE 1,9,BARONE CANAVESE,whole,,167,BARONE CANAVESE,1.0
camera-mattarellum-1993-corrected,PIEMONTE 1,9,BOLLENGO,whole,,167,BOLLENGO,1.0
camera-mattarellum-1993-corrected,PIEMONTE 1,9,BORGIALLO,whole,,167,BORGIALLO,1.0
camera-mattarellum-1993-corrected,PIEMONTE 1,9,BORGOFRANCO D'IVREA,whole,,167,BORGOFRANCO D'IVREA,1.0
camera-mattarellum-1993-corrected,PIEMONTE 1,9,BORGOMASINO,whole,,167,BORGOMAS I NO,1.0
camera-mattarellum-1993-corrected,PIEMONTE 1,9,BROSSO,whole,,167,BROSSO,1.0
camera-mattarellum-1993-corrected,PIEMONTE 1,9,BUROLO,whole,,167,BUROLO,1.0
camera-mattarellum-1993-corrected,PIEMONTE 1,9,CANDIA CANAVESE,whole,,167,CANDIA CANAVESE,1.0
camera-mattarellum-1993-corrected,PIEMONTE 1,9,CARAVINO,whole,,167,CARAVINO,1.0
camera-mattarellum-1993-corrected,PIEMONTE 1,9,CAREMA,whole,,167,CAREMA,1.0
camera-mattarellum-1993-corrected,PIEMONTE 1,9,CASCINETTE D'IVREA,whole,,167,CASCINETTE D'’IVREA,1.0
camera-mattarellum-1993-corrected,PIEMONTE 1,9,CASTELLAMONTE,whole,,167,CASTELLAMONTE,1.0
camera-mattarellum-1993-corrected,PIEMONTE 1,9,CASTELNUOVO NIGRA,whole,,167,CASTELNUOVO NIGRA,1.0
camera-mattarellum-1993-corrected,PIEMONTE 1,9,CHIAVERANO,whole,,167,CHIAVERANO,1.0
camera-mattarellum-1993-corrected,PIEMONTE 1,9,CHIESANUOVA,whole,,167,CHIESANUOVA,1.0
camera-mattarellum-1993-corrected,PIEMONTE 1,9,CINTANO,whole,,167,CINTAHNO,0.875
camera-mattarellum-1993-corrected,PIEMONTE 1,9,COLLERETTO CASTELNUOVO,whole,,167,COLLERETTO CASTELNUOVO,1.0
camera-mattarellum-1993-corrected,PIEMONTE 1,9,COLLERETTO GIACOSA,whole,,167,COLLERETTO GIACOSA,1.0
camera-mattarellum-1993-corrected,PIEMONTE 1,9,COSSANO CANAVESE,whole,,167,COSSANO CANAVESE,1.0
camera-mattarellum-1993-corrected,PIEMONTE 1,9,CUCEGLIO,whole,,167,CUCEGL IO,1.0
camera-mattarellum-1993-corrected,PIEMONTE 1,9,FIORANO CANAVESE,whole,,167,FIORANO CANAVESE,1.0
camera-mattarellum-1993-corrected,PIEMONTE 1,9,ISSIGLIO,whole,,167,1SSIGLIO,1.0
camera-mattarellum-1993-corrected,PIEMONTE 1,9,IVREA,whole,,167,IVREA.,1.0
camera-mattarellum-1993-corrected,PIEMONTE 1,9,LESSOLO,whole,,167,LESSOLO,1.0
camera-mattarellum-1993-corrected,PIEMONTE 1,9,LORANZE',whole,,167,"LORANZE""'""",1.0
camera-mattarellum-1993-corrected,PIEMONTE 1,9,LUGNACCO,whole,,167,LUGNACCO,1.0
camera-mattarellum-1993-corrected,PIEMONTE 1,9,MAGLIONE,whole,,167,HAGL TONE,0.875
camera-mattarellum-1993-corrected,PIEMONTE 1,9,MERCENASCO,whole,,167,MERCENASCO,1.0
camera-mattarellum-1993-corrected,PIEMONTE 1,9,MEUGLIANO,whole,,167,MEUGL 1 ANO,1.0
camera-mattarellum-1993-corrected,PIEMONTE 1,9,MONTALENGHE,whole,,167,MONTALENGHE,1.0
camera-mattarellum-1993-corrected,PIEMONTE 1,9,MONTALTO DORA,whole,,167,HMONTALTO DORA,0.923
camera-mattarellum-1993-corrected,PIEMONTE 1,9,NOMAGLIO,whole,,167,NOMAGL IO,1.0
camera-mattarellum-1993-corrected,PIEMONTE 1,9,ORIO CANAVESE,whole,,167,ORIO CANAVESE,1.0
camera-mattarellum-1993-corrected,PIEMONTE 1,9,PALAZZO CANAVESE,whole,,168,PALAZZO CANAVESE,1.0
camera-mattarellum-1993-corrected,PIEMONTE 1,9,PARELLA,whole,,168,PARELLA,1.0
camera-mattarellum-1993-corrected,PIEMONTE 1,9,PAVONE CANAVESE,whole,,168,PAVONE CANAVESE,1.0
camera-mattarellum-1993-corrected,PIEMONTE 1,9,PECCO,whole,,168,PECCO,1.0
camera-mattarellum-1993-corrected,PIEMONTE 1,9,PEROSA CANAVESE,whole,,168,PEROSA CANAVESE,1.0
camera-mattarellum-1993-corrected,PIEMONTE 1,9,PIVERONE,whole,,168,PIVERONE,1.0
camera-mattarellum-1993-corrected,PIEMONTE 1,9,QUAGLIUZZO,whole,,168,QUAGLIUZZO,1.0
camera-mattarellum-1993-corrected,PIEMONTE 1,9,QUASSOLO,whole,,168,QUASSOLO,1.0
camera-mattarellum-1993-corrected,PIEMONTE 1,9,QUINCINETTO,whole,,168,QUINCINETTO,1.0
camera-mattarellum-1993-corrected,PIEMONTE 1,9,ROMANO CANAVESE,whole,,168,ROMANO CANAVESE,1.0
camera-mattarellum-1993-corrected,PIEMONTE 1,9,RUEGLIO,whole,,168,RUEGLIO,1.0
camera-mattarellum-1993-corrected,PIEMONTE 1,9,SALERANO CANAVESE,whole,,168,SALERANO CANAVESE,1.0
camera-mattarellum-1993-corrected,PIEMONTE 1,9,SAMONE,whole,,168,SAMONE,1.0
camera-mattarellum-1993-corrected,PIEMONTE 1,9,SAN GIORGIO CANAVESE,whole,,168,SAN GIORGIO CANAVESE,1.0
camera-mattarellum-1993-corrected,PIEMONTE 1,9,SAN GIUSTO CANAVESE,whole,,168,SAN GIUSTO CANAVESE,1.0
camera-mattarellum-1993-corrected,PIEMONTE 1,9,SAN MARTINO CANAVESE,whole,,168,SAN MARTINO CANAVESE,1.0
camera-mattarellum-1993-corrected,PIEMONTE 1,9,SCARMAGNO,whole,,168,SCARMAGNO,1.0
camera-mattarellum-1993-corrected,PIEMONTE 1,9,SETTIMO ROTTARO,whole,,168,SETTIMO ROTTARO,1.0
camera-mattarellum-1993-corrected,PIEMONTE 1,9,SETTIMO VITTONE,whole,,168,SETTIMO VITTONE,1.0
camera-mattarellum-1993-corrected,PIEMONTE 1,9,STRAMBINELLO,whole,,168,STRAMBINELLO,1.0
camera-mattarellum-1993-corrected,PIEMONTE 1,9,STRAMBINO,whole,,168,STRAMBINO,1.0
camera-mattarellum-1993-corrected,PIEMONTE 1,9,TAVAGNASCO,whole,,168,TAVAGNASCO,1.0
camera-mattarellum-1993-corrected,PIEMONTE 1,9,TORRE CANAVESE,whole,,168,TORRE CANAVESE,1.0
camera-mattarellum-1993-corrected,PIEMONTE 1,9,TRAUSELLA,whole,,168,TRAUSELLA,1.0
camera-mattarellum-1993-corrected,PIEMONTE 1,9,TRAVERSELLA,whole,,168,TRAVERSELLA,1.0
camera-mattarellum-1993-corrected,PIEMONTE 1,9,VESTIGNE',whole,,168,VESTIGNE',1.0
camera-mattarellum-1993-corrected,PIEMONTE 1,9,VIALFRE',whole,,168,VIALFRE*,1.0
camera-mattarellum-1993-corrected,PIEMONTE 1,9,VICO CANAVESE,whole,,168,VICO CANAVESE,1.0
camera-mattarellum-1993-corrected,PIEMONTE 1,9,VIDRACCO,whole,,168,VIDRACCO,1.0
camera-mattarellum-1993-corrected,PIEMONTE 1,9,VISCHE,whole,,168,VISCHE,1.0
camera-mattarellum-1993-corrected,PIEMONTE 1,9,VISTRORIO,whole,,168,VISTRORITO,0.9
camera-mattarellum-1993-corrected,PIEMONTE 1,10,BRANDIZZO,whole,,168,BRANDIZZO,1.0
camera-mattarellum-1993-corrected,PIEMONTE 1,10,BROZOLO,whole,,168,BROZOLO,1.0
camera-mattarellum-1993-corrected,PIEMONTE 1,10,BRUSASCO,whole,,168,BRUSASCO,1.0
camera-mattarellum-1993-corrected,PIEMONTE 1,10,CALUSO,whole,,168,CALUSO,1.0
camera-mattarellum-1993-corrected,PIEMONTE 1,10,CASALBORGONE,whole,,168,CASALBORGONE,1.0
camera-mattarellum-1993-corrected,PIEMONTE 1,10,CASTAGNETO PO,whole,,168,CASTAGNE TO PO,1.0
camera-mattarellum-1993-corrected,PIEMONTE 1,10,CAVAGNOLO,whole,,168,CAVAGNOLO,1.0
camera-mattarellum-1993-corrected,PIEMONTE 1,10,CHIVASSO,whole,,168,CHIVASSO,1.0
camera-mattarellum-1993-corrected,PIEMONTE 1,10,FOGLIZZO,whole,,168,FOGLiIZZO,0.889
camera-mattarellum-1993-corrected,PIEMONTE 1,10,LAURIANO,whole,,168,LAUR IANO,1.0
camera-mattarellum-1993-corrected,PIEMONTE 1,10,LEINI,whole,,168,LEINI,1.0
camera-mattarellum-1993-corrected,PIEMONTE 1,10,LOMBARDORE,whole,,168,LOMBARDORE,1.0
camera-mattarellum-1993-corrected,PIEMONTE 1,10,MAZZE',whole,,168,HAZZE *,1.0
camera-mattarellum-1993-corrected,PIEMONTE 1,10,MONTANARO,whole,,168,MONTANARO,1.0
camera-mattarellum-1993-corrected,PIEMONTE 1,10,MONTEU DA PO,whole,,168,HONTEU DA PO,1.0
camera-mattarellum-1993-corrected,PIEMONTE 1,10,RIVAROSSA,whole,,168,RIVAROSSA,1.0
camera-mattarellum-1993-corrected,PIEMONTE 1,10,RONDISSONE,whole,,168,RONDISSONE,1.0
camera-mattarellum-1993-corrected,PIEMONTE 1,10,SAN BENIGNO CANAVESE,whole,,168,SAN BENIGNO CANAVESE,1.0
camera-mattarellum-1993-corrected,PIEMONTE 1,10,SAN RAFFAELE CIMENA,whole,,168,SAN RAFFAELE CIMENA,1.0
camera-mattarellum-1993-corrected,PIEMONTE 1,10,SAN SEBASTIANO DA PO,whole,,168,SAN SEBASTIANO DA PO,1.0
camera-mattarellum-1993-corrected,PIEMONTE 1,10,TORRAZZA PIEMONTE,whole,,168,TORRAZZA PIEMONTE,1.0
camera-mattarellum-1993-corrected,PIEMONTE 1,10,VEROLENGO,whole,,168,VEROLENGO,1.0
camera-mattarellum-1993-corrected,PIEMONTE 1,10,VERRUA SAVOIA,whole,,168,VERRUA SAVOIA,1.0
camera-mattarellum-1993-corrected,PIEMONTE 1,10,VILLAREGGIA,whole,,168,VILLAREGGIA,1.0
camera-mattarellum-1993-corrected,PIEMONTE 1,10,VOLPIANO,whole,,168,YVOLPIANO,0.889
camera-mattarellum-1993-corrected,PIEMONTE 1,11,ANDEZENO,whole,,168,ANDEZENO,1.0
camera-mattarellum-1993-corrected,PIEMONTE 1,11,ARIGNANO,whole,,168,ARITGNANO,0.889
camera-mattarellum-1993-corrected,PIEMONTE 1,11,CASTIGLIONE TORINESE,whole,,168,CASTIGLIONE TORINESE,1.0
camera-mattarellum-1993-corrected,PIEMONTE 1,11,CHIERI,whole,,168,CHIERI,1.0
camera-mattarellum-1993-corrected,PIEMONTE 1,11,CINZANO,whole,,168,CINZANO,1.0
camera-mattarellum-1993-corrected,PIEMONTE 1,11,GASSINO TORINESE,whole,,168,GASSINO TORINESE,1.0
camera-mattarellum-1993-corrected,PIEMONTE 1,11,MARENTINO,whole,,168,MARENTINO,1.0
camera-mattarellum-1993-corrected,PIEMONTE 1,11,MOMBELLO DI TORINO,whole,,169,MOMBELLO DI TORINO,1.0
camera-mattarellum-1993-corrected,PIEMONTE 1,11,MONTALDO TORINESE,whole,,169,MONTALDO TORINESE,1.0
camera-mattarellum-1993-corrected,PIEMONTE 1,11,MORIONDO TORINESE,whole,,169,MORTONDO TORINESE,0.938
camera-mattarellum-1993-corrected,PIEMONTE 1,11,PAVAROLO,whole,,169,PAVAROLO,1.0
camera-mattarellum-1993-corrected,PIEMONTE 1,11,RIVALBA,whole,,169,RIVALBA,1.0
camera-mattarellum-1993-corrected,PIEMONTE 1,11,RIVA PRESSO CHIERI,whole,,169,RIVA PRESSO CHIERI,1.0
camera-mattarellum-1993-corrected,PIEMONTE 1,11,SAN MAURO TORINESE,whole,,169,SAN MAURO TORINESE,1.0
camera-mattarellum-1993-corrected,PIEMONTE 1,11,SCIOLZE,whole,,169,SCIOLZE,1.0
camera-mattarellum-1993-corrected,PIEMONTE 1,11,SETTIMO TORINESE,whole,,169,SETTIMO TORINESE,1.0
camera-mattarellum-1993-corrected,PIEMONTE 1,12,BALDISSERO TORINESE,whole,,169,SALDISSERO TORINESE,0.944
camera-mattarellum-1993-corrected,PIEMONTE 1,12,CAMBIANO,whole,,169,CAMBIANO,1.0
camera-mattarellum-1993-corrected,PIEMONTE 1,12,ISOLABELLA,whole,,169,ISOLABELLA,1.0
camera-mattarellum-1993-corrected,PIEMONTE 1,12,MONCALIERI,whole,,169,MONCALIERI,1.0
camera-mattarellum-1993-corrected,PIEMONTE 1,12,PECETTO TORINESE,whole,,169,PECETTO TORINESE,1.0
camera-mattarellum-1993-corrected,PIEMONTE 1,12,PINO TORINESE,whole,,169,PINO TORINESE,1.0
camera-mattarellum-1993-corrected,PIEMONTE 1,12,POIRINO,whole,,169,POIRINO,1.0
camera-mattarellum-1993-corrected,PIEMONTE 1,12,PRALORMO,whole,,169,PRALSGRMO,0.778
camera-mattarellum-1993-corrected,PIEMONTE 1,12,SANTENA,whole,,169,SANTENA,1.0
camera-mattarellum-1993-corrected,PIEMONTE 1,12,TROFARELLO,whole,,169,TROFARELLO,1.0
camera-mattarellum-1993-corrected,PIEMONTE 1,12,VILLASTELLONE,whole,,169,VILLASTELLONE,1.0
camera-mattarellum-1993-corrected,PIEMONTE 1,13,CANDIOLO,whole,,169,CANDIOLO,1.0
camera-mattarellum-1993-corrected,PIEMONTE 1,13,CARIGNANO,whole,,169,CARIGNANO,1.0
camera-mattarellum-1993-corrected,PIEMONTE 1,13,CARMAGNOLA,whole,,169,CARMAGNOLA,1.0
camera-mattarellum-1993-corrected,PIEMONTE 1,13,CASTAGNOLE PIEMONTE,whole,,169,CASTAGNOLE PIEMONTE,1.0
camera-mattarellum-1993-corrected,PIEMONTE 1,13,CERCENASCO,whole,,169,CERCENASCO,1.0
camera-mattarellum-1993-corrected,PIEMONTE 1,13,LA LOGGIA,whole,,169,LA LOGGIA,1.0
camera-mattarellum-1993-corrected,PIEMONTE 1,13,LOMBRIASCO,whole,,169,LOMBRIASCO,1.0
camera-mattarellum-1993-corrected,PIEMONTE 1,13,NICHELINO,whole,,169,NICHELINO,1.0
camera-mattarellum-1993-corrected,PIEMONTE 1,13,NONE,whole,,169,NONE,1.0
camera-mattarellum-1993-corrected,PIEMONTE 1,13,OSASIO,whole,,169,OSASIO,1.0
camera-mattarellum-1993-corrected,PIEMONTE 1,13,PANCALIERI,whole,,169,PANCALIERI,1.0
camera-mattarellum-1993-corrected,PIEMONTE 1,13,PIOBESI TORINESE,whole,,169,FIOBESI TORINESE,0.933
camera-mattarellum-1993-corrected,PIEMONTE 1,13,VIGONE,whole,,169,VIGONE,1.0
camera-mattarellum-1993-corrected,PIEMONTE 1,13,VINOVO,whole,,169,VINOVO,1.0
camera-mattarellum-1993-corrected,PIEMONTE 1,13,VIRLE PIEMONTE,whole,,169,VIRLE PIEMONTE,1.0
camera-mattarellum-1993-corrected,PIEMONTE 1,14,AIRASCA,whole,,169,AIRASCA,1.0
camera-mattarellum-1993-corrected,PIEMONTE 1,14,BEINASCO,whole,,169,BE INASCO,1.0
camera-mattarellum-1993-corrected,PIEMONTE 1,14,BRUINO,whole,,169,BRUINO,1.0
camera-mattarellum-1993-corrected,PIEMONTE 1,14,ORBASSANO,whole,,169,CRBASSANO,0.889
camera-mattarellum-1993-corrected,PIEMONTE 1,14,RIVALTA DI TORINO,whole,,169,RIVALTA DI TORINO,1.0
camera-mattarellum-1993-corrected,PIEMONTE 1,14,RIVOLI,whole,,169,RIVOLI,1.0
camera-mattarellum-1993-corrected,PIEMONTE 1,14,SCALENGHE,whole,,169,SCALENGHE,1.0
camera-mattarellum-1993-corrected,PIEMONTE 1,14,VOLVERA,whole,,169,VULVERA,0.857
camera-mattarellum-1993-corrected,PIEMONTE 1,15,ALPIGNANO,whole,,169,ALPIGNANO,1.0
camera-mattarellum-1993-corrected,PIEMONTE 1,15,COLLEGNO,whole,,169,COLLEGNO,1.0
camera-mattarellum-1993-corrected,PIEMONTE 1,15,GRUGLIASCO,whole,,169,GRUGLIASCO,1.0
camera-mattarellum-1993-corrected,PIEMONTE 1,15,PIANEZZA,whole,,169,PIANEZZA,1.0
camera-mattarellum-1993-corrected,PIEMONTE 1,16,BORGARO TORINESE,whole,,169,BORGARO TORINESE,1.0
camera-mattarellum-1993-corrected,PIEMONTE 1,16,CASELLE TORINESE,whole,,169,CASELLE TORINESE,1.0
camera-mattarellum-1993-corrected,PIEMONTE 1,16,CIRIE',whole,,169,CIRIE*,1.0
camera-mattarellum-1993-corrected,PIEMONTE 1,16,DRUENTO,whole,,169,DRUENTO,1.0
camera-mattarellum-1993-corrected,PIEMONTE 1,16,FIANO,whole,,169,FIANO,1.0
camera-mattarellum-1993-corrected,PIEMONTE 1,16,GROSSO,whole,,169,GROSSO,1.0
camera-mattarellum-1993-corrected,PIEMONTE 1,16,NOLE,whole,,169,NOLE,1.0
camera-mattarellum-1993-corrected,PIEMONTE 1,16,ROBASSOMERO,whole,,170,ROBASSOMERO,1.0
camera-mattarellum-1993-corrected,PIEMONTE 1,16,SAN CARLO CANAVESE,whole,,170,SAN CARLO CANAVESE,1.0
camera-mattarellum-1993-corrected,PIEMONTE 1,16,SAN FRANCESCO AL CAMPO,whole,,170,SAN FRANCESCO AL CAMPO,1.0
camera-mattarellum-1993-corrected,PIEMONTE 1,16,SAN MAURIZIO CANAVESE,whole,,170,SAN MAURIZIO CANAVESE,1.0
camera-mattarellum-1993-corrected,PIEMONTE 1,16,VENARIA REALE,whole,,170,VENARIA REALE,1.0
camera-mattarellum-1993-corrected,PIEMONTE 1,16,VILLANOVA CANAVESE,whole,,170,VILLANOVA CANAVESE,1.0
camera-mattarellum-1993-corrected,PIEMONTE 1,17,ALA DI STURA,whole,,170,ALA BI STURA,0.9
camera-mattarellum-1993-corrected,PIEMONTE 1,17,ALPETTE,whole,,170,ALPETTE,1.0
camera-mattarellum-1993-corrected,PIEMONTE 1,17,BALANGERO,whole,,170,BALANGERO,1.0
camera-mattarellum-1993-corrected,PIEMONTE 1,17,BALME,whole,,170,BALME,1.0
camera-mattarellum-1993-corrected,PIEMONTE 1,17,BARBANIA,whole,,170,BARBANTA,0.875
camera-mattarellum-1993-corrected,PIEMONTE 1,17,BOSCONERO,whole,,170,BOSCONERO,1.0
camera-mattarellum-1993-corrected,PIEMONTE 1,17,BUSANO,whole,,170,BUSANO,1.0
camera-mattarellum-1993-corrected,PIEMONTE 1,17,CAFASSE,whole,,170,CAFASSE,1.0
camera-mattarellum-1993-corrected,PIEMONTE 1,17,CANISCHIO,whole,,170,CANISCHIO,1.0
camera-mattarellum-1993-corrected,PIEMONTE 1,17,CANTOIRA,whole,,170,CANTOIRA,1.0
camera-mattarellum-1993-corrected,PIEMONTE 1,17,CASELETTE,whole,,170,CASELETTE,1.0
camera-mattarellum-1993-corrected,PIEMONTE 1,17,CERES,whole,,170,CERES,1.0
camera-mattarellum-1993-corrected,PIEMONTE 1,17,CERESOLE REALE,whole,,170,CERESOLE REALE,1.0
camera-mattarellum-1993-corrected,PIEMONTE 1,17,CHIALAMBERTO,whole,,170,CHIALAMBERTO,1.0
camera-mattarellum-1993-corrected,PIEMONTE 1,17,CICONIO,whole,,170,CICONIO,1.0
camera-mattarellum-1993-corrected,PIEMONTE 1,17,COASSOLO TORINESE,whole,,170,COASSOLO TORINESE,1.0
camera-mattarellum-1993-corrected,PIEMONTE 1,17,CORIO,whole,,170,CORIO,1.0
camera-mattarellum-1993-corrected,PIEMONTE 1,17,CUORGNE',whole,,170,CUORGNE *,1.0
camera-mattarellum-1993-corrected,PIEMONTE 1,17,FAVRIA,whole,,170,FAVRIA,1.0
camera-mattarellum-1993-corrected,PIEMONTE 1,17,FELETTO,whole,,170,FELETTA,0.857
camera-mattarellum-1993-corrected,PIEMONTE 1,17,FORNO CANAVESE,whole,,170,FORNO CANAVESE,1.0
camera-mattarellum-1993-corrected,PIEMONTE 1,17,FRASSINETTO,whole,,170,FRASSINETTO,1.0
camera-mattarellum-1993-corrected,PIEMONTE 1,17,FRONT,whole,,170,FRONT,1.0
camera-mattarellum-1993-corrected,PIEMONTE 1,17,GERMAGNANO,whole,,170,CERMAGNANO,0.9
camera-mattarellum-1993-corrected,PIEMONTE 1,17,GIVOLETTO,whole,,170,SIVOLETTO,0.889
camera-mattarellum-1993-corrected,PIEMONTE 1,17,GROSCAVALLO,whole,,170,GROSCAVALLO,1.0
camera-mattarellum-1993-corrected,PIEMONTE 1,17,,whole,,170,ÎNGRITA,0.667
camera-mattarellum-1993-corrected,PIEMONTE 1,17,LA CASSA,whole,,170,LA CASSA -,1.0
camera-mattarellum-1993-corrected,PIEMONTE 1,17,LANZO TORINESE,whole,,170,LANZO TORINESE,1.0
camera-mattarellum-1993-corrected,PIEMONTE 1,17,LEMIE,whole,,170,LEHRIE,0.833
camera-mattarellum-1993-corrected,PIEMONTE 1,17,LEVONE,whole,,170,LE VANE,0.833
camera-mattarellum-1993-corrected,PIEMONTE 1,17,LOCANA,whole,,170,LOCANA,1.0
camera-mattarellum-1993-corrected,PIEMONTE 1,17,LUSIGLIE',whole,,170,LUSIGLIE*,1.0
camera-mattarellum-1993-corrected,PIEMONTE 1,17,MATHI,whole,,170,MATH!,0.8
camera-mattarellum-1993-corrected,PIEMONTE 1,17,MEZZENILE,whole,,170,MEZZENITLE,0.9
camera-mattarellum-1993-corrected,PIEMONTE 1,17,MONASTERO DI LANZO,whole,,170,MONASTERO DI LANZO,1.0
camera-mattarellum-1993-corrected,PIEMONTE 1,17,NOASCA,whole,,170,NOASCA,1.0
camera-mattarellum-1993-corrected,PIEMONTE 1,17,OGLIANICO,whole,,170,OGLIANICO,1.0
camera-mattarellum-1993-corrected,PIEMONTE 1,17,OZEGNA,whole,,170,OZEGNA,1.0
camera-mattarellum-1993-corrected,PIEMONTE 1,17,PERTUSIO,whole,,170,PERTUSIO,1.0
camera-mattarellum-1993-corrected,PIEMONTE 1,17,PESSINETTO,whole,,170,FESSINETTO,0.9
camera-mattarellum-1993-corrected,PIEMONTE 1,17,PONT-CANAVESE,whole,,170,PONT-CANAVESE,1.0
camera-mattarellum-1993-corrected,PIEMONTE 1,17,PRASCORSANO,whole,,170,PRASCORSANO,1.0
camera-mattarellum-1993-corrected,PIEMONTE 1,17,PRATIGLIONE,whole,,170,PRATIGL 1 ONE,1.0
camera-mattarellum-1993-corrected,PIEMONTE 1,17,RIBORDONE,whole,,170,R1BORDONE,1.0
camera-mattarellum-1993-corrected,PIEMONTE 1,17,RIVARA,whole,,170,RIVARA,1.0
camera-mattarellum-1993-corrected,PIEMONTE 1,17,RIVAROLO CANAVESE,whole,,170,RIVAROLO CANAVESE,1.0
camera-mattarellum-1993-corrected,PIEMONTE 1,17,ROCCA CANAVESE,whole,,170,ROCCA CANAVESE,1.0
camera-mattarellum-1993-corrected,PIEMONTE 1,17,RONCO CANAVESE,whole,,170,RONCO CANAVESE,1.0
camera-mattarellum-1993-corrected,PIEMONTE 1,17,SALASSA,whole,,170,SALASSA,1.0
camera-mattarellum-1993-corrected,PIEMONTE 1,17,SAN COLOMBANO BELMONTE,whole,,170,SAN COLOMBANO BELMONTE,1.0
camera-mattarellum-1993-corrected,PIEMONTE 1,17,SAN PONSO,whole,,170,SAN PONSO,1.0
camera-mattarellum-1993-corrected,PIEMONTE 1,17,SPARONE,whole,,170,SPARONE,1.0
camera-mattarellum-1993-corrected,PIEMONTE 1,17,TRAVES,whole,,170,TRAYVES,0.857
camera-mattarellum-1993-corrected,PIEMONTE 1,17,USSEGLIO,whole,,170,USSESL 10,0.875
camera-mattarellum-1993-corrected,PIEMONTE 1,17,VAL DELLA TORRE,whole,,170,VAL DELLA TORRE,1.0
camera-mattarellum-1993-corrected,PIEMONTE 1,17,VALLO TORINESE,whole,,170,VALLO TORINESE,1.0
camera-mattarellum-1993-corrected,PIEMONTE 1,17,VALPERGA,whole,,170,VALPERGA,1.0
camera-mattarellum-1993-corrected,PIEMONTE 1,17,VALPRATO SOANA,whole,,170,VALPRATO SOANA,1.0
camera-mattarellum-1993-corrected,PIEMONTE 1,17,VARISELLA,whole,,171,VARISELLA,1.0
camera-mattarellum-1993-corrected,PIEMONTE 1,17,VAUDA CANAVESE,whole,,171,VAUDA CANAVESE,1.0
camera-mattarellum-1993-corrected,PIEMONTE 1,18,ALMESE,whole,,171,ALMESE,1.0
camera-mattarellum-1993-corrected,PIEMONTE 1,18,AVIGLIANA,whole,,171,AVIGLIANA,1.0
camera-mattarellum-1993-corrected,PIEMONTE 1,18,BARDONECCHIA,whole,,171,BARDONECCHIA,1.0
camera-mattarellum-1993-corrected,PIEMONTE 1,18,BORGONE SUSA,whole,,171,BORGONE SUSA,1.0
camera-mattarellum-1993-corrected,PIEMONTE 1,18,BRUZOLO,whole,,171,BRUZOAOLO,0.778
camera-mattarellum-1993-corrected,PIEMONTE 1,18,BUSSOLENO,whole,,171,BUSSOLENO,1.0
camera-mattarellum-1993-corrected,PIEMONTE 1,18,BUTTIGLIERA ALTA,whole,,171,BUTTIGLIERA ALTA,1.0
camera-mattarellum-1993-corrected,PIEMONTE 1,18,CAPRIE,whole,,171,CAPRIE,1.0
camera-mattarellum-1993-corrected,PIEMONTE 1,18,CESANA TORINESE,whole,,171,CESANA TORINESE,1.0
camera-mattarellum-1993-corrected,PIEMONTE 1,18,CHIANOCCO,whole,,171,CHIANOCCO,1.0
camera-mattarellum-1993-corrected,PIEMONTE 1,18,CHIOMONTE,whole,,171,CHIOMONTE,1.0
camera-mattarellum-1993-corrected,PIEMONTE 1,18,CHIUSA DI SAN MICHELE,whole,,171,CHIUSA DI SAN MICHELE,1.0
camera-mattarellum-1993-corrected,PIEMONTE 1,18,CLAVIERE,whole,,171,CLAVIERE,1.0
camera-mattarellum-1993-corrected,PIEMONTE 1,18,COAZZE,whole,,171,COAZZE,1.0
camera-mattarellum-1993-corrected,PIEMONTE 1,18,CONDOVE,whole,,171,CONDOVE,1.0
camera-mattarellum-1993-corrected,PIEMONTE 1,18,EXILLES,whole,,171,EXILLES,1.0
camera-mattarellum-1993-corrected,PIEMONTE 1,18,GIAGLIONE,whole,,171,GIAGL IONE,1.0
camera-mattarellum-1993-corrected,PIEMONTE 1,18,GIAVENO,whole,,171,GIAVENO,1.0
camera-mattarellum-1993-corrected,PIEMONTE 1,18,GRAVERE,whole,,171,GRAVERE,1.0
camera-mattarellum-1993-corrected,PIEMONTE 1,18,MATTIE,whole,,171,MATTIE,1.0
camera-mattarellum-1993-corrected,PIEMONTE 1,18,MEANA DI SUSA,whole,,171,MEANA DI SUSA,1.0
camera-mattarellum-1993-corrected,PIEMONTE 1,18,MOMPANTERO,whole,,171,HOMPANTERO,1.0
camera-mattarellum-1993-corrected,PIEMONTE 1,18,MONCENISIO,whole,,171,HONCENISIO,1.0
camera-mattarellum-1993-corrected,PIEMONTE 1,18,NOVALESA,whole,,171,NOVALESA,1.0
camera-mattarellum-1993-corrected,PIEMONTE 1,18,REANO,whole,,171,REANO,1.0
camera-mattarellum-1993-corrected,PIEMONTE 1,18,ROSTA,whole,,171,ROSTA,1.0
camera-mattarellum-1993-corrected,PIEMONTE 1,18,RUBIANA,whole,,171,RUBIANA,1.0
camera-mattarellum-1993-corrected,PIEMONTE 1,18,SALBERTRAND,whole,,171,SALBERTRAND,1.0
camera-mattarellum-1993-corrected,PIEMONTE 1,18,SAN DIDERO,whole,,171,SAN DIDERO,1.0
camera-mattarellum-1993-corrected,PIEMONTE 1,18,SANGANO,whole,,171,SANGANO,1.0
camera-mattarellum-1993-corrected,PIEMONTE 1,18,SAN GIORIO DI SUSA,whole,,171,SAN GIORIO DI SUSA,1.0
camera-mattarellum-1993-corrected,PIEMONTE 1,18,SANT'AMBROGIO DI TORINO,whole,,171,SANT'’AMBROGIO DI TORINO,1.0
camera-mattarellum-1993-corrected,PIEMONTE 1,18,SANT'ANTONINO DI SUSA,whole,,171,SANT’ANTONINO DI SUSA,1.0
camera-mattarellum-1993-corrected,PIEMONTE 1,18,SAUZE DI CESANA,whole,,171,SAUZE DI CESANA,1.0
camera-mattarellum-1993-corrected,PIEMONTE 1,18,SAUZE D'OULX,whole,,171,SAUZE D'OULX,1.0
camera-mattarellum-1993-corrected,PIEMONTE 1,18,SESTRIERE,whole,,171,SESTRIERE,1.0
camera-mattarellum-1993-corrected,PIEMONTE 1,18,SUSA,whole,,171,SUSA,1.0
camera-mattarellum-1993-corrected,PIEMONTE 1,18,TRANA,whole,,171,TRANA,1.0
camera-mattarellum-1993-corrected,PIEMONTE 1,18,VAIE,whole,,171,VAITE,0.8
camera-mattarellum-1993-corrected,PIEMONTE 1,18,VALGIOIE,whole,,171,VALGIGIE,0.875
camera-mattarellum-1993-corrected,PIEMONTE 1,18,VENAUS,whole,,171,VENAUS,1.0
camera-mattarellum-1993-corrected,PIEMONTE 1,18,VILLARBASSE,whole,,171,VILLARBASSE,1.0
camera-mattarellum-1993-corrected,PIEMONTE 1,18,VILLAR DORA,whole,,171,VILLAR DORA,1.0
camera-mattarellum-1993-corrected,PIEMONTE 1,18,VILLAR FOCCHIARDO,whole,,171,VILLAR FOCCHIARDO,1.0
camera-mattarellum-1993-corrected,PIEMONTE 1,19,ANGROGNA,whole,,171,ANGROGNA,1.0
camera-mattarellum-1993-corrected,PIEMONTE 1,19,BIBIANA,whole,,171,BIBIANA,1.0
camera-mattarellum-1993-corrected,PIEMONTE 1,19,BOBBIO PELLICE,whole,,171,BOBBIO PELLICE,1.0
camera-mattarellum-1993-corrected,PIEMONTE 1,19,BRICHERASIO,whole,,171,BRICHERASIO,1.0
camera-mattarellum-1993-corrected,PIEMONTE 1,19,BURIASCO,whole,,171,BUR1TASCO,0.889
camera-mattarellum-1993-corrected,PIEMONTE 1,19,CAMPIGLIONE-FENILE,whole,,171,CAMPIGL IONE-FENILE,1.0
camera-mattarellum-1993-corrected,PIEMONTE 1,19,CANTALUPA,whole,,171,CANTALUPA,1.0
camera-mattarellum-1993-corrected,PIEMONTE 1,19,CAVOUR,whole,,171,CAVOUR,1.0
camera-mattarellum-1993-corrected,PIEMONTE 1,19,CUMIANA,whole,,171,CUMIANA,1.0
camera-mattarellum-1993-corrected,PIEMONTE 1,19,FENESTRELLE,whole,,171,FENESTRELLE,1.0
camera-mattarellum-1993-corrected,PIEMONTE 1,19,FROSSASCO,whole,,171,FROSSASCO,1.0
camera-mattarellum-1993-corrected,PIEMONTE 1,19,GARZIGLIANA,whole,,171,GARZIGLIANA,1.0
camera-mattarellum-1993-corrected,PIEMONTE 1,19,INVERSO PINASCA,whole,,171,INVERSO PINASCA,1.0
camera-mattarellum-1993-corrected,PIEMONTE 1,19,LUSERNA SAN GIOVANNI,whole,,171,LUSERNA SAN GIOVANNI,1.0
camera-mattarellum-1993-corrected,PIEMONTE 1,19,LUSERNETTA,whole,,171,LUSERNETTA,1.0
camera-mattarellum-1993-corrected,PIEMONTE 1,19,MACELLO,whole,,172,MACELLO,1.0
camera-mattarellum-1993-corrected,PIEMONTE 1,19,MASSELLO,whole,,172,MASSELLO,1.0
camera-mattarellum-1993-corrected,PIEMONTE 1,19,OSASCO,whole,,172,OSASCO,1.0
camera-mattarellum-1993-corrected,PIEMONTE 1,19,PEROSA ARGENTINA,whole,,172,PEROSA ARGENTINA,1.0
camera-mattarellum-1993-corrected,PIEMONTE 1,19,PERRERO,whole,,172,PERRERO,1.0
camera-mattarellum-1993-corrected,PIEMONTE 1,19,PINASCA,whole,,172,PINASCA,1.0
camera-mattarellum-1993-corrected,PIEMONTE 1,19,PINEROLO,whole,,172,PINEROLO,1.0
camera-mattarellum-1993-corrected,PIEMONTE 1,19,PIOSSASCO,whole,,172,PIOSSASCO,1.0
camera-mattarellum-1993-corrected,PIEMONTE 1,19,PISCINA,whole,,172,PISCINA,1.0
camera-mattarellum-1993-corrected,PIEMONTE 1,19,POMARETTO,whole,,172,POMARETTO,1.0
camera-mattarellum-1993-corrected,PIEMONTE 1,19,PORTE,whole,,172,PORTE,1.0
camera-mattarellum-1993-corrected,PIEMONTE 1,19,PRAGELATO,whole,,172,PRAGELATO,1.0
camera-mattarellum-1993-corrected,PIEMONTE 1,19,PRALI,whole,,172,PRALIE,0.833
camera-mattarellum-1993-corrected,PIEMONTE 1,19,PRAMOLLO,whole,,172,PRAMOLLO,1.0
camera-mattarellum-1993-corrected,PIEMONTE 1,19,PRAROSTINO,whole,,172,PRAROST ENO,0.9
camera-mattarellum-1993-corrected,PIEMONTE 1,19,ROLETTO,whole,,172,ROLETTO,1.0
camera-mattarellum-1993-corrected,PIEMONTE 1,19,RORA',whole,,172,RORA*,1.0
camera-mattarellum-1993-corrected,PIEMONTE 1,19,ROURE,whole,,172,ROURE,1.0
camera-mattarellum-1993-corrected,PIEMONTE 1,19,SALZA DI PINEROLO,whole,,172,SALZA DI PINEROLO,1.0
camera-mattarellum-1993-corrected,PIEMONTE 1,19,SAN GERMANO CHISONE,whole,,172,SAN GERMANO CHISONE,1.0
camera-mattarellum-1993-corrected,PIEMONTE 1,19,SAN PIETRO VAL LEMINA,whole,,172,SAN PIETRO VAL LEMINA,1.0
camera-mattarellum-1993-corrected,PIEMONTE 1,19,SAN SECONDO DI PINEROLO,whole,,172,SAN SECONDO Di PINEROLO,1.0
camera-mattarellum-1993-corrected,PIEMONTE 1,19,TORRE PELLICE,whole,,172,TORRE PELLICE,1.0
camera-mattarellum-1993-corrected,PIEMONTE 1,19,USSEAUX,whole,,172,USSEAUX,1.0
camera-mattarellum-1993-corrected,PIEMONTE 1,19,VILLAFRANCA PIEMONTE,whole,,172,VILLAFRANCA PIEMONTE,1.0
camera-mattarellum-1993-corrected,PIEMONTE 1,19,VILLAR PELLICE,whole,,172,VILLAR PELLICE,1.0
camera-mattarellum-1993-corrected,PIEMONTE 1,19,VILLAR PEROSA,whole,,172,VILLAR PEROSA,1.0
camera-mattarellum-1993-corrected,PIEMONTE 2,1,ALBA,whole,,173,AL BA,1.0
camera-mattarellum-1993-corrected,PIEMONTE 2,1,ALBARETTO DELLA TORRE,whole,,173,ALBARETTO DELLA TYORRE,0.95
camera-mattarellum-1993-corrected,PIEMONTE 2,1,ARGUELLO,whole,,173,ARGUELLO,1.0
camera-mattarellum-1993-corrected,PIEMONTE 2,1,BALDISSERO D'ALBA,whole,,173,BALDISSERO D'ALBA,1.0
camera-mattarellum-1993-corrected,PIEMONTE 2,1,BARBARESCO,whole,,173,BARBARESCO,1.0
camera-mattarellum-1993-corrected,PIEMONTE 2,1,BAROLO,whole,,173,BAROLG,0.833
camera-mattarellum-1993-corrected,PIEMONTE 2,1,BENEVELLO,whole,,173,BENE VELLO,1.0
camera-mattarellum-1993-corrected,PIEMONTE 2,1,BORGOMALE,whole,,173,BORGOMALE,1.0
camera-mattarellum-1993-corrected,PIEMONTE 2,1,BOSSOLASCO,whole,,173,BUOSSOLASCO,0.909
camera-mattarellum-1993-corrected,PIEMONTE 2,1,BRA,whole,,173,BRA,1.0
camera-mattarellum-1993-corrected,PIEMONTE 2,1,CANALE,whole,,173,CANALE,1.0
camera-mattarellum-1993-corrected,PIEMONTE 2,1,CASTAGNITO,whole,,173,CASTAGNITO,1.0
camera-mattarellum-1993-corrected,PIEMONTE 2,1,CASTIGLIONE FALLETTO,whole,,173,CASTIGLIONE FALLETTO,1.0
camera-mattarellum-1993-corrected,PIEMONTE 2,1,CERESOLE ALBA,whole,,173,CERESOLE ALBA,1.0
camera-mattarellum-1993-corrected,PIEMONTE 2,1,CERRETO LANGHE,whole,,173,CERRETO LANGHE,1.0
camera-mattarellum-1993-corrected,PIEMONTE 2,1,CERVERE,whole,,173,CERVERE,1.0
camera-mattarellum-1993-corrected,PIEMONTE 2,1,CHERASCO,whole,,173,CHERASCO,1.0
camera-mattarellum-1993-corrected,PIEMONTE 2,1,CISSONE,whole,,173,CISSONE,1.0
camera-mattarellum-1993-corrected,PIEMONTE 2,1,CORNELIANO D'ALBA,whole,,173,CORNELTANO D'ALBA,0.933
camera-mattarellum-1993-corrected,PIEMONTE 2,1,CRAVANZANA,whole,,173,CRAVANZANA,1.0
camera-mattarellum-1993-corrected,PIEMONTE 2,1,DIANO D'ALBA,whole,,173,DIANO D'ALBA,1.0
camera-mattarellum-1993-corrected,PIEMONTE 2,1,GRINZANE CAVOUR,whole,,173,GRINZANE CAVOUR,1.0
camera-mattarellum-1993-corrected,PIEMONTE 2,1,GUARENE,whole,,173,GUARENE,1.0
camera-mattarellum-1993-corrected,PIEMONTE 2,1,LA MORRA,whole,,173,LA MORRA,1.0
camera-mattarellum-1993-corrected,PIEMONTE 2,1,LEQUIO BERRIA,whole,,173,LEQUIO BERRIA,1.0
camera-mattarellum-1993-corrected,PIEMONTE 2,1,MAGLIANO ALFIERI,whole,,173,MAGLIANO ALFIERI,1.0
camera-mattarellum-1993-corrected,PIEMONTE 2,1,MONFORTE D'ALBA,whole,,173,MONFORTE D'ALBA,1.0
camera-mattarellum-1993-corrected,PIEMONTE 2,1,MONTA',whole,,173,"MONTA""",1.0
camera-mattarellum-1993-corrected,PIEMONTE 2,1,MONTALDO ROERO,whole,,173,MONTALDO ROERO,1.0
camera-mattarellum-1993-corrected,PIEMONTE 2,1,MONTELUPO ALBESE,whole,,173,MONTELUPO ALBESE,1.0
camera-mattarellum-1993-corrected,PIEMONTE 2,1,MONTEU ROERO,whole,,173,MONTEU ROERO,1.0
camera-mattarellum-1993-corrected,PIEMONTE 2,1,MONTICELLO D'ALBA,whole,,173,MONTICELLO D'ALBA,1.0
camera-mattarellum-1993-corrected,PIEMONTE 2,1,NARZOLE,whole,,173,NARZOLE,1.0
camera-mattarellum-1993-corrected,PIEMONTE 2,1,NEVIGLIE,whole,,173,NEVIGLIE,1.0
camera-mattarellum-1993-corrected,PIEMONTE 2,1,NOVELLO,whole,,173,NOVELLO,1.0
camera-mattarellum-1993-corrected,PIEMONTE 2,1,PIOBESI D'ALBA,whole,,173,PIOBESI D'ALBA,1.0
camera-mattarellum-1993-corrected,PIEMONTE 2,1,POCAPAGLIA,whole,,173,POCAPAGLIA,1.0
camera-mattarellum-1993-corrected,PIEMONTE 2,1,RODDI,whole,,173,RODDI,1.0
camera-mattarellum-1993-corrected,PIEMONTE 2,1,RODDINO,whole,,173,RODD ING,0.857
camera-mattarellum-1993-corrected,PIEMONTE 2,1,RODELLO,whole,,173,RODELLO,1.0
camera-mattarellum-1993-corrected,PIEMONTE 2,1,SANFRE',whole,,173,SANFRE*,1.0
camera-mattarellum-1993-corrected,PIEMONTE 2,1,SANTA VITTORIA D'ALBA,whole,,173,SANTA VITTORIA D'ALBA,1.0
camera-mattarellum-1993-corrected,PIEMONTE 2,1,SANTO STEFANO ROERO,whole,,173,SANTO STEFANO ROERO,1.0
camera-mattarellum-1993-corrected,PIEMONTE 2,1,SERRALUNGA D'ALBA,whole,,173,SERRALUNGA D'ALBA,1.0
camera-mattarellum-1993-corrected,PIEMONTE 2,1,SERRAVALLE LANGHE,whole,,173,SERRAVALLE LANGHE,1.0
camera-mattarellum-1993-corrected,PIEMONTE 2,1,,whole,,173,SI1INIO,0.714
camera-mattarellum-1993-corrected,PIEMONTE 2,1,SOMANO,whole,,173,SONMANO,0.857
camera-mattarellum-1993-corrected,PIEMONTE 2,1,SOMMARIVA DEL BOSCO,whole,,173,SOMMARIVA DEL BOSCO,1.0
camera-mattarellum-1993-corrected,PIEMONTE 2,1,SOMMARIVA PERNO,whole,,173,SOMMARIVA PERNO,1.0
camera-mattarellum-1993-corrected,PIEMONTE 2,1,TREISO,whole,,173,TRE1SO,1.0
camera-mattarellum-1993-corrected,PIEMONTE 2,1,TREZZO TINELLA,whole,,173,TREZZO TINELLA,1.0
camera-mattarellum-1993-corrected,PIEMONTE 2,1,VERDUNO,whole,,173,VERDUNO,1.0
camera-mattarellum-1993-corrected,PIEMONTE 2,1,VEZZA D'ALBA,whole,,173,VEZZA D'ALBA,1.0
camera-mattarellum-1993-corrected,PIEMONTE 2,2,ACCEGLIO,whole,,173,ACCEGLIO,1.0
camera-mattarellum-1993-corrected,PIEMONTE 2,2,BAGNOLO PIEMONTE,whole,,173,BAGNOLO PIEMONTE,1.0
camera-mattarellum-1993-corrected,PIEMONTE 2,2,BARGE,whole,,173,BARGE,1.0
camera-mattarellum-1993-corrected,PIEMONTE 2,2,BELLINO,whole,,173,BELL INO,1.0
camera-mattarellum-1993-corrected,PIEMONTE 2,2,BRONDELLO,whole,,173,BRONDELLO,1.0
camera-mattarellum-1993-corrected,PIEMONTE 2,2,BROSSASCO,whole,,173,BRUOSSASCO,0.9
camera-mattarellum-1993-corrected,PIEMONTE 2,2,CANOSIO,whole,,173,CANOSIO,1.0
camera-mattarellum-1993-corrected,PIEMONTE 2,2,CARAMAGNA PIEMONTE,whole,,174,CARAMAGNA PIEMONTE,1.0
camera-mattarellum-1993-corrected,PIEMONTE 2,2,CARDE',whole,,174,CARDE *,1.0
camera-mattarellum-1993-corrected,PIEMONTE 2,2,CARTIGNANO,whole,,174,CARTIGNANO,1.0
camera-mattarellum-1993-corrected,PIEMONTE 2,2,CASALGRASSO,whole,,174,CASALGRASSO,1.0
camera-mattarellum-1993-corrected,PIEMONTE 2,2,CASTELDELFINO,whole,,174,CASTELDELF INO,1.0
camera-mattarellum-1993-corrected,PIEMONTE 2,2,CASTELLAR,whole,,174,CASTELLAR,1.0
camera-mattarellum-1993-corrected,PIEMONTE 2,2,CAVALLERLEONE,whole,,174,CAVALLERLEONE,1.0
camera-mattarellum-1993-corrected,PIEMONTE 2,2,CAVALLERMAGGIORE,whole,,174,CAVALLERMAGGIORE,1.0
camera-mattarellum-1993-corrected,PIEMONTE 2,2,CELLE DI MACRA,whole,,174,CELLE DI MACRA,1.0
camera-mattarellum-1993-corrected,PIEMONTE 2,2,CRISSOLO,whole,,174,CRISSOLO,1.0
camera-mattarellum-1993-corrected,PIEMONTE 2,2,DRONERO,whole,,174,BRONERO,0.857
camera-mattarellum-1993-corrected,PIEMONTE 2,2,ELVA,whole,,174,ELVA,1.0
camera-mattarellum-1993-corrected,PIEMONTE 2,2,ENVIE,whole,,174,ENVIE,1.0
camera-mattarellum-1993-corrected,PIEMONTE 2,2,FAULE,whole,,174,FAULE,1.0
camera-mattarellum-1993-corrected,PIEMONTE 2,2,FRASSINO,whole,,174,FRASSINO,1.0
camera-mattarellum-1993-corrected,PIEMONTE 2,2,GAMBASCA,whole,,174,GAMBASCA,1.0
camera-mattarellum-1993-corrected,PIEMONTE 2,2,GENOLA,whole,,174,GENOLA,1.0
camera-mattarellum-1993-corrected,PIEMONTE 2,2,ISASCA,whole,,174,ISASCA,1.0
camera-mattarellum-1993-corrected,PIEMONTE 2,2,LAGNASCO,whole,,174,LAGNASCO,1.0
camera-mattarellum-1993-corrected,PIEMONTE 2,2,MACRA,whole,,174,MHACRA,0.833
camera-mattarellum-1993-corrected,PIEMONTE 2,2,MANTA,whole,,174,HANTA,1.0
camera-mattarellum-1993-corrected,PIEMONTE 2,2,MARENE,whole,,174,HARENE,1.0
camera-mattarellum-1993-corrected,PIEMONTE 2,2,MARMORA,whole,,174,HARMORA,1.0
camera-mattarellum-1993-corrected,PIEMONTE 2,2,MARTINIANA PO,whole,,174,HMARTINIANA PO,0.923
camera-mattarellum-1993-corrected,PIEMONTE 2,2,MELLE,whole,,174,HELLE,1.0
camera-mattarellum-1993-corrected,PIEMONTE 2,2,MONASTEROLO DI SAVIGLIANO,whole,,174,MONASTEROLO DI SAVIGLIANO,1.0
camera-mattarellum-1993-corrected,PIEMONTE 2,2,MORETTA,whole,,174,HORETTA,1.0
camera-mattarellum-1993-corrected,PIEMONTE 2,2,MURELLO,whole,,174,HURELLO,1.0
camera-mattarellum-1993-corrected,PIEMONTE 2,2,ONCINO,whole,,174,ONCINO,1.0
camera-mattarellum-1993-corrected,PIEMONTE 2,2,OSTANA,whole,,174,OSTANA,1.0
camera-mattarellum-1993-corrected,PIEMONTE 2,2,PAESANA,whole,,174,PAESANA,1.0
camera-mattarellum-1993-corrected,PIEMONTE 2,2,PAGNO,whole,,174,PAGNO,1.0
camera-mattarellum-1993-corrected,PIEMONTE 2,2,PIASCO,whole,,174,PIASCO,1.0
camera-mattarellum-1993-corrected,PIEMONTE 2,2,POLONGHERA,whole,,174,POLONGHERA,1.0
camera-mattarellum-1993-corrected,PIEMONTE 2,2,PONTECHIANALE,whole,,174,PONTECHIANALE,1.0
camera-mattarellum-1993-corrected,PIEMONTE 2,2,PRAZZO,whole,,174,PRAZZO,1.0
camera-mattarellum-1993-corrected,PIEMONTE 2,2,RACCONIGI,whole,,174,RACCONIGI,1.0
camera-mattarellum-1993-corrected,PIEMONTE 2,2,REVELLO,whole,,174,REVELLO,1.0
camera-mattarellum-1993-corrected,PIEMONTE 2,2,RIFREDDO,whole,,174,RIFREDDOG,0.889
camera-mattarellum-1993-corrected,PIEMONTE 2,2,ROCCABRUNA,whole,,174,ROCCABRUNA,1.0
camera-mattarellum-1993-corrected,PIEMONTE 2,2,ROSSANA,whole,,174,ROSSANA,1.0
camera-mattarellum-1993-corrected,PIEMONTE 2,2,RUFFIA,whole,,174,RUFFIA,1.0
camera-mattarellum-1993-corrected,PIEMONTE 2,2,SALUZZO,whole,,174,SALUZZO,1.0
camera-mattarellum-1993-corrected,PIEMONTE 2,2,SAMPEYRE,whole,,174,SAMPEYRE,1.0
camera-mattarellum-1993-corrected,PIEMONTE 2,2,SAN DAMIANO MACRA,whole,,174,SAN DAMIANO MACRA,1.0
camera-mattarellum-1993-corrected,PIEMONTE 2,2,SANFRONT,whole,,174,SANFRONT,1.0
camera-mattarellum-1993-corrected,PIEMONTE 2,2,SAVIGLIANO,whole,,174,SAVIGLIANO,1.0
camera-mattarellum-1993-corrected,PIEMONTE 2,2,SCARNAFIGI,whole,,174,SCARNAF IGI,1.0
camera-mattarellum-1993-corrected,PIEMONTE 2,2,STROPPO,whole,,174,STROPPO,1.0
camera-mattarellum-1993-corrected,PIEMONTE 2,2,TORRE SAN GIORGIO,whole,,174,TORRE SAN GIORGIO,1.0
camera-mattarellum-1993-corrected,PIEMONTE 2,2,VALMALA,whole,,174,VALMNALA,0.875
camera-mattarellum-1993-corrected,PIEMONTE 2,2,VENASCA,whole,,174,VENASCA,1.0
camera-mattarellum-1993-corrected,PIEMONTE 2,2,VERZUOLO,whole,,174,VERZUBLO,0.875
camera-mattarellum-1993-corrected,PIEMONTE 2,2,VILLANOVA SOLARO,whole,,174,VILLANOVA SOLARO,1.0
camera-mattarellum-1993-corrected,PIEMONTE 2,2,VILLAR SAN COSTANZO,whole,,174,VILLAR SAN COSTANZO,1.0
camera-mattarellum-1993-corrected,PIEMONTE 2,3,ALTO,whole,,174,ALTO,1.0
camera-mattarellum-1993-corrected,PIEMONTE 2,3,BAGNASCO,whole,,174,BAGNASCO,1.0
camera-mattarellum-1993-corrected,PIEMONTE 2,3,BASTIA MONDOVI',whole,,174,BAST1A MONDOVI?'®,1.0
camera-mattarellum-1993-corrected,PIEMONTE 2,3,BATTIFOLLO,whole,,174,BATTIFOLLO,1.0
camera-mattarellum-1993-corrected,PIEMONTE 2,3,BEINETTE,whole,,174,BE 1INETTE,0.889
camera-mattarellum-1993-corrected,PIEMONTE 2,3,BELVEDERE LANGHE,whole,,174,BELVEDERE LANGHE,1.0
camera-mattarellum-1993-corrected,PIEMONTE 2,3,BENE VAGIENNA,whole,,174,BENE VAGIENNA,1.0
camera-mattarellum-1993-corrected,PIEMONTE 2,3,BONVICINO,whole,,174,BONVICITNO,0.9
camera-mattarellum-1993-corrected,PIEMONTE 2,3,BRIAGLIA,whole,,174,BRIAGLIA,1.0
camera-mattarellum-1993-corrected,PIEMONTE 2,3,BRIGA ALTA,whole,,174,BRIGA ALTA,1.0
camera-mattarellum-1993-corrected,PIEMONTE 2,3,CAMERANA,whole,,174,CAMERANA,1.0
camera-mattarellum-1993-corrected,PIEMONTE 2,3,CAPRAUNA,whole,,175,CAPRAUNA,1.0
camera-mattarellum-1993-corrected,PIEMONTE 2,3,CARRU',whole,,175,CARRU*,1.0
camera-mattarellum-1993-corrected,PIEMONTE 2,3,CASTELLINO TANARO,whole,,175,CASTELLINO TANARU,0.938
camera-mattarellum-1993-corrected,PIEMONTE 2,3,CASTELNUOVO DI CEVA,whole,,175,CASTELNUOVO DI CEVA,1.0
camera-mattarellum-1993-corrected,PIEMONTE 2,3,CEVA,whole,,175,CEVA,1.0
camera-mattarellum-1993-corrected,PIEMONTE 2,3,CHIUSA DI PESIO,whole,,175,CHIUSA DI PESIO,1.0
camera-mattarellum-1993-corrected,PIEMONTE 2,3,CIGLIE',whole,,175,CIGLIE*,1.0
camera-mattarellum-1993-corrected,PIEMONTE 2,3,CLAVESANA,whole,,175,CLAVESANA,1.0
camera-mattarellum-1993-corrected,PIEMONTE 2,3,DOGLIANI,whole,,175,DOGLIANI,1.0
camera-mattarellum-1993-corrected,PIEMONTE 2,3,FARIGLIANO,whole,,175,FARIGLIANO,1.0
camera-mattarellum-1993-corrected,PIEMONTE 2,3,FOSSANO,whole,,175,FOSSANO,1.0
camera-mattarellum-1993-corrected,PIEMONTE 2,3,FRABOSA SOPRANA,whole,,175,FRABOSA SOPRANA,1.0
camera-mattarellum-1993-corrected,PIEMONTE 2,3,FRABOSA SOTTANA,whole,,175,FRABOSA SOTTANA,1.0
camera-mattarellum-1993-corrected,PIEMONTE 2,3,GARESSIO,whole,,175,GARESSIO,1.0
camera-mattarellum-1993-corrected,PIEMONTE 2,3,GOTTASECCA,whole,,175,GOTTASECCA,1.0
camera-mattarellum-1993-corrected,PIEMONTE 2,3,IGLIANO,whole,,175,IGLIANO,1.0
camera-mattarellum-1993-corrected,PIEMONTE 2,3,LEQUIO TANARO,whole,,175,LEQUIO TANARO,1.0
camera-mattarellum-1993-corrected,PIEMONTE 2,3,LESEGNO,whole,,175,LESEGNO,1.0
camera-mattarellum-1993-corrected,PIEMONTE 2,3,LISIO,whole,,175,LISIO,1.0
camera-mattarellum-1993-corrected,PIEMONTE 2,3,MAGLIANO ALPI,whole,,175,MAGLIANO ALPI,1.0
camera-mattarellum-1993-corrected,PIEMONTE 2,3,MARGARITA,whole,,175,MARGARITA,1.0
camera-mattarellum-1993-corrected,PIEMONTE 2,3,MARSAGLIA,whole,,175,MARSAGLIA,1.0
camera-mattarellum-1993-corrected,PIEMONTE 2,3,MOMBARCARO,whole,,175,MOMBARCARO,1.0
camera-mattarellum-1993-corrected,PIEMONTE 2,3,MOMBASIGLIO,whole,,175,MOMBASIGLIO,1.0
camera-mattarellum-1993-corrected,PIEMONTE 2,3,MONASTERO DI VASCO,whole,,175,MONASTERO DI VASCO,1.0
camera-mattarellum-1993-corrected,PIEMONTE 2,3,MONASTEROLO CASOTTO,whole,,175,MONASTEROLO CASOTTO,1.0
camera-mattarellum-1993-corrected,PIEMONTE 2,3,MONCHIERO,whole,,175,MONCHIERO,1.0
camera-mattarellum-1993-corrected,PIEMONTE 2,3,MONDOVI',whole,,175,MONDOVI?',1.0
camera-mattarellum-1993-corrected,PIEMONTE 2,3,MONESIGLIO,whole,,175,MONESIGLIO,1.0
camera-mattarellum-1993-corrected,PIEMONTE 2,3,MONTALDO DI MONDOVI',whole,,175,MONTALDO DI MONDOVI*,1.0
camera-mattarellum-1993-corrected,PIEMONTE 2,3,MONTEZEMOLO,whole,,175,MONTEZEMOLO,1.0
camera-mattarellum-1993-corrected,PIEMONTE 2,3,MOROZZO,whole,,175,MOROZZO,1.0
camera-mattarellum-1993-corrected,PIEMONTE 2,3,MURAZZANO,whole,,175,MURAZZANO,1.0
camera-mattarellum-1993-corrected,PIEMONTE 2,3,NIELLA TANARO,whole,,175,NIELLA TANARO,1.0
camera-mattarellum-1993-corrected,PIEMONTE 2,3,NUCETTO,whole,,175,NUCETTO,1.0
camera-mattarellum-1993-corrected,PIEMONTE 2,3,ORMEA,whole,,175,ORMEA,1.0
camera-mattarellum-1993-corrected,PIEMONTE 2,3,PAMPARATO,whole,,175,PAMPARATO,1.0
camera-mattarellum-1993-corrected,PIEMONTE 2,3,PAROLDO,whole,,175,PARUL DO,0.857
camera-mattarellum-1993-corrected,PIEMONTE 2,3,PERLO,whole,,175,PERLO,1.0
camera-mattarellum-1993-corrected,PIEMONTE 2,3,PEVERAGNO,whole,,175,PEVERAGNO,1.0
camera-mattarellum-1993-corrected,PIEMONTE 2,3,PIANFEI,whole,,175,PIANFEI,1.0
camera-mattarellum-1993-corrected,PIEMONTE 2,3,PIOZZO,whole,,175,PIZZO,0.833
camera-mattarellum-1993-corrected,PIEMONTE 2,3,PRIERO,whole,,175,PRIERO,1.0
camera-mattarellum-1993-corrected,PIEMONTE 2,3,PRIOLA,whole,,175,PRIOLA,1.0
camera-mattarellum-1993-corrected,PIEMONTE 2,3,ROASCIO,whole,,175,ROASCIO,1.0
camera-mattarellum-1993-corrected,PIEMONTE 2,3,ROBURENT,whole,,175,ROBURENT,1.0
camera-mattarellum-1993-corrected,PIEMONTE 2,3,ROCCA CIGLIE',whole,,175,ROCCA CIGLIE*,1.0
camera-mattarellum-1993-corrected,PIEMONTE 2,3,ROCCA DE' BALDI,whole,,175,ROCCA DE' BALDI,1.0
camera-mattarellum-1993-corrected,PIEMONTE 2,3,ROCCAFORTE MONDOVI',whole,,175,ROCCAFORTE MONDOVI',1.0
camera-mattarellum-1993-corrected,PIEMONTE 2,3,SALE DELLE LANGHE,whole,,175,SALE DELLE LANGHE,1.0
camera-mattarellum-1993-corrected,PIEMONTE 2,3,SALE SAN GIOVANNI,whole,,175,SALE SAN GIOVANNI,1.0
camera-mattarellum-1993-corrected,PIEMONTE 2,3,SALICETO,whole,,175,SAL ICETO,1.0
camera-mattarellum-1993-corrected,PIEMONTE 2,3,SALMOUR,whole,,175,SAL MOUR,1.0
camera-mattarellum-1993-corrected,PIEMONTE 2,3,SAN BENEDETTO BELBO,whole,,175,SAN BENEDETTO BELBO,1.0
camera-mattarellum-1993-corrected,PIEMONTE 2,3,SAN MICHELE MONDOVI',whole,,175,SAN MICHELE MONDOVI*,1.0
camera-mattarellum-1993-corrected,PIEMONTE 2,3,SANT'ALBANO STURA,whole,,175,SANT'ALBANO STURA,1.0
camera-mattarellum-1993-corrected,PIEMONTE 2,3,SCAGNELLO,whole,,175,SCAGNELLO,1.0
camera-mattarellum-1993-corrected,PIEMONTE 2,3,TORRE MONDOVI',whole,,175,TORRE MONDOVI',1.0
camera-mattarellum-1993-corrected,PIEMONTE 2,3,TORRESINA,whole,,175,TORRESINA,1.0
camera-mattarellum-1993-corrected,PIEMONTE 2,3,TRINITA',whole,,175,TRINITA!,1.0
camera-mattarellum-1993-corrected,PIEMONTE 2,3,VICOFORTE,whole,,175,VICOFORTE,1.0
camera-mattarellum-1993-corrected,PIEMONTE 2,3,VILLANOVA MONDOVI',whole,,175,VILLANOVA MONDOVI',1.0
camera-mattarellum-1993-corrected,PIEMONTE 2,3,VIOLA,whole,,175,VIOLA,1.0
camera-mattarellum-1993-corrected,PIEMONTE 2,4,AISONE,whole,,175,A1SONE,1.0
camera-mattarellum-1993-corrected,PIEMONTE 2,4,ARGENTERA,whole,,175,ARGENTERA,1.0
camera-mattarellum-1993-corrected,PIEMONTE 2,4,BERNEZZO,whole,,175,BERNEZZO,1.0
camera-mattarellum-1993-corrected,PIEMONTE 2,4,BORGO SAN DALMAZZO,whole,,176,BORGO SAN DALMAZZO,1.0
camera-mattarellum-1993-corrected,PIEMONTE 2,4,BOVES,whole,,176,BOVES,1.0
camera-mattarellum-1993-corrected,PIEMONTE 2,4,BUSCA,whole,,176,BUSCA,1.0
camera-mattarellum-1993-corrected,PIEMONTE 2,4,CARAGLIO,whole,,176,CARAGL10,1.0
camera-mattarellum-1993-corrected,PIEMONTE 2,4,CASTELLETTO STURA,whole,,176,CASTELLETTO STURA,1.0
camera-mattarellum-1993-corrected,PIEMONTE 2,4,CASTELMAGNO,whole,,176,CASTELMAGNO,1.0
camera-mattarellum-1993-corrected,PIEMONTE 2,4,CENTALLO,whole,,176,CENTALLO,1.0
camera-mattarellum-1993-corrected,PIEMONTE 2,4,CERVASCA,whole,,176,CERVASCA,1.0
camera-mattarellum-1993-corrected,PIEMONTE 2,4,COSTIGLIOLE SALUZZO,whole,,176,COSTIGLIOLE SALUZZO,1.0
camera-mattarellum-1993-corrected,PIEMONTE 2,4,CUNEO,whole,,176,CUNEO,1.0
camera-mattarellum-1993-corrected,PIEMONTE 2,4,DEMONTE,whole,,176,DBENONTE,0.75
camera-mattarellum-1993-corrected,PIEMONTE 2,4,ENTRACQUE,whole,,176,ENTRACQUE,1.0
camera-mattarellum-1993-corrected,PIEMONTE 2,4,GAIOLA,whole,,176,GAIOLA,1.0
camera-mattarellum-1993-corrected,PIEMONTE 2,4,LIMONE PIEMONTE,whole,,176,LIMONE PIEMONTE,1.0
camera-mattarellum-1993-corrected,PIEMONTE 2,4,,whole,,176,MOTTOLA,0.714
camera-mattarellum-1993-corrected,PIEMONTE 2,4,MONTANERA,whole,,176,HONTANERA,1.0
camera-mattarellum-1993-corrected,PIEMONTE 2,4,MONTEMALE DI CUNEO,whole,,176,MONTENMALE DI CUNEO,0.941
camera-mattarellum-1993-corrected,PIEMONTE 2,4,MONTEROSSO GRANA,whole,,176,MONTEROSSO GRANA,1.0
camera-mattarellum-1993-corrected,PIEMONTE 2,4,PIETRAPORZIO,whole,,176,PIETRAPORZIO,1.0
camera-mattarellum-1993-corrected,PIEMONTE 2,4,PRADLEVES,whole,,176,PRADLEVES,1.0
camera-mattarellum-1993-corrected,PIEMONTE 2,4,RITTANA,whole,,176,RIFTANA,0.857
camera-mattarellum-1993-corrected,PIEMONTE 2,4,ROASCHIA,whole,,176,ROASCHIA,1.0
camera-mattarellum-1993-corrected,PIEMONTE 2,4,ROBILANTE,whole,,176,ROBILANTE,1.0
camera-mattarellum-1993-corrected,PIEMONTE 2,4,ROCCASPARVERA,whole,,176,ROCCASPARVERA,1.0
camera-mattarellum-1993-corrected,PIEMONTE 2,4,ROCCAVIONE,whole,,176,ROCCAVIONE,1.0
camera-mattarellum-1993-corrected,PIEMONTE 2,4,SAMBUCO,whole,,176,SAMBUCO,1.0
camera-mattarellum-1993-corrected,PIEMONTE 2,4,TARANTASCA,whole,,176,TARANTASCA,1.0
camera-mattarellum-1993-corrected,PIEMONTE 2,4,VALDIERI,whole,,176,VALDIERE,0.875
camera-mattarellum-1993-corrected,PIEMONTE 2,4,VALGRANA,whole,,176,VALGRANA,1.0
camera-mattarellum-1993-corrected,PIEMONTE 2,4,VALLORIATE,whole,,176,VALLORIATE,1.0
camera-mattarellum-1993-corrected,PIEMONTE 2,4,VERNANTE,whole,,176,VERNANTE,1.0
camera-mattarellum-1993-corrected,PIEMONTE 2,4,VIGNOLO,whole,,176,VIGNOLO,1.0
camera-mattarellum-1993-corrected,PIEMONTE 2,4,VILLAFALLETTO,whole,,176,VILLAFALLETTO,1.0
camera-mattarellum-1993-corrected,PIEMONTE 2,4,VINADIO,whole,,176,VINADIiO,0.875
camera-mattarellum-1993-corrected,PIEMONTE 2,4,VOTTIGNASCO,whole,,176,VOTFIGNASCO,0.909
camera-mattarellum-1993-corrected,PIEMONTE 2,5,BERGOLO,whole,,176,BERGGOLO,0.875
camera-mattarellum-1993-corrected,PIEMONTE 2,5,BOSIA,whole,,176,BOSIA,1.0
camera-mattarellum-1993-corrected,PIEMONTE 2,5,CAMO,whole,,176,CAMO,1.0
camera-mattarellum-1993-corrected,PIEMONTE 2,5,CASTELLETTO UZZONE,whole,,176,CASTELLETTO UZZONE,1.0
camera-mattarellum-1993-corrected,PIEMONTE 2,5,CASTELLINALDO,whole,,176,CASTELLiNALDO,1.0
camera-mattarellum-1993-corrected,PIEMONTE 2,5,CASTIGLIONE TINELLA,whole,,176,CASTIGLIONE TINELLA,1.0
camera-mattarellum-1993-corrected,PIEMONTE 2,5,CASTINO,whole,,176,CASTINO,1.0
camera-mattarellum-1993-corrected,PIEMONTE 2,5,CORTEMILIA,whole,,176,CORTEMILIA,1.0
camera-mattarellum-1993-corrected,PIEMONTE 2,5,COSSANO BELBO,whole,,176,COSSANO BELBO,1.0
camera-mattarellum-1993-corrected,PIEMONTE 2,5,FEISOGLIO,whole,,176,FETSOGLIO,0.889
camera-mattarellum-1993-corrected,PIEMONTE 2,5,GORZEGNO,whole,,176,GORZEGNO,1.0
camera-mattarellum-1993-corrected,PIEMONTE 2,5,GOVONE,whole,,176,GOVONE,1.0
camera-mattarellum-1993-corrected,PIEMONTE 2,5,LEVICE,whole,,176,LEVICE,1.0
camera-mattarellum-1993-corrected,PIEMONTE 2,5,MANGO,whole,,176,MANGO,1.0
camera-mattarellum-1993-corrected,PIEMONTE 2,5,NEIVE,whole,,176,NE VE,0.8
camera-mattarellum-1993-corrected,PIEMONTE 2,5,NIELLA BELBO,whole,,176,NEELLA BELBO,0.909
camera-mattarellum-1993-corrected,PIEMONTE 2,5,PERLETTO,whole,,176,PERLETTO,1.0
camera-mattarellum-1993-corrected,PIEMONTE 2,5,PEZZOLO VALLE UZZONE,whole,,176,PEZZOLO VALLE U2ZZONE,1.0
camera-mattarellum-1993-corrected,PIEMONTE 2,5,PRIOCCA,whole,,176,PRIOCCA,1.0
camera-mattarellum-1993-corrected,PIEMONTE 2,5,PRUNETTO,whole,,176,PRUNETTO,1.0
camera-mattarellum-1993-corrected,PIEMONTE 2,5,ROCCHETTA BELBO,whole,,176,ROCCHETTA BELBO,1.0
camera-mattarellum-1993-corrected,PIEMONTE 2,5,SANTO STEFANO BELBO,whole,,176,SANTO STEFANO BELBO,1.0
camera-mattarellum-1993-corrected,PIEMONTE 2,5,TORRE BORMIDA,whole,,176,TORRE BORNIDA,0.917
camera-mattarellum-1993-corrected,PIEMONTE 2,5,AGLIANO,whole,,176,AGL TANO,0.857
camera-mattarellum-1993-corrected,PIEMONTE 2,5,ANTIGNANO,whole,,176,ANTIGNANO,1.0
camera-mattarellum-1993-corrected,PIEMONTE 2,5,AZZANO D'ASTI,whole,,176,AZZANOGO D'ASTI,0.846
camera-mattarellum-1993-corrected,PIEMONTE 2,5,BELVEGLIO,whole,,176,BELVEGL IO,1.0
camera-mattarellum-1993-corrected,PIEMONTE 2,5,BRUNO,whole,,176,BRUNO,1.0
camera-mattarellum-1993-corrected,PIEMONTE 2,5,BUBBIO,whole,,176,BUBBIO,1.0
camera-mattarellum-1993-corrected,PIEMONTE 2,5,CALAMANDRANA,whole,,176,CALAMANDRANA,1.0
camera-mattarellum-1993-corrected,PIEMONTE 2,5,CALOSSO,whole,,176,CALOSSO,1.0
camera-mattarellum-1993-corrected,PIEMONTE 2,5,CANELLI,whole,,177,CANELLI,1.0
camera-mattarellum-1993-corrected,PIEMONTE 2,5,CASSINASCO,whole,,177,CASSINASCO,1.0
camera-mattarellum-1993-corrected,PIEMONTE 2,5,CASTAGNOLE DELLE LANZE,whole,,177,CASTAGNOLE DELLE LANZE,1.0
camera-mattarellum-1993-corrected,PIEMONTE 2,5,CASTEL BOGLIONE,whole,,177,CASTEL BOGLIONE,1.0
camera-mattarellum-1993-corrected,PIEMONTE 2,5,CASTELLETTO MOLINA,whole,,177,CASTELLETTO MULINA,0.941
camera-mattarellum-1993-corrected,PIEMONTE 2,5,CASTELLO DI ANNONE,whole,,177,CASTELLO ODI ANNONE,0.941
camera-mattarellum-1993-corrected,PIEMONTE 2,5,CASTELNUOVO BELBO,whole,,177,CASTELNUOVO BELBO,1.0
camera-mattarellum-1993-corrected,PIEMONTE 2,5,CASTELNUOVO CALCEA,whole,,177,CASTELNUOVO CALCEA,1.0
camera-mattarellum-1993-corrected,PIEMONTE 2,5,CASTEL ROCCHERO,whole,,177,CASTEL ROCCHERO,1.0
camera-mattarellum-1993-corrected,PIEMONTE 2,5,CELLARENGO,whole,,177,CELLARENGO,1.0
camera-mattarellum-1993-corrected,PIEMONTE 2,5,CELLE ENOMONDO,whole,,177,CELLE ENQHMONDO,0.857
camera-mattarellum-1993-corrected,PIEMONTE 2,5,CERRO TANARO,whole,,177,CERRO TANARU,0.909
camera-mattarellum-1993-corrected,PIEMONTE 2,5,CESSOLE,whole,,177,CESSOLE,1.0
camera-mattarellum-1993-corrected,PIEMONTE 2,5,CISTERNA D'ASTI,whole,,177,CISTERNA D'ASTI,1.0
camera-mattarellum-1993-corrected,PIEMONTE 2,5,COAZZOLO,whole,,177,COAZZOLO,1.0
camera-mattarellum-1993-corrected,PIEMONTE 2,5,CORTIGLIONE,whole,,177,CORTIGL ONE,0.909
camera-mattarellum-1993-corrected,PIEMONTE 2,5,COSTIGLIOLE D'ASTI,whole,,177,COSTIGLIGLE D'ASTI,0.938
camera-mattarellum-1993-corrected,PIEMONTE 2,5,DUSINO SAN MICHELE,whole,,177,DUSINO SAN MICHELE,1.0
camera-mattarellum-1993-corrected,PIEMONTE 2,5,FERRERE,whole,,177,FERRERE,1.0
camera-mattarellum-1993-corrected,PIEMONTE 2,5,FONTANILE,whole,,177,FONTANILE,1.0
camera-mattarellum-1993-corrected,PIEMONTE 2,5,INCISA SCAPACCINO,whole,,177,INCISA SCAPACCINO,1.0
camera-mattarellum-1993-corrected,PIEMONTE 2,5,ISOLA D'ASTI,whole,,177,ISOLA D'ASTI,1.0
camera-mattarellum-1993-corrected,PIEMONTE 2,5,LOAZZOLO,whole,,177,LOAZZOLO,1.0
camera-mattarellum-1993-corrected,PIEMONTE 2,5,MARANZANA,whole,,177,MARANZANA,1.0
camera-mattarellum-1993-corrected,PIEMONTE 2,5,MOASCA,whole,,177,MOASCA,1.0
camera-mattarellum-1993-corrected,PIEMONTE 2,5,MOMBALDONE,whole,,177,MONMBAL DONE,0.909
camera-mattarellum-1993-corrected,PIEMONTE 2,5,MOMBARUZZO,whole,,177,MUOMBARUZZO,0.909
camera-mattarellum-1993-corrected,PIEMONTE 2,5,MOMBERCELLI,whole,,177,HOMBERCELLI,1.0
camera-mattarellum-1993-corrected,PIEMONTE 2,5,MONASTERO BORMIDA,whole,,177,MONASTERO BORMIDA,1.0
camera-mattarellum-1993-corrected,PIEMONTE 2,5,MONGARDINO,whole,,177,MONGARDINO,1.0
camera-mattarellum-1993-corrected,PIEMONTE 2,5,MONTABONE,whole,,177,MONTARNONE,0.8
camera-mattarellum-1993-corrected,PIEMONTE 2,5,MONTALDO SCARAMPI,whole,,177,MONTALDO SCARAMPI,1.0
camera-mattarellum-1993-corrected,PIEMONTE 2,5,MONTEGROSSO D'ASTI,whole,,177,MONTEGROSSO D'ASTI,1.0
camera-mattarellum-1993-corrected,PIEMONTE 2,5,NIZZA MONFERRATO,whole,,177,NIZZA MONFERRATO,1.0
camera-mattarellum-1993-corrected,PIEMONTE 2,5,OLMO GENTILE,whole,,177,OLMO GENTILE,1.0
camera-mattarellum-1993-corrected,PIEMONTE 2,5,QUARANTI,whole,,177,QUARANTI,1.0
camera-mattarellum-1993-corrected,PIEMONTE 2,5,REVIGLIASCO D'ASTI,whole,,177,REVIGLIASCO D'ASTI,1.0
camera-mattarellum-1993-corrected,PIEMONTE 2,5,ROCCA D'ARAZZO,whole,,177,ROCCA D'ARAZZO,1.0
camera-mattarellum-1993-corrected,PIEMONTE 2,5,ROCCAVERANO,whole,,177,ROCCAVERANO,1.0
camera-mattarellum-1993-corrected,PIEMONTE 2,5,ROCCHETTA PALAFEA,whole,,177,ROCCHETTA PALAFEA,1.0
camera-mattarellum-1993-corrected,PIEMONTE 2,5,ROCCHETTA TANARO,whole,,177,ROCCHETTA TANARO,1.0
camera-mattarellum-1993-corrected,PIEMONTE 2,5,SAN DAMIANO D'ASTI,whole,,177,SAN DAMIANO D'ASTI,1.0
camera-mattarellum-1993-corrected,PIEMONTE 2,5,SAN GIORGIO SCARAMPI,whole,,177,SAN GIORGIO SCARAMPI,1.0
camera-mattarellum-1993-corrected,PIEMONTE 2,5,SAN MARTINO ALFIERI,whole,,177,SAN MARTINO ALFIERI,1.0
camera-mattarellum-1993-corrected,PIEMONTE 2,5,SAN MARZANO OLIVETO,whole,,177,SAN MARZANO OLIVETO,1.0
camera-mattarellum-1993-corrected,PIEMONTE 2,5,SAN PAOLO SOLBRITO,whole,,177,SAN PAOLO SOLBRETO,0.938
camera-mattarellum-1993-corrected,PIEMONTE 2,5,SEROLE,whole,,177,SEROLE,1.0
camera-mattarellum-1993-corrected,PIEMONTE 2,5,SESSAME,whole,,177,SESSAME,1.0
camera-mattarellum-1993-corrected,PIEMONTE 2,5,VAGLIO SERRA,whole,,177,VAGLIO SERRA,1.0
camera-mattarellum-1993-corrected,PIEMONTE 2,5,VALFENERA,whole,,177,VALFENERA,1.0
camera-mattarellum-1993-corrected,PIEMONTE 2,5,VESIME,whole,,177,VESIME,1.0
camera-mattarellum-1993-corrected,PIEMONTE 2,5,VIGLIANO D'ASTI,whole,,177,VIGLIANO D'ASTI,1.0
camera-mattarellum-1993-corrected,PIEMONTE 2,5,VILLANOVA D'ASTI,whole,,177,VILLANOVA D'ASTI,1.0
camera-mattarellum-1993-corrected,PIEMONTE 2,5,VINCHIO,whole,,177,VINCHIO,1.0
camera-mattarellum-1993-corrected,PIEMONTE 2,6,ALBUGNANO,whole,,177,ALBUGNANO,1.0
camera-mattarellum-1993-corrected,PIEMONTE 2,6,ARAMENGO,whole,,177,ARAMENGO,1.0
camera-mattarellum-1993-corrected,PIEMONTE 2,6,ASTI,whole,,177,ASTI,1.0
camera-mattarellum-1993-corrected,PIEMONTE 2,6,BALDICHIERI D'ASTI,whole,,177,BALDICHIERI D'ASTI,1.0
camera-mattarellum-1993-corrected,PIEMONTE 2,6,BERZANO DI SAN PIETRO,whole,,177,BERZANO DI SAN PIETRO,1.0
camera-mattarellum-1993-corrected,PIEMONTE 2,6,BUTTIGLIERA D'ASTI,whole,,177,BUTTIGLIERA D'ASTI,1.0
camera-mattarellum-1993-corrected,PIEMONTE 2,6,CALLIANO,whole,,177,CALLIANO,1.0
camera-mattarellum-1993-corrected,PIEMONTE 2,6,CAMERANO CASASCO,whole,,177,CAMERANO CASASCO,1.0
camera-mattarellum-1993-corrected,PIEMONTE 2,6,CANTARANA,whole,,177,CANTARANA,1.0
camera-mattarellum-1993-corrected,PIEMONTE 2,6,CAPRIGLIO,whole,,177,CAPRIGLIO,1.0
camera-mattarellum-1993-corrected,PIEMONTE 2,6,CASORZO,whole,,177,CASORZO,1.0
camera-mattarellum-1993-corrected,PIEMONTE 2,6,CASTAGNOLE MONFERRATO,whole,,177,CASTAGNOLE MONFERRATO,1.0
camera-mattarellum-1993-corrected,PIEMONTE 2,6,CASTELL'ALFERO,whole,,178,CASTELL'ALFERO,1.0
camera-mattarellum-1993-corrected,PIEMONTE 2,6,CASTELLERO,whole,,178,C£CASTELLERO,0.909
camera-mattarellum-1993-corrected,PIEMONTE 2,6,CASTELNUOVO DON BOSCO,whole,,178,CASTELNUOVO DON BOSCO,1.0
camera-mattarellum-1993-corrected,PIEMONTE 2,6,CERRETO D'ASTI,whole,,178,CERRETO Q'ASTI,0.917
camera-mattarellum-1993-corrected,PIEMONTE 2,6,CHIUSANO D'ASTI,whole,,178,CHIUSANO D'ASTI,1.0
camera-mattarellum-1993-corrected,PIEMONTE 2,6,CINAGLIO,whole,,178,CINAGLIO,1.0
camera-mattarellum-1993-corrected,PIEMONTE 2,6,COCCONATO,whole,,178,COUOCCONATO,0.818
camera-mattarellum-1993-corrected,PIEMONTE 2,6,COLCAVAGNO,whole,,178,COLCAVAGNO,1.0
camera-mattarellum-1993-corrected,PIEMONTE 2,6,CORSIONE,whole,,178,CORSIONE,1.0
camera-mattarellum-1993-corrected,PIEMONTE 2,6,CORTANDONE,whole,,178,CORTANDONE,1.0
camera-mattarellum-1993-corrected,PIEMONTE 2,6,CORTANZE,whole,,178,CORTANZE,1.0
camera-mattarellum-1993-corrected,PIEMONTE 2,6,CORTAZZONE,whole,,178,CORTAZZONE,1.0
camera-mattarellum-1993-corrected,PIEMONTE 2,6,COSSOMBRATO,whole,,178,COSSOMBRATO,1.0
camera-mattarellum-1993-corrected,PIEMONTE 2,6,,whole,,178,CUNÎCO,0.833
camera-mattarellum-1993-corrected,PIEMONTE 2,6,FRINCO,whole,,178,FRINCO,1.0
camera-mattarellum-1993-corrected,PIEMONTE 2,6,GRANA,whole,,178,GRANA,1.0
camera-mattarellum-1993-corrected,PIEMONTE 2,6,GRAZZANO BADOGLIO,whole,,178,GRAZZANO BADOGLIO,1.0
camera-mattarellum-1993-corrected,PIEMONTE 2,6,MARETTO,whole,,178,MARETTO,1.0
camera-mattarellum-1993-corrected,PIEMONTE 2,6,MONALE,whole,,178,MORALE,0.833
camera-mattarellum-1993-corrected,PIEMONTE 2,6,MONCALVO,whole,,178,MONCALVO,1.0
camera-mattarellum-1993-corrected,PIEMONTE 2,6,MONCUCCO TORINESE,whole,,178,MONCUCCO TOR ENESE,0.938
camera-mattarellum-1993-corrected,PIEMONTE 2,6,MONTAFIA,whole,,178,MONTAFÎA,0.875
camera-mattarellum-1993-corrected,PIEMONTE 2,6,MONTECHIARO D'ASTI,whole,,178,MONTECHIARO D'ASTI,1.0
camera-mattarellum-1993-corrected,PIEMONTE 2,6,MONTEMAGNO,whole,,178,MONTEMAGNO,1.0
camera-mattarellum-1993-corrected,PIEMONTE 2,6,MONTIGLIO,whole,,178,HMONTIGLIO,0.9
camera-mattarellum-1993-corrected,PIEMONTE 2,6,MORANSENGO,whole,,178,MORANSENGO,1.0
camera-mattarellum-1993-corrected,PIEMONTE 2,6,PASSERANO MARMORITO,whole,,178,PASSERANGO MARMORITO,0.947
camera-mattarellum-1993-corrected,PIEMONTE 2,6,PENANGO,whole,,178,PENANGCO,0.875
camera-mattarellum-1993-corrected,PIEMONTE 2,6,PIEA,whole,,178,PIEA,1.0
camera-mattarellum-1993-corrected,PIEMONTE 2,6,PINO D'ASTI,whole,,178,PINO D'ASTI,1.0
camera-mattarellum-1993-corrected,PIEMONTE 2,6,PIOVA' MASSAIA,whole,,178,PiOVA* MASSAIA,1.0
camera-mattarellum-1993-corrected,PIEMONTE 2,6,PORTACOMARO,whole,,178,FORTACGMARO,0.818
camera-mattarellum-1993-corrected,PIEMONTE 2,6,REFRANCORE,whole,,178,REFRANCORE,1.0
camera-mattarellum-1993-corrected,PIEMONTE 2,6,ROATTO,whole,,178,ROATFTO,0.857
camera-mattarellum-1993-corrected,PIEMONTE 2,6,ROBELLA,whole,,178,ROBELLA,1.0
camera-mattarellum-1993-corrected,PIEMONTE 2,6,SCANDELUZZA,whole,,178,SCANDELUZZA,1.0
camera-mattarellum-1993-corrected,PIEMONTE 2,6,SCURZOLENGO,whole,,178,SCURZOLE NGO,1.0
camera-mattarellum-1993-corrected,PIEMONTE 2,6,SETTIME,whole,,178,SETTiIME,0.875
camera-mattarellum-1993-corrected,PIEMONTE 2,6,SOGLIO,whole,,178,SOGLIO,1.0
camera-mattarellum-1993-corrected,PIEMONTE 2,6,TIGLIOLE,whole,,178,TIGLIGLE,0.875
camera-mattarellum-1993-corrected,PIEMONTE 2,6,TONCO,whole,,178,TONCG,0.8
camera-mattarellum-1993-corrected,PIEMONTE 2,6,TONENGO,whole,,178,TONENGO,1.0
camera-mattarellum-1993-corrected,PIEMONTE 2,6,,whole,,178,VIALE,0.6
camera-mattarellum-1993-corrected,PIEMONTE 2,6,VIARIGI,whole,,178,VIARIGI,1.0
camera-mattarellum-1993-corrected,PIEMONTE 2,6,VILLAFRANCA D'ASTI,whole,,178,VILLAFRANCA Q'ASTI,0.938
camera-mattarellum-1993-corrected,PIEMONTE 2,6,VILLA SAN SECONDO,whole,,178,VILLA SAN SECONDO,1.0
camera-mattarellum-1993-corrected,PIEMONTE 2,7,ALFIANO NATTA,whole,,178,ALFIANO NATTA,1.0
camera-mattarellum-1993-corrected,PIEMONTE 2,7,ALTAVILLA MONFERRATO,whole,,178,ALTAVILLA MONFERRATO,1.0
camera-mattarellum-1993-corrected,PIEMONTE 2,7,BALZOLA,whole,,178,BALZOLA,1.0
camera-mattarellum-1993-corrected,PIEMONTE 2,7,BORGO SAN MARTINO,whole,,178,BORGO SAN MARTINO,1.0
camera-mattarellum-1993-corrected,PIEMONTE 2,7,BOZZOLE,whole,,178,BOZZOLE,1.0
camera-mattarellum-1993-corrected,PIEMONTE 2,7,CAMAGNA MONFERRATO,whole,,178,CAMAGNA MONFERRATO,1.0
camera-mattarellum-1993-corrected,PIEMONTE 2,7,CAMINO,whole,,178,CAMINO,1.0
camera-mattarellum-1993-corrected,PIEMONTE 2,7,CASALE MONFERRATO,whole,,178,CASALE MONFERRATO,1.0
camera-mattarellum-1993-corrected,PIEMONTE 2,7,CASTELLETTO MERLI,whole,,178,CASTELLETTO MERLI,1.0
camera-mattarellum-1993-corrected,PIEMONTE 2,7,CASTELLETTO MONFERRATO,whole,,178,CASTELLETTO MONFERRATO,1.0
camera-mattarellum-1993-corrected,PIEMONTE 2,7,CELLA MONTE,whole,,178,CELLA MONTE,1.0
camera-mattarellum-1993-corrected,PIEMONTE 2,7,CERESETO,whole,,178,CERESE TO,1.0
camera-mattarellum-1993-corrected,PIEMONTE 2,7,CAMAGNA MONFERRATO,whole,,178,CERRINA MONFERRATO,0.765
camera-mattarellum-1993-corrected,PIEMONTE 2,7,CONIOLO,whole,,178,CONIOLO,1.0
camera-mattarellum-1993-corrected,PIEMONTE 2,7,CONZANO,whole,,178,CONZANO,1.0
camera-mattarellum-1993-corrected,PIEMONTE 2,7,CUCCARO MONFERRATO,whole,,178,CUCCARO MONFERRATO,1.0
camera-mattarellum-1993-corrected,PIEMONTE 2,7,FRASSINELLO MONFERRATO,whole,,178,FRASSINELLO MONFERRATO,1.0
camera-mattarellum-1993-corrected,PIEMONTE 2,7,FRASSINETO PO,whole,,178,FRASSINETO PO,1.0
camera-mattarellum-1993-corrected,PIEMONTE 2,7,GABIANO,whole,,178,GABIANO,1.0
camera-mattarellum-1993-corrected,PIEMONTE 2,7,GIAROLE,whole,,178,GIAROLE,1.0
camera-mattarellum-1993-corrected,PIEMONTE 2,7,LU,whole,,178,LU,1.0
camera-mattarellum-1993-corrected,PIEMONTE 2,7,MIRABELLO MONFERRATO,whole,,179,MIRABELLO MONFERRATO,1.0
camera-mattarellum-1993-corrected,PIEMONTE 2,7,MOMBELLO MONFERRATO,whole,,179,MOMBELLO MONFERRATO,1.0
camera-mattarellum-1993-corrected,PIEMONTE 2,7,MONCESTINO,whole,,179,MONCESTINO,1.0
camera-mattarellum-1993-corrected,PIEMONTE 2,7,MORANO SUL PO,whole,,179,HORANO SUL PO,1.0
camera-mattarellum-1993-corrected,PIEMONTE 2,7,MURISENGO,whole,,179,MUR I SENGO,1.0
camera-mattarellum-1993-corrected,PIEMONTE 2,7,OCCIMIANO,whole,,179,OCCIMIFANO,0.9
camera-mattarellum-1993-corrected,PIEMONTE 2,7,ODALENGO GRANDE,whole,,179,DDALENGO GRANDE,0.929
camera-mattarellum-1993-corrected,PIEMONTE 2,7,ODALENGO PICCOLO,whole,,179,ODALENGO PICCOLO,1.0
camera-mattarellum-1993-corrected,PIEMONTE 2,7,OLIVOLA,whole,,179,OL IVOLA,1.0
camera-mattarellum-1993-corrected,PIEMONTE 2,7,OTTIGLIO,whole,,179,OTFIGLIO,0.875
camera-mattarellum-1993-corrected,PIEMONTE 2,7,OZZANO MONFERRATO,whole,,179,OZZANO MOUNFERRATO,0.941
camera-mattarellum-1993-corrected,PIEMONTE 2,7,PECETTO DI VALENZA,whole,,179,PECETTO DI VALENZA,1.0
camera-mattarellum-1993-corrected,PIEMONTE 2,7,POMARO MONFERRATO,whole,,179,POMARO MONFERRATO,1.0
camera-mattarellum-1993-corrected,PIEMONTE 2,7,PONTESTURA,whole,,179,PONTESTURA,1.0
camera-mattarellum-1993-corrected,PIEMONTE 2,7,PONZANO MONFERRATO,whole,,179,PONZANO MONFERRATO,1.0
camera-mattarellum-1993-corrected,PIEMONTE 2,7,QUARGNENTO,whole,,179,QUARGNENTO,1.0
camera-mattarellum-1993-corrected,PIEMONTE 2,7,ROSIGNANO MONFERRATO,whole,,179,ROSIGNANO MONFERRATO,1.0
camera-mattarellum-1993-corrected,PIEMONTE 2,7,SALA MONFERRATO,whole,,179,SALA MONFERRATO,1.0
camera-mattarellum-1993-corrected,PIEMONTE 2,7,SAN GIORGIO MONFERRATO,whole,,179,SAN GIORGIO MONFERRATO,1.0
camera-mattarellum-1993-corrected,PIEMONTE 2,7,SAN SALVATORE MONFERRATO,whole,,179,SAN SALVATORE MONFERRATO,1.0
camera-mattarellum-1993-corrected,PIEMONTE 2,7,SERRALUNGA DI CREA,whole,,179,SERRALUNGA DI CREA,1.0
camera-mattarellum-1993-corrected,PIEMONTE 2,7,SOLONGHELLO,whole,,179,SOLONGHELLO,1.0
camera-mattarellum-1993-corrected,PIEMONTE 2,7,TERRUGGIA,whole,,179,TERRUGGIA,1.0
camera-mattarellum-1993-corrected,PIEMONTE 2,7,TICINETO,whole,,179,TICINETO,1.0
camera-mattarellum-1993-corrected,PIEMONTE 2,7,TREVILLE,whole,,179,TREVILLE,1.0
camera-mattarellum-1993-corrected,PIEMONTE 2,7,VALENZA,whole,,179,VALENZA,1.0
camera-mattarellum-1993-corrected,PIEMONTE 2,7,VALMACCA,whole,,179,VALMACCA,1.0
camera-mattarellum-1993-corrected,PIEMONTE 2,7,VIGNALE MONFERRATO,whole,,179,VIGNALE MONFERRATO,1.0
camera-mattarellum-1993-corrected,PIEMONTE 2,7,VILLADEATI,whole,,179,VILLADEATI,1.0
camera-mattarellum-1993-corrected,PIEMONTE 2,7,VILLAMIROGLIO,whole,,179,VILLAMIROGLIO,1.0
camera-mattarellum-1993-corrected,PIEMONTE 2,7,VILLANOVA MONFERRATO,whole,,179,VILLANQVA MONFERRATO,0.947
camera-mattarellum-1993-corrected,PIEMONTE 2,8,ALESSANDRIA,whole,,179,ALESSANDRIA,1.0
camera-mattarellum-1993-corrected,PIEMONTE 2,8,CASAL CERMELLI,whole,,179,CASAL CERMELLI,1.0
camera-mattarellum-1993-corrected,PIEMONTE 2,8,CASTELLAZZO BORMIDA,whole,,179,CASTELLAZZO BORMIDA,1.0
camera-mattarellum-1993-corrected,PIEMONTE 2,8,CASTELSPINA,whole,,179,CASTELSPINA,1.0
camera-mattarellum-1993-corrected,PIEMONTE 2,8,FELIZZANO,whole,,179,FELIZZANO,1.0
camera-mattarellum-1993-corrected,PIEMONTE 2,8,FUBINE,whole,,179,FUBINE,1.0
camera-mattarellum-1993-corrected,PIEMONTE 2,8,MASIO,whole,,179,MASIO,1.0
camera-mattarellum-1993-corrected,PIEMONTE 2,8,MONTECASTELLO,whole,,179,MONTECASTELLO,1.0
camera-mattarellum-1993-corrected,PIEMONTE 2,8,OVIGLIO,whole,,179,OVIGLIO,1.0
camera-mattarellum-1993-corrected,PIEMONTE 2,8,PIETRA MARAZZI,whole,,179,PIETRA MARAZZI,1.0
camera-mattarellum-1993-corrected,PIEMONTE 2,8,PIOVERA,whole,,179,PIOVERA,1.0
camera-mattarellum-1993-corrected,PIEMONTE 2,8,QUATTORDIO,whole,,179,QUATTORDIO,1.0
camera-mattarellum-1993-corrected,PIEMONTE 2,8,RIVARONE,whole,,179,RIVARONE,1.0
camera-mattarellum-1993-corrected,PIEMONTE 2,8,SOLERO,whole,,179,SOLERO,1.0
camera-mattarellum-1993-corrected,PIEMONTE 2,9,ALLUVIONI CAMBIO',whole,,179,"ALLUVIONI CAMBIO""",1.0
camera-mattarellum-1993-corrected,PIEMONTE 2,9,ALZANO SCRIVIA,whole,,179,ALZANO SCRIVIA,1.0
camera-mattarellum-1993-corrected,PIEMONTE 2,9,AVOLASCA,whole,,179,AVOLASCA,1.0
camera-mattarellum-1993-corrected,PIEMONTE 2,9,BASALUZZO,whole,,179,BASALUZZO,1.0
camera-mattarellum-1993-corrected,PIEMONTE 2,9,BASSIGNANA,whole,,179,BASSIGNANA,1.0
camera-mattarellum-1993-corrected,PIEMONTE 2,9,BERZANO DI TORTONA,whole,,179,BERZANO DI TORTONA,1.0
camera-mattarellum-1993-corrected,PIEMONTE 2,9,BOSCO MARENGO,whole,,179,BOSCO MARENGO,1.0
camera-mattarellum-1993-corrected,PIEMONTE 2,9,BRIGNANO FRASCATA,whole,,179,BRIGNANO-FRASCATA,1.0
camera-mattarellum-1993-corrected,PIEMONTE 2,9,CARBONARA SCRIVIA,whole,,179,CARBONARA SCRIVIA,1.0
camera-mattarellum-1993-corrected,PIEMONTE 2,9,CAREZZANO,whole,,179,CAREZZANO,1.0
camera-mattarellum-1993-corrected,PIEMONTE 2,9,CASALNOCETO,whole,,179,CASALNOCETO,1.0
camera-mattarellum-1993-corrected,PIEMONTE 2,9,CASASCO,whole,,179,CASASCO,1.0
camera-mattarellum-1993-corrected,PIEMONTE 2,9,CASSANO SPINOLA,whole,,179,CASSANO SPINOLA,1.0
camera-mattarellum-1993-corrected,PIEMONTE 2,9,CASTELLAR GUIDOBONO,whole,,179,CASTELLAR GUIDOBONO,1.0
camera-mattarellum-1993-corrected,PIEMONTE 2,9,CASTELNUOVO SCRIVIA,whole,,179,CASTELNUOVO SCRIVIA,1.0
camera-mattarellum-1993-corrected,PIEMONTE 2,9,CERRETO GRUE,whole,,179,CERRETO GRUE,1.0
camera-mattarellum-1993-corrected,PIEMONTE 2,9,COSTA VESCOVATO,whole,,179,COSTA VESCOVATO,1.0
camera-mattarellum-1993-corrected,PIEMONTE 2,9,DERNICE,whole,,180,DERNICE,1.0
camera-mattarellum-1993-corrected,PIEMONTE 2,9,FABBRICA CURONE,whole,,180,FABBRICA CURONE,1.0
camera-mattarellum-1993-corrected,PIEMONTE 2,9,FRESONARA,whole,,180,FRESONARA,1.0
camera-mattarellum-1993-corrected,PIEMONTE 2,9,FRUGAROLO,whole,,180,FRUGAROLO,1.0
camera-mattarellum-1993-corrected,PIEMONTE 2,9,GARBAGNA,whole,,180,GARBAGNA,1.0
camera-mattarellum-1993-corrected,PIEMONTE 2,9,GAVAZZANA,whole,,180,GAVAZZANA,1.0
camera-mattarellum-1993-corrected,PIEMONTE 2,9,GREMIASCO,whole,,180,GREMIASCO,1.0
camera-mattarellum-1993-corrected,PIEMONTE 2,9,GUAZZORA,whole,,180,GUAZZORA,1.0
camera-mattarellum-1993-corrected,PIEMONTE 2,9,ISOLA SANT'ANTONIO,whole,,180,ISOLA SANT*ANTONIO,1.0
camera-mattarellum-1993-corrected,PIEMONTE 2,9,MOLINO DEI TORTI,whole,,180,MOLINO DEI TORTI,1.0
camera-mattarellum-1993-corrected,PIEMONTE 2,9,MOMPERONE,whole,,180,MOMPER ONE,1.0
camera-mattarellum-1993-corrected,PIEMONTE 2,9,MONLEALE,whole,,180,MONLE ALE,1.0
camera-mattarellum-1993-corrected,PIEMONTE 2,9,MONTACUTO,whole,,180,MONTACTUTO,0.9
camera-mattarellum-1993-corrected,PIEMONTE 2,9,MONTEGIOCO,whole,,180,MONTEGIOCO,1.0
camera-mattarellum-1993-corrected,PIEMONTE 2,9,MONTEMARZINO,whole,,180,MONTEMARZINO,1.0
camera-mattarellum-1993-corrected,PIEMONTE 2,9,NOVI LIGURE,whole,,180,NQVI LIGURE,0.9
camera-mattarellum-1993-corrected,PIEMONTE 2,9,PADERNA,whole,,180,PADERNA,1.0
camera-mattarellum-1993-corrected,PIEMONTE 2,9,PASTURANA,whole,,180,PASTURANA,1.0
camera-mattarellum-1993-corrected,PIEMONTE 2,9,PONTECURONE,whole,,180,PONTE CURONE,1.0
camera-mattarellum-1993-corrected,PIEMONTE 2,9,POZZOL GROPPO,whole,,180,POZZOL GROPPFO,0.923
camera-mattarellum-1993-corrected,PIEMONTE 2,9,POZZOLO FORMIGARO,whole,,180,POZZOLO FORMIGARO,1.0
camera-mattarellum-1993-corrected,PIEMONTE 2,9,SALE,whole,,180,SALE,1.0
camera-mattarellum-1993-corrected,PIEMONTE 2,9,SAN SEBASTIANO CURONE,whole,,180,SAN SEBASTIANO CURGNE,0.947
camera-mattarellum-1993-corrected,PIEMONTE 2,9,SANT'AGATA FOSSILI,whole,,180,SANT'*AGATA FOSSILI,1.0
camera-mattarellum-1993-corrected,PIEMONTE 2,9,SAREZZANO,whole,,180,SAREZZANO,1.0
camera-mattarellum-1993-corrected,PIEMONTE 2,9,SPINETO SCRIVIA,whole,,180,SPINETO SCRIVIA,1.0
camera-mattarellum-1993-corrected,PIEMONTE 2,9,TORTONA,whole,,180,TORTONA,1.0
camera-mattarellum-1993-corrected,PIEMONTE 2,9,VIGUZZOLO,whole,,180,VIGUZZALO,0.889
camera-mattarellum-1993-corrected,PIEMONTE 2,9,VILLALVERNIA,whole,,180,VILLALVERNITA,0.923
camera-mattarellum-1993-corrected,PIEMONTE 2,9,VILLAROMAGNANO,whole,,180,VILLAROMAGNANO,1.0
camera-mattarellum-1993-corrected,PIEMONTE 2,9,VOLPEDO,whole,,180,VOLPEDOÒ,1.0
camera-mattarellum-1993-corrected,PIEMONTE 2,9,VOLPEGLINO,whole,,180,VOLPEGLINO,1.0
camera-mattarellum-1993-corrected,PIEMONTE 2,10,ACQUI TERME,whole,,180,ACQUI TERME,1.0
camera-mattarellum-1993-corrected,PIEMONTE 2,10,ALBERA LIGURE,whole,,180,ALBERA LIGURE,1.0
camera-mattarellum-1993-corrected,PIEMONTE 2,10,ALICE BEL COLLE,whole,,180,ALICE BEL COLLE,1.0
camera-mattarellum-1993-corrected,PIEMONTE 2,10,ARQUATA SCRIVIA,whole,,180,ARQUATA SCRIVIA,1.0
camera-mattarellum-1993-corrected,PIEMONTE 2,10,BELFORTE MONFERRATO,whole,,180,BELFORTE MONFERRATO,1.0
camera-mattarellum-1993-corrected,PIEMONTE 2,10,BERGAMASCO,whole,,180,BERGAMASCO,1.0
camera-mattarellum-1993-corrected,PIEMONTE 2,10,BISTAGNO,whole,,180,BISTAGNO,1.0
camera-mattarellum-1993-corrected,PIEMONTE 2,10,BORGHETTO DI BORBERA,whole,,180,BORGHETTO DI BORBERA,1.0
camera-mattarellum-1993-corrected,PIEMONTE 2,10,BORGORATTO ALESSANDRINO,whole,,180,BORGORATTO ALESSANDRINO,1.0
camera-mattarellum-1993-corrected,PIEMONTE 2,10,BOSIO,whole,,180,BOSIO,1.0
camera-mattarellum-1993-corrected,PIEMONTE 2,10,CABELLA LIGURE,whole,,180,CABELLA LIGURE,1.0
camera-mattarellum-1993-corrected,PIEMONTE 2,10,CANTALUPO LIGURE,whole,,180,CANTALUPO LIGURE,1.0
camera-mattarellum-1993-corrected,PIEMONTE 2,10,CAPRIATA D'ORBA,whole,,180,CAPRIiIATA D'ORBA,0.867
camera-mattarellum-1993-corrected,PIEMONTE 2,10,CARENTINO,whole,,180,CARENTINO,1.0
camera-mattarellum-1993-corrected,PIEMONTE 2,10,CARPENETO,whole,,180,CARPENE TO,1.0
camera-mattarellum-1993-corrected,PIEMONTE 2,10,CARREGA LIGURE,whole,,180,CARREGA LIGURE,1.0
camera-mattarellum-1993-corrected,PIEMONTE 2,10,CARROSIO,whole,,180,CARRQOSIO,0.889
camera-mattarellum-1993-corrected,PIEMONTE 2,10,CARTOSIO,whole,,180,CARTOSIO,1.0
camera-mattarellum-1993-corrected,PIEMONTE 2,10,CASALEGGIO BOIRO,whole,,180,CASALEGGIO BOIRO,1.0
camera-mattarellum-1993-corrected,PIEMONTE 2,10,CASSINE,whole,,180,CASSINE,1.0
camera-mattarellum-1993-corrected,PIEMONTE 2,10,CASSINELLE,whole,,180,CASSINELLE,1.0
camera-mattarellum-1993-corrected,PIEMONTE 2,10,CASTELLANIA,whole,,180,CASTELLANIA,1.0
camera-mattarellum-1993-corrected,PIEMONTE 2,10,CASTELLETTO D'ERRO,whole,,180,CASTELLETTO D'ERRO,1.0
camera-mattarellum-1993-corrected,PIEMONTE 2,10,CASTELLETTO D'ORBA,whole,,180,CASTELLETTO D'ORBA,1.0
camera-mattarellum-1993-corrected,PIEMONTE 2,10,CASTELNUOVO BORMIDA,whole,,180,CASTELNUOVO BORMIDA,1.0
camera-mattarellum-1993-corrected,PIEMONTE 2,10,CAVATORE,whole,,180,CAVATORE,1.0
camera-mattarellum-1993-corrected,PIEMONTE 2,10,CREMOLINO,whole,,180,CREMOL ING,0.889
camera-mattarellum-1993-corrected,PIEMONTE 2,10,DENICE,whole,,180,DPENICE,0.857
camera-mattarellum-1993-corrected,PIEMONTE 2,10,FRACONALTO,whole,,180,FRACONAL TO,1.0
camera-mattarellum-1993-corrected,PIEMONTE 2,10,FRANCAVILLA BISIO,whole,,180,FRANCAVILLA BISIO,1.0
camera-mattarellum-1993-corrected,PIEMONTE 2,10,FRASCARO,whole,,180,FRASCARO,1.0
camera-mattarellum-1993-corrected,PIEMONTE 2,10,GAMALERO,whole,,180,GAHALERO,1.0
camera-mattarellum-1993-corrected,PIEMONTE 2,10,GAVI,whole,,180,GAVI,1.0
camera-mattarellum-1993-corrected,PIEMONTE 2,10,GROGNARDO,whole,,180,GROGNARDO,1.0
camera-mattarellum-1993-corrected,PIEMONTE 2,10,GRONDONA,whole,,181,GRONDONA,1.0
camera-mattarellum-1993-corrected,PIEMONTE 2,10,LERMA,whole,,181,LERMA,1.0
camera-mattarellum-1993-corrected,PIEMONTE 2,10,MALVICINO,whole,,181,MALVICINO,1.0
camera-mattarellum-1993-corrected,PIEMONTE 2,10,MELAZZO,whole,,181,MELAZZO,1.0
camera-mattarellum-1993-corrected,PIEMONTE 2,10,MERANA,whole,,181,MERANA,1.0
camera-mattarellum-1993-corrected,PIEMONTE 2,10,MOLARE,whole,,181,MOLARE,1.0
camera-mattarellum-1993-corrected,PIEMONTE 2,10,MONGIARDINO LIGURE,whole,,181,MONGIARDINO LIGURE,1.0
camera-mattarellum-1993-corrected,PIEMONTE 2,10,MONTALDEO,whole,,181,MONTAL DEO,1.0
camera-mattarellum-1993-corrected,PIEMONTE 2,10,MONTALDO BORMIDA,whole,,181,MONTALDO BORMIDA,1.0
camera-mattarellum-1993-corrected,PIEMONTE 2,10,MONTECHIARO D'ACQUI,whole,,181,MONTECHIARO D'ACQUI,1.0
camera-mattarellum-1993-corrected,PIEMONTE 2,10,MORBELLO,whole,,181,MORBELLO,1.0
camera-mattarellum-1993-corrected,PIEMONTE 2,10,MORNESE,whole,,181,MORNESE,1.0
camera-mattarellum-1993-corrected,PIEMONTE 2,10,MORSASCO,whole,,181,MORSASCO,1.0
camera-mattarellum-1993-corrected,PIEMONTE 2,10,ORSARA BORMIDA,whole,,181,OUORSARA BORMIDA,0.867
camera-mattarellum-1993-corrected,PIEMONTE 2,10,OVADA,whole,,181,OVADA,1.0
camera-mattarellum-1993-corrected,PIEMONTE 2,10,PARETO,whole,,181,PARE TO,1.0
camera-mattarellum-1993-corrected,PIEMONTE 2,10,PARODI LIGURE,whole,,181,PARODI LIGURE,1.0
camera-mattarellum-1993-corrected,PIEMONTE 2,10,PONTI,whole,,181,PONTI,1.0
camera-mattarellum-1993-corrected,PIEMONTE 2,10,PONZONE,whole,,181,PONZONE,1.0
camera-mattarellum-1993-corrected,PIEMONTE 2,10,PRASCO,whole,,181,PRASCO,1.0
camera-mattarellum-1993-corrected,PIEMONTE 2,10,PREDOSA,whole,,181,PREDOSA,1.0
camera-mattarellum-1993-corrected,PIEMONTE 2,10,RICALDONE,whole,,181,RICALDONE,1.0
camera-mattarellum-1993-corrected,PIEMONTE 2,10,RIVALTA BORMIDA,whole,,181,RIVALTA BORMIDA,1.0
camera-mattarellum-1993-corrected,PIEMONTE 2,10,ROCCAFORTE LIGURE,whole,,181,ROCCAFORTE LIGURE,1.0
camera-mattarellum-1993-corrected,PIEMONTE 2,10,ROCCA GRIMALDA,whole,,181,ROCCA GRIMAL DA,1.0
camera-mattarellum-1993-corrected,PIEMONTE 2,10,ROCCHETTA LIGURE,whole,,181,ROCCHETTA LIGURE,1.0
camera-mattarellum-1993-corrected,PIEMONTE 2,10,SAN CRISTOFORO,whole,,181,SAN CRISTOFORO,1.0
camera-mattarellum-1993-corrected,PIEMONTE 2,10,SARDIGLIANO,whole,,181,SARDIGLIANO,1.0
camera-mattarellum-1993-corrected,PIEMONTE 2,10,SERRAVALLE SCRIVIA,whole,,181,SERRAVALLE SCRIVIA,1.0
camera-mattarellum-1993-corrected,PIEMONTE 2,10,SEZZADIO,whole,,181,SEZZADIO,1.0
camera-mattarellum-1993-corrected,PIEMONTE 2,10,SILVANO D'ORBA,whole,,181,SILVANO D'ORBA,1.0
camera-mattarellum-1993-corrected,PIEMONTE 2,10,SPIGNO MONFERRATO,whole,,181,SPIGNO MONFERRATO,1.0
camera-mattarellum-1993-corrected,PIEMONTE 2,10,STAZZANO,whole,,181,STAZZANO,1.0
camera-mattarellum-1993-corrected,PIEMONTE 2,10,STREVI,whole,,181,STREVI,1.0
camera-mattarellum-1993-corrected,PIEMONTE 2,10,TAGLIOLO MONFERRATO,whole,,181,TAGLIOLO MONFERRATO,1.0
camera-mattarellum-1993-corrected,PIEMONTE 2,10,TASSAROLO,whole,,181,TASSAROLO,1.0
camera-mattarellum-1993-corrected,PIEMONTE 2,10,TERZO,whole,,181,TERZO,1.0
camera-mattarellum-1993-corrected,PIEMONTE 2,10,TRISOBBIO,whole,,181,TRISORBBIO,0.9
camera-mattarellum-1993-corrected,PIEMONTE 2,10,VIGNOLE BORBERA,whole,,181,VIGNOLE BORBERA,1.0
camera-mattarellum-1993-corrected,PIEMONTE 2,10,VISONE,whole,,181,VISONE,1.0
camera-mattarellum-1993-corrected,PIEMONTE 2,10,VOLTAGGIO,whole,,181,VOLTAGGIO,1.0
camera-mattarellum-1993-corrected,PIEMONTE 2,11,ALBANO VERCELLESE,whole,,181,ALBANO VERCELLESE,1.0
camera-mattarellum-1993-corrected,PIEMONTE 2,11,ALICE CASTELLO,whole,,181,ALICE CASTELLO,1.0
camera-mattarellum-1993-corrected,PIEMONTE 2,11,ARBORIO,whole,,181,ARBORITO,0.875
camera-mattarellum-1993-corrected,PIEMONTE 2,11,ASIGLIANO VERCELLESE,whole,,181,ASIGLIANO VERCELLESE,1.0
camera-mattarellum-1993-corrected,PIEMONTE 2,11,BALOCCO,whole,,181,BAL OCCO,1.0
camera-mattarellum-1993-corrected,PIEMONTE 2,11,BIANZE',whole,,181,BIANZE*,1.0
camera-mattarellum-1993-corrected,PIEMONTE 2,11,BORGO D'ALE,whole,,181,BORGO D'ALE,1.0
camera-mattarellum-1993-corrected,PIEMONTE 2,11,BORGO VERCELLI,whole,,181,BORGO VERCELLI,1.0
camera-mattarellum-1993-corrected,PIEMONTE 2,11,BURONZO,whole,,181,BURONZO,1.0
camera-mattarellum-1993-corrected,PIEMONTE 2,11,CARESANA,whole,,181,CARESANA,1.0
camera-mattarellum-1993-corrected,PIEMONTE 2,11,CARESANABLOT,whole,,181,CARESANABLOT,1.0
camera-mattarellum-1993-corrected,PIEMONTE 2,11,CARISIO,whole,,181,CARISIO,1.0
camera-mattarellum-1993-corrected,PIEMONTE 2,11,CASANOVA ELVO,whole,,181,CASANOVA ELVO,1.0
camera-mattarellum-1993-corrected,PIEMONTE 2,11,SAN GIACOMO VERCELLESE,whole,,181,SAN GIACOMO VERCELLESE,1.0
camera-mattarellum-1993-corrected,PIEMONTE 2,11,CIGLIANO,whole,,181,CIGLIANO,1.0
camera-mattarellum-1993-corrected,PIEMONTE 2,11,COLLOBIANO,whole,,181,COLLOBIANO,1.0
camera-mattarellum-1993-corrected,PIEMONTE 2,11,COSTANZANA,whole,,181,COSTANZANA,1.0
camera-mattarellum-1993-corrected,PIEMONTE 2,11,CRESCENTINO,whole,,181,CRESCENTINO,1.0
camera-mattarellum-1993-corrected,PIEMONTE 2,11,CROVA,whole,,181,CROVA,1.0
camera-mattarellum-1993-corrected,PIEMONTE 2,11,DESANA,whole,,181,DE SANA,1.0
camera-mattarellum-1993-corrected,PIEMONTE 2,11,FONTANETTO PO,whole,,181,FONTANETTO PO,1.0
camera-mattarellum-1993-corrected,PIEMONTE 2,11,FORMIGLIANA,whole,,181,FORMIGLIANA,1.0
camera-mattarellum-1993-corrected,PIEMONTE 2,11,GHISLARENGO,whole,,181,GHISLARENGO,1.0
camera-mattarellum-1993-corrected,PIEMONTE 2,11,GREGGIO,whole,,181,GREGGIO,1.0
camera-mattarellum-1993-corrected,PIEMONTE 2,11,LAMPORO,whole,,181,LAMPORO,1.0
camera-mattarellum-1993-corrected,PIEMONTE 2,11,LENTA,whole,,182,LENTA,1.0
camera-mattarellum-1993-corrected,PIEMONTE 2,11,LIGNANA,whole,,182,LiGNANA,1.0
camera-mattarellum-1993-corrected,PIEMONTE 2,11,LIVORNO FERRARIS,whole,,182,LIVORNO FERRARIS,1.0
camera-mattarellum-1993-corrected,PIEMONTE 2,11,MONCRIVELLO,whole,,182,HMONCRAVELLO,0.833
camera-mattarellum-1993-corrected,PIEMONTE 2,11,MOTTA DE' CONTI,whole,,182,MOTTA DE' CONTI,1.0
camera-mattarellum-1993-corrected,PIEMONTE 2,11,OLCENENGO,whole,,182,BLCENENGO,0.889
camera-mattarellum-1993-corrected,PIEMONTE 2,11,OLDENICO,whole,,182,OLDENICO,1.0
camera-mattarellum-1993-corrected,PIEMONTE 2,11,PALAZZOLO VERCELLESE,whole,,182,PALAZZOLO VERCELLESE,1.0
camera-mattarellum-1993-corrected,PIEMONTE 2,11,PERTENGO,whole,,182,PERTENGO,1.0
camera-mattarellum-1993-corrected,PIEMONTE 2,11,PEZZANA,whole,,182,PEZZANA,1.0
camera-mattarellum-1993-corrected,PIEMONTE 2,11,PRAROLO,whole,,182,PRAROLO,1.0
camera-mattarellum-1993-corrected,PIEMONTE 2,11,QUINTO VERCELLESE,whole,,182,QUINTO VERCELLESE,1.0
camera-mattarellum-1993-corrected,PIEMONTE 2,11,RIVE,whole,,182,RIVE,1.0
camera-mattarellum-1993-corrected,PIEMONTE 2,11,RONSECCO,whole,,182,RONSECCO,1.0
camera-mattarellum-1993-corrected,PIEMONTE 2,11,ROVASENDA,whole,,182,RQOVASENDA,0.9
camera-mattarellum-1993-corrected,PIEMONTE 2,11,SALASCO,whole,,182,SALASCO,1.0
camera-mattarellum-1993-corrected,PIEMONTE 2,11,SALI VERCELLESE,whole,,182,SAL i VERCELLESE,1.0
camera-mattarellum-1993-corrected,PIEMONTE 2,11,SALUGGIA,whole,,182,SALUGGIA,1.0
camera-mattarellum-1993-corrected,PIEMONTE 2,11,SAN GERMANO VERCELLESE,whole,,182,SAN GERMANO VERCELLESE,1.0
camera-mattarellum-1993-corrected,PIEMONTE 2,11,SANTHIA',whole,,182,SANTHIA*',1.0
camera-mattarellum-1993-corrected,PIEMONTE 2,11,STROPPIANA,whole,,182,STROPPIANA,1.0
camera-mattarellum-1993-corrected,PIEMONTE 2,11,TRICERRO,whole,,182,TRICERRO,1.0
camera-mattarellum-1993-corrected,PIEMONTE 2,11,TRINO,whole,,182,TRINO,1.0
camera-mattarellum-1993-corrected,PIEMONTE 2,11,TRONZANO VERCELLESE,whole,,182,TRONZANO VERCELLESE,1.0
camera-mattarellum-1993-corrected,PIEMONTE 2,11,VERCELLI,whole,,182,VERCELLE,0.875
camera-mattarellum-1993-corrected,PIEMONTE 2,11,VILLARBOIT,whole,,182,VILLARBOIT,1.0
camera-mattarellum-1993-corrected,PIEMONTE 2,11,VILLATA,whole,,182,VILLATA,1.0
camera-mattarellum-1993-corrected,PIEMONTE 2,12,ALAGNA VALSESIA,whole,,182,ALAGNA VALSESIA,1.0
camera-mattarellum-1993-corrected,PIEMONTE 2,12,BALMUCCIA,whole,,182,BALMUCCIA,1.0
camera-mattarellum-1993-corrected,PIEMONTE 2,12,BOCCIOLETO,whole,,182,BOCCIOLETO,1.0
camera-mattarellum-1993-corrected,PIEMONTE 2,12,BORGOSESIA,whole,,182,BORGOSESIA,1.0
camera-mattarellum-1993-corrected,PIEMONTE 2,12,BREIA,whole,,182,BREIA,1.0
camera-mattarellum-1993-corrected,PIEMONTE 2,12,CAMPERTOGNO,whole,,182,CAHFERTOGNO,0.909
camera-mattarellum-1993-corrected,PIEMONTE 2,12,CARCOFORO,whole,,182,CARCOF ORO,1.0
camera-mattarellum-1993-corrected,PIEMONTE 2,12,CELLIO,whole,,182,CELLIO,1.0
camera-mattarellum-1993-corrected,PIEMONTE 2,12,CERVATTO,whole,,182,CERVATTO,1.0
camera-mattarellum-1993-corrected,PIEMONTE 2,12,CIVIASCO,whole,,182,CIVIASCO,1.0
camera-mattarellum-1993-corrected,PIEMONTE 2,12,CRAVAGLIANA,whole,,182,CRAVAGLIANA,1.0
camera-mattarellum-1993-corrected,PIEMONTE 2,12,FOBELLO,whole,,182,FOBELLO,1.0
camera-mattarellum-1993-corrected,PIEMONTE 2,12,GATTINARA,whole,,182,GATTINARA,1.0
camera-mattarellum-1993-corrected,PIEMONTE 2,12,GUARDABOSONE,whole,,182,GUARDABOSONE,1.0
camera-mattarellum-1993-corrected,PIEMONTE 2,12,MOLLIA,whole,,182,HOLLIA,1.0
camera-mattarellum-1993-corrected,PIEMONTE 2,12,PILA,whole,,182,PILA,1.0
camera-mattarellum-1993-corrected,PIEMONTE 2,12,PIODE,whole,,182,PIODE,1.0
camera-mattarellum-1993-corrected,PIEMONTE 2,12,POSTUA,whole,,182,POSTUA,1.0
camera-mattarellum-1993-corrected,PIEMONTE 2,12,QUARONA,whole,,182,QUARONA,1.0
camera-mattarellum-1993-corrected,PIEMONTE 2,12,RASSA,whole,,182,RASSA,1.0
camera-mattarellum-1993-corrected,PIEMONTE 2,12,RIMA SAN GIUSEPPE,whole,,182,RIMA SAN GIUSEPPE,1.0
camera-mattarellum-1993-corrected,PIEMONTE 2,12,RIMASCO,whole,,182,RIMASCO,1.0
camera-mattarellum-1993-corrected,PIEMONTE 2,12,RIMELLA,whole,,182,RIMELLA,1.0
camera-mattarellum-1993-corrected,PIEMONTE 2,12,RIVA VALDOBBIA,whole,,182,RIVA VALDOBBIA,1.0
camera-mattarellum-1993-corrected,PIEMONTE 2,12,,whole,,182,RBASTO,0.667
camera-mattarellum-1993-corrected,PIEMONTE 2,12,ROSSA,whole,,182,ROSSA,1.0
camera-mattarellum-1993-corrected,PIEMONTE 2,12,SABBIA,whole,,182,SABBIA,1.0
camera-mattarellum-1993-corrected,PIEMONTE 2,12,SCOPA,whole,,182,SCOPA,1.0
camera-mattarellum-1993-corrected,PIEMONTE 2,12,SCOPELLO,whole,,182,SCOPELLO,1.0
camera-mattarellum-1993-corrected,PIEMONTE 2,12,SERRAVALLE SESIA,whole,,182,SERRAVALLE SESIA,1.0
camera-mattarellum-1993-corrected,PIEMONTE 2,12,VALDUGGIA,whole,,182,VALDUGGIA,1.0
camera-mattarellum-1993-corrected,PIEMONTE 2,12,VARALLO,whole,,182,VARALLO,1.0
camera-mattarellum-1993-corrected,PIEMONTE 2,12,VOCCA,whole,,182,VOCCA,1.0
camera-mattarellum-1993-corrected,PIEMONTE 2,12,AILOCHE,whole,,182,ATILOCHE,0.875
camera-mattarellum-1993-corrected,PIEMONTE 2,12,BRUSNENGO,whole,,182,BRUSNENGO,1.0
camera-mattarellum-1993-corrected,PIEMONTE 2,12,CALLABIANA,whole,,182,CALLABITANA,0.909
camera-mattarellum-1993-corrected,PIEMONTE 2,12,CAMANDONA,whole,,182,CAMANDONA,1.0
camera-mattarellum-1993-corrected,PIEMONTE 2,12,CAPRILE,whole,,183,CAPRILE,1.0
camera-mattarellum-1993-corrected,PIEMONTE 2,12,CASAPINTA,whole,,183,CASAPINTA,1.0
camera-mattarellum-1993-corrected,PIEMONTE 2,12,CASTELLETTO CERVO,whole,,183,CASTELLETTO CERVO,1.0
camera-mattarellum-1993-corrected,PIEMONTE 2,12,CERRETO CASTELLO,whole,,183,CERRETOA CASTELLO,0.938
camera-mattarellum-1993-corrected,PIEMONTE 2,12,COGGIOLA,whole,,183,COGGIOLA,1.0
camera-mattarellum-1993-corrected,PIEMONTE 2,12,COSSATO,whole,,183,COSSATO,1.0
camera-mattarellum-1993-corrected,PIEMONTE 2,12,CREVACUORE,whole,,183,CREVACUGRE,0.9
camera-mattarellum-1993-corrected,PIEMONTE 2,12,CROSA,whole,,183,CROSA,1.0
camera-mattarellum-1993-corrected,PIEMONTE 2,12,CURINO,whole,,183,CUR INO,1.0
camera-mattarellum-1993-corrected,PIEMONTE 2,12,GIFFLENGA,whole,,183,GIFFLENGA,1.0
camera-mattarellum-1993-corrected,PIEMONTE 2,12,LESSONA,whole,,183,LESSONA,1.0
camera-mattarellum-1993-corrected,PIEMONTE 2,12,MASSERANO,whole,,183,MASSERANO,1.0
camera-mattarellum-1993-corrected,PIEMONTE 2,12,MEZZANA MORTIGLIENGO,whole,,183,MEZZANA MORTIGLIENGO,1.0
camera-mattarellum-1993-corrected,PIEMONTE 2,12,MOSSO SANTA MARIA,whole,,183,MOSSO SANTA MARIA,1.0
camera-mattarellum-1993-corrected,PIEMONTE 2,12,MOTTALCIATA,whole,,183,MOTTALCIATA,1.0
camera-mattarellum-1993-corrected,PIEMONTE 2,12,PETTINENGO,whole,,183,PETTINENGO,1.0
camera-mattarellum-1993-corrected,PIEMONTE 2,12,PIATTO,whole,,183,PIATTO,1.0
camera-mattarellum-1993-corrected,PIEMONTE 2,12,PISTOLESA,whole,,183,PISTOLESA,1.0
camera-mattarellum-1993-corrected,PIEMONTE 2,12,PORTULA,whole,,183,PORTULA,1.0
camera-mattarellum-1993-corrected,PIEMONTE 2,12,PRAY,whole,,183,PRAY,1.0
camera-mattarellum-1993-corrected,PIEMONTE 2,12,QUAREGNA,whole,,183,QGUAREGNA,0.889
camera-mattarellum-1993-corrected,PIEMONTE 2,12,SELVE MARCONE,whole,,183,SELVE MARCONE,1.0
camera-mattarellum-1993-corrected,PIEMONTE 2,12,SOPRANA,whole,,183,SOPRANA,1.0
camera-mattarellum-1993-corrected,PIEMONTE 2,12,SOSTEGNO,whole,,183,SOSTEGNO,1.0
camera-mattarellum-1993-corrected,PIEMONTE 2,12,STRONA,whole,,183,STRONA,1.0
camera-mattarellum-1993-corrected,PIEMONTE 2,12,TRIVERO,whole,,183,TRIVERO,1.0
camera-mattarellum-1993-corrected,PIEMONTE 2,12,VALDENGO,whole,,183,VAL DENGO,1.0
camera-mattarellum-1993-corrected,PIEMONTE 2,12,VALLANZENGO,whole,,183,VALLANZENGO,1.0
camera-mattarellum-1993-corrected,PIEMONTE 2,12,VALLE MOSSO,whole,,183,VALLE MOSSO,1.0
camera-mattarellum-1993-corrected,PIEMONTE 2,12,VALLE SAN NICOLAO,whole,,183,VALLE SAN NICQLAO,0.933
camera-mattarellum-1993-corrected,PIEMONTE 2,12,VEGLIO,whole,,183,VEGLIO,1.0
camera-mattarellum-1993-corrected,PIEMONTE 2,12,VIGLIANO BIELLESE,whole,,183,VIGLIANO BIELLESE,1.0
camera-mattarellum-1993-corrected,PIEMONTE 2,12,VILLA DEL BOSCO,whole,,183,VILLA DEL BOSCO,1.0
camera-mattarellum-1993-corrected,PIEMONTE 2,13,ANDORNO MICCA,whole,,183,ANDORNO MICCA,1.0
camera-mattarellum-1993-corrected,PIEMONTE 2,13,BENNA,whole,,183,BENNA,1.0
camera-mattarellum-1993-corrected,PIEMONTE 2,13,BIELLA,whole,,183,BIELLA,1.0
camera-mattarellum-1993-corrected,PIEMONTE 2,13,BORRIANA,whole,,183,BORRIANA,1.0
camera-mattarellum-1993-corrected,PIEMONTE 2,13,CAMBURZANO,whole,,183,CANMBURZANO,0.909
camera-mattarellum-1993-corrected,PIEMONTE 2,13,CAMPIGLIA CERVO,whole,,183,CAMPIGLIA CERVO,1.0
camera-mattarellum-1993-corrected,PIEMONTE 2,13,CANDELO,whole,,183,CANDELO,1.0
camera-mattarellum-1993-corrected,PIEMONTE 2,13,CAVAGLIA',whole,,183,"CAVAGLIA'""",1.0
camera-mattarellum-1993-corrected,PIEMONTE 2,13,CERRIONE,whole,,183,CERRITONE,0.889
camera-mattarellum-1993-corrected,PIEMONTE 2,13,DONATO,whole,,183,DONATO,1.0
camera-mattarellum-1993-corrected,PIEMONTE 2,13,DORZANO,whole,,183,DORZANO,1.0
camera-mattarellum-1993-corrected,PIEMONTE 2,13,GAGLIANICO,whole,,183,GAGLIANICO,1.0
camera-mattarellum-1993-corrected,PIEMONTE 2,13,GRAGLIA,whole,,183,GRAGLIA,1.0
camera-mattarellum-1993-corrected,PIEMONTE 2,13,MAGNANO,whole,,183,MAGNANO,1.0
camera-mattarellum-1993-corrected,PIEMONTE 2,13,MASSAZZA,whole,,183,MASSAZZA,1.0
camera-mattarellum-1993-corrected,PIEMONTE 2,13,MIAGLIANO,whole,,183,HIAGLIANO,1.0
camera-mattarellum-1993-corrected,PIEMONTE 2,13,MONGRANDO,whole,,183,HONGRANDO,1.0
camera-mattarellum-1993-corrected,PIEMONTE 2,13,MUZZANO,whole,,183,MUZZANO,1.0
camera-mattarellum-1993-corrected,PIEMONTE 2,13,NETRO,whole,,183,NETRO,1.0
camera-mattarellum-1993-corrected,PIEMONTE 2,13,OCCHIEPPO INFERIORE,whole,,183,OCCHIEPPO INFERIORE,1.0
camera-mattarellum-1993-corrected,PIEMONTE 2,13,OCCHIEPPO SUPERIORE,whole,,183,OCCHIEPPO SUPERIORE,1.0
camera-mattarellum-1993-corrected,PIEMONTE 2,13,PIEDICAVALLO,whole,,183,PIEDICAVALLO,1.0
camera-mattarellum-1993-corrected,PIEMONTE 2,13,POLLONE,whole,,183,POLLONE,1.0
camera-mattarellum-1993-corrected,PIEMONTE 2,13,PONDERANO,whole,,183,PONDERARO,0.889
camera-mattarellum-1993-corrected,PIEMONTE 2,13,PRALUNGO,whole,,183,PRALUNGO,1.0
camera-mattarellum-1993-corrected,PIEMONTE 2,13,QUITTENGO,whole,,183,QUITTENGO,1.0
camera-mattarellum-1993-corrected,PIEMONTE 2,13,RONCO BIELLESE,whole,,183,RONCO BIELLESE,1.0
camera-mattarellum-1993-corrected,PIEMONTE 2,13,,whole,,183,RUPPILO,0.714
camera-mattarellum-1993-corrected,PIEMONTE 2,13,ROSAZZA,whole,,183,ROSAZZA,1.0
camera-mattarellum-1993-corrected,PIEMONTE 2,13,SAGLIANO MICCA,whole,,183,SAGLIANO MICCA,1.0
camera-mattarellum-1993-corrected,PIEMONTE 2,13,SALA BIELLESE,whole,,183,SALA BIELLESE,1.0
camera-mattarellum-1993-corrected,PIEMONTE 2,13,SALUSSOLA,whole,,183,SALUSSOLA,1.0
camera-mattarellum-1993-corrected,PIEMONTE 2,13,SANDIGLIANO,whole,,183,SANDIGLIANO,1.0
camera-mattarellum-1993-corrected,PIEMONTE 2,13,SAN PAOLO CERVO,whole,,184,SAN PAOLO CERVO,1.0
camera-mattarellum-1993-corrected,PIEMONTE 2,13,SORDEVOLO,whole,,184,SORDEVOLO,1.0
camera-mattarellum-1993-corrected,PIEMONTE 2,13,TAVIGLIANO,whole,,184,TAVIGLIANO,1.0
camera-mattarellum-1993-corrected,PIEMONTE 2,13,TERNENGO,whole,,184,TERNENGO,1.0
camera-mattarellum-1993-corrected,PIEMONTE 2,13,TOLLEGNO,whole,,184,TOLLEGNO,1.0
camera-mattarellum-1993-corrected,PIEMONTE 2,13,TORRAZZO,whole,,184,TORRAZZO,1.0
camera-mattarellum-1993-corrected,PIEMONTE 2,13,VERRONE,whole,,184,VERROGNE,0.875
camera-mattarellum-1993-corrected,PIEMONTE 2,13,VILLANOVA BIELLESE,whole,,184,VILLANOVA BIELLESE,1.0
camera-mattarellum-1993-corrected,PIEMONTE 2,13,VIVERONE,whole,,184,VIVERONE,1.0
camera-mattarellum-1993-corrected,PIEMONTE 2,13,ZIMONE,whole,,184,Z1IMONE,0.857
camera-mattarellum-1993-corrected,PIEMONTE 2,13,ZUBIENA,whole,,184,ZUBITENA,0.875
camera-mattarellum-1993-corrected,PIEMONTE 2,13,ZUMAGLIA,whole,,184,ZUMAGLIA,1.0
camera-mattarellum-1993-corrected,PIEMONTE 2,14,BIANDRATE,whole,,184,BIANDRATE,1.0
camera-mattarellum-1993-corrected,PIEMONTE 2,14,BORGOLAVEZZARO,whole,,184,BORGOALAVEZZARO,0.933
camera-mattarellum-1993-corrected,PIEMONTE 2,14,BRIONA,whole,,184,BR10NA,1.0
camera-mattarellum-1993-corrected,PIEMONTE 2,14,CALTIGNAGA,whole,,184,CALTIGNAGA,1.0
camera-mattarellum-1993-corrected,PIEMONTE 2,14,CARPIGNANO SESIA,whole,,184,CARPIGNANO SESIA,1.0
camera-mattarellum-1993-corrected,PIEMONTE 2,14,CASALBELTRAME,whole,,184,CASAL BEL TRAME,1.0
camera-mattarellum-1993-corrected,PIEMONTE 2,14,CASALEGGIO NOVARA,whole,,184,CASALEGGIO NOVARA,1.0
camera-mattarellum-1993-corrected,PIEMONTE 2,14,CASALINO,whole,,184,CASAL INO,1.0
camera-mattarellum-1993-corrected,PIEMONTE 2,14,CASALVOLONE,whole,,184,CASAL VOL ONE,1.0
camera-mattarellum-1993-corrected,PIEMONTE 2,14,CASTELLAZZO NOVARESE,whole,,184,CASTELLAZZO NOVARESE,1.0
camera-mattarellum-1993-corrected,PIEMONTE 2,14,GARBAGNA NOVARESE,whole,,184,GARBAGNA NOVARESE,1.0
camera-mattarellum-1993-corrected,PIEMONTE 2,14,GRANOZZO CON MONTICELLO,whole,,184,GRANOZZO CON MONTICELLO,1.0
camera-mattarellum-1993-corrected,PIEMONTE 2,14,LANDIONA,whole,,184,LANDIONA,1.0
camera-mattarellum-1993-corrected,PIEMONTE 2,14,MANDELLO VITTA,whole,,184,HANDELLO VITTA,1.0
camera-mattarellum-1993-corrected,PIEMONTE 2,14,NIBBIOLA,whole,,184,NIBBIOLA,1.0
camera-mattarellum-1993-corrected,PIEMONTE 2,14,NOVARA,whole,,184,NOVARA,1.0
camera-mattarellum-1993-corrected,PIEMONTE 2,14,RECETTO,whole,,184,RECETTO,1.0
camera-mattarellum-1993-corrected,PIEMONTE 2,14,SAN NAZZARO SESIA,whole,,184,SAN NAZZARO SESIA,1.0
camera-mattarellum-1993-corrected,PIEMONTE 2,14,SAN PIETRO MOSEZZO,whole,,184,SAN PIETRO MOSEZZO,1.0
camera-mattarellum-1993-corrected,PIEMONTE 2,14,SILLAVENGO,whole,,184,SILLAVENGO,1.0
camera-mattarellum-1993-corrected,PIEMONTE 2,14,TERDOBBIATE,whole,,184,TERDOBBIATE,1.0
camera-mattarellum-1993-corrected,PIEMONTE 2,14,TORNACO,whole,,184,TORNACO,1.0
camera-mattarellum-1993-corrected,PIEMONTE 2,14,VESPOLATE,whole,,184,VESPOLATE,1.0
camera-mattarellum-1993-corrected,PIEMONTE 2,14,VICOLUNGO,whole,,184,VICOLUNGO,1.0
camera-mattarellum-1993-corrected,PIEMONTE 2,14,VINZAGLIO,whole,,184,VINZAGLIO,1.0
camera-mattarellum-1993-corrected,PIEMONTE 2,15,AGRATE CONTURBIA,whole,,184,AGRATE CONTURBIA,1.0
camera-mattarellum-1993-corrected,PIEMONTE 2,15,BARENGO,whole,,184,BARENGO,1.0
camera-mattarellum-1993-corrected,PIEMONTE 2,15,BELLINZAGO NOVARESE,whole,,184,BELLINZAGO NOVARESE,1.0
camera-mattarellum-1993-corrected,PIEMONTE 2,15,BOGOGNO,whole,,184,BOGOGNO,1.0
camera-mattarellum-1993-corrected,PIEMONTE 2,15,BORGO TICINO,whole,,184,BORGO TICINO,1.0
camera-mattarellum-1993-corrected,PIEMONTE 2,15,CAMERI,whole,,184,CAMER Î,0.833
camera-mattarellum-1993-corrected,PIEMONTE 2,15,CASTELLETTO SOPRA TICINO,whole,,184,CASTELLETTO SOPRA TICINO,1.0
camera-mattarellum-1993-corrected,PIEMONTE 2,15,CAVAGLIETTO,whole,,184,CAVAGLIETTO,1.0
camera-mattarellum-1993-corrected,PIEMONTE 2,15,CAVAGLIO D'AGOGNA,whole,,184,CAVAGLIO D'AGOGNA,1.0
camera-mattarellum-1993-corrected,PIEMONTE 2,15,CERANO,whole,,184,CERANO,1.0
camera-mattarellum-1993-corrected,PIEMONTE 2,15,COMIGNAGO,whole,,184,COMIGNASO,0.889
camera-mattarellum-1993-corrected,PIEMONTE 2,15,CRESSA,whole,,184,CRESSA,1.0
camera-mattarellum-1993-corrected,PIEMONTE 2,15,DIVIGNANO,whole,,184,BDIVIGNANO,0.9
camera-mattarellum-1993-corrected,PIEMONTE 2,15,FARA NOVARESE,whole,,184,FARA NOVARESE,1.0
camera-mattarellum-1993-corrected,PIEMONTE 2,15,FONTANETO D'AGOGNA,whole,,184,FONTANETO D'AGOGNA,1.0
camera-mattarellum-1993-corrected,PIEMONTE 2,15,GALLIATE,whole,,184,GALLIATE,1.0
camera-mattarellum-1993-corrected,PIEMONTE 2,15,GATTICO,whole,,184,GATTICO,1.0
camera-mattarellum-1993-corrected,PIEMONTE 2,15,GHEMME,whole,,184,GHEMME,1.0
camera-mattarellum-1993-corrected,PIEMONTE 2,15,MARANO TICINO,whole,,184,HARANO TICINO,1.0
camera-mattarellum-1993-corrected,PIEMONTE 2,15,MEZZOMERICO,whole,,184,HEZZOMERICO,1.0
camera-mattarellum-1993-corrected,PIEMONTE 2,15,MOMO,whole,,184,HOMO,1.0
camera-mattarellum-1993-corrected,PIEMONTE 2,15,OLEGGIO,whole,,184,DLEGGIO,0.857
camera-mattarellum-1993-corrected,PIEMONTE 2,15,POMBIA,whole,,184,POMBIA,1.0
camera-mattarellum-1993-corrected,PIEMONTE 2,15,ROMENTINO,whole,,184,ROMENTINO,1.0
camera-mattarellum-1993-corrected,PIEMONTE 2,15,SIZZANO,whole,,184,SIZZANO,1.0
camera-mattarellum-1993-corrected,PIEMONTE 2,15,SOZZAGO,whole,,184,S$OZZAGO,0.875
camera-mattarellum-1993-corrected,PIEMONTE 2,15,SUNO,whole,,185,SUNO,1.0
camera-mattarellum-1993-corrected,PIEMONTE 2,15,TRECATE,whole,,185,TRECATE,1.0
camera-mattarellum-1993-corrected,PIEMONTE 2,15,VAPRIO D'AGOGNA,whole,,185,VAPRIO D'AGOGNA,1.0
camera-mattarellum-1993-corrected,PIEMONTE 2,15,VARALLO POMBIA,whole,,185,VARALLO POMBIA,1.0
camera-mattarellum-1993-corrected,PIEMONTE 2,15,VERUNO,whole,,185,VERUNO,1.0
camera-mattarellum-1993-corrected,PIEMONTE 2,16,AMENO,whole,,185,AMENO,1.0
camera-mattarellum-1993-corrected,PIEMONTE 2,16,ARMENO,whole,,185,ARMENO,1.0
camera-mattarellum-1993-corrected,PIEMONTE 2,16,ARONA,whole,,185,ARONA,1.0
camera-mattarellum-1993-corrected,PIEMONTE 2,16,BOCA,whole,,185,BOCA,1.0
camera-mattarellum-1993-corrected,PIEMONTE 2,16,BOLZANO NOVARESE,whole,,185,BOLZANO NOVARESE,1.0
camera-mattarellum-1993-corrected,PIEMONTE 2,16,BORGOMANERO,whole,,185,BURGOMANERO,0.909
camera-mattarellum-1993-corrected,PIEMONTE 2,16,BRIGA NOVARESE,whole,,185,BRIGA NOVARESE,1.0
camera-mattarellum-1993-corrected,PIEMONTE 2,16,CAVALLIRIO,whole,,185,CAVALLIRIO,1.0
camera-mattarellum-1993-corrected,PIEMONTE 2,16,COLAZZA,whole,,185,COLAZZA,1.0
camera-mattarellum-1993-corrected,PIEMONTE 2,16,CUREGGIO,whole,,185,CUREGGIO,1.0
camera-mattarellum-1993-corrected,PIEMONTE 2,16,DORMELLETTO,whole,,185,DORMELLETTO,1.0
camera-mattarellum-1993-corrected,PIEMONTE 2,16,GARGALLO,whole,,185,GARGALLO,1.0
camera-mattarellum-1993-corrected,PIEMONTE 2,16,GOZZANO,whole,,185,GOZZANO,1.0
camera-mattarellum-1993-corrected,PIEMONTE 2,16,GRIGNASCO,whole,,185,GRIGNASCO,1.0
camera-mattarellum-1993-corrected,PIEMONTE 2,16,INVORIO,whole,,185,INVORIO,1.0
camera-mattarellum-1993-corrected,PIEMONTE 2,16,LESA,whole,,185,LESA,1.0
camera-mattarellum-1993-corrected,PIEMONTE 2,16,MAGGIORA,whole,,185,MAGGIORA,1.0
camera-mattarellum-1993-corrected,PIEMONTE 2,16,MASSINO VISCONTI,whole,,185,MASSINO VISCONTI,1.0
camera-mattarellum-1993-corrected,PIEMONTE 2,16,MEINA,whole,,185,ME INA,1.0
camera-mattarellum-1993-corrected,PIEMONTE 2,16,MIASINO,whole,,185,HIASINO,1.0
camera-mattarellum-1993-corrected,PIEMONTE 2,16,NEBBIUNO,whole,,185,NEBBIUNO,1.0
camera-mattarellum-1993-corrected,PIEMONTE 2,16,OLEGGIO CASTELLO,whole,,185,OLEGGIO CASTELLO,1.0
camera-mattarellum-1993-corrected,PIEMONTE 2,16,ORTA SAN GIULIO,whole,,185,ORTA SAN GIULIO,1.0
camera-mattarellum-1993-corrected,PIEMONTE 2,16,PARUZZARO,whole,,185,PARUZZAROU,0.9
camera-mattarellum-1993-corrected,PIEMONTE 2,16,PELLA,whole,,185,PELLA,1.0
camera-mattarellum-1993-corrected,PIEMONTE 2,16,PETTENASCO,whole,,185,PETTENASCO,1.0
camera-mattarellum-1993-corrected,PIEMONTE 2,16,PISANO,whole,,185,PISANO,1.0
camera-mattarellum-1993-corrected,PIEMONTE 2,16,POGNO,whole,,185,POGNO,1.0
camera-mattarellum-1993-corrected,PIEMONTE 2,16,PRATO SESIA,whole,,185,PRATO SESIA,1.0
camera-mattarellum-1993-corrected,PIEMONTE 2,16,ROMAGNANO SESIA,whole,,185,ROMAGNANO SESIA,1.0
camera-mattarellum-1993-corrected,PIEMONTE 2,16,SAN MAURIZIO D'OPAGLIO,whole,,185,SAN MAURIZIO D'OPAGLIO,1.0
camera-mattarellum-1993-corrected,PIEMONTE 2,16,SORISO,whole,,185,SORISO,1.0
camera-mattarellum-1993-corrected,PIEMONTE 2,16,AROLA,whole,,185,AROLA,1.0
camera-mattarellum-1993-corrected,PIEMONTE 2,16,CASALE CORTE CERRO,whole,,185,CASALE CORTE CERRO,1.0
camera-mattarellum-1993-corrected,PIEMONTE 2,16,CESARA,whole,,185,CESARA,1.0
camera-mattarellum-1993-corrected,PIEMONTE 2,16,GERMAGNO,whole,,185,GERMAGNO,1.0
camera-mattarellum-1993-corrected,PIEMONTE 2,16,GRAVELLONA TOCE,whole,,185,GRAVELLONA TOCE,1.0
camera-mattarellum-1993-corrected,PIEMONTE 2,16,LOREGLIA,whole,,185,LOREGLIA,1.0
camera-mattarellum-1993-corrected,PIEMONTE 2,16,MADONNA DEL SASSO,whole,,185,MADONNA DEL SASSO,1.0
camera-mattarellum-1993-corrected,PIEMONTE 2,16,MASSIOLA,whole,,185,MASSIGLA,0.875
camera-mattarellum-1993-corrected,PIEMONTE 2,16,NONIO,whole,,185,NONIO,1.0
camera-mattarellum-1993-corrected,PIEMONTE 2,16,OMEGNA,whole,,185,OMEGNA,1.0
camera-mattarellum-1993-corrected,PIEMONTE 2,16,QUARNA SOPRA,whole,,185,QUARNA SOPRA,1.0
camera-mattarellum-1993-corrected,PIEMONTE 2,16,QUARNA SOTTO,whole,,185,QUARNA SOTTO,1.0
camera-mattarellum-1993-corrected,PIEMONTE 2,16,VALSTRONA,whole,,185,VALSTRONA,1.0
camera-mattarellum-1993-corrected,PIEMONTE 2,17,ANTRONA SCHIERANCO,whole,,185,ANTRONA SCHIERANCO,1.0
camera-mattarellum-1993-corrected,PIEMONTE 2,17,ANZOLA D'OSSOLA,whole,,185,ANZOLA D'OSSOLA,1.0
camera-mattarellum-1993-corrected,PIEMONTE 2,17,ARIZZANO,whole,,185,AR1ZZANO,1.0
camera-mattarellum-1993-corrected,PIEMONTE 2,17,AURANO,whole,,185,AURANO,1.0
camera-mattarellum-1993-corrected,PIEMONTE 2,17,BACENO,whole,,185,BACENO,1.0
camera-mattarellum-1993-corrected,PIEMONTE 2,17,BANNIO ANZINO,whole,,185,BANNIO ANZINO,1.0
camera-mattarellum-1993-corrected,PIEMONTE 2,17,BAVENO,whole,,185,BAYVENO,0.857
camera-mattarellum-1993-corrected,PIEMONTE 2,17,BEE,whole,,185,BEE,1.0
camera-mattarellum-1993-corrected,PIEMONTE 2,17,BELGIRATE,whole,,185,BELGIRATE,1.0
camera-mattarellum-1993-corrected,PIEMONTE 2,17,BEURA-CARDEZZA,whole,,185,BEURA-CARDEZZA,1.0
camera-mattarellum-1993-corrected,PIEMONTE 2,17,BOGNANCO,whole,,185,BOGNANCO,1.0
camera-mattarellum-1993-corrected,PIEMONTE 2,17,BROVELLO-CARPUGNINO,whole,,185,BROVELLO-CARPUGNINO,1.0
camera-mattarellum-1993-corrected,PIEMONTE 2,17,CALASCA-CASTIGLIONE,whole,,185,CALASCA- CASTIGLIONE,1.0
camera-mattarellum-1993-corrected,PIEMONTE 2,17,CAMBIASCA,whole,,186,CAHBIASCA,1.0
camera-mattarellum-1993-corrected,PIEMONTE 2,17,CANNERO RIVIERA,whole,,186,CANNEÉERO RIVIERA,0.933
camera-mattarellum-1993-corrected,PIEMONTE 2,17,CANNOBIO,whole,,186,CANNOBIO,1.0
camera-mattarellum-1993-corrected,PIEMONTE 2,17,CAPREZZO,whole,,186,CAPREZZO,1.0
camera-mattarellum-1993-corrected,PIEMONTE 2,17,CAVAGLIO-SPOCCIA,whole,,186,CAVAGL10-SPOCCIA,1.0
camera-mattarellum-1993-corrected,PIEMONTE 2,17,CEPPO MORELLI,whole,,186,CEPPO MORELLI,1.0
camera-mattarellum-1993-corrected,PIEMONTE 2,17,COSSOGNO,whole,,186,COSSOGNO,1.0
camera-mattarellum-1993-corrected,PIEMONTE 2,17,CRAVEGGIA,whole,,186,CRAVEGGIA,1.0
camera-mattarellum-1993-corrected,PIEMONTE 2,17,CREVOLADOSSOLA,whole,,186,CREVOLADOSSOLA,1.0
camera-mattarellum-1993-corrected,PIEMONTE 2,17,CRODO,whole,,186,CREDO,0.8
camera-mattarellum-1993-corrected,PIEMONTE 2,17,CURSOLO-ORASSO,whole,,186,CURSOLDB-ORASSO,0.857
camera-mattarellum-1993-corrected,PIEMONTE 2,17,DOMODOSSOLA,whole,,186,DOMGODOSSOLA,0.917
camera-mattarellum-1993-corrected,PIEMONTE 2,17,DRUOGNO,whole,,186,DBRUUOGNO,0.778
camera-mattarellum-1993-corrected,PIEMONTE 2,17,FALMENTA,whole,,186,FALMENTA,1.0
camera-mattarellum-1993-corrected,PIEMONTE 2,17,FORMAZZA,whole,,186,FORMAZZA,1.0
camera-mattarellum-1993-corrected,PIEMONTE 2,17,GHIFFA,whole,,186,GHIFFA,1.0
camera-mattarellum-1993-corrected,PIEMONTE 2,17,GIGNESE,whole,,186,GIGNESE,1.0
camera-mattarellum-1993-corrected,PIEMONTE 2,17,GURRO,whole,,186,GURRO,1.0
camera-mattarellum-1993-corrected,PIEMONTE 2,17,INTRAGNA,whole,,186,INTRAGNA,1.0
camera-mattarellum-1993-corrected,PIEMONTE 2,17,MACUGNAGA,whole,,186,HACUGNAGA,1.0
camera-mattarellum-1993-corrected,PIEMONTE 2,17,MALESCO,whole,,186,MALESCO,1.0
camera-mattarellum-1993-corrected,PIEMONTE 2,17,MASERA,whole,,186,MASERA,1.0
camera-mattarellum-1993-corrected,PIEMONTE 2,17,MERGOZZO,whole,,186,MERGOZZO,1.0
camera-mattarellum-1993-corrected,PIEMONTE 2,17,MIAZZINA,whole,,186,MIAZZINA,1.0
camera-mattarellum-1993-corrected,PIEMONTE 2,17,MONTECRESTESE,whole,,186,MONTECRESTESE,1.0
camera-mattarellum-1993-corrected,PIEMONTE 2,17,MONTESCHENO,whole,,186,MONTE SCHENO,1.0
camera-mattarellum-1993-corrected,PIEMONTE 2,17,OGGEBBIO,whole,,186,OGGEBBIO,1.0
camera-mattarellum-1993-corrected,PIEMONTE 2,17,ORNAVASSO,whole,,186,ORNAVASSO,1.0
camera-mattarellum-1993-corrected,PIEMONTE 2,17,PALLANZENO,whole,,186,PALLANZENO,1.0
camera-mattarellum-1993-corrected,PIEMONTE 2,17,PIEDIMULERA,whole,,186,PIEDIMULERA,1.0
camera-mattarellum-1993-corrected,PIEMONTE 2,17,PIEVE VERGONTE,whole,,186,PIEVE VERGONTE,1.0
camera-mattarellum-1993-corrected,PIEMONTE 2,17,PREMENO,whole,,186,PREMENO,1.0
camera-mattarellum-1993-corrected,PIEMONTE 2,17,PREMIA,whole,,186,PREMIA,1.0
camera-mattarellum-1993-corrected,PIEMONTE 2,17,PREMOSELLO-CHIOVENDA,whole,,186,PREHOSELLO-CHIOVENDA,1.0
camera-mattarellum-1993-corrected,PIEMONTE 2,17,RE,whole,,186,RE,1.0
camera-mattarellum-1993-corrected,PIEMONTE 2,17,SAN BERNARDINO VERBANO,whole,,186,SAN BERNARDINO VERBANO,1.0
camera-mattarellum-1993-corrected,PIEMONTE 2,17,SANTA MARIA MAGGIORE,whole,,186,SANTA MARIA MAGGIORE,1.0
camera-mattarellum-1993-corrected,PIEMONTE 2,17,SEPPIANA,whole,,186,SEPPIANA,1.0
camera-mattarellum-1993-corrected,PIEMONTE 2,17,STRESA,whole,,186,STRESA,1.0
camera-mattarellum-1993-corrected,PIEMONTE 2,17,TOCENO,whole,,186,TOCENO,1.0
camera-mattarellum-1993-corrected,PIEMONTE 2,17,TRAREGO VIGGIONA,whole,,186,TRAREGO VIGGIONA,1.0
camera-mattarellum-1993-corrected,PIEMONTE 2,17,TRASQUERA,whole,,186,TRASQUERA,1.0
camera-mattarellum-1993-corrected,PIEMONTE 2,17,TRONTANO,whole,,186,TRONTANO,1.0
camera-mattarellum-1993-corrected,PIEMONTE 2,17,VANZONE CON SAN CARLO,whole,,186,VANZONE CON SAN CARLO,1.0
camera-mattarellum-1993-corrected,PIEMONTE 2,17,VARZO,whole,,186,VARZO,1.0
camera-mattarellum-1993-corrected,PIEMONTE 2,17,VERBANIA,whole,,186,VERBANIA,1.0
camera-mattarellum-1993-corrected,PIEMONTE 2,17,VIGANELLA,whole,,186,VIGANELLA,1.0
camera-mattarellum-1993-corrected,PIEMONTE 2,17,VIGNONE,whole,,186,VIGNONE,1.0
camera-mattarellum-1993-corrected,PIEMONTE 2,17,VILLADOSSOLA,whole,,186,VIEILLADOSSOLA,0.857
camera-mattarellum-1993-corrected,PIEMONTE 2,17,VILLETTE,whole,,186,VILLETTE,1.0
camera-mattarellum-1993-corrected,PIEMONTE 2,17,VOGOGNA,whole,,186,VOGOGNA,1.0
camera-mattarellum-1993-corrected,LOMBARDIA 1,1,MILANO,described_part,"HILANO Comprende parte del territorio del comune di Milano delimitata dalle seguenti strade: via G.C. Precaccini Giulio Cesare {da 73 a 61}, p.zza A.Gramsci (da 9 a 3 e da 2 a 10), via G. C. Precaccini (da 47 a 39), via P.Lomazzo {da 37 a 25), via G.B.Bertini (da 14 a 34), via G. C. Procaccini (da 9 a 1}, p.le Cimitero Monumentale 9, via M.Quadrio {da 26 a 28), via C.Farini {da 9 a 17}, via G.Pepe {da 30 a 28), via Pastrengo (da 21 a 1), via P.Borsieri (da S a 3}, via G.be Castillia (da 4 a 30), via F.Sassetti (lato dispari senza civici), via M.Gicia {da 22 a 24}, via G.Cardane 11, via A.Campanini (da 4 a 8}, via L.Galvani {da ll a 7), via F.Filzi (da 27/A a 1}, p.zza San Gioachino senza civici, via G.Galilei (da 15 a 5), v.le Monte Santo (da 7 a 1), p.zza della Repubblica (9 e da 8 a 10), Porta Venezia senza civici, c.so Venezia 63, v.le L.Majno (da 51 a 3), v.1e M.Bianca fda 45 a 3), p.zza Cinque Giornate 1 e 4, v.le Regina Margherita (da 43 a 1). v.le E.Caldara (da 49 a 5}. v.le A.Filinnetti (da 41 a 1), v.le Beatrice d'Este {da 49: a 1}, v.le Gian Galeazzo 20, v.le Col di Lana 15, via Bainsizza 2 e 3, via Col del Rosso 2 e Ll, via Col Moschin 17, via G.C.Castelbarco {da 2 a 32), via C.Bazzi 10, rilevato ferroviario via Fedro 4, rilevatc ferroviario via G.Pezzotti 4, rilevato ferroviario, via F.Brioschi 43 e 48, rilevato ferroviario, via G.Meda 25 e 24, rilevato ferroviario, via A.Sforza (da 69 a 3), via Magolfa (da B a 22), via M.Fusetti (da 15 a 1), via F.Argelati 1, via Corsico {da 9 a 1), via Vigevano (da 19 a 13), v.le Gorizia 30, p.zza Ventiquattro Maggio 10/A, v.ie G.D'Annunzio {da 29 a 1}, p.le A.Cantore (da 5 a 3 = da 2 a 4}, v.le Papiniano (da 59 a 21}, v.le Porta Vercellina (da 17 a 1}, p.le F.Baracca 2, via E.Tott {da 2 a 4), p.zza della Conciliazione {da 2 a 4 e 5), via L.Ariosto {da 4 a 34}, largo Quinto Alpini (da 9 a 1 e da 2 a 12}, via M.Pagano 17, p.zza Sempione 1, c.so Sempione (da 2 a 34).",187,parte del territorio del comune di Milano,1.0
camera-mattarellum-1993-corrected,LOMBARDIA 1,1,MILANO,whole,,187,HILANO,1.0
camera-mattarellum-1993-corrected,LOMBARDIA 1,2,MILANO,described_part,"MILANO Comprende parte del territorio del comune di Milano delimitata dalle seguenti strade: via G.Sirtori (da 4 a 26). via M.Malpighi {da 8 a 12), via Melzo (da 28 a 34), vira L.Spallanzani 5, c.so Buenos Aires 4 via P.Castaldi (da 41 a 57), via ""A.Tadino 6, via L.Palazzi {da 5 a 3}, c.so Buenos Aires 10, v.le Tunisia (da 2 a 6}. via A.Tadino (da 12 a 62), via E.Petrella 8, via S.Mercadante. {da 2 a 12), p.zza Argentina 4 c.so Buenos Aires (da 90 a 92}. p.le Loreto 5, v.le Brianza — 187 — (da 6 a 36), via F.Aporti (da 20 a 68), via Popoli Uniti 30, v.le Monza (da 11} a 119), via G.Pontano senza civici, rilevato ferroviario, via E.Olivari {da li a 9}, largo V.,Gemito 3, via Monte Nevoso {da 25 a 23 e 16), via N.A.Porpora 191, via A.Merzario (da 9 a 3). p.zza E.Bottini {da 5 a 1 e da 2 a 6), via G.B.Viotti {da 25 a 1), via E.Bassini 56, rilevato ferroviario, p.zza San Gerolamo 15, via F.Marescalchi (da 19 a 1), v.ìe Argonne (da 53 a i), p.le Susa (da 15 a 1), c.so Plebisciti {da 19 a 1), p.lè Dateo (da 5 a 3}, c.so indipendenza (da 25 a 1), via C.Menotti (5 e da 8 a 34), via R.Pilo 20, via N.Bixio civici’ esclusi (lato dispari).",187,parte del territorio del comune di Milano,1.0
camera-mattarellum-1993-corrected,LOMBARDIA 1,2,MILANO,whole,,187,MILANO,1.0
camera-mattarellum-1993-corrected,LOMBARDIA 1,3,MILANO,described_part,"MILANO Comprende parte del territorio del comune di Milano delimitata dalle seguenti strade: via G.C.Castelbarco (da 35 a 1), via P.Teuliè (da 20 a 2}, p.le Porta Lodovica {da 6 a 2), v.le Beatrice d'Este (da 4 a 486), v.le A.Filippetti (da 20 a 28). p.le Medaglie d'Oro 2 e 1, v.le E.Caldara {da 6 a 46), v.le Regina Margherita {da 2 a 30), p.zza Cinque Giornate 6 e 3, v.le Bianca Maria (da 2 a 28), p.zza Tricolore 2 e 1, v.le L.Majno (da 2 a 24), via G.Morelli (da 2 a 4), via N.Bixio {da 1 a 37), via C.Menotti {da 35 a 7), via C.Goldoni {23 e da 34 a 22), via C.Pisacane (da 6 a 2), p.zza Risorgimento 7, c.so Indipendenza (da 6 a 24}, p.ie Dateo (da 2 a 6), c.so Plebisciti (da 4 a 18), p.le Susa (da 2 a 18}, v.le Argonne {da 2 a 56}. via F.Marescalchi (da 6 a 10), p.zza San Gerolamo senza civici, via R.Ardigò, rilevato ferroviario, via F.Sopranzi rilevato ferroviario, via G.B.Piranesi 78, rilevato ferroviario, via Zama senza civici, via R.Bonfadini {43 e da 38 a 40), via G.Medici del Vascello 6, via P. e G. Dei Pestagalli 21, * rilevato ferroviario via V. Toffetti 128, rilevato ferroviario, via Tertulliano 92, v.le Puglie senza civici, p.le Bologna 1, v.le Bacchiglione (da 21 a 1}, c.so Lodi (da 94 a 68), via Tagliamento (da 1 a 9), p.zza San Luigi 4, via Tagliamento (da 10 a 12}, via Benaco (da 24 a 36). p.zza G.Bonomelli (da 6 a 10), v.le Ortles {da 85 a 53), via Orobia (da 33 a 19), via Vezza d'Oglio civici esclusi (lato dispari), via Serio civici esclusi (lato dispari), via Serio {da 9 a 3), via G.Ripamonti (da 89 a 85), rilevato ferroviario, via P.Leoni 3 e 6, rilevato ferroviario, via C.Bazzi 9 e 1, rilevato ferroviario.",188,parte del territorio del comune di Milano,1.0
camera-mattarellum-1993-corrected,LOMBARDIA 1,3,MILANO,whole,,188,MILANO,1.0
camera-mattarellum-1993-corrected,LOMBARDIA 1,4,MILANO,described_part,"MILANO Comprende parte del territorio del comune di Milano delimitata dalle seguenti strade: p.zza Napeli (da 38 a 24), p.zza S.Bolivar 11, via Lorenteggio 6, via Tobruk (da 9 a 3), v.le Misurata (da 37 a 7}, p.le Tripoli (da — 188 — 4 a 6}, via Costanza 42, v.le E. Bezzi (da Bl a l e 2), p.zza D. Ghirlandaio senza civici, v.le D. Ranzoni {da 1 a 27}, p.le Brescia {da 2 a 22), v.le Murillo (da 4 a 48), p.le F.lli Zavattari (da 4 a 12), via A. De Vincenti 7, L.go Gavirate 15, via Gavirate {da 13 a 9}, v.le F. Caprilli (da 3 a 5}, p.le L. Lotto {da 13 a 5}, v.le E. Elia (da 6 a 14), p.zza C. Stuparich (da 2 a 18), v.le R. Serra {da 6 a 54), v.le Certosa (da 29 a 1), p.zza Firenze (da 21 a 15), via R. Di Lauria (17e 22), c.so Sempione lato dispari {esclusi civici 95 a 81), c.so Sempione (da 77 a 65/A esclusi da 65 a 55), c.so Sempione {da SÌ a 1), p.zza Sempione (da 5 a 3}, via M. Pagane (da 2 a 14}, l.go Quinto Alpini (da 15 a 13), via L. Ariosto (da 31 a 1), p.le F. Baracca (da 1 e 4), v.le Porta Vercellina {da 2 a 26), v.le Papiniano (da 2 a 62), r.le A. Cantere (da 10 a 12}, v.le G. D'Annunzio senza civici (latc pari), v.le Gorizia senza cIVvIcCI, via Vigevano {da 1 a 11 e da 8 14), via Corsico (da 2 a 12), via F. Argelati 2 e 1/A, via M. Fusetti (da 2 a 16}, via Magolfa (da 15 a 1}, az. Naviglio Pavese (da 8 a 68), rilevato ferroviario fino a p.le Delle Milizie, p.le Delle Milizie senza civici, v.le CC. Troya (da 23 a 9 e da 10 a 2), p.zza Napoli (da 31 a 35).",188,parte del territorio del comune di Milano,1.0
camera-mattarellum-1993-corrected,LOMBARDIA 1,4,MILANO,whole,,188,MILANO,1.0
camera-mattarellum-1993-corrected,LOMBARDIA 1,5,MILANO,described_part,"MILANO Comprende parte del territorio del comune di Milano delimitata dalle seguenti strade: via A. Inganni (da 2 a 6), via Lorenteggio 208, via Dello Storno senza civici, via della Rondine senza civici, via A. Inganni (da 77 a 83), via del Passero 6, p.zza S.G. Battista alla Creta {da 2 a 6), via Dell'Allodola (da 8 a 12), via della Capinera (da 2 a 6), via Zurigo 3. via Saint Bon Simone {da 38 a 2), attraversamento p.zza D'Armi Caserma, via S. Giusto (da 85 a 19}, via Patroclo 20, via Ippodromo (da 76 a 8), via Trenno 32, fiume Olona Campagna incrocio via S. Elia, via A. S. Elta (33 +e 40), via E. Terzaghi senza civici (lato dispari), p.zza 5, Maria Nascente 3, via Collecchio senza civici (lato dispari), via G. Boine senza civici (lato dispari), v.le R. Serra 1, p.zza C. Stuparich 1, v.ie E. Elia senza civici {lato dispari), p.le L. Lotto 15, v.le F. Caprilli senza civici (lato pari}, via Gavirate (da i2 a li4 «e 19), via A. De Vincenti 11, p.le F.lli Zavattari 3, v.le Murillo (da 33 a 1}, p.le Brescia (da 13 a 1), v.te D. Ranzoni civici esclusi {lato dispari}, p.zza D. Ghirlandaio 7, v.le E. Bezzi (da 10 a 86), v.le Misurata (da 2 a 36). via Tobruk (da 2 a 10), via L. Tolstoi (da 68 a 64), via Lorenteggio (da 27 a 3), via Vespri Siciliani (2 e 1), p.zza Napoli civici esclusi, via Giambellino (4 e da 5 a {5}, via Giambellino (da 22 a 40 e da 41 a 71), via F. Brunelleschi {da 2 a i6), rilevato ferroviario stazione S.Cristoforo, via Giambellino 143. — 189 —",189,parte del territorio del comune di Milano,1.0
camera-mattarellum-1993-corrected,LOMBARDIA 1,5,MILANO,whole,,189,MILANO,1.0
camera-mattarellum-1993-corrected,LOMBARDIA 1,6,MILANO,described_part,"MILANO Comprende parte del territorio del comune di Milano delimitata dalle seguenti strade: via L. Majno (da 26 a 40), p.zza G. Oberdan (da 2 a 12 e 13), v.le YV. Veneto {da 2 a 32). p.zza Della Repubblica 12 e 11, v.le Monte Santo (da 2 a 6}, via G. Galilei (da 2 a i4), via F. Filzi (da 2 a 24), via L. Galvani (da 10 a 18), via A. Campanini (da 7 a 3). via G. Cardano 10, via M. Gioia (fa 39 a 31), via F. Sassetti (da B a 14}, via G. De Castillia (da 23 a 7). via P. Borsieri {da 2 a 6}, via C. Pastrengo (da 2 a 44), via C. Farini (da 25 a 19), p.le Cimitero Monumentale {da 6 a 2}. via Ceresio 12, via G.C. Procaccini (da 4 a 6), via G.B. Bertini (da 29 a 17), via P. Lomazzo (da 22 a 386), via G.C. Procaccini (da 32 a 48), p.zza A. Gramsci (da 12 a 14}. via G.C. Procaccini (da 54 a 68), c.so Sempione (da 36 a 50 e da 55 a 57). via Fra Girolamo Savonarola 4, c.so Sempione (da 61 a 65 e da 70 a 88 e 81 a 95), p.zza Firenze {da 2 a 14). v.le Certosa (da 2 a 26). v.le Monte Ceneri, (da 77 a 71 e da 64 a 10 e da 11 a i). cv. A. Bacula senza civici, p.le Lugano (da 23 a 9), v.le EL. Bodio (da 43 a 1). p.le C. Nigra (da 3 a 1 e 2}, via Catone (da 4 a 10}, via A. Patti senza civici {lati pari}, via A. Maffucci (da 24 a 70), via A. Carnevali (da 43 a 3). via G. Tartini (da 11 a 3), p.zza Dergano (9 e da 2 a 6), via C. Brivio {da 2 a 4), via Magellano (da lil a 9), via Legnone (da 89 a 83}, via Conte Verde (da 9 a 1), via C. Imbonati (da 67 a 55}, via G. Bovio senza civici {lato dispari), via B. Crespi 70, da via A. Fermi a via Monzambano senza civici, via Monzabano (da 13 a 1), L.go G. Allegri (da 4 a 6). via M. Galli (da 19 a 1), l1.go Desio senza civici (lato dispari}, via C. Zocchi 1, via Pallanza (da 4 a 26), rilevato ferroviario, via Comune Antico 2, rilevato ferroviario, v.le delle Rimembranze di Greco Sì, rilevato ferroviario, via Tofane 43, rilevato ferroviario, via F. Aporti {da 105 a 13), v.le Brianzia {da 35 a 9), p.le Loreto 1, c.so Buenos Aires {da 79 a 75), p.zza Argentina (da 5 a 1), via S. Mercadante (da 17 a 3), via E. Petrella 9, via A. Tadino (da 57 a 13), v.le Tunisia 3, c.so Buenos Aires 9, via L. Palazzi (da 2 a 6), via A. Tadino 5, via P. Castaldi (da 38 a 42), via L. Spallanzani {da 6 a 10), via Melzo (da 23 a 19), via M. Malpighi 7, via G. Sirtori (da 25 a 3), v.le Piave 28, via G. Merelli 1.",190,parte del territorio del comune di Milano,1.0
camera-mattarellum-1993-corrected,LOMBARDIA 1,6,MILANO,whole,,190,MILANO,1.0
camera-mattarellum-1993-corrected,LOMBARDIA 1,7,MILANO,described_part,"MILAHO Comprende parte del territorio del comune di Milano delimitata dalle seguenti strade: confine comune di S. Donato Milanese a via Fidenza, via Fidenza |}, via Rogoredo 75, ev. Pontinia (da 2 a 6), via G.B. Cassinis (da 33 a 13), via Fabio Massimo senza civici (lato pari}, v.le Omero (da 22 a 26), via Ravenna 25 e S8, via S. Dionigi senza civici (lato dispari.incrocio V. Piazzetta), via S. Dionigi (da 32 a 4}, via Pismonte (da 2 a 18), via Dell'Assunta {da 67 a 51), Roggia Vettabbia, via Gargano 55 e 62, Roggia Vettabbia, via — 190 — Broni 27 e 24, Roggia Vettabbia, via C. Bianconi 13 e 22, Roggia Vettabbia, via G. Ripamonti 167 e 166, via B. Verro 89, via P. Soltaroli 9, via A. Pasinetti 12 e 11, - p.zza E. Chiaradia 9, via Gallura. 15, via dei Fontanili {da 11 a 1}, via Rutilia 19 e 18, incrocio via C. il Salico {lato dispari senza civici), via dei Fontanili (da 11/B a 1), via C.Bazzi (da 39 a 15), rilevato ferroviario, via G.Ripamonti (da 88 a 92), via Serio {da 2 a i4 e da 15 a 21), via Vezza d'Oglio 3 e 16, via Orobia 32, v.le Ortles (da 52 a 90}, p.zza G.Boncomelli ida 3 a 29 e 4), vita Benaco {da 27 a 217), via Tagliamento {da 21 a 19}, p.zza San Luigi 5, via Tagliamento ctvici esclusi {lato dispari), c.so Lodi civici esclusi (lato pari) v.le Bacchiglione {da 2 a 28), v.le Puglie (da 4 a 22), rilevato ferroviario, via V.Toffetti 1i24, rilevato ferroviario, via P. e GG. dei Pestagalli 25, via G.Medici del Vascello 14, via R.Bonfadini 67, via Zama {da 33 a 1}, p.zza Cartagine 4, rilevato ferroviario, via Decemviri {da 34 a 2}, rilevato ferroviario, v.le  E.Forlanini 1, rilevato ferroviario, via F.Villa {da 10 a 6}, rilevato ferroviario, p.zza E.Bottini 10, rilevato ferroviario incrocio via Mazzali, via G.Mazzali senza civici {lato pari}, via Siusi (da 30 a 20), via Palmanova {da 28 a 38 e. 59), via A.Tarabella 4, via Anacreonte 1}, via Padova (da 136 a 166). via P.Toselli (da 2 a 26}, via Logan 1, via Agoradat (da 2i a 27 e aa 36 a 50}. attraversamento Naviglio Martesana, via Liscate (da 7 a 3), via Iglesias (da 38 a 42), via P.G.Bium (da 8 a 28). via Ponte Nuovo (da 15 a 5), Naviglio Martesana, via G.B.Carta (da 2 a 36), via A.Meucci (da 73 a 39), via G.De Notaris {da 12 a 40), via del Ricordo {da 23 a 1), via Adriano (da 14 a 102}, confine comune di Sesto San Giovanni.",190,parte del territorio del comune di Milano,1.0
camera-mattarellum-1993-corrected,LOMBARDIA 1,7,MILANO,whole,,190,MILAHO,0.833
camera-mattarellum-1993-corrected,LOMBARDIA 1,8,MILANO,described_part,"MILANO Comprende parte del territorio del comune di Milano delimitata dalle seguenti strade: confine comune di Buccinasco, via Buccinasco 30, attraversamento zona agriccla, incrocio via Merula, attraversamento zona agricola, incrocio via Tre Castelli, via A.Pepere senza civici {lato pari}, attraversamento zona agricola, via D.Campari (da 51 a 3), v.le Faenza (da 26 a 32}, via Parenzo 2î, via C.Giussani {da 31 a 11), via Tre Castelli (da 7 a 3), via Lodovico il Moro (da 129 a 49}, via F.Brunelleschi (da 15 a i), via Giambellino civici esclusi {lato dispari), via T.Vignoli 11, via Giambellino (da 39 a 31), via L.Telsto) 17 e 16, via Giambellino civici esclusi (lato dispari), via Savona 86, v.le C.Troya (da 14 a 22), p.le delle Milizie senza civici, rilevato ferroviario, via D.Bussola 2 e 3, rilevato ferroviario, via P.Filargo 5, rilevato ferroviario, via Valsolda senza civici (lato pari}, via Spezia 5, rilevato ferroviario, via Bordighera 2, rilevato ferroviario, via A.Sforza 71, rilevato ferroviario, via G.Meda 28 e 27, rilevato ferroviario, via F.Brioschi 50 e 47, rilevato — 19} — ferroviario, via G.Pezzotti 6, rilevato ferroviario, p.zza Caduti del Lavoro 3, rilevato ferroviario, via C.Bazzi (da 12 a 1868), via dei Fontanili {da 2 a 20}, via Corrado 11 il Salico (da 8 a 24), via dei Fontanili 11/A, via Corrado ll il Salico (da 28 a 44}, via Morivione 7, via Rutilia (da 27 a 21}, via Tirso (da 22 a 24), via dei Fontanili senza civici (lato pari}, p.zza E.Chiaradia 16, via P.Solaroli 11, via B.Verro 87, via L.Alamanni (da 20 a 2), via G.Ripamonti 175, roggia Vettabbia, p.zza dell'Assunta 1, roggia Vettabbia, via dell'Assunta 47, roggia Vettabbia, via Pismonte (da 9 a 5), p.zza Angilberto Il {da 11 a 9), via San Dionigi civici esclusi (lato pari), via San Dionigi (da 40 a 62 e 77). v.le Omero 19, via Fabio Massimo (da 35 a 13}, via G.B.Cassinis (da 12 a 26), cv Pontinia, via Rogoredo senza civici {lato pari), via Fidenza (da 2 a 6), incrocio via Busseto, confine comune di San Donato Milanese.",191,parte del territorio del comune di Milano,1.0
camera-mattarellum-1993-corrected,LOMBARDIA 1,8,MILANO,whole,,191,MILANO,1.0
camera-mattarellum-1993-corrected,LOMBARDIA 1,9,MILANO,described_part,"MILANO Comprende parte del territorio del comune di Milano delimitata dalle seguenti strade: confine comune di Pero, via Appennini (da 209 a 1}, via G.Quarenghi {da 34 a 32 e da 27 a 21), via Uruguay senza civici (lato dispari), via F.lli Vigorelli senza civici (lato dispari), p.zza J.F.Kennedy senza civici, v.le A.De Gasperi senza civici {lato dispari}, via G.Chiabrera 5, ponte Cavazzi della Somaglia senza civici, via G.Della Casa (da 15 a 1), via Gallarate 49, via G.Giannini (da 9 a 1), v.le Certosa (da 145 a 133 e 130), via P.F.Mola {da 39 a 29), v.le C.Espinasse (da 63 a 31), via Casella (36 e da 37 a 61). v.le Certosa 108 e 111, via Gallarate 28, via F.De Lemene {da 1 a 3 e 37}. via G.Cimabue senza civici (lato dispari}, p.zza Santa Maria Nascente senza civici (tato pari), via E.Terzaghi 30, via A.Sant'Elia senza civici (lato pari), attraversamento fiume Olona, via Trenno (da 41 a 25), via Ippodromo civici esclusi (lato pari), via ippodromo (da 82 a 100), via Patroclo (da 25 a 5), via San Giusto (da 4 a 70}, incrocio via Tosi, attraversamento (piazza D'Armi Caserma), via Forze Armate senza civici {tato pari}, via Forze Armate 165, via Bisceglie senza civici (lato pari}, via Zurigo {da 12 a 16}, via della Capinera 5, via dell'Allodola 16 e 5, piazza San Giovanni Battista alla Creta 11, via dello Storno {da 18 a 12), via della Rondine 6, via dello Storno senza civici (lato dispari), via Val Bavona 5, via Sant' Anatalone (da 16 a 2), via Lorenteggio {210 e da 205 a 201), via A.Inganni (da 15 a 3}, via Giambellino {da 155 a 151), p.zza Tirana (da 5 a 19}, rilevato ferroviario, attraversamento Naviglio Grande, az Naviglio Grande 192, az Naviglio Grande senza civici {lato pari}, via — 192 — Lodovico il Moro 131, via Tre Castelli (da 6 a 8), via C.Giussani (da 1 a 9 e da 20 a 32), via Parenzo 12, v.le Faenza senza civici (lato pari}, via D.Campari 10, campagna tncrocio via Tre Castelli, campagna incrocio via Merula, via Buccinasco senza civici {(lato pari), campagna confine comune di Corsico,",192,parte del territorio del comune di Milano,1.0
camera-mattarellum-1993-corrected,LOMBARDIA 1,9,MILANO,whole,,192,MILANO,1.0
camera-mattarellum-1993-corrected,LOMBARDIA 1,10,MILANO,described_part,"MILANO Comprende parte del territorio del comune di Milano delimitata dalle seguenti strade: via Pesaro {da 19 a 1), rilevato ferroviario, v.le Rubicone senza civici (lato dispari), via G.R.Carli 45, via M.Scherilio 4, via G.R.Carli {da 39 a 15), via P.Rutilio Rufo 13, via G.Sand (da 11 a 1), via A.Astesani (da 23 a 1}, via A.Zanoli (da 6 a 30), via E.Cialdiniì (da 121 a 29}, via Don Bartolomeo Grazioli (da 38 a 80), rilevato ferroviario, via Cevedale (da 15 a 5}, via G.Tartini 45, via R.Luxemburg S, rilevato ferroviario, v.le E.Fermi (da 27 a 25), via B.Crespi (da 57 a 55), via G.Bovio (da 6 a 28), via C.imbonati (da 52 a 70), via Conte Verde (da 2 a 10), via Legnone (da 84 a 88), via Magellano 7 e 10, via C.Brivio 7, p.zza Dergano senza civici, via G.Tartini (da 2 a 10 e 15), via A.Carnevali {da 6 a 70), via A.Maffucci (da 73 a 35), via A.Patti senza civici (lato dispari), via Catone (da 15 a 3), p.le C. Nigra (da 4 a 6). via degli Imbriani 1, v.te L. Bodio (da 4 a 28), p.le Lugano 26, cv A.Bacula senza civici, v.le Monte Ceneri (da 6 a 8), via Grigna 15, via Bellinzona 2 e 1, via Monte Generoso 12, via C. e UM. Brighenti (da 40 a 2}, v.ie Monte Ceneri (da 68 a 80), v.le R.Serra (da 69 a 7), via G.Boine senza civici, via Collecchio {da B a 16), p.zza Santa Maria Nascente 2, via Isernia 5, campagna a via Cimabue, senza civici, via Gallarate 26, v.le Certosa 109 e 106, v.le C.Espinasse (21 e da 24 a 62), via P.F.Mola (da 28 a 48), v.le Certosa (da 132 a 144 e 147), via G.Giannini (da 2 a 8), via Gallarate 58, via G.Della Casa (da 2 a 12), ponte Cavazzi della Somaglia senza civici, via G.Chiabrera 8, v.le A.De Gasperi senza civici, p.zza ].F.Kennedy senza civici, via F.il: Vigorelli senza civici, via delle Ande {da 12 a 4). via G.Quarenghi {da 4 a 30), via Cefalù 26, via Busto Arsizio 40 e 36, campagna a via Torrazza senza civici, via Appennini senza civici {lato pari), confine comune di Pero,",193,parte del territorio del comune di Milano,1.0
camera-mattarellum-1993-corrected,LOMBARDIA 1,10,MILANO,whole,,193,MILANO,1.0
camera-mattarellum-1993-corrected,LOMBARDIA 1,11,MILANO,described_part,"MILANO Comprende parte del territorio del comune di Milano delimitata dalle seguenti strade: confine comune di Sesto San Giovanni, via Adriano (da 101 a 45}, via del Ricordo (da 2 a 18), via G.De Notaris senza civici {lato dispari), via A.Meucciì (da 40 a 74), via G.B.Carta {da 27 a 3), Naviglio Martesana, via Ponte Nuovo (da 2 a 10), via P.G.Biumi (da 25 a 3}, via liglesias (da 45 a 37), via Liscate (da 2 a 6), Naviglio Martesana, via Agerdat {da 49 a 45), via P.Toselli (da 11 a 1), via — 193 — Padova (da 151 a 125), via A.Tarabella (da 11 a 2), via Palmanova {da 53 a 49), via Siusi (da 15 a 1), via G.Mazzali (da 5 a 1), via Plezzo (da 66 a 80), rilevato ferroviario, via Padova (da 102 e 91), via G.Pontano (da 45 a 15), v.le Monza 121, rilevato ferroviario, via Tofane 41, rilevato ferroviario, v.le delle Rimembranze di Greco 53, rilevato ferroviario, via E. ‘De Marchi 44 e 45, rilevato ferroviario, via N.Bettoni 6, rilevato ferroviario, via Padre Antonio Maraschi senza civici, rilevato ferroviario, v.le F.Testi 16, rilevato ferroviario, v.le G. Suzzani 2 e 1, via Siderno 2, incrocio del rilevato con E.Fermi, rilevato ferroviario, via Valeggio senza civici (lato dispari), rilevato ferroviario, via G.Zambelli {15 e da 20 a 24), via E.Cialdini 5, rilevato ferroviario fino incrocio via Pedronio, via Don Bartolomeo Grazioli (da 73 a 41 e 32), via E.Cialdini (da 28 a 110), via A.Zanoli (da 31 a 3}, via A.Astesani (da 2 a 24), via G.Sand (da 2 a 12), via P.Rutilio Rufo {da 12 a 22), via Vincenzo ‘da Seregno 14, via G.R.Carli (da 14 a 34), v.le Rubicone 24. via del Reno (da 14 a 16), vid S.Mazzucchelli 6, via A.Orcboni 16, rilevato ferroviario, via Pesaro senza civici (lato dispari), confine comune di Cormano:",193,parte del territorio del comune di Milano,1.0
camera-mattarellum-1993-corrected,LOMBARDIA 1,11,MILANO,whole,,193,MILANO,1.0
camera-mattarellum-1993-corrected,LOMBARDIA 1,12,BASIGLIO,whole,,194,BASIGLIO,1.0
camera-mattarellum-1993-corrected,LOMBARDIA 1,12,BINASCO,whole,,194,BINASCG,0.857
camera-mattarellum-1993-corrected,LOMBARDIA 1,12,BUBBIANO,whole,,194,BUBBIANO,1.0
camera-mattarellum-1993-corrected,LOMBARDIA 1,12,CALVIGNASCO,whole,,194,CALVIGNASCO,1.0
camera-mattarellum-1993-corrected,LOMBARDIA 1,12,CARPIANO,whole,,194,CARPIANO,1.0
camera-mattarellum-1993-corrected,LOMBARDIA 1,12,CASARILE,whole,,194,CASARILE,1.0
camera-mattarellum-1993-corrected,LOMBARDIA 1,12,LACCHIARELLA,whole,,194,LACCHIARELLA,1.0
camera-mattarellum-1993-corrected,LOMBARDIA 1,12,LOCATE DI TRIULZI,whole,,194,LOCATE DI TRIULZI,1.0
camera-mattarellum-1993-corrected,LOMBARDIA 1,12,NOVIGLIO,whole,,194,NOVIGLIO,1.0
camera-mattarellum-1993-corrected,LOMBARDIA 1,12,OPERA,whole,,194,OPERA,1.0
camera-mattarellum-1993-corrected,LOMBARDIA 1,12,PIEVE EMANUELE,whole,,194,PIEVE EMANUELE,1.0
camera-mattarellum-1993-corrected,LOMBARDIA 1,12,ROZZANO,whole,,194,ROZZANO,1.0
camera-mattarellum-1993-corrected,LOMBARDIA 1,12,VERNATE,whole,,194,VERNATE,1.0
camera-mattarellum-1993-corrected,LOMBARDIA 1,12,ZIBIDO SAN GIACOMO,whole,,194,ZIBIDO SAN GIACOMO,1.0
camera-mattarellum-1993-corrected,LOMBARDIA 1,13,ASSAGO,whole,,194,ASSAGO,1.0
camera-mattarellum-1993-corrected,LOMBARDIA 1,13,BUCCINASCO,whole,,194,BUCCINASCO,1.0
camera-mattarellum-1993-corrected,LOMBARDIA 1,13,CESANO BOSCONE,whole,,194,CESANO BOSCONE,1.0
camera-mattarellum-1993-corrected,LOMBARDIA 1,13,CISLIANO,whole,,194,CISLIANO,1.0
camera-mattarellum-1993-corrected,LOMBARDIA 1,13,CORSICO,whole,,194,CORSICO,1.0
camera-mattarellum-1993-corrected,LOMBARDIA 1,13,CUSAGO,whole,,194,CUSAGO,1.0
camera-mattarellum-1993-corrected,LOMBARDIA 1,13,GAGGIANO,whole,,194,GAGGIANO,1.0
camera-mattarellum-1993-corrected,LOMBARDIA 1,13,TREZZANO SUL NAVIGLIO,whole,,194,TREZZANO SUL NAVIGLIO,1.0
camera-mattarellum-1993-corrected,LOMBARDIA 1,14,ABBIATEGRASSO,whole,,194,ABBIATEGRASSO,1.0
camera-mattarellum-1993-corrected,LOMBARDIA 1,14,ALBAIRATE,whole,,194,ALBAIRATE,1.0
camera-mattarellum-1993-corrected,LOMBARDIA 1,14,BAREGGIO,whole,,194,BAREGGIO,1.0
camera-mattarellum-1993-corrected,LOMBARDIA 1,14,BESATE,whole,,194,BESATE,1.0
camera-mattarellum-1993-corrected,LOMBARDIA 1,14,CASSINETTA DI LUGAGNANO,whole,,194,CASSINETTA DI LUGAGNANO,1.0
camera-mattarellum-1993-corrected,LOMBARDIA 1,14,CORBETTA,whole,,194,CORBETTA,1.0
camera-mattarellum-1993-corrected,LOMBARDIA 1,14,GUDO VISCONTI,whole,,194,GUDO VISCONTI,1.0
camera-mattarellum-1993-corrected,LOMBARDIA 1,14,MAGENTA,whole,,194,RAGENTA,0.857
camera-mattarellum-1993-corrected,LOMBARDIA 1,14,MORIMONDO,whole,,194,HOUR IMONDO,0.9
camera-mattarellum-1993-corrected,LOMBARDIA 1,14,MOTTA VISCONTI,whole,,194,MOTTA VISCONTI,1.0
camera-mattarellum-1993-corrected,LOMBARDIA 1,14,OZZERO,whole,,194,OZZERO,1.0
camera-mattarellum-1993-corrected,LOMBARDIA 1,14,ROBECCO SUL NAVIGLIO,whole,,194,ROBECCO SUL NAVIGLIO,1.0
camera-mattarellum-1993-corrected,LOMBARDIA 1,14,ROSATE,whole,,194,ROSATE,1.0
camera-mattarellum-1993-corrected,LOMBARDIA 1,14,SEDRIANO,whole,,195,SEDRIANO,1.0
camera-mattarellum-1993-corrected,LOMBARDIA 1,14,VERMEZZO,whole,,195,VERMEZZO,1.0
camera-mattarellum-1993-corrected,LOMBARDIA 1,14,VITTUONE,whole,,195,VITTUONE,1.0
camera-mattarellum-1993-corrected,LOMBARDIA 1,14,ZELO SURRIGONE,whole,,195,ZELO SURRIGONE,1.0
camera-mattarellum-1993-corrected,LOMBARDIA 1,15,ARCONATE,whole,,195,ARCONATE,1.0
camera-mattarellum-1993-corrected,LOMBARDIA 1,15,ARLUNO,whole,,195,ARLUNO,1.0
camera-mattarellum-1993-corrected,LOMBARDIA 1,15,BERNATE TICINO,whole,,195,BERNATE TICINO,1.0
camera-mattarellum-1993-corrected,LOMBARDIA 1,15,BOFFALORA SOPRA TICINO,whole,,195,BOFFALORA SOPRA TICINO,1.0
camera-mattarellum-1993-corrected,LOMBARDIA 1,15,BUSCATE,whole,,195,BUSCATE,1.0
camera-mattarellum-1993-corrected,LOMBARDIA 1,15,BUSTO GAROLFO,whole,,195,BUSTO GAROLFO,1.0
camera-mattarellum-1993-corrected,LOMBARDIA 1,15,CASOREZZO,whole,,195,CASOREZZO,1.0
camera-mattarellum-1993-corrected,LOMBARDIA 1,15,CASTANO PRIMO,whole,,195,CASTANO PRIMO,1.0
camera-mattarellum-1993-corrected,LOMBARDIA 1,15,CUGGIONO,whole,,195,CUGGIONO,1.0
camera-mattarellum-1993-corrected,LOMBARDIA 1,15,DAIRAGO,whole,,195,DAIRAGO,1.0
camera-mattarellum-1993-corrected,LOMBARDIA 1,15,INVERUNO,whole,,195,INVERUNO,1.0
camera-mattarellum-1993-corrected,LOMBARDIA 1,15,MAGNAGO,whole,,195,MAGNAGO,1.0
camera-mattarellum-1993-corrected,LOMBARDIA 1,15,MARCALLO CON CASONE,whole,,195,MARCALLO CON CASONE,1.0
camera-mattarellum-1993-corrected,LOMBARDIA 1,15,MESERO,whole,,195,HESERO,1.0
camera-mattarellum-1993-corrected,LOMBARDIA 1,15,NOSATE,whole,,195,NOSATE,1.0
camera-mattarellum-1993-corrected,LOMBARDIA 1,15,OSSONA,whole,,195,OSSONA,1.0
camera-mattarellum-1993-corrected,LOMBARDIA 1,15,ROBECCHETTO CON INDUNO,whole,,195,ROBECCHETTO CON INDUNO,1.0
camera-mattarellum-1993-corrected,LOMBARDIA 1,15,SANTO STEFANO TICINO,whole,,195,SANTO STEFANO TICINO,1.0
camera-mattarellum-1993-corrected,LOMBARDIA 1,15,TURBIGO,whole,,195,TURBIGO,1.0
camera-mattarellum-1993-corrected,LOMBARDIA 1,15,VILLA CORTESE,whole,,195,VILLA CORTESE,1.0
camera-mattarellum-1993-corrected,LOMBARDIA 1,15,VANZAGHELLO,whole,,195,VANZAGHELLO,1.0
camera-mattarellum-1993-corrected,LOMBARDIA 1,16,CANEGRATE,whole,,195,CANEGRATE,1.0
camera-mattarellum-1993-corrected,LOMBARDIA 1,16,CERRO MAGGIORE,whole,,195,CERRO MAGGIORE,1.0
camera-mattarellum-1993-corrected,LOMBARDIA 1,16,LEGNANO,whole,,195,LEGNANO,1.0
camera-mattarellum-1993-corrected,LOMBARDIA 1,16,PARABIAGO,whole,,195,PARABIAGO,1.0
camera-mattarellum-1993-corrected,LOMBARDIA 1,16,RESCALDINA,whole,,195,RESCALDINA,1.0
camera-mattarellum-1993-corrected,LOMBARDIA 1,16,SAN GIORGIO SU LEGNANO,whole,,195,SAN GIORGIO SU LEGNANO,1.0
camera-mattarellum-1993-corrected,LOMBARDIA 1,16,SAN VITTORE OLONA,whole,,195,SAN VITTORE OLONA,1.0
camera-mattarellum-1993-corrected,LOMBARDIA 1,17,CORNAREDO,whole,,195,CORNARE DO,1.0
camera-mattarellum-1993-corrected,LOMBARDIA 1,17,NERVIANO,whole,,195,NERVIANO,1.0
camera-mattarellum-1993-corrected,LOMBARDIA 1,17,PERO,whole,,195,PERO,1.0
camera-mattarellum-1993-corrected,LOMBARDIA 1,17,POGLIANO MILANESE,whole,,195,POGLIANO MILANESE,1.0
camera-mattarellum-1993-corrected,LOMBARDIA 1,17,PREGNANA MILANESE,whole,,195,PREGNANA MILANESE,1.0
camera-mattarellum-1993-corrected,LOMBARDIA 1,17,RHO,whole,,195,RHO,1.0
camera-mattarellum-1993-corrected,LOMBARDIA 1,17,SETTIMO MILANESE,whole,,195,SETTIMO MILANESE,1.0
camera-mattarellum-1993-corrected,LOMBARDIA 1,17,VANZAGO,whole,,195,VANZAGO,1.0
camera-mattarellum-1993-corrected,LOMBARDIA 1,18,ARESE,whole,,195,ARESE,1.0
camera-mattarellum-1993-corrected,LOMBARDIA 1,18,BOLLATE,whole,,195,BOLLATE,1.0
camera-mattarellum-1993-corrected,LOMBARDIA 1,18,GARBAGNATE MILANESE,whole,,195,GARBAGNATE MILANESE,1.0
camera-mattarellum-1993-corrected,LOMBARDIA 1,18,LAINATE,whole,,195,LAINATE,1.0
camera-mattarellum-1993-corrected,LOMBARDIA 1,18,NOVATE MILANESE,whole,,195,NOVATE MILANESE,1.0
camera-mattarellum-1993-corrected,LOMBARDIA 1,19,BARLASSINA,whole,,195,BARLASSINA,1.0
camera-mattarellum-1993-corrected,LOMBARDIA 1,19,CERIANO LAGHETTO,whole,,195,CERIANO LAGHETTO,1.0
camera-mattarellum-1993-corrected,LOMBARDIA 1,19,CESATE,whole,,195,CESATE,1.0
camera-mattarellum-1993-corrected,LOMBARDIA 1,19,COGLIATE,whole,,195,COGLIATE,1.0
camera-mattarellum-1993-corrected,LOMBARDIA 1,19,LAZZATE,whole,,195,LAZZATE,1.0
camera-mattarellum-1993-corrected,LOMBARDIA 1,19,LENTATE SUL SEVESO,whole,,195,LENTATE SUL SEVESO,1.0
camera-mattarellum-1993-corrected,LOMBARDIA 1,19,LIMBIATE,whole,,195,LIMBIATE,1.0
camera-mattarellum-1993-corrected,LOMBARDIA 1,19,MEDA,whole,,195,MEDA,1.0
camera-mattarellum-1993-corrected,LOMBARDIA 1,19,MISINTO,whole,,195,MISINTO,1.0
camera-mattarellum-1993-corrected,LOMBARDIA 1,19,SOLARO,whole,,195,SOLARO,1.0
camera-mattarellum-1993-corrected,LOMBARDIA 1,20,CORMANO,whole,,196,CORMANO,1.0
camera-mattarellum-1993-corrected,LOMBARDIA 1,20,CUSANO MILANINO,whole,,196,CUSARO MILANINO,0.929
camera-mattarellum-1993-corrected,LOMBARDIA 1,20,PADERNO DUGNANO,whole,,196,PADERNO DUGNANO,1.0
camera-mattarellum-1993-corrected,LOMBARDIA 1,20,SENAGO,whole,,196,SENAGO,1.0
camera-mattarellum-1993-corrected,LOMBARDIA 1,20,VAREDO,whole,,196,VAREDO,1.0
camera-mattarellum-1993-corrected,LOMBARDIA 1,21,BRESSO,whole,,196,BRESSO,1.0
camera-mattarellum-1993-corrected,LOMBARDIA 1,21,SESTO SAN GIOVANNI,whole,,196,SESTO SAN GIOVANNI,1.0
camera-mattarellum-1993-corrected,LOMBARDIA 1,22,CINISELLO BALSAMO,whole,,196,CINISELLO BALSAMO,1.0
camera-mattarellum-1993-corrected,LOMBARDIA 1,22,MUGGIO',whole,,196,MUGGIO *,1.0
camera-mattarellum-1993-corrected,LOMBARDIA 1,22,NOVA MILANESE,whole,,196,NOVA MILANESE,1.0
camera-mattarellum-1993-corrected,LOMBARDIA 1,23,BOVISIO-MASCIAGO,whole,,196,BOVISIO-NMASCIAGO,0.938
camera-mattarellum-1993-corrected,LOMBARDIA 1,23,CESANO MADERNO,whole,,196,CESANO MADERNO,1.0
camera-mattarellum-1993-corrected,LOMBARDIA 1,23,DESIO,whole,,196,DESIO,1.0
camera-mattarellum-1993-corrected,LOMBARDIA 1,23,LISSONE,whole,,196,Li SSONE,1.0
camera-mattarellum-1993-corrected,LOMBARDIA 1,23,SEVESO,whole,,196,SEVESO,1.0
camera-mattarellum-1993-corrected,LOMBARDIA 1,24,ALBIATE,whole,,196,ALBIATE,1.0
camera-mattarellum-1993-corrected,LOMBARDIA 1,24,BESANA IN BRIANZA,whole,,196,BESANA IN BRIANZA,1.0
camera-mattarellum-1993-corrected,LOMBARDIA 1,24,BRIOSCO,whole,,196,BRIOSCO,1.0
camera-mattarellum-1993-corrected,LOMBARDIA 1,24,CARATE BRIANZA,whole,,196,CARATE BRIANZA,1.0
camera-mattarellum-1993-corrected,LOMBARDIA 1,24,GIUSSANO,whole,,196,GIUSSANO,1.0
camera-mattarellum-1993-corrected,LOMBARDIA 1,24,RENATE,whole,,196,RENATE,1.0
camera-mattarellum-1993-corrected,LOMBARDIA 1,24,SEREGNO,whole,,196,SEREGNO,1.0
camera-mattarellum-1993-corrected,LOMBARDIA 1,24,TRIUGGIO,whole,,196,TRIUGGIO,1.0
camera-mattarellum-1993-corrected,LOMBARDIA 1,24,VEDUGGIO CON COLZANO,whole,,196,VENUGGEO CON COLZANO,0.889
camera-mattarellum-1993-corrected,LOMBARDIA 1,24,VERANO BRIANZA,whole,,196,VERANO BRIANZA,1.0
camera-mattarellum-1993-corrected,LOMBARDIA 1,25,MONZA,whole,,196,MONZA,1.0
camera-mattarellum-1993-corrected,LOMBARDIA 1,26,ARCORE,whole,,196,ARCORE,1.0
camera-mattarellum-1993-corrected,LOMBARDIA 1,26,BIASSONO,whole,,196,BIASSONO,1.0
camera-mattarellum-1993-corrected,LOMBARDIA 1,26,CAMPARADA,whole,,196,CAMPARADA,1.0
camera-mattarellum-1993-corrected,LOMBARDIA 1,26,CONCOREZZO,whole,,196,CONCOREZZO,1.0
camera-mattarellum-1993-corrected,LOMBARDIA 1,26,CORREZZANA,whole,,196,CORREZZANA,1.0
camera-mattarellum-1993-corrected,LOMBARDIA 1,26,LESMO,whole,,196,LESMO,1.0
camera-mattarellum-1993-corrected,LOMBARDIA 1,26,MACHERIO,whole,,196,MACHERIO,1.0
camera-mattarellum-1993-corrected,LOMBARDIA 1,26,SOVICO,whole,,196,SOVICO,1.0
camera-mattarellum-1993-corrected,LOMBARDIA 1,26,USMATE VELATE,whole,,196,USMATE VELATE,1.0
camera-mattarellum-1993-corrected,LOMBARDIA 1,26,VEDANO AL LAMBRO,whole,,196,VEDANO AL LAMBRO,1.0
camera-mattarellum-1993-corrected,LOMBARDIA 1,26,VILLASANTA,whole,,196,VILLASANTA,1.0
camera-mattarellum-1993-corrected,LOMBARDIA 1,26,VIMERCATE,whole,,196,VIMERCATE,1.0
camera-mattarellum-1993-corrected,LOMBARDIA 1,27,AGRATE BRIANZA,whole,,196,AGRATE BRIANZA,1.0
camera-mattarellum-1993-corrected,LOMBARDIA 1,27,AICURZIO,whole,,196,AICURZIO,1.0
camera-mattarellum-1993-corrected,LOMBARDIA 1,27,BELLUSCO,whole,,196,BELLUSCO,1.0
camera-mattarellum-1993-corrected,LOMBARDIA 1,27,BERNAREGGIO,whole,,196,BERNAREGGIO,1.0
camera-mattarellum-1993-corrected,LOMBARDIA 1,27,BURAGO DI MOLGORA,whole,,196,BURAGO DI MOLGORA,1.0
camera-mattarellum-1993-corrected,LOMBARDIA 1,27,BUSNAGO,whole,,196,BUSNAGO,1.0
camera-mattarellum-1993-corrected,LOMBARDIA 1,27,BUSSERO,whole,,196,BUSSERO,1.0
camera-mattarellum-1993-corrected,LOMBARDIA 1,27,CAMBIAGO,whole,,196,CAMBIAGO,1.0
camera-mattarellum-1993-corrected,LOMBARDIA 1,27,CAPONAGO,whole,,196,CAPONAGO,1.0
camera-mattarellum-1993-corrected,LOMBARDIA 1,27,CARNATE,whole,,196,CARNATE,1.0
camera-mattarellum-1993-corrected,LOMBARDIA 1,27,CARUGATE,whole,,196,CARUGATE,1.0
camera-mattarellum-1993-corrected,LOMBARDIA 1,27,CAVENAGO DI BRIANZA,whole,,197,CAVENAGO DI BRIANZA,1.0
camera-mattarellum-1993-corrected,LOMBARDIA 1,27,CORNATE D'ADDA,whole,,197,CORNATE D'ADDA,1.0
camera-mattarellum-1993-corrected,LOMBARDIA 1,27,GREZZAGO,whole,,197,GREZZAGO,1.0
camera-mattarellum-1993-corrected,LOMBARDIA 1,27,MEZZAGO,whole,,197,MEZZAGO,1.0
camera-mattarellum-1993-corrected,LOMBARDIA 1,27,ORNAGO,whole,,197,URNAGO,0.833
camera-mattarellum-1993-corrected,LOMBARDIA 1,27,PESSANO CON BORNAGO,whole,,197,PESSANO CON BORNAGO,1.0
camera-mattarellum-1993-corrected,LOMBARDIA 1,27,RONCELLO,whole,,197,RONCELLO,1.0
camera-mattarellum-1993-corrected,LOMBARDIA 1,27,RONCO BRIANTINO,whole,,197,"RONCO, BRIANTINO",1.0
camera-mattarellum-1993-corrected,LOMBARDIA 1,27,SULBIATE,whole,,197,SULBIATE,1.0
camera-mattarellum-1993-corrected,LOMBARDIA 1,27,TREZZO SULL'ADDA,whole,,197,TREZZO SULL'ADDA,1.0
camera-mattarellum-1993-corrected,LOMBARDIA 1,28,BRUGHERIO,whole,,197,BRUGHERIO,1.0
camera-mattarellum-1993-corrected,LOMBARDIA 1,28,CERNUSCO SUL NAVIGLIO,whole,,197,CERNUSCO SUL NAVIGLIO,1.0
camera-mattarellum-1993-corrected,LOMBARDIA 1,28,COLOGNO MONZESE,whole,,197,COLOGNO MONZESE,1.0
camera-mattarellum-1993-corrected,LOMBARDIA 1,28,VIMODRONE,whole,,197,VIMODRONE,1.0
camera-mattarellum-1993-corrected,LOMBARDIA 1,29,BASIANO,whole,,197,BASIANO,1.0
camera-mattarellum-1993-corrected,LOMBARDIA 1,29,BELLINZAGO LOMBARDO,whole,,197,BELLINZAGO LOMBARDO,1.0
camera-mattarellum-1993-corrected,LOMBARDIA 1,29,CASSANO D'ADDA,whole,,197,CASSANO D'ADDA,1.0
camera-mattarellum-1993-corrected,LOMBARDIA 1,29,CASSINA DE' PECCHI,whole,,197,CASSINA DE'PECCHI,1.0
camera-mattarellum-1993-corrected,LOMBARDIA 1,29,GESSATE,whole,,197,GESSATE,1.0
camera-mattarellum-1993-corrected,LOMBARDIA 1,29,GORGONZOLA,whole,,197,GORGONZOLA,1.0
camera-mattarellum-1993-corrected,LOMBARDIA 1,29,INZAGO,whole,,197,INZAGO,1.0
camera-mattarellum-1993-corrected,LOMBARDIA 1,29,LISCATE,whole,,197,LISCATE,1.0
camera-mattarellum-1993-corrected,LOMBARDIA 1,29,MASATE,whole,,197,MASATE,1.0
camera-mattarellum-1993-corrected,LOMBARDIA 1,29,MELZO,whole,,197,MELZO,1.0
camera-mattarellum-1993-corrected,LOMBARDIA 1,29,POZZO D'ADDA,whole,,197,POZZO D'ADDA,1.0
camera-mattarellum-1993-corrected,LOMBARDIA 1,29,POZZUOLO MARTESANA,whole,,197,POZZUOLO MARTESANA,1.0
camera-mattarellum-1993-corrected,LOMBARDIA 1,29,TREZZANO ROSA,whole,,197,TREZZANO ROSA,1.0
camera-mattarellum-1993-corrected,LOMBARDIA 1,29,TRUCCAZZANO,whole,,197,TRUCCAZZANO,1.0
camera-mattarellum-1993-corrected,LOMBARDIA 1,29,VAPRIO D'ADDA,whole,,197,VAPRIO D'ADDA,1.0
camera-mattarellum-1993-corrected,LOMBARDIA 1,29,VIGNATE,whole,,197,VIGNATE,1.0
camera-mattarellum-1993-corrected,LOMBARDIA 1,30,PANTIGLIATE,whole,,197,PANTIGLIATE,1.0
camera-mattarellum-1993-corrected,LOMBARDIA 1,30,PAULLO,whole,,197,PAULLO,1.0
camera-mattarellum-1993-corrected,LOMBARDIA 1,30,PESCHIERA BORROMEO,whole,,197,PESCHIERA BORROMEO,1.0
camera-mattarellum-1993-corrected,LOMBARDIA 1,30,PIOLTELLO,whole,,197,PIOLTELLO,1.0
camera-mattarellum-1993-corrected,LOMBARDIA 1,30,RODANO,whole,,197,RODANO,1.0
camera-mattarellum-1993-corrected,LOMBARDIA 1,30,SEGRATE,whole,,197,SEGRATE,1.0
camera-mattarellum-1993-corrected,LOMBARDIA 1,30,SETTALA,whole,,197,SETTALA,1.0
camera-mattarellum-1993-corrected,LOMBARDIA 1,31,CERRO AL LAMBRO,whole,,197,CERRO AL LAMBRO,1.0
camera-mattarellum-1993-corrected,LOMBARDIA 1,31,COLTURANO,whole,,197,COLTURANO,1.0
camera-mattarellum-1993-corrected,LOMBARDIA 1,31,DRESANO,whole,,197,DRESANO,1.0
camera-mattarellum-1993-corrected,LOMBARDIA 1,31,MEDIGLIA,whole,,197,MEDIGLIA,1.0
camera-mattarellum-1993-corrected,LOMBARDIA 1,31,MELEGNANO,whole,,197,MELEGNANO,1.0
camera-mattarellum-1993-corrected,LOMBARDIA 1,31,SAN COLOMBANO AL LAMBRO,whole,,197,SAN COLOMBANO AL LAMBRO,1.0
camera-mattarellum-1993-corrected,LOMBARDIA 1,31,SAN DONATO MILANESE,whole,,197,SAN DONATO MILANESE,1.0
camera-mattarellum-1993-corrected,LOMBARDIA 1,31,SAN GIULIANO MILANESE,whole,,197,SAN GIULIANO MILANESE,1.0
camera-mattarellum-1993-corrected,LOMBARDIA 1,31,SAN ZENONE AL LAMBRO,whole,,197,SAN ZENONE AL LAMBRO,1.0
camera-mattarellum-1993-corrected,LOMBARDIA 1,31,TRIBIANO,whole,,197,TRIBIANO,1.0
camera-mattarellum-1993-corrected,LOMBARDIA 1,31,VIZZOLO PREDABISSI,whole,,197,VIZZOLO PREDABISSI,1.0
camera-mattarellum-1993-corrected,LOMBARDIA 2,1,ARCISATE,whole,,198,ARCISATE,1.0
camera-mattarellum-1993-corrected,LOMBARDIA 2,1,BUGUGGIATE,whole,,198,BUGUGGIATE,1.0
camera-mattarellum-1993-corrected,LOMBARDIA 2,1,CANTELLO,whole,,198,CANTELLO,1.0
camera-mattarellum-1993-corrected,LOMBARDIA 2,1,CASCIAGO,whole,,198,CASCIAGO,1.0
camera-mattarellum-1993-corrected,LOMBARDIA 2,1,GAZZADA SCHIANNO,whole,,198,GAZZADA SCHIANNO,1.0
camera-mattarellum-1993-corrected,LOMBARDIA 2,1,INDUNO OLONA,whole,,198,INDUNO OLONA,1.0
camera-mattarellum-1993-corrected,LOMBARDIA 2,1,LOZZA,whole,,198,LOZZA,1.0
camera-mattarellum-1993-corrected,LOMBARDIA 2,1,VARESE,whole,,198,VARESE,1.0
camera-mattarellum-1993-corrected,LOMBARDIA 2,2,AGRA,whole,,198,AGRA,1.0
camera-mattarellum-1993-corrected,LOMBARDIA 2,2,BEDERO VALCUVIA,whole,,198,BEDERO VALCUVIA,1.0
camera-mattarellum-1993-corrected,LOMBARDIA 2,2,BESANO,whole,,198,BE SANO,1.0
camera-mattarellum-1993-corrected,LOMBARDIA 2,2,BISUSCHIO,whole,,198,BiSUSCHIO,1.0
camera-mattarellum-1993-corrected,LOMBARDIA 2,2,BRENTA,whole,,198,BRENTA,1.0
camera-mattarellum-1993-corrected,LOMBARDIA 2,2,BREZZO DI BEDERO,whole,,198,BREZZO DI BEDERO,1.0
camera-mattarellum-1993-corrected,LOMBARDIA 2,2,BRINZIO,whole,,198,BRINZIO,1.0
camera-mattarellum-1993-corrected,LOMBARDIA 2,2,BRISSAGO-VALTRAVAGLIA,whole,,198,BRISSAGO-VALTRAVAGLIA,1.0
camera-mattarellum-1993-corrected,LOMBARDIA 2,2,BRUSIMPIANO,whole,,198,BRUSIMP ANO,0.909
camera-mattarellum-1993-corrected,LOMBARDIA 2,2,CADEGLIANO-VICONAGO,whole,,198,CABDEGL 1TANO-Y1CONAGO,0.85
camera-mattarellum-1993-corrected,LOMBARDIA 2,2,CARAVATE,whole,,198,CARAVATE,1.0
camera-mattarellum-1993-corrected,LOMBARDIA 2,2,CASALZUIGNO,whole,,198,CASAL ZU: GNO,0.909
camera-mattarellum-1993-corrected,LOMBARDIA 2,2,CASSANO VALCUVIA,whole,,198,CASSANO VALCUVIA,1.0
camera-mattarellum-1993-corrected,LOMBARDIA 2,2,CASTELLO CABIAGLIO,whole,,198,CASTELLO CABTAGLIO,0.941
camera-mattarellum-1993-corrected,LOMBARDIA 2,2,CASTELVECCANA,whole,,198,CASTELVECCANA,1.0
camera-mattarellum-1993-corrected,LOMBARDIA 2,2,CITTIGLIO,whole,,198,CIFTFIGLIO,0.8
camera-mattarellum-1993-corrected,LOMBARDIA 2,2,CLIVIO,whole,,198,CLI1VIOB,0.75
camera-mattarellum-1993-corrected,LOMBARDIA 2,2,CREMENAGA,whole,,198,CRENMNENAGA,0.818
camera-mattarellum-1993-corrected,LOMBARDIA 2,2,CUASSO AL MONTE,whole,,198,CUASSO AL HONTE,1.0
camera-mattarellum-1993-corrected,LOMBARDIA 2,2,CUGLIATE-FABIASCO,whole,,198,CUSLiIATE-FABIASCO,0.882
camera-mattarellum-1993-corrected,LOMBARDIA 2,2,CUNARDO,whole,,198,CUNARDO,1.0
camera-mattarellum-1993-corrected,LOMBARDIA 2,2,CURIGLIA CON MONTEVIASCO,whole,,198,CURIGLIA CON HONTEVIASCO,1.0
camera-mattarellum-1993-corrected,LOMBARDIA 2,2,CUVEGLIO,whole,,198,CUVEGL 10,1.0
camera-mattarellum-1993-corrected,LOMBARDIA 2,2,DUMENZA,whole,,198,DUMENZA,1.0
camera-mattarellum-1993-corrected,LOMBARDIA 2,2,DUNO,whole,,198,DUNE,0.75
camera-mattarellum-1993-corrected,LOMBARDIA 2,2,FERRERA DI VARESE,whole,,198,FERRERA DI VARESE,1.0
camera-mattarellum-1993-corrected,LOMBARDIA 2,2,GEMONIO,whole,,198,GEMONITO,0.875
camera-mattarellum-1993-corrected,LOMBARDIA 2,2,GERMIGNAGA,whole,,198,GERMIGNAGA,1.0
camera-mattarellum-1993-corrected,LOMBARDIA 2,2,GRANTOLA,whole,,198,GRANTOLA,1.0
camera-mattarellum-1993-corrected,LOMBARDIA 2,2,LAVENA-PONTE TRESA,whole,,198,LAVENA PONTE TRESA,1.0
camera-mattarellum-1993-corrected,LOMBARDIA 2,2,LAVENO-MOMBELLO,whole,,198,LAVENO- MOMBELLO,1.0
camera-mattarellum-1993-corrected,LOMBARDIA 2,2,LEGGIUNO,whole,,198,LEGGIUNO,1.0
camera-mattarellum-1993-corrected,LOMBARDIA 2,2,,whole,,198,LUITINO,0.714
camera-mattarellum-1993-corrected,LOMBARDIA 2,2,MACCAGNO,whole,,198,MACCTAGNO,0.889
camera-mattarellum-1993-corrected,LOMBARDIA 2,2,MARCHIROLO,whole,,198,HARCHIROLO,1.0
camera-mattarellum-1993-corrected,LOMBARDIA 2,2,MARZIO,whole,,198,MARZIO,1.0
camera-mattarellum-1993-corrected,LOMBARDIA 2,2,MASCIAGO PRIMO,whole,,198,MASCIAGO PRIMO,1.0
camera-mattarellum-1993-corrected,LOMBARDIA 2,2,MESENZANA,whole,,198,MESENZANA,1.0
camera-mattarellum-1993-corrected,LOMBARDIA 2,2,MONTEGRINO VALTRAVAGLIA,whole,,198,MONTEGRINO VALTRAVAGLIA,1.0
camera-mattarellum-1993-corrected,LOMBARDIA 2,2,MONVALLE,whole,,198,MONVALLE,1.0
camera-mattarellum-1993-corrected,LOMBARDIA 2,2,ORINO,whole,,198,OR 1INO,0.833
camera-mattarellum-1993-corrected,LOMBARDIA 2,2,PINO SULLA SPONDA DEL LAGO MAGGIORE,whole,,198,PINO SULLA SPONDA DEL LAGO MAGGIOR,0.967
camera-mattarellum-1993-corrected,LOMBARDIA 2,2,PORTO CERESIO,whole,,198,PORTO CERESIO,1.0
camera-mattarellum-1993-corrected,LOMBARDIA 2,2,PORTO VALTRAVAGLIA,whole,,198,PORTO VALTRAVAGLIA,1.0
camera-mattarellum-1993-corrected,LOMBARDIA 2,2,RANCIO VALCUVIA,whole,,198,RANCIO VALCUVIA,1.0
camera-mattarellum-1993-corrected,LOMBARDIA 2,2,SALTRIO,whole,,198,SALTRIO,1.0
camera-mattarellum-1993-corrected,LOMBARDIA 2,2,TRONZANO LAGO MAGGIORE,whole,,198,TRONZANO LAGO MAGGIORE,1.0
camera-mattarellum-1993-corrected,LOMBARDIA 2,2,VALGANNA,whole,,198,VALGANNA,1.0
camera-mattarellum-1993-corrected,LOMBARDIA 2,2,VEDDASCA,whole,,198,VEDDA SCA,1.0
camera-mattarellum-1993-corrected,LOMBARDIA 2,3,ALBIZZATE,whole,,199,ALBIZZATE,1.0
camera-mattarellum-1993-corrected,LOMBARDIA 2,3,CAIRATE,whole,,199,CAIRATE,1.0
camera-mattarellum-1993-corrected,LOMBARDIA 2,3,CARNAGO,whole,,199,CARNAGG,0.857
camera-mattarellum-1993-corrected,LOMBARDIA 2,3,CARONNO VARESINO,whole,,199,CARONNO VARESINO,1.0
camera-mattarellum-1993-corrected,LOMBARDIA 2,3,CASTELSEPRIO,whole,,199,CASTELSEPRIO,1.0
camera-mattarellum-1993-corrected,LOMBARDIA 2,3,CASTIGLIONE OLONA,whole,,199,CASTIGLIONE OLONA,1.0
camera-mattarellum-1993-corrected,LOMBARDIA 2,3,FAGNANO OLONA,whole,,199,FAGNANO DLONA,0.917
camera-mattarellum-1993-corrected,LOMBARDIA 2,3,GORNATE OLONA,whole,,199,GORNATE- OLONA,1.0
camera-mattarellum-1993-corrected,LOMBARDIA 2,3,LONATE CEPPINO,whole,,199,LONATE CEPPINO,1.0
camera-mattarellum-1993-corrected,LOMBARDIA 2,3,MALNATE,whole,,199,MALNATE,1.0
camera-mattarellum-1993-corrected,LOMBARDIA 2,3,MORAZZONE,whole,,199,MORAZZONE,1.0
camera-mattarellum-1993-corrected,LOMBARDIA 2,3,OLGIATE OLONA,whole,,199,ULGIATE OLONA,0.917
camera-mattarellum-1993-corrected,LOMBARDIA 2,3,SOLBIATE ARNO,whole,,199,SULBIATE ARNO,0.917
camera-mattarellum-1993-corrected,LOMBARDIA 2,3,SOLBIATE OLONA,whole,,199,SOLBIATE OLONA,1.0
camera-mattarellum-1993-corrected,LOMBARDIA 2,3,TRADATE,whole,,199,TRADATE,1.0
camera-mattarellum-1993-corrected,LOMBARDIA 2,3,VEDANO OLONA,whole,,199,VEDANO OGLONA,0.917
camera-mattarellum-1993-corrected,LOMBARDIA 2,3,VENEGONO INFERIORE,whole,,199,VENEGONO INFERIORE,1.0
camera-mattarellum-1993-corrected,LOMBARDIA 2,3,VENEGONO SUPERIORE,whole,,199,VENEGONO SUPERIORE,1.0
camera-mattarellum-1993-corrected,LOMBARDIA 2,4,ANGERA,whole,,199,ANGERA,1.0
camera-mattarellum-1993-corrected,LOMBARDIA 2,4,AZZATE,whole,,199,AZZATE,1.0
camera-mattarellum-1993-corrected,LOMBARDIA 2,4,BARASSO,whole,,199,BARASSO,1.0
camera-mattarellum-1993-corrected,LOMBARDIA 2,4,BARDELLO,whole,,199,BARDELLO,1.0
camera-mattarellum-1993-corrected,LOMBARDIA 2,4,BESOZZO,whole,,199,BE SOZZO,1.0
camera-mattarellum-1993-corrected,LOMBARDIA 2,4,BIANDRONNO,whole,,199,BIANDR ONNO,1.0
camera-mattarellum-1993-corrected,LOMBARDIA 2,4,BODIO LOMNAGO,whole,,199,BODIO LOMNAGO,1.0
camera-mattarellum-1993-corrected,LOMBARDIA 2,4,BREBBIA,whole,,199,BREBBIA,1.0
camera-mattarellum-1993-corrected,LOMBARDIA 2,4,BREGANO,whole,,199,BREGANO,1.0
camera-mattarellum-1993-corrected,LOMBARDIA 2,4,BRUNELLO,whole,,199,BRUNELLO,1.0
camera-mattarellum-1993-corrected,LOMBARDIA 2,4,CADREZZATE,whole,,199,CADREZZATE,1.0
camera-mattarellum-1993-corrected,LOMBARDIA 2,4,CASALE LITTA,whole,,199,CASALE LITTA,1.0
camera-mattarellum-1993-corrected,LOMBARDIA 2,4,CASTRONNO,whole,,199,CASTRONNO,1.0
camera-mattarellum-1993-corrected,LOMBARDIA 2,4,CAZZAGO BRABBIA,whole,,199,CAZZAGO BRABBIA,1.0
camera-mattarellum-1993-corrected,LOMBARDIA 2,4,COCQUIO-TREVISAGO,whole,,199,COCQUIO-TREVISAGOA,0.941
camera-mattarellum-1993-corrected,LOMBARDIA 2,4,COMABBIO,whole,,199,COMARBIO,0.875
camera-mattarellum-1993-corrected,LOMBARDIA 2,4,COMERIO,whole,,199,COMERTO,0.857
camera-mattarellum-1993-corrected,LOMBARDIA 2,4,CROSIO DELLA VALLE,whole,,199,CROSIOD DELLA VALLE,0.941
camera-mattarellum-1993-corrected,LOMBARDIA 2,4,DAVERIO,whole,,199,DAVERITO,0.875
camera-mattarellum-1993-corrected,LOMBARDIA 2,4,GALLIATE LOMBARDO,whole,,199,GALLIATE LOMBARDO,1.0
camera-mattarellum-1993-corrected,LOMBARDIA 2,4,GAVIRATE,whole,,199,GAVIRATE,1.0
camera-mattarellum-1993-corrected,LOMBARDIA 2,4,INARZO,whole,,199,INARZO,1.0
camera-mattarellum-1993-corrected,LOMBARDIA 2,4,ISPRA,whole,,199,ISPRA,1.0
camera-mattarellum-1993-corrected,LOMBARDIA 2,4,LUVINATE,whole,,199,LUVINATE,1.0
camera-mattarellum-1993-corrected,LOMBARDIA 2,4,MALGESSO,whole,,199,MAL GESSO,1.0
camera-mattarellum-1993-corrected,LOMBARDIA 2,4,MERCALLO,whole,,199,MERCALLO,1.0
camera-mattarellum-1993-corrected,LOMBARDIA 2,4,MORNAGO,whole,,199,MORNAGO,1.0
camera-mattarellum-1993-corrected,LOMBARDIA 2,4,OSMATE,whole,,199,OSMATE,1.0
camera-mattarellum-1993-corrected,LOMBARDIA 2,4,RANCO,whole,,199,RANCO,1.0
camera-mattarellum-1993-corrected,LOMBARDIA 2,4,SESTO CALENDE,whole,,199,SESTO CALENDE,1.0
camera-mattarellum-1993-corrected,LOMBARDIA 2,4,SUMIRAGO,whole,,199,SUMIRAGO,1.0
camera-mattarellum-1993-corrected,LOMBARDIA 2,4,TAINO,whole,,199,TAINO,1.0
camera-mattarellum-1993-corrected,LOMBARDIA 2,4,TERNATE,whole,,199,TERNATE,1.0
camera-mattarellum-1993-corrected,LOMBARDIA 2,4,TRAVEDONA-MONATE,whole,,199,TRAVE DONA-MONATE,1.0
camera-mattarellum-1993-corrected,LOMBARDIA 2,4,VARANO BORGHI,whole,,199,VARANO BORGHI,1.0
camera-mattarellum-1993-corrected,LOMBARDIA 2,4,VERGIATE,whole,,199,VERGIATE,1.0
camera-mattarellum-1993-corrected,LOMBARDIA 2,4,SANGIANO,whole,,199,SANGIANO,1.0
camera-mattarellum-1993-corrected,LOMBARDIA 2,5,ARSAGO SEPRIO,whole,,199,ARSAGO SEPRIO,1.0
camera-mattarellum-1993-corrected,LOMBARDIA 2,5,BESNATE,whole,,199,BESNATE,1.0
camera-mattarellum-1993-corrected,LOMBARDIA 2,5,CARDANO AL CAMPO,whole,,199,CARDANO AL CAMPO,1.0
camera-mattarellum-1993-corrected,LOMBARDIA 2,5,CASORATE SEMPIONE,whole,,199,CASORATE SEMPIONE,1.0
camera-mattarellum-1993-corrected,LOMBARDIA 2,5,CASSANO MAGNAGO,whole,,199,CASSANO MAGNAGO,1.0
camera-mattarellum-1993-corrected,LOMBARDIA 2,5,CAVARIA CON PREMEZZO,whole,,199,CAVARIA CON PREMEZZO,1.0
camera-mattarellum-1993-corrected,LOMBARDIA 2,5,GALLARATE,whole,,199,GALLARATE,1.0
camera-mattarellum-1993-corrected,LOMBARDIA 2,5,GOLASECCA,whole,,199,GOLASETCA,0.889
camera-mattarellum-1993-corrected,LOMBARDIA 2,5,JERAGO CON ORAGO,whole,,200,JERAGG CON ORAGO,0.929
camera-mattarellum-1993-corrected,LOMBARDIA 2,5,OGGIONA CON SANTO STEFANO,whole,,200,OGGIONA CON SANTO STEFANO,1.0
camera-mattarellum-1993-corrected,LOMBARDIA 2,5,SOMMA LOMBARDO,whole,,200,SOMMA LOMBARDO,1.0
camera-mattarellum-1993-corrected,LOMBARDIA 2,6,BUSTO ARSIZIO,whole,,200,BUSTO ARSIZIO,1.0
camera-mattarellum-1993-corrected,LOMBARDIA 2,6,CASTELLANZA,whole,,200,CASTELLANZA,1.0
camera-mattarellum-1993-corrected,LOMBARDIA 2,6,FERNO,whole,,200,FERNO,1.0
camera-mattarellum-1993-corrected,LOMBARDIA 2,6,LONATE POZZOLO,whole,,200,LONATE POZZOLO,1.0
camera-mattarellum-1993-corrected,LOMBARDIA 2,6,SAMARATE,whole,,200,SAMARATE,1.0
camera-mattarellum-1993-corrected,LOMBARDIA 2,6,VIZZOLA TICINO,whole,,200,VIZZOLA TIiCiNO,0.929
camera-mattarellum-1993-corrected,LOMBARDIA 2,7,CARONNO PERTUSELLA,whole,,200,CARONNO PERTUSELLA,1.0
camera-mattarellum-1993-corrected,LOMBARDIA 2,7,CISLAGO,whole,,200,CiSLAGO,1.0
camera-mattarellum-1993-corrected,LOMBARDIA 2,7,GERENZANO,whole,,200,GERENZANO,1.0
camera-mattarellum-1993-corrected,LOMBARDIA 2,7,GORLA MAGGIORE,whole,,200,GORLA HAGGIORE,1.0
camera-mattarellum-1993-corrected,LOMBARDIA 2,7,GORLA MINORE,whole,,200,GORLA MINORE,1.0
camera-mattarellum-1993-corrected,LOMBARDIA 2,7,MARNATE,whole,,200,MARNATE,1.0
camera-mattarellum-1993-corrected,LOMBARDIA 2,7,ORIGGIO,whole,,200,ORIGGIO,1.0
camera-mattarellum-1993-corrected,LOMBARDIA 2,7,SARONNO,whole,,200,SARONNO,1.0
camera-mattarellum-1993-corrected,LOMBARDIA 2,7,UBOLDO,whole,,200,UBOL DO,1.0
camera-mattarellum-1993-corrected,LOMBARDIA 2,7,CARBONATE,whole,,200,CARBONATE,1.0
camera-mattarellum-1993-corrected,LOMBARDIA 2,7,LIMIDO COMASCO,whole,,200,LIMIDO COMASCO,1.0
camera-mattarellum-1993-corrected,LOMBARDIA 2,7,LOCATE VARESINO,whole,,200,LOCATE YARESINO,0.929
camera-mattarellum-1993-corrected,LOMBARDIA 2,7,MOZZATE,whole,,200,MOZZATE,1.0
camera-mattarellum-1993-corrected,LOMBARDIA 2,7,ROVELLO PORRO,whole,,200,ROVELLO PORRO,1.0
camera-mattarellum-1993-corrected,LOMBARDIA 2,7,TURATE,whole,,200,TURATE,1.0
camera-mattarellum-1993-corrected,LOMBARDIA 2,8,ARGEGNO,whole,,200,ARGEGNO,1.0
camera-mattarellum-1993-corrected,LOMBARDIA 2,8,BLESSAGNO,whole,,200,BLE SSAGNO,1.0
camera-mattarellum-1993-corrected,LOMBARDIA 2,8,BLEVIO,whole,,200,BLEVIO,1.0
camera-mattarellum-1993-corrected,LOMBARDIA 2,8,BRIENNO,whole,,200,BRIENNO,1.0
camera-mattarellum-1993-corrected,LOMBARDIA 2,8,BRUNATE,whole,,200,BRUNATE,1.0
camera-mattarellum-1993-corrected,LOMBARDIA 2,8,CAMPIONE D'ITALIA,whole,,200,CAMPIONE D'ITALIA,1.0
camera-mattarellum-1993-corrected,LOMBARDIA 2,8,CARATE URIO,whole,,200,CARATE URIO,1.0
camera-mattarellum-1993-corrected,LOMBARDIA 2,8,CASASCO D'INTELVI,whole,,200,CASASCO D'INTELVI,1.0
camera-mattarellum-1993-corrected,LOMBARDIA 2,8,CASTIGLIONE D'INTELVI,whole,,200,CASTIGLIONE D'INTELVI,1.0
camera-mattarellum-1993-corrected,LOMBARDIA 2,8,CERANO D'INTELVI,whole,,200,CERANO D'’INTELVI,1.0
camera-mattarellum-1993-corrected,LOMBARDIA 2,8,CERNOBBIO,whole,,200,CERNOBB1IO,0.9
camera-mattarellum-1993-corrected,LOMBARDIA 2,8,CLAINO CON OSTENO,whole,,200,CLAINO CON OSTENO,1.0
camera-mattarellum-1993-corrected,LOMBARDIA 2,8,COMO,whole,,200,COMO,1.0
camera-mattarellum-1993-corrected,LOMBARDIA 2,8,DIZZASCO,whole,,200,DIZZASCO,1.0
camera-mattarellum-1993-corrected,LOMBARDIA 2,8,LAGLIO,whole,,200,LAGLIO,1.0
camera-mattarellum-1993-corrected,LOMBARDIA 2,8,LAINO,whole,,200,LAINO,1.0
camera-mattarellum-1993-corrected,LOMBARDIA 2,8,LANZO D'INTELVI,whole,,200,LANZO D'INTELVI,1.0
camera-mattarellum-1993-corrected,LOMBARDIA 2,8,LIPOMO,whole,,200,LIPOMO,1.0
camera-mattarellum-1993-corrected,LOMBARDIA 2,8,MASLIANICO,whole,,200,HASLI1ANICO,0.909
camera-mattarellum-1993-corrected,LOMBARDIA 2,8,MOLTRASIO,whole,,200,HOLTRASIO,1.0
camera-mattarellum-1993-corrected,LOMBARDIA 2,8,PELLIO INTELVI,whole,,200,PELLIO INTELVI,1.0
camera-mattarellum-1993-corrected,LOMBARDIA 2,8,PIGRA,whole,,200,P3IGRA,1.0
camera-mattarellum-1993-corrected,LOMBARDIA 2,8,PONNA,whole,,200,PONNA,1.0
camera-mattarellum-1993-corrected,LOMBARDIA 2,8,RAMPONIO VERNA,whole,,200,RAMPONIO VERNA,1.0
camera-mattarellum-1993-corrected,LOMBARDIA 2,8,SAN FEDELE INTELVI,whole,,200,SAN FEDELE INTELVI,1.0
camera-mattarellum-1993-corrected,LOMBARDIA 2,8,SCHIGNANO,whole,,200,SCH1IGNANO,0.9
camera-mattarellum-1993-corrected,LOMBARDIA 2,8,TAVERNERIO,whole,,200,TAVERNERIO,1.0
camera-mattarellum-1993-corrected,LOMBARDIA 2,9,BREGNANO,whole,,200,BREGNANO,1.0
camera-mattarellum-1993-corrected,LOMBARDIA 2,9,CABIATE,whole,,200,CABIATE,1.0
camera-mattarellum-1993-corrected,LOMBARDIA 2,9,CADORAGO,whole,,200,CADORAGO,1.0
camera-mattarellum-1993-corrected,LOMBARDIA 2,9,CANTU',whole,,200,CANTU!,1.0
camera-mattarellum-1993-corrected,LOMBARDIA 2,9,CAPIAGO INTIMIANO,whole,,200,CAPIAGO INTIMIANO,1.0
camera-mattarellum-1993-corrected,LOMBARDIA 2,9,CARIMATE,whole,,200,CARIMATE,1.0
camera-mattarellum-1993-corrected,LOMBARDIA 2,9,CASNATE CON BERNATE,whole,,201,CASNATE CON BERNATE,1.0
camera-mattarellum-1993-corrected,LOMBARDIA 2,9,CERMENATE,whole,,201,CERMENATE,1.0
camera-mattarellum-1993-corrected,LOMBARDIA 2,9,CUCCIAGO,whole,,201,CUCCIAGO,1.0
camera-mattarellum-1993-corrected,LOMBARDIA 2,9,FIGINO SERENZA,whole,,201,FIGINO SERENZA,1.0
camera-mattarellum-1993-corrected,LOMBARDIA 2,9,FINO MORNASCO,whole,,201,FINO MORNASCO,1.0
camera-mattarellum-1993-corrected,LOMBARDIA 2,9,MARIANO COMENSE,whole,,201,MARTANO COMENSE,0.929
camera-mattarellum-1993-corrected,LOMBARDIA 2,9,NOVEDRATE,whole,,201,NOVEDRATE,1.0
camera-mattarellum-1993-corrected,LOMBARDIA 2,9,SENNA COMASCO,whole,,201,SENNA COMASCO,1.0
camera-mattarellum-1993-corrected,LOMBARDIA 2,9,VERTEMATE CON MINOPRIO,whole,,201,VERTENMATE CON MINOPRIO,0.952
camera-mattarellum-1993-corrected,LOMBARDIA 2,10,ALBAVILLA,whole,,201,ALBAVILLA,1.0
camera-mattarellum-1993-corrected,LOMBARDIA 2,10,ALBESE CON CASSANO,whole,,201,ALBESE CON CASSANO,1.0
camera-mattarellum-1993-corrected,LOMBARDIA 2,10,ALSERIO,whole,,201,ALSERIO,1.0
camera-mattarellum-1993-corrected,LOMBARDIA 2,10,ALZATE BRIANZA,whole,,201,ALZATE BRIANZA,1.0
camera-mattarellum-1993-corrected,LOMBARDIA 2,10,ANZANO DEL PARCO,whole,,201,ANZANO DEL PARCO,1.0
camera-mattarellum-1993-corrected,LOMBARDIA 2,10,AROSIO,whole,,201,AROSIO,1.0
camera-mattarellum-1993-corrected,LOMBARDIA 2,10,ASSO,whole,,201,ASSO,1.0
camera-mattarellum-1993-corrected,LOMBARDIA 2,10,BARNI,whole,,201,BARNI,1.0
camera-mattarellum-1993-corrected,LOMBARDIA 2,10,BELLAGIO,whole,,201,BELLAGIO,1.0
camera-mattarellum-1993-corrected,LOMBARDIA 2,10,BRENNA,whole,,201,BRENNA,1.0
camera-mattarellum-1993-corrected,LOMBARDIA 2,10,,whole,,201,CAGLIQG,0.714
camera-mattarellum-1993-corrected,LOMBARDIA 2,10,CANZO,whole,,201,CANZO,1.0
camera-mattarellum-1993-corrected,LOMBARDIA 2,10,CARUGO,whole,,201,CARUGO,1.0
camera-mattarellum-1993-corrected,LOMBARDIA 2,10,CASLINO D'ERBA,whole,,201,CASLINO D'ERBA,1.0
camera-mattarellum-1993-corrected,LOMBARDIA 2,10,CASTELMARTE,whole,,201,CASTELMARTE,1.0
camera-mattarellum-1993-corrected,LOMBARDIA 2,10,CIVENNA,whole,,201,CIVENNA,1.0
camera-mattarellum-1993-corrected,LOMBARDIA 2,10,ERBA,whole,,201,ERBA,1.0
camera-mattarellum-1993-corrected,LOMBARDIA 2,10,EUPILIO,whole,,201,EUPILIO,1.0
camera-mattarellum-1993-corrected,LOMBARDIA 2,10,FAGGETO LARIO,whole,,201,FAGGETO LARIO,1.0
camera-mattarellum-1993-corrected,LOMBARDIA 2,10,INVERIGO,whole,,201,INVERIGO,1.0
camera-mattarellum-1993-corrected,LOMBARDIA 2,10,LAMBRUGO,whole,,201,LAMBRUGO,1.0
camera-mattarellum-1993-corrected,LOMBARDIA 2,10,LASNIGO,whole,,201,LASNIGO,1.0
camera-mattarellum-1993-corrected,LOMBARDIA 2,10,LEZZENO,whole,,201,LEZZENO,1.0
camera-mattarellum-1993-corrected,LOMBARDIA 2,10,LONGONE AL SEGRINO,whole,,201,LONGONE AL SEGRINO,1.0
camera-mattarellum-1993-corrected,LOMBARDIA 2,10,LURAGO D'ERBA,whole,,201,LURAGO D'ERBA,1.0
camera-mattarellum-1993-corrected,LOMBARDIA 2,10,MAGREGLIO,whole,,201,MAGREGLIO,1.0
camera-mattarellum-1993-corrected,LOMBARDIA 2,10,MERONE,whole,,201,MERONE,1.0
camera-mattarellum-1993-corrected,LOMBARDIA 2,10,MONGUZZO,whole,,201,MONGUZZO,1.0
camera-mattarellum-1993-corrected,LOMBARDIA 2,10,MONTORFANO,whole,,201,MONTORF ANO,1.0
camera-mattarellum-1993-corrected,LOMBARDIA 2,10,NESSO,whole,,201,NESSO,1.0
camera-mattarellum-1993-corrected,LOMBARDIA 2,10,ORSENIGO,whole,,201,DRSENIGO,0.875
camera-mattarellum-1993-corrected,LOMBARDIA 2,10,POGNANA LARIO,whole,,201,POGNANA LARIU,0.917
camera-mattarellum-1993-corrected,LOMBARDIA 2,10,PONTE LAMBRO,whole,,201,PONTE LAMBRO,1.0
camera-mattarellum-1993-corrected,LOMBARDIA 2,10,PROSERPIO,whole,,201,PROSERPIO,1.0
camera-mattarellum-1993-corrected,LOMBARDIA 2,10,PUSIANO,whole,,201,PUSIANO,1.0
camera-mattarellum-1993-corrected,LOMBARDIA 2,10,REZZAGO,whole,,201,REZZAGO,1.0
camera-mattarellum-1993-corrected,LOMBARDIA 2,10,SORMANO,whole,,201,SORMANO,1.0
camera-mattarellum-1993-corrected,LOMBARDIA 2,10,TORNO,whole,,201,TORNO,1.0
camera-mattarellum-1993-corrected,LOMBARDIA 2,10,VALBRONA,whole,,201,VALBRONA,1.0
camera-mattarellum-1993-corrected,LOMBARDIA 2,10,VELESO,whole,,201,VELESO,1.0
camera-mattarellum-1993-corrected,LOMBARDIA 2,10,ZELBIO,whole,,201,ZELBIO,1.0
camera-mattarellum-1993-corrected,LOMBARDIA 2,10,COSTA MASNAGA,whole,,201,COSTA MASNAGA,1.0
camera-mattarellum-1993-corrected,LOMBARDIA 2,10,NIBIONNO,whole,,201,NIBIONNO,1.0
camera-mattarellum-1993-corrected,LOMBARDIA 2,10,OLIVETO LARIO,whole,,201,OLIVETO LARIO,1.0
camera-mattarellum-1993-corrected,LOMBARDIA 2,10,ROGENO,whole,,201,ROGENO,1.0
camera-mattarellum-1993-corrected,LOMBARDIA 2,11,ALBIOLO,whole,,201,ALBIOLO,1.0
camera-mattarellum-1993-corrected,LOMBARDIA 2,11,APPIANO GENTILE,whole,,201,APPIANO GENTILE,1.0
camera-mattarellum-1993-corrected,LOMBARDIA 2,11,BEREGAZZO CON FIGLIARO,whole,,201,BEREGAZZO CON FIGLIARO,1.0
camera-mattarellum-1993-corrected,LOMBARDIA 2,11,BINAGO,whole,,201,BI1NAGO,0.857
camera-mattarellum-1993-corrected,LOMBARDIA 2,11,BIZZARONE,whole,,201,BI12ZZARONE,0.9
camera-mattarellum-1993-corrected,LOMBARDIA 2,11,BULGAROGRASSO,whole,,201,BULGAROGRASSO,1.0
camera-mattarellum-1993-corrected,LOMBARDIA 2,11,CAGNO,whole,,201,CAGNO,1.0
camera-mattarellum-1993-corrected,LOMBARDIA 2,11,CASSINA RIZZARDI,whole,,201,CASSINA RIZZARDI,1.0
camera-mattarellum-1993-corrected,LOMBARDIA 2,11,CASTELNUOVO BOZZENTE,whole,,201,CASTELNUOVO BOZZENTE,1.0
camera-mattarellum-1993-corrected,LOMBARDIA 2,11,CAVALLASCA,whole,,202,CAVALLASCA,1.0
camera-mattarellum-1993-corrected,LOMBARDIA 2,11,CIRIMIDO,whole,,202,CIRIMIDO,1.0
camera-mattarellum-1993-corrected,LOMBARDIA 2,11,DREZZO,whole,,202,BREZZO,0.833
camera-mattarellum-1993-corrected,LOMBARDIA 2,11,FALOPPIO,whole,,202,FALOPPIO,1.0
camera-mattarellum-1993-corrected,LOMBARDIA 2,11,FENEGRO',whole,,202,FENEGRO*,1.0
camera-mattarellum-1993-corrected,LOMBARDIA 2,11,GIRONICO,whole,,202,GIRONICO,1.0
camera-mattarellum-1993-corrected,LOMBARDIA 2,11,GRANDATE,whole,,202,GRANDATE,1.0
camera-mattarellum-1993-corrected,LOMBARDIA 2,11,GUANZATE,whole,,202,GUANZATE,1.0
camera-mattarellum-1993-corrected,LOMBARDIA 2,11,LOMAZZO,whole,,202,LOMAZZO,1.0
camera-mattarellum-1993-corrected,LOMBARDIA 2,11,LUISAGO,whole,,202,LU1SAGO,1.0
camera-mattarellum-1993-corrected,LOMBARDIA 2,11,LURAGO MARINONE,whole,,202,LURAGO MAR INONE,1.0
camera-mattarellum-1993-corrected,LOMBARDIA 2,11,LURATE CACCIVIO,whole,,202,LURATE CACCIYVIO,0.933
camera-mattarellum-1993-corrected,LOMBARDIA 2,11,MONTANO LUCINO,whole,,202,MONTANO LUCINO,1.0
camera-mattarellum-1993-corrected,LOMBARDIA 2,11,OLGIATE COMASCO,whole,,202,OLGIATE COMASCO,1.0
camera-mattarellum-1993-corrected,LOMBARDIA 2,11,OLTRONA DI SAN MAMETTE,whole,,202,OLTRONA DI SAN MAMETTE,1.0
camera-mattarellum-1993-corrected,LOMBARDIA 2,11,PARE',whole,,202,PARE*,1.0
camera-mattarellum-1993-corrected,LOMBARDIA 2,11,RODERO,whole,,202,RODERO,1.0
camera-mattarellum-1993-corrected,LOMBARDIA 2,11,RONAGO,whole,,202,RONAGO,1.0
camera-mattarellum-1993-corrected,LOMBARDIA 2,11,ROVELLASCA,whole,,202,ROVELLASCA,1.0
camera-mattarellum-1993-corrected,LOMBARDIA 2,11,SAN FERMO DELLA BATTAGLIA,whole,,202,SAN FERMO DELLA BATTAGLIA,1.0
camera-mattarellum-1993-corrected,LOMBARDIA 2,11,SOLBIATE,whole,,202,SOLBIATE,1.0
camera-mattarellum-1993-corrected,LOMBARDIA 2,11,UGGIATE-TREVANO,whole,,202,UGGIATE- -TREVANO,1.0
camera-mattarellum-1993-corrected,LOMBARDIA 2,11,VALMOREA,whole,,202,YVALMOREA,0.889
camera-mattarellum-1993-corrected,LOMBARDIA 2,11,VENIANO,whole,,202,VENIANO,1.0
camera-mattarellum-1993-corrected,LOMBARDIA 2,11,VILLA GUARDIA,whole,,202,VILLA GUARDIA,1.0
camera-mattarellum-1993-corrected,LOMBARDIA 2,12,BENE LARIO,whole,,202,BENE LARIO,1.0
camera-mattarellum-1993-corrected,LOMBARDIA 2,12,CARLAZZO,whole,,202,CARLAZZO,1.0
camera-mattarellum-1993-corrected,LOMBARDIA 2,12,CAVARGNA,whole,,202,CAVARGNA,1.0
camera-mattarellum-1993-corrected,LOMBARDIA 2,12,COLONNO,whole,,202,COLONNO,1.0
camera-mattarellum-1993-corrected,LOMBARDIA 2,12,CONSIGLIO DI RUMO,whole,,202,CONSIGLIO DI RuUMO,0.938
camera-mattarellum-1993-corrected,LOMBARDIA 2,12,CORRIDO,whole,,202,CORRITDO,0.875
camera-mattarellum-1993-corrected,LOMBARDIA 2,12,CREMIA,whole,,202,CREMIA,1.0
camera-mattarellum-1993-corrected,LOMBARDIA 2,12,CUSINO,whole,,202,CUSINO,1.0
camera-mattarellum-1993-corrected,LOMBARDIA 2,12,DOMASO,whole,,202,DOMASO,1.0
camera-mattarellum-1993-corrected,LOMBARDIA 2,12,DONGO,whole,,202,DONGO,1.0
camera-mattarellum-1993-corrected,LOMBARDIA 2,12,DOSSO DEL LIRO,whole,,202,DOSSO DEL LIRO,1.0
camera-mattarellum-1993-corrected,LOMBARDIA 2,12,GARZENO,whole,,202,GARZE NO,1.0
camera-mattarellum-1993-corrected,LOMBARDIA 2,12,GERA LARIO,whole,,202,GERA LARIO,1.0
camera-mattarellum-1993-corrected,LOMBARDIA 2,12,GERMASINO,whole,,202,GCERMASINO,0.9
camera-mattarellum-1993-corrected,LOMBARDIA 2,12,GRANDOLA ED UNITI,whole,,202,GRANDOLA ED UNITI,1.0
camera-mattarellum-1993-corrected,LOMBARDIA 2,12,GRAVEDONA,whole,,202,GRAVE DONA,1.0
camera-mattarellum-1993-corrected,LOMBARDIA 2,12,GRIANTE,whole,,202,GRIANTE,1.0
camera-mattarellum-1993-corrected,LOMBARDIA 2,12,LENNO,whole,,202,LE NNO,1.0
camera-mattarellum-1993-corrected,LOMBARDIA 2,12,LIVO,whole,,202,LIVO,1.0
camera-mattarellum-1993-corrected,LOMBARDIA 2,12,MENAGGIO,whole,,202,MENAGGIO,1.0
camera-mattarellum-1993-corrected,LOMBARDIA 2,12,MEZZEGRA,whole,,202,MEZZEGRA,1.0
camera-mattarellum-1993-corrected,LOMBARDIA 2,12,MONTEMEZZO,whole,,202,MONTEMEZZO,1.0
camera-mattarellum-1993-corrected,LOMBARDIA 2,12,MUSSO,whole,,202,MUSSO,1.0
camera-mattarellum-1993-corrected,LOMBARDIA 2,12,PEGLIO,whole,,202,PEGLIO,1.0
camera-mattarellum-1993-corrected,LOMBARDIA 2,12,PIANELLO DEL LARIO,whole,,202,PIANELLO DEL LARIO,1.0
camera-mattarellum-1993-corrected,LOMBARDIA 2,12,PLESIO,whole,,202,PLESIO,1.0
camera-mattarellum-1993-corrected,LOMBARDIA 2,12,PORLEZZA,whole,,202,PORLEZZA,1.0
camera-mattarellum-1993-corrected,LOMBARDIA 2,12,SALA COMACINA,whole,,202,SALA COMACINA,1.0
camera-mattarellum-1993-corrected,LOMBARDIA 2,12,SAN BARTOLOMEO VAL CAVARGNA,whole,,202,SAN BARTOLOMEO VAL CAVARGNA,1.0
camera-mattarellum-1993-corrected,LOMBARDIA 2,12,SAN NAZZARO VAL CAVARGNA,whole,,202,SAN NAZZARO VAL CAVARGNA,1.0
camera-mattarellum-1993-corrected,LOMBARDIA 2,12,SANT'ABBONDIO,whole,,202,SANT'ABBONDIO-,1.0
camera-mattarellum-1993-corrected,LOMBARDIA 2,12,SANTA MARIA REZZONICO,whole,,202,SANTA MARIA REZZONICO,1.0
camera-mattarellum-1993-corrected,LOMBARDIA 2,12,SORICO,whole,,202,SORICO,1.0
camera-mattarellum-1993-corrected,LOMBARDIA 2,12,STAZZONA,whole,,202,STAZZONA,1.0
camera-mattarellum-1993-corrected,LOMBARDIA 2,12,TREMEZZO,whole,,202,TREMEZZO,1.0
camera-mattarellum-1993-corrected,LOMBARDIA 2,12,TREZZONE,whole,,202,TREZZONE,1.0
camera-mattarellum-1993-corrected,LOMBARDIA 2,12,VAL REZZO,whole,,202,VAL REZZO,1.0
camera-mattarellum-1993-corrected,LOMBARDIA 2,12,VALSOLDA,whole,,202,VALSUOL DA,0.889
camera-mattarellum-1993-corrected,LOMBARDIA 2,12,VERCANA,whole,,202,VERCANA,1.0
camera-mattarellum-1993-corrected,LOMBARDIA 2,12,ALBAREDO PER SAN MARCO,whole,,202,ALRAREDO PER SAN MARCO,0.947
camera-mattarellum-1993-corrected,LOMBARDIA 2,12,ANDALO VALTELLINO,whole,,203,ANDALO YVALTELLINO,0.941
camera-mattarellum-1993-corrected,LOMBARDIA 2,12,BEMA,whole,,203,BEMA,1.0
camera-mattarellum-1993-corrected,LOMBARDIA 2,12,CAMPODOLCINO,whole,,203,CAMPODOLCINO,1.0
camera-mattarellum-1993-corrected,LOMBARDIA 2,12,CERCINO,whole,,203,CERCINO,1.0
camera-mattarellum-1993-corrected,LOMBARDIA 2,12,CHIAVENNA,whole,,203,CHIAVENNA,1.0
camera-mattarellum-1993-corrected,LOMBARDIA 2,12,TAINO,whole,,203,TINO,0.8
camera-mattarellum-1993-corrected,LOMBARDIA 2,12,COSIO VALTELLINO,whole,,203,COSIO VALTELLINO,1.0
camera-mattarellum-1993-corrected,LOMBARDIA 2,12,DAZIO,whole,,203,DpAZIO,0.833
camera-mattarellum-1993-corrected,LOMBARDIA 2,12,DELEBIO,whole,,203,DELEBIO,1.0
camera-mattarellum-1993-corrected,LOMBARDIA 2,12,DUBINO,whole,,203,DUB INOQ,0.857
camera-mattarellum-1993-corrected,LOMBARDIA 2,12,GEROLA ALTA,whole,,203,GEROLA ALTA,1.0
camera-mattarellum-1993-corrected,LOMBARDIA 2,12,GORDONA,whole,,203,GOURDONA,0.875
camera-mattarellum-1993-corrected,LOMBARDIA 2,12,MADESIMO,whole,,203,MADESIMO,1.0
camera-mattarellum-1993-corrected,LOMBARDIA 2,12,MANTELLO,whole,,203,MANTELLO,1.0
camera-mattarellum-1993-corrected,LOMBARDIA 2,12,MELLO,whole,,203,MELLO,1.0
camera-mattarellum-1993-corrected,LOMBARDIA 2,12,MENAROLA,whole,,203,MENAROLA,1.0
camera-mattarellum-1993-corrected,LOMBARDIA 2,12,MESE,whole,,203,MESE,1.0
camera-mattarellum-1993-corrected,LOMBARDIA 2,12,MORBEGNO,whole,,203,MOR BEGNO,1.0
camera-mattarellum-1993-corrected,LOMBARDIA 2,12,NOVATE MEZZOLA,whole,,203,NOVATE MEZZOLA,1.0
camera-mattarellum-1993-corrected,LOMBARDIA 2,12,PEDESINA,whole,,203,PEDESINA,1.0
camera-mattarellum-1993-corrected,LOMBARDIA 2,12,PIANTEDO,whole,,203,PIANTEDO,1.0
camera-mattarellum-1993-corrected,LOMBARDIA 2,12,PIURO,whole,,203,PIURO,1.0
camera-mattarellum-1993-corrected,LOMBARDIA 2,12,PRATA CAMPORTACCIO,whole,,203,PRATA CANMPORTACCIO,0.944
camera-mattarellum-1993-corrected,LOMBARDIA 2,12,RASURA,whole,,203,RASURA,1.0
camera-mattarellum-1993-corrected,LOMBARDIA 2,12,ROGOLO,whole,,203,ROGOLO,1.0
camera-mattarellum-1993-corrected,LOMBARDIA 2,12,SAMOLACO,whole,,203,SAMBLACUO,0.778
camera-mattarellum-1993-corrected,LOMBARDIA 2,12,SAN GIACOMO FILIPPO,whole,,203,SAN GIACOMO FILIPPO,1.0
camera-mattarellum-1993-corrected,LOMBARDIA 2,12,TALAMONA,whole,,203,TALAMONA,1.0
camera-mattarellum-1993-corrected,LOMBARDIA 2,12,TARTANO,whole,,203,TAR TANO,1.0
camera-mattarellum-1993-corrected,LOMBARDIA 2,12,TRAONA,whole,,203,TRAONA,1.0
camera-mattarellum-1993-corrected,LOMBARDIA 2,12,VERCEIA,whole,,203,VERCE TA,0.857
camera-mattarellum-1993-corrected,LOMBARDIA 2,12,VILLA DI CHIAVENNA,whole,,203,VILLA DI CHIAVENNA,1.0
camera-mattarellum-1993-corrected,LOMBARDIA 2,12,BELLANO,whole,,203,BELLANO,1.0
camera-mattarellum-1993-corrected,LOMBARDIA 2,12,CASARGO,whole,,203,CASARGO,1.0
camera-mattarellum-1993-corrected,LOMBARDIA 2,12,,whole,,203,CORTENUVA,0.9
camera-mattarellum-1993-corrected,LOMBARDIA 2,12,CRANDOLA VALSASSINA,whole,,203,CRANDOLA VALSASSINA,1.0
camera-mattarellum-1993-corrected,LOMBARDIA 2,12,DERVIO,whole,,203,DERVIO,1.0
camera-mattarellum-1993-corrected,LOMBARDIA 2,12,DORIO,whole,,203,DOOR IO,0.833
camera-mattarellum-1993-corrected,LOMBARDIA 2,12,ESINO LARIO,whole,,203,ESINO LARIO,1.0
camera-mattarellum-1993-corrected,LOMBARDIA 2,12,INTROBIO,whole,,203,INTROBIO,1.0
camera-mattarellum-1993-corrected,LOMBARDIA 2,12,INTROZZO,whole,,203,INTROZZO,1.0
camera-mattarellum-1993-corrected,LOMBARDIA 2,12,MARGNO,whole,,203,MARGNO,1.0
camera-mattarellum-1993-corrected,LOMBARDIA 2,12,PAGNONA,whole,,203,PAGNONA,1.0
camera-mattarellum-1993-corrected,LOMBARDIA 2,12,PARLASCO,whole,,203,PARLASCO,1.0
camera-mattarellum-1993-corrected,LOMBARDIA 2,12,PERLEDO,whole,,203,PERLE DO,1.0
camera-mattarellum-1993-corrected,LOMBARDIA 2,12,PREMANA,whole,,203,PREMANA,1.0
camera-mattarellum-1993-corrected,LOMBARDIA 2,12,PRIMALUNA,whole,,203,PRIMALUNA,1.0
camera-mattarellum-1993-corrected,LOMBARDIA 2,12,SUEGLIO,whole,,203,SUEGL IO,1.0
camera-mattarellum-1993-corrected,LOMBARDIA 2,12,TACENO,whole,,203,TACENO,1.0
camera-mattarellum-1993-corrected,LOMBARDIA 2,12,TREMENICO,whole,,203,TREMENICO,1.0
camera-mattarellum-1993-corrected,LOMBARDIA 2,12,VARENNA,whole,,203,VARENNA,1.0
camera-mattarellum-1993-corrected,LOMBARDIA 2,12,VENDROGNO,whole,,203,VENDROGNO,1.0
camera-mattarellum-1993-corrected,LOMBARDIA 2,12,VESTRENO,whole,,203,VESTRENO,1.0
camera-mattarellum-1993-corrected,LOMBARDIA 2,13,ALBOSAGGIA,whole,,203,ALBUSAGGIA,0.9
camera-mattarellum-1993-corrected,LOMBARDIA 2,13,APRICA,whole,,203,APRICA,1.0
camera-mattarellum-1993-corrected,LOMBARDIA 2,13,ARDENNO,whole,,203,ARDENNO,1.0
camera-mattarellum-1993-corrected,LOMBARDIA 2,13,BERBENNO DI VALTELLINA,whole,,203,BERBENNO DI VALTELLINA,1.0
camera-mattarellum-1993-corrected,LOMBARDIA 2,13,BIANZONE,whole,,203,BIANZONE,1.0
camera-mattarellum-1993-corrected,LOMBARDIA 2,13,BORMIO,whole,,203,BORMIO,1.0
camera-mattarellum-1993-corrected,LOMBARDIA 2,13,BUGLIO IN MONTE,whole,,203,BUGLIO IN MONTE,1.0
camera-mattarellum-1993-corrected,LOMBARDIA 2,13,CAIOLO,whole,,203,CAIOLO,1.0
camera-mattarellum-1993-corrected,LOMBARDIA 2,13,CASPOGGIO,whole,,203,CASPOGGIO,1.0
camera-mattarellum-1993-corrected,LOMBARDIA 2,13,CASTELLO DELL'ACQUA,whole,,203,CASTELLO DELL'ACQUA,1.0
camera-mattarellum-1993-corrected,LOMBARDIA 2,13,CASTIONE ANDEVENNO,whole,,203,CASTIONE ANDEVENNO,1.0
camera-mattarellum-1993-corrected,LOMBARDIA 2,13,CEDRASCO,whole,,204,CEDRASCO,1.0
camera-mattarellum-1993-corrected,LOMBARDIA 2,13,CHIESA IN VALMALENCO,whole,,204,CHIESA IN VALMALENCO,1.0
camera-mattarellum-1993-corrected,LOMBARDIA 2,13,CHIURO,whole,,204,CHIURO,1.0
camera-mattarellum-1993-corrected,LOMBARDIA 2,13,COLORINA,whole,,204,COLOR INA,1.0
camera-mattarellum-1993-corrected,LOMBARDIA 2,13,FAEDO VALTELLINO,whole,,204,FAEDO VALTELLING,0.933
camera-mattarellum-1993-corrected,LOMBARDIA 2,13,FORCOLA,whole,,204,FORCOLA,1.0
camera-mattarellum-1993-corrected,LOMBARDIA 2,13,FUSINE,whole,,204,"FUSINE,",1.0
camera-mattarellum-1993-corrected,LOMBARDIA 2,13,GROSIO,whole,,204,GROSIO,1.0
camera-mattarellum-1993-corrected,LOMBARDIA 2,13,GROSOTTO,whole,,204,GROSOTTO,1.0
camera-mattarellum-1993-corrected,LOMBARDIA 2,13,LANZADA,whole,,204,LANZADA,1.0
camera-mattarellum-1993-corrected,LOMBARDIA 2,13,LIVIGNO,whole,,204,LIVIGNO,1.0
camera-mattarellum-1993-corrected,LOMBARDIA 2,13,LOVERO,whole,,204,LOVERO,1.0
camera-mattarellum-1993-corrected,LOMBARDIA 2,13,MAZZO DI VALTELLINA,whole,,204,MAZZO DI VALTELLINA,1.0
camera-mattarellum-1993-corrected,LOMBARDIA 2,13,MONTAGNA IN VALTELLINA,whole,,204,MONTAGNA IN VALTELLINA,1.0
camera-mattarellum-1993-corrected,LOMBARDIA 2,13,PIATEDA,whole,,204,FIATEDA,0.857
camera-mattarellum-1993-corrected,LOMBARDIA 2,13,POGGIRIDENTI,whole,,204,POGGIRIDENTI,1.0
camera-mattarellum-1993-corrected,LOMBARDIA 2,13,PONTE IN VALTELLINA,whole,,204,PONTE IN VALTELLINA,1.0
camera-mattarellum-1993-corrected,LOMBARDIA 2,13,POSTALESIO,whole,,204,POSTALESIO,1.0
camera-mattarellum-1993-corrected,LOMBARDIA 2,13,SERNIO,whole,,204,SERNIO,1.0
camera-mattarellum-1993-corrected,LOMBARDIA 2,13,SONDALO,whole,,204,SONDALO,1.0
camera-mattarellum-1993-corrected,LOMBARDIA 2,13,SONDRIO,whole,,204,SONDRIO,1.0
camera-mattarellum-1993-corrected,LOMBARDIA 2,13,SPRIANA,whole,,204,SPRIANA,1.0
camera-mattarellum-1993-corrected,LOMBARDIA 2,13,TEGLIO,whole,,204,TEGLIO,1.0
camera-mattarellum-1993-corrected,LOMBARDIA 2,13,TIRANO,whole,,204,TIRANO,1.0
camera-mattarellum-1993-corrected,LOMBARDIA 2,13,TORRE DI SANTA MARIA,whole,,204,TORRE DI SANTA MARIA,1.0
camera-mattarellum-1993-corrected,LOMBARDIA 2,13,TOVO DI SANT'AGATA,whole,,204,TOVO DI. SANT'AGATA,1.0
camera-mattarellum-1993-corrected,LOMBARDIA 2,13,TRESIVIO,whole,,204,TRESIVIO,1.0
camera-mattarellum-1993-corrected,LOMBARDIA 2,13,VALDIDENTRO,whole,,204,VALDIDENTRO,1.0
camera-mattarellum-1993-corrected,LOMBARDIA 2,13,VALDISOTTO,whole,,204,VALDISOTTO,1.0
camera-mattarellum-1993-corrected,LOMBARDIA 2,13,VALFURVA,whole,,204,VALFURVA,1.0
camera-mattarellum-1993-corrected,LOMBARDIA 2,13,VAL MASINO,whole,,204,VAL MASINO,1.0
camera-mattarellum-1993-corrected,LOMBARDIA 2,13,VERVIO,whole,,204,VERVIO,1.0
camera-mattarellum-1993-corrected,LOMBARDIA 2,13,VILLA DI TIRANO,whole,,204,VILLA DI TIRANO,1.0
camera-mattarellum-1993-corrected,LOMBARDIA 2,14,ABBADIA LARIANA,whole,,204,ABBADIA LARIANA,1.0
camera-mattarellum-1993-corrected,LOMBARDIA 2,14,BALLABIO,whole,,204,BALLABIUO,0.889
camera-mattarellum-1993-corrected,LOMBARDIA 2,14,BARZIO,whole,,204,BARZIO,1.0
camera-mattarellum-1993-corrected,LOMBARDIA 2,14,CALOLZIOCORTE,whole,,204,CALOLZIOCORTE,1.0
camera-mattarellum-1993-corrected,LOMBARDIA 2,14,CASSINA VALSASSINA,whole,,204,CASSINA VALSASSINA,1.0
camera-mattarellum-1993-corrected,LOMBARDIA 2,14,CIVATE,whole,,204,CIVATE,1.0
camera-mattarellum-1993-corrected,LOMBARDIA 2,14,CREMENO,whole,,204,CREMENO,1.0
camera-mattarellum-1993-corrected,LOMBARDIA 2,14,GALBIATE,whole,,204,GALBIATE,1.0
camera-mattarellum-1993-corrected,LOMBARDIA 2,14,GARLATE,whole,,204,GARLATE,1.0
camera-mattarellum-1993-corrected,LOMBARDIA 2,14,LECCO,whole,,204,LECCO,1.0
camera-mattarellum-1993-corrected,LOMBARDIA 2,14,LIERNA,whole,,204,LIERNA,1.0
camera-mattarellum-1993-corrected,LOMBARDIA 2,14,MALGRATE,whole,,204,MALGRATE,1.0
camera-mattarellum-1993-corrected,LOMBARDIA 2,14,MANDELLO DEL LARIO,whole,,204,MANDELLO DEL LARIO,1.0
camera-mattarellum-1993-corrected,LOMBARDIA 2,14,MOGGIO,whole,,204,MUGGIO,0.833
camera-mattarellum-1993-corrected,LOMBARDIA 2,14,MORTERONE,whole,,204,MOR FERONE,0.889
camera-mattarellum-1993-corrected,LOMBARDIA 2,14,OLGINATE,whole,,204,OLGINATE,1.0
camera-mattarellum-1993-corrected,LOMBARDIA 2,14,PASTURO,whole,,204,PASTURO,1.0
camera-mattarellum-1993-corrected,LOMBARDIA 2,14,PESCATE,whole,,204,PESCATE,1.0
camera-mattarellum-1993-corrected,LOMBARDIA 2,14,SUELLO,whole,,204,SUELLO,1.0
camera-mattarellum-1993-corrected,LOMBARDIA 2,14,VALGREGHENTINO,whole,,204,VALGREGHENTINO,1.0
camera-mattarellum-1993-corrected,LOMBARDIA 2,14,VALMADRERA,whole,,204,VALMADRERA,1.0
camera-mattarellum-1993-corrected,LOMBARDIA 2,14,VERCURAGO,whole,,204,VERCURAGO,1.0
camera-mattarellum-1993-corrected,LOMBARDIA 2,15,AIRUNO,whole,,204,ATRUNO,0.833
camera-mattarellum-1993-corrected,LOMBARDIA 2,15,ANNONE DI BRIANZA,whole,,204,ANNONE DI BRIANZA,1.0
camera-mattarellum-1993-corrected,LOMBARDIA 2,15,BARZAGO,whole,,204,BARZAGO,1.0
camera-mattarellum-1993-corrected,LOMBARDIA 2,15,BARZANO',whole,,204,BARZANO?®,1.0
camera-mattarellum-1993-corrected,LOMBARDIA 2,15,BOSISIO PARINI,whole,,204,BOSISIO PARINI,1.0
camera-mattarellum-1993-corrected,LOMBARDIA 2,15,BRIVIO,whole,,204,BRIVIO,1.0
camera-mattarellum-1993-corrected,LOMBARDIA 2,15,BULCIAGO,whole,,204,BULCIAGO,1.0
camera-mattarellum-1993-corrected,LOMBARDIA 2,15,CALCO,whole,,204,CALCO,1.0
camera-mattarellum-1993-corrected,LOMBARDIA 2,15,CASATENOVO,whole,,205,CASATENOYVO,0.909
camera-mattarellum-1993-corrected,LOMBARDIA 2,15,CASSAGO BRIANZA,whole,,205,CASSAGO BRIANZA,1.0
camera-mattarellum-1993-corrected,LOMBARDIA 2,15,CASTELLO DI BRIANZA,whole,,205,CASTELLO DI BRIANZA,1.0
camera-mattarellum-1993-corrected,LOMBARDIA 2,15,CERNUSCO LOMBARDONE,whole,,205,CERNUSCO LOMBARDONE,1.0
camera-mattarellum-1993-corrected,LOMBARDIA 2,15,CESANA BRIANZA,whole,,205,CESANA BRIANZA,1.0
camera-mattarellum-1993-corrected,LOMBARDIA 2,15,COLLE BRIANZA,whole,,205,COLLE BRIANZA,1.0
camera-mattarellum-1993-corrected,LOMBARDIA 2,15,CREMELLA,whole,,205,CREMELLA,1.0
camera-mattarellum-1993-corrected,LOMBARDIA 2,15,DOLZAGO,whole,,205,DOLZAGO,1.0
camera-mattarellum-1993-corrected,LOMBARDIA 2,15,ELLO,whole,,205,ELLO,1.0
camera-mattarellum-1993-corrected,LOMBARDIA 2,15,GARBAGNATE MONASTERO,whole,,205,GARBAGNATE MONASTERO,1.0
camera-mattarellum-1993-corrected,LOMBARDIA 2,15,IMBERSAGO,whole,,205,IMBERSAGO,1.0
camera-mattarellum-1993-corrected,LOMBARDIA 2,15,LOMAGNA,whole,,205,LOMAGNA,1.0
camera-mattarellum-1993-corrected,LOMBARDIA 2,15,MERATE,whole,,205,MERATE,1.0
camera-mattarellum-1993-corrected,LOMBARDIA 2,15,MISSAGLIA,whole,,205,MISSAGLIA,1.0
camera-mattarellum-1993-corrected,LOMBARDIA 2,15,MOLTENO,whole,,205,MOLTENO,1.0
camera-mattarellum-1993-corrected,LOMBARDIA 2,15,MONTEVECCHIA,whole,,205,MONTEVECCHIA,1.0
camera-mattarellum-1993-corrected,LOMBARDIA 2,15,,whole,,205,MONTICELLO BRIANZA,0.647
camera-mattarellum-1993-corrected,LOMBARDIA 2,15,OGGIONO,whole,,205,OGGIONO,1.0
camera-mattarellum-1993-corrected,LOMBARDIA 2,15,OLGIATE MOLGORA,whole,,205,OLGIATE MOLGORA,1.0
camera-mattarellum-1993-corrected,LOMBARDIA 2,15,OSNAGO,whole,,205,OSNAGO,1.0
camera-mattarellum-1993-corrected,LOMBARDIA 2,15,PADERNO D'ADDA,whole,,205,PADERNO D'ADDA,1.0
camera-mattarellum-1993-corrected,LOMBARDIA 2,15,PEREGO,whole,,205,PEREGO,1.0
camera-mattarellum-1993-corrected,LOMBARDIA 2,15,ROBBIATE,whole,,205,ROBBIATE,1.0
camera-mattarellum-1993-corrected,LOMBARDIA 2,15,ROVAGNATE,whole,,205,ROVAGNATE,1.0
camera-mattarellum-1993-corrected,LOMBARDIA 2,15,SANTA MARIA HOE',whole,,205,"SANTA MARIA HOE*""",1.0
camera-mattarellum-1993-corrected,LOMBARDIA 2,15,SIRONE,whole,,205,SIRONE,1.0
camera-mattarellum-1993-corrected,LOMBARDIA 2,15,SIRTORI,whole,,205,SIRTORI,1.0
camera-mattarellum-1993-corrected,LOMBARDIA 2,15,VERDERIO INFERIORE,whole,,205,VERDERIO INFERIORE,1.0
camera-mattarellum-1993-corrected,LOMBARDIA 2,15,VERDERIO SUPERIORE,whole,,205,VERDERI1O SUPERIORE,0.944
camera-mattarellum-1993-corrected,LOMBARDIA 2,15,VIGANO',whole,,205,VvIGANO',0.857
camera-mattarellum-1993-corrected,LOMBARDIA 2,16,BERGAMO,whole,,205,BERGAMO,1.0
camera-mattarellum-1993-corrected,LOMBARDIA 2,17,ALBANO SANT'ALESSANDRO,whole,,205,ALBANO SANT'*ALESSANDRO,1.0
camera-mattarellum-1993-corrected,LOMBARDIA 2,17,BAGNATICA,whole,,205,BAGNATICA,1.0
camera-mattarellum-1993-corrected,LOMBARDIA 2,17,BOLGARE,whole,,205,BOLGARE,1.0
camera-mattarellum-1993-corrected,LOMBARDIA 2,17,BRUSAPORTO,whole,,205,BRUSAPORTO,1.0
camera-mattarellum-1993-corrected,LOMBARDIA 2,17,CALCINATE,whole,,205,CALCINATE,1.0
camera-mattarellum-1993-corrected,LOMBARDIA 2,17,CAROBBIO DEGLI ANGELI,whole,,205,CAROBBIO DEGLI ANGELI,1.0
camera-mattarellum-1993-corrected,LOMBARDIA 2,17,CASTELLI CALEPIO,whole,,205,CASTELLI CALEPIO,1.0
camera-mattarellum-1993-corrected,LOMBARDIA 2,17,CAVERNAGO,whole,,205,CAVERNAGO,1.0
camera-mattarellum-1993-corrected,LOMBARDIA 2,17,CHIUDUNO,whole,,205,CH1UDUNO,1.0
camera-mattarellum-1993-corrected,LOMBARDIA 2,17,CIVIDATE AL PIANO,whole,,205,CIVIDATE AL PIANO,1.0
camera-mattarellum-1993-corrected,LOMBARDIA 2,17,COSTA DI MEZZATE,whole,,205,COSTA DI MEZZATE,1.0
camera-mattarellum-1993-corrected,LOMBARDIA 2,17,GHISALBA,whole,,205,GHISALBA,1.0
camera-mattarellum-1993-corrected,LOMBARDIA 2,17,GORLAGO,whole,,205,GORLAGO,1.0
camera-mattarellum-1993-corrected,LOMBARDIA 2,17,GRASSOBBIO,whole,,205,GRASSOBBIO,1.0
camera-mattarellum-1993-corrected,LOMBARDIA 2,17,GRUMELLO DEL MONTE,whole,,205,GRUMELLO DEL MONTE,1.0
camera-mattarellum-1993-corrected,LOMBARDIA 2,17,MARTINENGO,whole,,205,MARTINENGO,1.0
camera-mattarellum-1993-corrected,LOMBARDIA 2,17,MONTELLO,whole,,205,HONTELLO,1.0
camera-mattarellum-1993-corrected,LOMBARDIA 2,17,MORNICO AL SERIO,whole,,205,MORNICO AL SERIO,1.0
camera-mattarellum-1993-corrected,LOMBARDIA 2,17,ORIO AL SERIO,whole,,205,ORIO AL SERIG,0.909
camera-mattarellum-1993-corrected,LOMBARDIA 2,17,PALOSCO,whole,,205,PALOSCO,1.0
camera-mattarellum-1993-corrected,LOMBARDIA 2,17,PEDRENGO,whole,,205,PE DRENGO,1.0
camera-mattarellum-1993-corrected,LOMBARDIA 2,17,SAN PAOLO D'ARGON,whole,,205,SAN PAOLO D'ARGON,1.0
camera-mattarellum-1993-corrected,LOMBARDIA 2,17,SERIATE,whole,,205,SERILATE,0.875
camera-mattarellum-1993-corrected,LOMBARDIA 2,17,TELGATE,whole,,205,TELGATE,1.0
camera-mattarellum-1993-corrected,LOMBARDIA 2,18,AMBIVERE,whole,,205,AMBIVERE,1.0
camera-mattarellum-1993-corrected,LOMBARDIA 2,18,BONATE SOPRA,whole,,205,BONATE SOPRA,1.0
camera-mattarellum-1993-corrected,LOMBARDIA 2,18,BONATE SOTTO,whole,,205,BONATE SOTTO,1.0
camera-mattarellum-1993-corrected,LOMBARDIA 2,18,BOTTANUCO,whole,,205,BOTTANUCO,1.0
camera-mattarellum-1993-corrected,LOMBARDIA 2,18,BREMBATE,whole,,205,BREMBATE,1.0
camera-mattarellum-1993-corrected,LOMBARDIA 2,18,CALUSCO D'ADDA,whole,,206,CALUSCO D'ADDA,1.0
camera-mattarellum-1993-corrected,LOMBARDIA 2,18,CAPRIATE SAN GERVASIO,whole,,206,CAPRIATE SAN GERVASIO,1.0
camera-mattarellum-1993-corrected,LOMBARDIA 2,18,CARVICO,whole,,206,CARVICO,1.0
camera-mattarellum-1993-corrected,LOMBARDIA 2,18,CHIGNOLO D'ISOLA,whole,,206,CHIGNOLO QD'ISQLA,0.867
camera-mattarellum-1993-corrected,LOMBARDIA 2,18,CISANO BERGAMASCO,whole,,206,CISANO BERGAMASCO,1.0
camera-mattarellum-1993-corrected,LOMBARDIA 2,18,CURNO,whole,,206,CURNO,1.0
camera-mattarellum-1993-corrected,LOMBARDIA 2,18,FILAGO,whole,,206,FiLAGO,1.0
camera-mattarellum-1993-corrected,LOMBARDIA 2,18,MADONE,whole,,206,MADONE,1.0
camera-mattarellum-1993-corrected,LOMBARDIA 2,18,MAPELLO,whole,,206,MAFPELLO,0.875
camera-mattarellum-1993-corrected,LOMBARDIA 2,18,MOZZO,whole,,206,MOZZO,1.0
camera-mattarellum-1993-corrected,LOMBARDIA 2,18,PONTE SAN PIETRO,whole,,206,PONTE SAN PIETRO,1.0
camera-mattarellum-1993-corrected,LOMBARDIA 2,18,PONTIDA,whole,,206,PONTIDA,1.0
camera-mattarellum-1993-corrected,LOMBARDIA 2,18,PRESEZZO,whole,,206,PRESEZZO,1.0
camera-mattarellum-1993-corrected,LOMBARDIA 2,18,SOTTO IL MONTE GIOVANNI XXIII,whole,,206,SOTTO IL MONTE GIOVANNI XXI1i,1.0
camera-mattarellum-1993-corrected,LOMBARDIA 2,18,SUISIO,whole,,206,SUI1SIO,0.857
camera-mattarellum-1993-corrected,LOMBARDIA 2,18,TERNO D'ISOLA,whole,,206,TERNO D'ISOLA,1.0
camera-mattarellum-1993-corrected,LOMBARDIA 2,18,VILLA D'ADDA,whole,,206,VILLA D'ADDA,1.0
camera-mattarellum-1993-corrected,LOMBARDIA 2,18,MEDOLAGO,whole,,206,MEDOLAGO,1.0
camera-mattarellum-1993-corrected,LOMBARDIA 2,18,SOLZA,whole,,206,SOLZA,1.0
camera-mattarellum-1993-corrected,LOMBARDIA 2,18,CARENNO,whole,,206,CARENNO,1.0
camera-mattarellum-1993-corrected,LOMBARDIA 2,18,ERVE,whole,,206,ERVE,1.0
camera-mattarellum-1993-corrected,LOMBARDIA 2,18,MONTE MARENZO,whole,,206,MONTE MARENZO,1.0
camera-mattarellum-1993-corrected,LOMBARDIA 2,18,TORRE DE' BUSI,whole,,206,TORRE DE'BUSI,1.0
camera-mattarellum-1993-corrected,LOMBARDIA 2,19,ANTEGNATE,whole,,206,ANTEGNATE,1.0
camera-mattarellum-1993-corrected,LOMBARDIA 2,19,ARZAGO D'ADDA,whole,,206,ARZAGO D'ADDA,1.0
camera-mattarellum-1993-corrected,LOMBARDIA 2,19,BARBATA,whole,,206,BARBATA,1.0
camera-mattarellum-1993-corrected,LOMBARDIA 2,19,,whole,,206,BARANO,0.857
camera-mattarellum-1993-corrected,LOMBARDIA 2,19,BRIGNANO GERA D'ADDA,whole,,206,BRIGNANO GERA D'ADDA,1.0
camera-mattarellum-1993-corrected,LOMBARDIA 2,19,CALCIO,whole,,206,CALCIO,1.0
camera-mattarellum-1993-corrected,LOMBARDIA 2,19,CALVENZANO,whole,,206,CALVENZANO,1.0
camera-mattarellum-1993-corrected,LOMBARDIA 2,19,CARAVAGGIO,whole,,206,CARAVAGGIO,1.0
camera-mattarellum-1993-corrected,LOMBARDIA 2,19,CASIRATE D'ADDA,whole,,206,CASIRATE D'ADDA,1.0
camera-mattarellum-1993-corrected,LOMBARDIA 2,19,CASTEL ROZZONE,whole,,206,CASTEL RoOZzZZONE,0.812
camera-mattarellum-1993-corrected,LOMBARDIA 2,19,CORTENOVA,whole,,206,CORTENOVA,1.0
camera-mattarellum-1993-corrected,LOMBARDIA 2,19,FARA GERA D'ADDA,whole,,206,FARA GERA D'ADDA,1.0
camera-mattarellum-1993-corrected,LOMBARDIA 2,19,FARA OLIVANA CON SOLA,whole,,206,FARA OLIVANA CON SOLA,1.0
camera-mattarellum-1993-corrected,LOMBARDIA 2,19,FONTANELLA,whole,,206,FONTANELLA,1.0
camera-mattarellum-1993-corrected,LOMBARDIA 2,19,FORNOVO SAN GIOVANNI,whole,,206,FORNOVO SAN GIOVANNI,1.0
camera-mattarellum-1993-corrected,LOMBARDIA 2,19,ISSO,whole,,206,1SS0,1.0
camera-mattarellum-1993-corrected,LOMBARDIA 2,19,MISANO DI GERA D'ADDA,whole,,206,MISANO DI GERA D'ADDA,1.0
camera-mattarellum-1993-corrected,LOMBARDIA 2,19,MORENGO,whole,,206,MORENGO,1.0
camera-mattarellum-1993-corrected,LOMBARDIA 2,19,MOZZANICA,whole,,206,- MOZZANICA,1.0
camera-mattarellum-1993-corrected,LOMBARDIA 2,19,PAGAZZANO,whole,,206,PAGAZZANO,1.0
camera-mattarellum-1993-corrected,LOMBARDIA 2,19,PUMENENGO,whole,,206,PUMENENGO,1.0
camera-mattarellum-1993-corrected,LOMBARDIA 2,19,ROMANO DI LOMBARDIA,whole,,206,ROMANO DI LOMBARDIA,1.0
camera-mattarellum-1993-corrected,LOMBARDIA 2,19,TORRE PALLAVICINA,whole,,206,TORRE PALLAVICINA,1.0
camera-mattarellum-1993-corrected,LOMBARDIA 2,19,TREVIGLIO,whole,,206,TREVIGLIO,1.0
camera-mattarellum-1993-corrected,LOMBARDIA 2,20,ALBINO,whole,,206,ALBINO,1.0
camera-mattarellum-1993-corrected,LOMBARDIA 2,20,ALZANO LOMBARDO,whole,,206,ALZANO LOMBARDO,1.0
camera-mattarellum-1993-corrected,LOMBARDIA 2,20,ARDESIO,whole,,206,ARDESIO,1.0
camera-mattarellum-1993-corrected,LOMBARDIA 2,20,AVIATICO,whole,,206,AVIATICO,1.0
camera-mattarellum-1993-corrected,LOMBARDIA 2,20,AZZONE,whole,,206,AZZONE,1.0
camera-mattarellum-1993-corrected,LOMBARDIA 2,20,CASNIGO,whole,,206,CASNIGO,1.0
camera-mattarellum-1993-corrected,LOMBARDIA 2,20,CASTIONE DELLA PRESOLANA,whole,,206,CASTIONE DELLA PRESOLANA,1.0
camera-mattarellum-1993-corrected,LOMBARDIA 2,20,CAZZANO SANT'ANDREA,whole,,206,CAZZANO SANT'ANDREA,1.0
camera-mattarellum-1993-corrected,LOMBARDIA 2,20,CENE,whole,,206,CENE,1.0
camera-mattarellum-1993-corrected,LOMBARDIA 2,20,CERETE,whole,,206,CERETE,1.0
camera-mattarellum-1993-corrected,LOMBARDIA 2,20,CLUSONE,whole,,206,CLUSONE,1.0
camera-mattarellum-1993-corrected,LOMBARDIA 2,20,COLERE,whole,,206,COLERE,1.0
camera-mattarellum-1993-corrected,LOMBARDIA 2,20,COLZATE,whole,,206,COLZATE,1.0
camera-mattarellum-1993-corrected,LOMBARDIA 2,20,FINO DEL MONTE,whole,,206,FINO DEL MONTE,1.0
camera-mattarellum-1993-corrected,LOMBARDIA 2,20,FIORANO AL SERIO,whole,,206,FIORANO AL SERIO,1.0
camera-mattarellum-1993-corrected,LOMBARDIA 2,20,GANDELLINO,whole,,207,GANDELL INO,1.0
camera-mattarellum-1993-corrected,LOMBARDIA 2,20,GANDINO,whole,,207,GANDINO,1.0
camera-mattarellum-1993-corrected,LOMBARDIA 2,20,GAZZANIGA,whole,,207,GAZZANIGA,1.0
camera-mattarellum-1993-corrected,LOMBARDIA 2,20,GORNO,whole,,207,GORNO,1.0
camera-mattarellum-1993-corrected,LOMBARDIA 2,20,GROMO,whole,,207,GROMO,1.0
camera-mattarellum-1993-corrected,LOMBARDIA 2,20,LEFFE,whole,,207,LEFFE,1.0
camera-mattarellum-1993-corrected,LOMBARDIA 2,20,NEMBRO,whole,,207,NEMBRO,1.0
camera-mattarellum-1993-corrected,LOMBARDIA 2,20,OLTRESSENDA ALTA,whole,,207,OLTRESSENDA ALTA,1.0
camera-mattarellum-1993-corrected,LOMBARDIA 2,20,ONETA,whole,,207,ONE TA,1.0
camera-mattarellum-1993-corrected,LOMBARDIA 2,20,ONORE,whole,,207,ONDRE,0.8
camera-mattarellum-1993-corrected,LOMBARDIA 2,20,PARRE,whole,,207,PARRE,1.0
camera-mattarellum-1993-corrected,LOMBARDIA 2,20,PEIA,whole,,207,PEA,0.75
camera-mattarellum-1993-corrected,LOMBARDIA 2,20,PIARIO,whole,,207,PIARIO,1.0
camera-mattarellum-1993-corrected,LOMBARDIA 2,20,PONTE NOSSA,whole,,207,PONTE NOSSA,1.0
camera-mattarellum-1993-corrected,LOMBARDIA 2,20,PRADALUNGA,whole,,207,PRADALUNGA,1.0
camera-mattarellum-1993-corrected,LOMBARDIA 2,20,PREMOLO,whole,,207,PREMOLO,1.0
camera-mattarellum-1993-corrected,LOMBARDIA 2,20,ROVETTA,whole,,207,ROVETTA,1.0
camera-mattarellum-1993-corrected,LOMBARDIA 2,20,SCHILPARIO,whole,,207,SCHILPARIO,1.0
camera-mattarellum-1993-corrected,LOMBARDIA 2,20,SELVINO,whole,,207,SELVINO,1.0
camera-mattarellum-1993-corrected,LOMBARDIA 2,20,SONGAVAZZO,whole,,207,SONGAVAZZO,1.0
camera-mattarellum-1993-corrected,LOMBARDIA 2,20,VALBONDIONE,whole,,207,VAL BONDIONE,1.0
camera-mattarellum-1993-corrected,LOMBARDIA 2,20,VALGOGLIO,whole,,207,VALGOGLIO,1.0
camera-mattarellum-1993-corrected,LOMBARDIA 2,20,VERTOVA,whole,,207,VERTOVA,1.0
camera-mattarellum-1993-corrected,LOMBARDIA 2,20,VILLA DI SERIO,whole,,207,VILLA DI SERIO,1.0
camera-mattarellum-1993-corrected,LOMBARDIA 2,20,VILLA D'OGNA,whole,,207,VILLA D'UGNA,0.9
camera-mattarellum-1993-corrected,LOMBARDIA 2,20,VILMINORE DI SCALVE,whole,,207,VILMINORE DI SCALVE,1.0
camera-mattarellum-1993-corrected,LOMBARDIA 2,21,ADRARA SAN MARTINO,whole,,207,ADRARA SAN HARTINO,1.0
camera-mattarellum-1993-corrected,LOMBARDIA 2,21,ADRARA SAN ROCCO,whole,,207,ADRARA SAN ROCCO,1.0
camera-mattarellum-1993-corrected,LOMBARDIA 2,21,BERZO SAN FERMO,whole,,207,BERZO SAN FERMO,1.0
camera-mattarellum-1993-corrected,LOMBARDIA 2,21,BIANZANO,whole,,207,BIANZANO,1.0
camera-mattarellum-1993-corrected,LOMBARDIA 2,21,BORGO DI TERZO,whole,,207,BORGO DI TERZO,1.0
camera-mattarellum-1993-corrected,LOMBARDIA 2,21,BOSSICO,whole,,207,BOSSICO,1.0
camera-mattarellum-1993-corrected,LOMBARDIA 2,21,CASAZZA,whole,,207,CASAZZA,1.0
camera-mattarellum-1993-corrected,LOMBARDIA 2,21,CASTRO,whole,,207,CASTRO,1.0
camera-mattarellum-1993-corrected,LOMBARDIA 2,21,CENATE SOPRA,whole,,207,CENATE SOPRA,1.0
camera-mattarellum-1993-corrected,LOMBARDIA 2,21,CENATE SOTTO,whole,,207,CENATE SOTTO,1.0
camera-mattarellum-1993-corrected,LOMBARDIA 2,21,COSTA VOLPINO,whole,,207,COSTA VOLPINO,1.0
camera-mattarellum-1993-corrected,LOMBARDIA 2,21,CREDARO,whole,,207,CREDARO,1.0
camera-mattarellum-1993-corrected,LOMBARDIA 2,21,ENDINE GAIANO,whole,,207,ENDINE GAITANO,0.923
camera-mattarellum-1993-corrected,LOMBARDIA 2,21,ENTRATICO,whole,,207,ENTRATICO,1.0
camera-mattarellum-1993-corrected,LOMBARDIA 2,21,FONTENO,whole,,207,FONTENO,1.0
camera-mattarellum-1993-corrected,LOMBARDIA 2,21,FORESTO SPARSO,whole,,207,FORESTO SPARSO,1.0
camera-mattarellum-1993-corrected,LOMBARDIA 2,21,GANDOSSO,whole,,207,GANDOSSO,1.0
camera-mattarellum-1993-corrected,LOMBARDIA 2,21,GAVERINA TERME,whole,,207,GAVERINA TERME,1.0
camera-mattarellum-1993-corrected,LOMBARDIA 2,21,GORLE,whole,,207,GORLE,1.0
camera-mattarellum-1993-corrected,LOMBARDIA 2,21,GRONE,whole,,207,GRONE,1.0
camera-mattarellum-1993-corrected,LOMBARDIA 2,21,LOVERE,whole,,207,LOVERE,1.0
camera-mattarellum-1993-corrected,LOMBARDIA 2,21,LUZZANA,whole,,207,LUZZANA,1.0
camera-mattarellum-1993-corrected,LOMBARDIA 2,21,MONASTEROLO DEL CASTELLO,whole,,207,HONASTEROGLO DEL CASTELLO,0.957
camera-mattarellum-1993-corrected,LOMBARDIA 2,21,PARZANICA,whole,,207,PARZANICA,1.0
camera-mattarellum-1993-corrected,LOMBARDIA 2,21,PIANICO,whole,,207,PIANICO,1.0
camera-mattarellum-1993-corrected,LOMBARDIA 2,21,PREDORE,whole,,207,PRE DORE,1.0
camera-mattarellum-1993-corrected,LOMBARDIA 2,21,RANICA,whole,,207,RANICA,1.0
camera-mattarellum-1993-corrected,LOMBARDIA 2,21,RANZANICO,whole,,207,RANZANICO,1.0
camera-mattarellum-1993-corrected,LOMBARDIA 2,21,RIVA DI SOLTO,whole,,207,RIVA DI SOLTO,1.0
camera-mattarellum-1993-corrected,LOMBARDIA 2,21,SARNICO,whole,,207,SARNICO,1.0
camera-mattarellum-1993-corrected,LOMBARDIA 2,21,SCANZOROSCIATE,whole,,207,SCANZOROSCIATE,1.0
camera-mattarellum-1993-corrected,LOMBARDIA 2,21,SOLTO COLLINA,whole,,207,SOLTO COLLINA,1.0
camera-mattarellum-1993-corrected,LOMBARDIA 2,21,SOVERE,whole,,207,SOVERE,1.0
camera-mattarellum-1993-corrected,LOMBARDIA 2,21,SPINONE AL LAGO,whole,,207,SPINONE AL LAGO,1.0
camera-mattarellum-1993-corrected,LOMBARDIA 2,21,TAVERNOLA BERGAMASCA,whole,,207,TAVERNOLA BERGAMASCA,1.0
camera-mattarellum-1993-corrected,LOMBARDIA 2,21,TORRE BOLDONE,whole,,207,TORRE BOL DONE,1.0
camera-mattarellum-1993-corrected,LOMBARDIA 2,21,TORRE DE' ROVERI,whole,,207,TORRE DE'ROVERI,1.0
camera-mattarellum-1993-corrected,LOMBARDIA 2,21,TRESCORE BALNEARIO,whole,,207,TRESCORE BALNEARIO,1.0
camera-mattarellum-1993-corrected,LOMBARDIA 2,21,VIADANICA,whole,,207,YVIADANICA,0.9
camera-mattarellum-1993-corrected,LOMBARDIA 2,21,VIGANO SAN MARTINO,whole,,208,VIGANO SAN MARTINO,1.0
camera-mattarellum-1993-corrected,LOMBARDIA 2,21,VIGOLO,whole,,208,VIGOLO,1.0
camera-mattarellum-1993-corrected,LOMBARDIA 2,21,VILLONGO,whole,,208,VILLONGO,1.0
camera-mattarellum-1993-corrected,LOMBARDIA 2,21,ZANDOBBIO,whole,,208,ZANDOBBIO,1.0
camera-mattarellum-1993-corrected,LOMBARDIA 2,22,ARCENE,whole,,208,ARCENE,1.0
camera-mattarellum-1993-corrected,LOMBARDIA 2,22,AZZANO SAN PAOLO,whole,,208,AZZANO SAN PADLO,0.929
camera-mattarellum-1993-corrected,LOMBARDIA 2,22,BOLTIERE,whole,,208,BOLTIERE,1.0
camera-mattarellum-1993-corrected,LOMBARDIA 2,22,CANONICA D'ADDA,whole,,208,CANONICA D'ADDA,1.0
camera-mattarellum-1993-corrected,LOMBARDIA 2,22,CISERANO,whole,,208,CISERANG,0.875
camera-mattarellum-1993-corrected,LOMBARDIA 2,22,COLOGNO AL SERIO,whole,,208,COLOGNO AL SERIO,1.0
camera-mattarellum-1993-corrected,LOMBARDIA 2,22,COMUN NUOVO,whole,,208,COMUN NUOVO,1.0
camera-mattarellum-1993-corrected,LOMBARDIA 2,22,DALMINE,whole,,208,DALMINE,1.0
camera-mattarellum-1993-corrected,LOMBARDIA 2,22,LALLIO,whole,,208,LALLIO,1.0
camera-mattarellum-1993-corrected,LOMBARDIA 2,22,LEVATE,whole,,208,LEVATE,1.0
camera-mattarellum-1993-corrected,LOMBARDIA 2,22,LURANO,whole,,208,LURANO,1.0
camera-mattarellum-1993-corrected,LOMBARDIA 2,22,OSIO SOPRA,whole,,208,DOSI10 SOPRA,0.818
camera-mattarellum-1993-corrected,LOMBARDIA 2,22,OSIO SOTTO,whole,,208,OSIO SOTTO,1.0
camera-mattarellum-1993-corrected,LOMBARDIA 2,22,POGNANO,whole,,208,POGNANO,1.0
camera-mattarellum-1993-corrected,LOMBARDIA 2,22,PONTIROLO NUOVO,whole,,208,PONTIROLO NUOVO,1.0
camera-mattarellum-1993-corrected,LOMBARDIA 2,22,SPIRANO,whole,,208,SP1IRANO,0.875
camera-mattarellum-1993-corrected,LOMBARDIA 2,22,STEZZANO,whole,,208,STEZZANO,1.0
camera-mattarellum-1993-corrected,LOMBARDIA 2,22,TREVIOLO,whole,,208,TREVIOLO,1.0
camera-mattarellum-1993-corrected,LOMBARDIA 2,22,URGNANO,whole,,208,URGNANO,1.0
camera-mattarellum-1993-corrected,LOMBARDIA 2,22,VERDELLINO,whole,,208,VERDELLINO,1.0
camera-mattarellum-1993-corrected,LOMBARDIA 2,22,VERDELLO,whole,,208,VERDELLO,1.0
camera-mattarellum-1993-corrected,LOMBARDIA 2,22,ZANICA,whole,,208,ZANICA,1.0
camera-mattarellum-1993-corrected,LOMBARDIA 2,23,ALME',whole,,208,ALHME’,0.8
camera-mattarellum-1993-corrected,LOMBARDIA 2,23,ALMENNO SAN BARTOLOMEO,whole,,208,ALMENNO SAN BARTOLOMEO,1.0
camera-mattarellum-1993-corrected,LOMBARDIA 2,23,ALMENNO SAN SALVATORE,whole,,208,ALMENNO SAN SALVATORE,1.0
camera-mattarellum-1993-corrected,LOMBARDIA 2,23,AVERARA,whole,,208,AVERARA,1.0
camera-mattarellum-1993-corrected,LOMBARDIA 2,23,BARZANA,whole,,208,BARZANA,1.0
camera-mattarellum-1993-corrected,LOMBARDIA 2,23,BEDULITA,whole,,208,BEDULITA,1.0
camera-mattarellum-1993-corrected,LOMBARDIA 2,23,BERBENNO,whole,,208,BERBENNO,1.0
camera-mattarellum-1993-corrected,LOMBARDIA 2,23,BLELLO,whole,,208,BLELLO,1.0
camera-mattarellum-1993-corrected,LOMBARDIA 2,23,BRACCA,whole,,208,BRACCA,1.0
camera-mattarellum-1993-corrected,LOMBARDIA 2,23,BRANZI,whole,,208,BRANZI,1.0
camera-mattarellum-1993-corrected,LOMBARDIA 2,23,BREMBATE DI SOPRA,whole,,208,BREMBATE 01 SOPRA,0.933
camera-mattarellum-1993-corrected,LOMBARDIA 2,23,BREMBILLA,whole,,208,BREMBILLA,1.0
camera-mattarellum-1993-corrected,LOMBARDIA 2,23,BRUMANO,whole,,208,BRUMANO,1.0
camera-mattarellum-1993-corrected,LOMBARDIA 2,23,CAMERATA CORNELLO,whole,,208,CAMERATA CORNELLO,1.0
camera-mattarellum-1993-corrected,LOMBARDIA 2,23,CAPIZZONE,whole,,208,CAPIZZONE,1.0
camera-mattarellum-1993-corrected,LOMBARDIA 2,23,CAPRINO BERGAMASCO,whole,,208,CAPRINO BERGAMASCO,1.0
camera-mattarellum-1993-corrected,LOMBARDIA 2,23,CARONA,whole,,208,CARONA,1.0
camera-mattarellum-1993-corrected,LOMBARDIA 2,23,CASSIGLIO,whole,,208,CASSIGIL TO,0.8
camera-mattarellum-1993-corrected,LOMBARDIA 2,23,CORNA IMAGNA,whole,,208,CORNA IMAGNA,1.0
camera-mattarellum-1993-corrected,LOMBARDIA 2,23,COSTA VALLE IMAGNA,whole,,208,COSTA VALLE IMAGNA,1.0
camera-mattarellum-1993-corrected,LOMBARDIA 2,23,CUSIO,whole,,208,CUSIO,1.0
camera-mattarellum-1993-corrected,LOMBARDIA 2,23,DOSSENA,whole,,208,DOSSENA,1.0
camera-mattarellum-1993-corrected,LOMBARDIA 2,23,FOPPOLO,whole,,208,FaPPOLO,0.857
camera-mattarellum-1993-corrected,LOMBARDIA 2,23,FUIPIANO VALLE IMAGNA,whole,,208,FUIPIANO VALLE IMAGNA,1.0
camera-mattarellum-1993-corrected,LOMBARDIA 2,23,GEROSA,whole,,208,GEROSA,1.0
camera-mattarellum-1993-corrected,LOMBARDIA 2,23,ISOLA DI FONDRA,whole,,208,ISOLA DI FONDRA,1.0
camera-mattarellum-1993-corrected,LOMBARDIA 2,23,LENNA,whole,,208,LENNA,1.0
camera-mattarellum-1993-corrected,LOMBARDIA 2,23,LOCATELLO,whole,,208,LOCATELLO,1.0
camera-mattarellum-1993-corrected,LOMBARDIA 2,23,MEZZOLDO,whole,,208,MEZZOL DO,1.0
camera-mattarellum-1993-corrected,LOMBARDIA 2,23,MOIO DE' CALVI,whole,,208,MOIO DE *CALVI,1.0
camera-mattarellum-1993-corrected,LOMBARDIA 2,23,OLMO AL BREMBO,whole,,208,OLMU AL BREMBO,0.917
camera-mattarellum-1993-corrected,LOMBARDIA 2,23,OLTRE IL COLLE,whole,,208,OLTRE IL COLLE,1.0
camera-mattarellum-1993-corrected,LOMBARDIA 2,23,ORNICA,whole,,208,ORNICA,1.0
camera-mattarellum-1993-corrected,LOMBARDIA 2,23,PALADINA,whole,,208,PALADINA,1.0
camera-mattarellum-1993-corrected,LOMBARDIA 2,23,PALAZZAGO,whole,,208,PALAZZAGUO,0.9
camera-mattarellum-1993-corrected,LOMBARDIA 2,23,PIAZZA BREMBANA,whole,,208,PIAZZA BREMBANA,1.0
camera-mattarellum-1993-corrected,LOMBARDIA 2,23,PIAZZATORRE,whole,,208,PIAZZATORRE,1.0
camera-mattarellum-1993-corrected,LOMBARDIA 2,23,PIAZZOLO,whole,,209,PIAZZOLO,1.0
camera-mattarellum-1993-corrected,LOMBARDIA 2,23,PONTERANICA,whole,,209,PONTERANICA,1.0
camera-mattarellum-1993-corrected,LOMBARDIA 2,23,RONCOBELLO,whole,,209,RONCOBELLO,1.0
camera-mattarellum-1993-corrected,LOMBARDIA 2,23,RONCOLA,whole,,209,RONCOLA,1.0
camera-mattarellum-1993-corrected,LOMBARDIA 2,23,ROTA D'IMAGNA,whole,,209,ROTA D'IMAGNA,1.0
camera-mattarellum-1993-corrected,LOMBARDIA 2,23,SAN GIOVANNI BIANCO,whole,,209,SAN GIOVANNI BIANCO,1.0
camera-mattarellum-1993-corrected,LOMBARDIA 2,23,SAN PELLEGRINO TERME,whole,,209,SAN PELLEGRINO TERME,1.0
camera-mattarellum-1993-corrected,LOMBARDIA 2,23,SANTA BRIGIDA,whole,,209,SANTA BRIGIDA,1.0
camera-mattarellum-1993-corrected,LOMBARDIA 2,23,SANT'OMOBONO IMAGNA,whole,,209,SANT'*OMOBONO IMAGNA,1.0
camera-mattarellum-1993-corrected,LOMBARDIA 2,23,SEDRINA,whole,,209,SE DRINA,1.0
camera-mattarellum-1993-corrected,LOMBARDIA 2,23,SERINA,whole,,209,SERINA,1.0
camera-mattarellum-1993-corrected,LOMBARDIA 2,23,SORISOLE,whole,,209,SORISOLE,1.0
camera-mattarellum-1993-corrected,LOMBARDIA 2,23,STROZZA,whole,,209,STROZZA,1.0
camera-mattarellum-1993-corrected,LOMBARDIA 2,23,TALEGGIO,whole,,209,TALEGGIO,1.0
camera-mattarellum-1993-corrected,LOMBARDIA 2,23,UBIALE CLANEZZO,whole,,209,UBIALE CLANEZZO,1.0
camera-mattarellum-1993-corrected,LOMBARDIA 2,23,VALBREMBO,whole,,209,VAL BREMBO,1.0
camera-mattarellum-1993-corrected,LOMBARDIA 2,23,VALLEVE,whole,,209,VALLEVE,1.0
camera-mattarellum-1993-corrected,LOMBARDIA 2,23,VALNEGRA,whole,,209,VALNEGRA,1.0
camera-mattarellum-1993-corrected,LOMBARDIA 2,23,VALSECCA,whole,,209,VALSECCA,1.0
camera-mattarellum-1993-corrected,LOMBARDIA 2,23,VALTORTA,whole,,209,VALTORTA,1.0
camera-mattarellum-1993-corrected,LOMBARDIA 2,23,VEDESETA,whole,,209,VEDESETA,1.0
camera-mattarellum-1993-corrected,LOMBARDIA 2,23,VILLA D'ALME',whole,,209,VILLA D'ALME*',1.0
camera-mattarellum-1993-corrected,LOMBARDIA 2,23,ZOGNO,whole,,209,ZOGNO,1.0
camera-mattarellum-1993-corrected,LOMBARDIA 2,23,COSTA DI SERINA,whole,,209,COSTA DI SERINA,1.0
camera-mattarellum-1993-corrected,LOMBARDIA 2,23,ALGUA,whole,,209,ALGUA,1.0
camera-mattarellum-1993-corrected,LOMBARDIA 2,23,CORNALBA,whole,,209,CORNALBA,1.0
camera-mattarellum-1993-corrected,LOMBARDIA 2,24,BORGOSATOLLO,whole,,209,BORGOSATOLLO,1.0
camera-mattarellum-1993-corrected,LOMBARDIA 2,24,BRESCIA,zone,FIUMICELLO,209,CC 8S-FIUMICELLO ),1.0
camera-mattarellum-1993-corrected,LOMBARDIA 2,24,BRESCIA,zone,PRIMO MAGGIO,209,CC BS-PRIMO MAGGIO ),1.0
camera-mattarellum-1993-corrected,LOMBARDIA 2,24,BRESCIA,zone,FORNACI 4,209,EC BS-FORNACI 4,1.0
camera-mattarellum-1993-corrected,LOMBARDIA 2,24,BRESCIA,zone,CHIESANUOVA,209,{ BS-CHIESANUOVA 3,1.0
camera-mattarellum-1993-corrected,LOMBARDIA 2,24,BRESCIA,zone,VILLAGGIO SERENO,209,{ BS-VILLAGGIO SERENO ),1.0
camera-mattarellum-1993-corrected,LOMBARDIA 2,24,BRESCIA,zone,DON BOSCO,209,XX BS-DON BOSCO >,1.0
camera-mattarellum-1993-corrected,LOMBARDIA 2,24,BRESCIA,zone,FOLZANO,209,{ BS-FOLZANO ),1.0
camera-mattarellum-1993-corrected,LOMBARDIA 2,24,BRESCIA,zone,LAMARMORA,209,€ BS-LAMARMORA ),1.0
camera-mattarellum-1993-corrected,LOMBARDIA 2,24,BRESCIA,zone,PORTA CREMONA,209,{ BS-PORTA CREMONA ),1.0
camera-mattarellum-1993-corrected,LOMBARDIA 2,24,BRESCIA,zone,BETTOLE-BUFFALORA,209,{ BS-BETTOLE-BUFFALORA 3),1.0
camera-mattarellum-1993-corrected,LOMBARDIA 2,24,BRESCIA,zone,CAIONVICO,209,{ BS-CAIONVICO |,1.0
camera-mattarellum-1993-corrected,LOMBARDIA 2,24,BRESCIA,zone,SANT'EUFEMIA,209,{ BS-SANT'EUFEMIA ),1.0
camera-mattarellum-1993-corrected,LOMBARDIA 2,24,BRESCIA,zone,BRESCIA ANTICA,209,£ BS-BRESCIA ANTICA ),1.0
camera-mattarellum-1993-corrected,LOMBARDIA 2,24,BRESCIA,zone,CENTRO STORICO NORD,209,£{ BS-CENTRO STORICO NORD ),1.0
camera-mattarellum-1993-corrected,LOMBARDIA 2,24,BRESCIA,zone,CENTRO STORICO SUD,209,£{ BS-CENTRO STORICO SUD ),1.0
camera-mattarellum-1993-corrected,LOMBARDIA 2,24,BRESCIA,zone,SAN POLO,209,[ BS-SAN POLO ),1.0
camera-mattarellum-1993-corrected,LOMBARDIA 2,24,FLERO,whole,,209,FLERO,1.0
camera-mattarellum-1993-corrected,LOMBARDIA 2,24,SAN ZENO NAVIGLIO,whole,,209,SAN ZENO NAVIGLIO,1.0
camera-mattarellum-1993-corrected,LOMBARDIA 2,25,BRESCIA,zone,BORGO TRENTO,209,C BS-BORGO TRENTO è,1.0
camera-mattarellum-1993-corrected,LOMBARDIA 2,25,BRESCIA,zone,SAN BARTOLOMEO,209,{ BS-SAN BARTOLOMEO 2),1.0
camera-mattarellum-1993-corrected,LOMBARDIA 2,25,BRESCIA,zone,CASAZZA,209,{ BS-CASAZZA ì,1.0
camera-mattarellum-1993-corrected,LOMBARDIA 2,25,BRESCIA,zone,SANT' EUSTACCHIO,209,{ BS-SANT'*EUSTACCHIO ),1.0
camera-mattarellum-1993-corrected,LOMBARDIA 2,25,BRESCIA,zone,MONPIANO,209,C BS-MONPIANO ),1.0
camera-mattarellum-1993-corrected,LOMBARDIA 2,25,BRESCIA,zone,VILLAGGIO PREALPINO,209,{ BS-VILLAGGIO PREALPINO 3,1.0
camera-mattarellum-1993-corrected,LOMBARDIA 2,25,BRESCIA,zone,SAN ROCCHINO COST,209,{( BS-SAN ROCCHINO COST. ),1.0
camera-mattarellum-1993-corrected,LOMBARDIA 2,25,BRESCIA,zone,CROCIFISSA DI ROSA,209,{ BS-CROCIFISSA DI ROSA ),1.0
camera-mattarellum-1993-corrected,LOMBARDIA 2,25,BRESCIA,zone,CHIUSURE,209,( BS-CHIUSURE 2,1.0
camera-mattarellum-1993-corrected,LOMBARDIA 2,25,BRESCIA,zone,URAGO MELLA,209,{ BS-URAGO MELLA ),1.0
camera-mattarellum-1993-corrected,LOMBARDIA 2,25,BRESCIA,zone,VILLAGGIO BADIA,209,{ BS-VILLAGGIO BADIA ),1.0
camera-mattarellum-1993-corrected,LOMBARDIA 2,25,BRESCIA,zone,VILLAGGIO VIOLINO,209,( BS-VILLAGGIO VIOLINO >),1.0
camera-mattarellum-1993-corrected,LOMBARDIA 2,25,BRESCIA,zone,PORTA MILANO 1,209,{ BS-PORTA MILANO 1,1.0
camera-mattarellum-1993-corrected,LOMBARDIA 2,25,BRESCIA,zone,PORTA VENEZIA,209,{ BS-PORTA VENEZIA },1.0
camera-mattarellum-1993-corrected,LOMBARDIA 2,25,CELLATICA,whole,,209,CELLATICA,1.0
camera-mattarellum-1993-corrected,LOMBARDIA 2,25,COLLEBEATO,whole,,209,COLLEBEATO,1.0
camera-mattarellum-1993-corrected,LOMBARDIA 2,25,RONCADELLE,whole,,209,RONCADELLE,1.0
camera-mattarellum-1993-corrected,LOMBARDIA 2,26,AGNOSINE,whole,,210,AGNOSINE,1.0
camera-mattarellum-1993-corrected,LOMBARDIA 2,26,ANFO,whole,,210,ANFO,1.0
camera-mattarellum-1993-corrected,LOMBARDIA 2,26,BAGOLINO,whole,,210,BAGOLINO,1.0
camera-mattarellum-1993-corrected,LOMBARDIA 2,26,BARGHE,whole,,210,BARGHE,1.0
camera-mattarellum-1993-corrected,LOMBARDIA 2,26,BEDIZZOLE,whole,,210,BEDIZZOLE,1.0
camera-mattarellum-1993-corrected,LOMBARDIA 2,26,BIONE,whole,,210,B IONE,1.0
camera-mattarellum-1993-corrected,LOMBARDIA 2,26,BOTTICINO,whole,,210,BOTTICINO,1.0
camera-mattarellum-1993-corrected,LOMBARDIA 2,26,CALVAGESE DELLA RIVIERA,whole,,210,CALVAGESE DELLA RIVIERA,1.0
camera-mattarellum-1993-corrected,LOMBARDIA 2,26,CAPOVALLE,whole,,210,CAPOVALLE,1.0
camera-mattarellum-1993-corrected,LOMBARDIA 2,26,CASTENEDOLO,whole,,210,CASTENE DOLO,1.0
camera-mattarellum-1993-corrected,LOMBARDIA 2,26,CASTO,whole,,210,CASTO,1.0
camera-mattarellum-1993-corrected,LOMBARDIA 2,26,GAVARDO,whole,,210,GAVARDO,1.0
camera-mattarellum-1993-corrected,LOMBARDIA 2,26,IDRO,whole,,210,IDRO,1.0
camera-mattarellum-1993-corrected,LOMBARDIA 2,26,LAVENONE,whole,,210,LAVENONE,1.0
camera-mattarellum-1993-corrected,LOMBARDIA 2,26,MAZZANO,whole,,210,MAZZANO,1.0
camera-mattarellum-1993-corrected,LOMBARDIA 2,26,MURA,whole,,210,MURA,1.0
camera-mattarellum-1993-corrected,LOMBARDIA 2,26,MUSCOLINE,whole,,210,MUSCGLINE,0.889
camera-mattarellum-1993-corrected,LOMBARDIA 2,26,NUVOLENTO,whole,,210,NUVOLENTO,1.0
camera-mattarellum-1993-corrected,LOMBARDIA 2,26,NUVOLERA,whole,,210,NUVOLERA,1.0
camera-mattarellum-1993-corrected,LOMBARDIA 2,26,ODOLO,whole,,210,ODOGLO,0.833
camera-mattarellum-1993-corrected,LOMBARDIA 2,26,PAITONE,whole,,210,PA1TONE,1.0
camera-mattarellum-1993-corrected,LOMBARDIA 2,26,PERTICA ALTA,whole,,210,PERTICA ALTA,1.0
camera-mattarellum-1993-corrected,LOMBARDIA 2,26,PERTICA BASSA,whole,,210,PERTICA BASSA,1.0
camera-mattarellum-1993-corrected,LOMBARDIA 2,26,PRESEGLIE,whole,,210,PRESEGLIE,1.0
camera-mattarellum-1993-corrected,LOMBARDIA 2,26,PREVALLE,whole,,210,PREVALLE,1.0
camera-mattarellum-1993-corrected,LOMBARDIA 2,26,PROVAGLIO VAL SABBIA,whole,,210,PROVAGLIO VAL SABBIA,1.0
camera-mattarellum-1993-corrected,LOMBARDIA 2,26,REZZATO,whole,,210,REZZATO,1.0
camera-mattarellum-1993-corrected,LOMBARDIA 2,26,ROE' VOLCIANO,whole,,210,ROE* VOLCIANO,1.0
camera-mattarellum-1993-corrected,LOMBARDIA 2,26,SABBIO CHIESE,whole,,210,SABBIO CHIESE,1.0
camera-mattarellum-1993-corrected,LOMBARDIA 2,26,SERLE,whole,,210,SERLE,1.0
camera-mattarellum-1993-corrected,LOMBARDIA 2,26,TREVISO BRESCIANO,whole,,210,TREVISO BRESCIANO,1.0
camera-mattarellum-1993-corrected,LOMBARDIA 2,26,VALLIO TERME,whole,,210,VALLIO TERME,1.0
camera-mattarellum-1993-corrected,LOMBARDIA 2,26,VESTONE,whole,,210,VESTONE,1.0
camera-mattarellum-1993-corrected,LOMBARDIA 2,26,VILLANUOVA SUL CLISI,whole,,210,VILLANUOVA SUL CLISI,1.0
camera-mattarellum-1993-corrected,LOMBARDIA 2,26,VOBARNO,whole,,210,VOBARNO,1.0
camera-mattarellum-1993-corrected,LOMBARDIA 2,27,CALCINATO,whole,,210,CALCINATO,1.0
camera-mattarellum-1993-corrected,LOMBARDIA 2,27,CARPENEDOLO,whole,,210,CARPENE DOLO,1.0
camera-mattarellum-1993-corrected,LOMBARDIA 2,27,DESENZANO DEL GARDA,whole,,210,DESENZANO DEL GARDA,1.0
camera-mattarellum-1993-corrected,LOMBARDIA 2,27,GARDONE RIVIERA,whole,,210,GARDONE RIVIERA,1.0
camera-mattarellum-1993-corrected,LOMBARDIA 2,27,GARGNANO,whole,,210,GARGNANO,1.0
camera-mattarellum-1993-corrected,LOMBARDIA 2,27,LIMONE SUL GARDA,whole,,210,LIMONE SUL GARDA,1.0
camera-mattarellum-1993-corrected,LOMBARDIA 2,27,LONATO,whole,,210,LUNATO,0.833
camera-mattarellum-1993-corrected,LOMBARDIA 2,27,MAGASA,whole,,210,MAGASA,1.0
camera-mattarellum-1993-corrected,LOMBARDIA 2,27,MANERBA DEL GARDA,whole,,210,MANERBA DEL GARDA,1.0
camera-mattarellum-1993-corrected,LOMBARDIA 2,27,MONIGA DEL GARDA,whole,,210,MONIGA DEL GARDA,1.0
camera-mattarellum-1993-corrected,LOMBARDIA 2,27,MONTICHIARI,whole,,210,MONTICHIARI,1.0
camera-mattarellum-1993-corrected,LOMBARDIA 2,27,PADENGHE SUL GARDA,whole,,210,PADENGHE SUL GARDA,1.0
camera-mattarellum-1993-corrected,LOMBARDIA 2,27,POLPENAZZE DEL GARDA,whole,,210,POLPENAZZE DEL GARDA,1.0
camera-mattarellum-1993-corrected,LOMBARDIA 2,27,POZZOLENGO,whole,,210,POZZULENGO,0.9
camera-mattarellum-1993-corrected,LOMBARDIA 2,27,PUEGNAGO DEL GARDA,whole,,210,PUEGNAGO SUL GARDA,0.875
camera-mattarellum-1993-corrected,LOMBARDIA 2,27,SALO',whole,,210,SALO*,1.0
camera-mattarellum-1993-corrected,LOMBARDIA 2,27,SAN FELICE DEL BENACO,whole,,210,SAN FELICE DEL BENACU,0.944
camera-mattarellum-1993-corrected,LOMBARDIA 2,27,SIRMIONE,whole,,210,SIRMIONE,1.0
camera-mattarellum-1993-corrected,LOMBARDIA 2,27,SOIANO DEL LAGO,whole,,210,SOTANO DEL LAGO,0.923
camera-mattarellum-1993-corrected,LOMBARDIA 2,27,TIGNALE,whole,,210,TIGNALE,1.0
camera-mattarellum-1993-corrected,LOMBARDIA 2,27,TOSCOLANO MADERNO,whole,,210,TOSCOLANO-MADERNO,1.0
camera-mattarellum-1993-corrected,LOMBARDIA 2,27,TREMOSINE,whole,,210,TREMOSINE,1.0
camera-mattarellum-1993-corrected,LOMBARDIA 2,27,VALVESTINO,whole,,210,VALVESTINO,1.0
camera-mattarellum-1993-corrected,LOMBARDIA 2,28,ACQUAFREDDA,whole,,210,ACQUAFREDDA,1.0
camera-mattarellum-1993-corrected,LOMBARDIA 2,28,ALFIANELLO,whole,,210,ALFIANELLO,1.0
camera-mattarellum-1993-corrected,LOMBARDIA 2,28,AZZANO MELLA,whole,,210,AZZANO MELLA,1.0
camera-mattarellum-1993-corrected,LOMBARDIA 2,28,BAGNOLO MELLA,whole,,210,BAGNOLO MELLA,1.0
camera-mattarellum-1993-corrected,LOMBARDIA 2,28,BASSANO BRESCIANO,whole,,210,BASSANO BRESCIANO,1.0
camera-mattarellum-1993-corrected,LOMBARDIA 2,28,CALVISANO,whole,,211,CALVISANO,1.0
camera-mattarellum-1993-corrected,LOMBARDIA 2,28,CAPRIANO DEL COLLE,whole,,211,CAPRIANO DEL COLLE,1.0
camera-mattarellum-1993-corrected,LOMBARDIA 2,28,CASTEL MELLA,whole,,211,CASTEL MELLA,1.0
camera-mattarellum-1993-corrected,LOMBARDIA 2,28,CIGOLE,whole,,211,CIGOLE,1.0
camera-mattarellum-1993-corrected,LOMBARDIA 2,28,FIESSE,whole,,211,FIESSE,1.0
camera-mattarellum-1993-corrected,LOMBARDIA 2,28,GAMBARA,whole,,211,GAMBARA,1.0
camera-mattarellum-1993-corrected,LOMBARDIA 2,28,GHEDI,whole,,211,GHEDI,1.0
camera-mattarellum-1993-corrected,LOMBARDIA 2,28,GOTTOLENGO,whole,,211,GOTTOLENGO,1.0
camera-mattarellum-1993-corrected,LOMBARDIA 2,28,ISORELLA,whole,,211,I SORELLA,1.0
camera-mattarellum-1993-corrected,LOMBARDIA 2,28,LENO,whole,,211,LENO,1.0
camera-mattarellum-1993-corrected,LOMBARDIA 2,28,MAIRANO,whole,,211,MA IRANO,1.0
camera-mattarellum-1993-corrected,LOMBARDIA 2,28,MANERBIO,whole,,211,MANERBIG,0.875
camera-mattarellum-1993-corrected,LOMBARDIA 2,28,MILZANO,whole,,211,MILZANO,1.0
camera-mattarellum-1993-corrected,LOMBARDIA 2,28,MONTIRONE,whole,,211,MONTIRONE,1.0
camera-mattarellum-1993-corrected,LOMBARDIA 2,28,OFFLAGA,whole,,211,DOFFLAGA,0.875
camera-mattarellum-1993-corrected,LOMBARDIA 2,28,PAVONE DEL MELLA,whole,,211,PAVONE DEL MELLA,1.0
camera-mattarellum-1993-corrected,LOMBARDIA 2,28,PONCARALE,whole,,211,PONCARALE,1.0
camera-mattarellum-1993-corrected,LOMBARDIA 2,28,PONTEVICO,whole,,211,PONTEVICO,1.0
camera-mattarellum-1993-corrected,LOMBARDIA 2,28,PRALBOINO,whole,,211,PRALBOINO,1.0
camera-mattarellum-1993-corrected,LOMBARDIA 2,28,REMEDELLO,whole,,211,REME DELLO,1.0
camera-mattarellum-1993-corrected,LOMBARDIA 2,28,SAN GERVASIO BRESCIANO,whole,,211,SAN GERVASIO BRESCIANO,1.0
camera-mattarellum-1993-corrected,LOMBARDIA 2,28,SENIGA,whole,,211,SENIGA,1.0
camera-mattarellum-1993-corrected,LOMBARDIA 2,28,VISANO,whole,,211,VISANO,1.0
camera-mattarellum-1993-corrected,LOMBARDIA 2,29,BARBARIGA,whole,,211,BARBARIGA,1.0
camera-mattarellum-1993-corrected,LOMBARDIA 2,29,BERLINGO,whole,,211,BERLINGO,1.0
camera-mattarellum-1993-corrected,LOMBARDIA 2,29,BORGO SAN GIACOMO,whole,,211,BORGO SAN GIACOMO,1.0
camera-mattarellum-1993-corrected,LOMBARDIA 2,29,BRANDICO,whole,,211,BRANDICO,1.0
camera-mattarellum-1993-corrected,LOMBARDIA 2,29,CASTEGNATO,whole,,211,CASTEGNATO,1.0
camera-mattarellum-1993-corrected,LOMBARDIA 2,29,CASTELCOVATI,whole,,211,CASTELCOVATI,1.0
camera-mattarellum-1993-corrected,LOMBARDIA 2,29,CASTREZZATO,whole,,211,CASTREZZATO,1.0
camera-mattarellum-1993-corrected,LOMBARDIA 2,29,COMEZZANO-CIZZAGO,whole,,211,COMEZZANU-CIZZAGO,0.938
camera-mattarellum-1993-corrected,LOMBARDIA 2,29,CORZANO,whole,,211,CORZANO,1.0
camera-mattarellum-1993-corrected,LOMBARDIA 2,29,DELLO,whole,,211,DELLO,1.0
camera-mattarellum-1993-corrected,LOMBARDIA 2,29,LOGRATO,whole,,211,LOGRATO,1.0
camera-mattarellum-1993-corrected,LOMBARDIA 2,29,LONGHENA,whole,,211,LONGHENA,1.0
camera-mattarellum-1993-corrected,LOMBARDIA 2,29,MACLODIO,whole,,211,MACLODIO,1.0
camera-mattarellum-1993-corrected,LOMBARDIA 2,29,ORZINUOVI,whole,,211,ORZINUOVI,1.0
camera-mattarellum-1993-corrected,LOMBARDIA 2,29,ORZIVECCHI,whole,,211,ORZIVECCHI,1.0
camera-mattarellum-1993-corrected,LOMBARDIA 2,29,OSPITALETTO,whole,,211,OSPITALETTO,1.0
camera-mattarellum-1993-corrected,LOMBARDIA 2,29,SAN PAOLO,whole,,211,SAN PAOLO,1.0
camera-mattarellum-1993-corrected,LOMBARDIA 2,29,POMPIANO,whole,,211,POMPIANO,1.0
camera-mattarellum-1993-corrected,LOMBARDIA 2,29,QUINZANO D'OGLIO,whole,,211,QUINZANO D'OGLIO,1.0
camera-mattarellum-1993-corrected,LOMBARDIA 2,29,ROCCAFRANCA,whole,,211,ROCCAFRANCA,1.0
camera-mattarellum-1993-corrected,LOMBARDIA 2,29,RUDIANO,whole,,211,RUDIANO,1.0
camera-mattarellum-1993-corrected,LOMBARDIA 2,29,TORBOLE CASAGLIA,whole,,211,TORBOLE CASAGLIA,1.0
camera-mattarellum-1993-corrected,LOMBARDIA 2,29,TRAVAGLIATO,whole,,211,TRAVAGLIATO,1.0
camera-mattarellum-1993-corrected,LOMBARDIA 2,29,TRENZANO,whole,,211,TRENZANO,1.0
camera-mattarellum-1993-corrected,LOMBARDIA 2,29,VEROLANUOVA,whole,,211,VEROLANUOYVA,0.917
camera-mattarellum-1993-corrected,LOMBARDIA 2,29,VEROLAVECCHIA,whole,,211,VEROLAVECCHIA,1.0
camera-mattarellum-1993-corrected,LOMBARDIA 2,29,VILLACHIARA,whole,,211,VILLACHIARA,1.0
camera-mattarellum-1993-corrected,LOMBARDIA 2,30,ADRO,whole,,211,ADBRO,0.8
camera-mattarellum-1993-corrected,LOMBARDIA 2,30,CAPRIOLO,whole,,211,CAPRIOLO,1.0
camera-mattarellum-1993-corrected,LOMBARDIA 2,30,CAZZAGO SAN MARTINO,whole,,211,CAZZAGO SAN MARTINO,1.0
camera-mattarellum-1993-corrected,LOMBARDIA 2,30,CHIARI,whole,,211,CHIARI,1.0
camera-mattarellum-1993-corrected,LOMBARDIA 2,30,COCCAGLIO,whole,,211,COCCAGLIO,1.0
camera-mattarellum-1993-corrected,LOMBARDIA 2,30,COLOGNE,whole,,211,COLOGNE,1.0
camera-mattarellum-1993-corrected,LOMBARDIA 2,30,CORTE FRANCA,whole,,211,CORTE FRANCA,1.0
camera-mattarellum-1993-corrected,LOMBARDIA 2,30,ERBUSCO,whole,,211,ERBUSCO,1.0
camera-mattarellum-1993-corrected,LOMBARDIA 2,30,PADERNO FRANCIACORTA,whole,,211,PADERNO FRANCIACORTA,1.0
camera-mattarellum-1993-corrected,LOMBARDIA 2,30,PALAZZOLO SULL'OGLIO,whole,,211,PALAZZOLO SULL'OGLIO,1.0
camera-mattarellum-1993-corrected,LOMBARDIA 2,30,PARATICO,whole,,211,PARATICO,1.0
camera-mattarellum-1993-corrected,LOMBARDIA 2,30,PASSIRANO,whole,,211,PASSIRANO:,1.0
camera-mattarellum-1993-corrected,LOMBARDIA 2,30,PONTOGLIO,whole,,211,PONTOGLIO,1.0
camera-mattarellum-1993-corrected,LOMBARDIA 2,30,RODENGO-SAIANO,whole,,211,RODENGOUO-SA 1ANO,0.867
camera-mattarellum-1993-corrected,LOMBARDIA 2,30,ROVATO,whole,,211,ROVATO,1.0
camera-mattarellum-1993-corrected,LOMBARDIA 2,30,URAGO D'OGLIO,whole,,211,URAGO D'OGLIO,1.0
camera-mattarellum-1993-corrected,LOMBARDIA 2,31,BOVEGNO,whole,,212,BOVEGNO,1.0
camera-mattarellum-1993-corrected,LOMBARDIA 2,31,BOVEZZO,whole,,212,BOVEZZO,1.0
camera-mattarellum-1993-corrected,LOMBARDIA 2,31,BRIONE,whole,,212,BRIONE,1.0
camera-mattarellum-1993-corrected,LOMBARDIA 2,31,CAINO,whole,,212,CAINO,1.0
camera-mattarellum-1993-corrected,LOMBARDIA 2,31,COLLIO,whole,,212,CoLLIO,1.0
camera-mattarellum-1993-corrected,LOMBARDIA 2,31,CONCESIO,whole,,212,CONCESIO,1.0
camera-mattarellum-1993-corrected,LOMBARDIA 2,31,GARDONE VAL TROMPIA,whole,,212,GARDONE VAL TROMPIA,1.0
camera-mattarellum-1993-corrected,LOMBARDIA 2,31,GUSSAGO,whole,,212,GUSSAGO,1.0
camera-mattarellum-1993-corrected,LOMBARDIA 2,31,IRMA,whole,,212,IRMA,1.0
camera-mattarellum-1993-corrected,LOMBARDIA 2,31,LODRINO,whole,,212,LODRINO,1.0
camera-mattarellum-1993-corrected,LOMBARDIA 2,31,LUMEZZANE,whole,,212,LUME ZZANE,1.0
camera-mattarellum-1993-corrected,LOMBARDIA 2,31,MARCHENO,whole,,212,MARCHE NO,1.0
camera-mattarellum-1993-corrected,LOMBARDIA 2,31,MARMENTINO,whole,,212,MARMENTINO,1.0
camera-mattarellum-1993-corrected,LOMBARDIA 2,31,NAVE,whole,,212,NAVE,1.0
camera-mattarellum-1993-corrected,LOMBARDIA 2,31,PEZZAZE,whole,,212,PEZZAZE,1.0
camera-mattarellum-1993-corrected,LOMBARDIA 2,31,POLAVENO,whole,,212,POLAVENO,1.0
camera-mattarellum-1993-corrected,LOMBARDIA 2,31,SAREZZO,whole,,212,SAREZZO,1.0
camera-mattarellum-1993-corrected,LOMBARDIA 2,31,TAVERNOLE SUL MELLA,whole,,212,TAVERNOLE SUL MELLA,1.0
camera-mattarellum-1993-corrected,LOMBARDIA 2,31,VILLA CARCINA,whole,,212,VILLA CARCINA,1.0
camera-mattarellum-1993-corrected,LOMBARDIA 2,32,ANGOLO TERME,whole,,212,ANGOLO TERME,1.0
camera-mattarellum-1993-corrected,LOMBARDIA 2,32,ARTOGNE,whole,,212,ARTOGNE,1.0
camera-mattarellum-1993-corrected,LOMBARDIA 2,32,BERZO DEMO,whole,,212,BERZO DEMO,1.0
camera-mattarellum-1993-corrected,LOMBARDIA 2,32,BERZO INFERIORE,whole,,212,BERZO INFERIORE,1.0
camera-mattarellum-1993-corrected,LOMBARDIA 2,32,BIENNO,whole,,212,BIENNO,1.0
camera-mattarellum-1993-corrected,LOMBARDIA 2,32,BORNO,whole,,212,BORNO,1.0
camera-mattarellum-1993-corrected,LOMBARDIA 2,32,BRAONE,whole,,212,BRAONE,1.0
camera-mattarellum-1993-corrected,LOMBARDIA 2,32,BRENO,whole,,212,BRENO,1.0
camera-mattarellum-1993-corrected,LOMBARDIA 2,32,CAPO DI PONTE,whole,,212,CAPO DI PONTE,1.0
camera-mattarellum-1993-corrected,LOMBARDIA 2,32,CEDEGOLO,whole,,212,CEDEGOLO,1.0
camera-mattarellum-1993-corrected,LOMBARDIA 2,32,CERVENO,whole,,212,CERVENO,1.0
camera-mattarellum-1993-corrected,LOMBARDIA 2,32,CETO,whole,,212,CETO,1.0
camera-mattarellum-1993-corrected,LOMBARDIA 2,32,CEVO,whole,,212,CEYVO,0.8
camera-mattarellum-1993-corrected,LOMBARDIA 2,32,CIMBERGO,whole,,212,CIMBERGO,1.0
camera-mattarellum-1993-corrected,LOMBARDIA 2,32,CIVIDATE CAMUNO,whole,,212,CIVIDATE CAMUNO,1.0
camera-mattarellum-1993-corrected,LOMBARDIA 2,32,CORTENO GOLGI,whole,,212,CORTENO GOLGI,1.0
camera-mattarellum-1993-corrected,LOMBARDIA 2,32,DARFO BOARIO TERME,whole,,212,DARFO BOARIO TERME,1.0
camera-mattarellum-1993-corrected,LOMBARDIA 2,32,ESINE,whole,,212,ESINE,1.0
camera-mattarellum-1993-corrected,LOMBARDIA 2,32,GIANICO,whole,,212,GIANICO,1.0
camera-mattarellum-1993-corrected,LOMBARDIA 2,32,INCUDINE,whole,,212,INCUDINE,1.0
camera-mattarellum-1993-corrected,LOMBARDIA 2,32,,whole,,212,I1SEU,0.6
camera-mattarellum-1993-corrected,LOMBARDIA 2,32,LOSINE,whole,,212,LOSINE,1.0
camera-mattarellum-1993-corrected,LOMBARDIA 2,32,LOZIO,whole,,212,LOZIO,1.0
camera-mattarellum-1993-corrected,LOMBARDIA 2,32,MALEGNO,whole,,212,MALEGNO,1.0
camera-mattarellum-1993-corrected,LOMBARDIA 2,32,MALONNO,whole,,212,MAL ONNO,1.0
camera-mattarellum-1993-corrected,LOMBARDIA 2,32,MARONE,whole,,212,MARONE,1.0
camera-mattarellum-1993-corrected,LOMBARDIA 2,32,MONNO,whole,,212,'* MONNO,1.0
camera-mattarellum-1993-corrected,LOMBARDIA 2,32,MONTE ISOLA,whole,,212,HONTE ISOLA,1.0
camera-mattarellum-1993-corrected,LOMBARDIA 2,32,MONTICELLI BRUSATI,whole,,212,MONTICELLI BRUSATI,1.0
camera-mattarellum-1993-corrected,LOMBARDIA 2,32,NIARDO,whole,,212,NIARDO,1.0
camera-mattarellum-1993-corrected,LOMBARDIA 2,32,,whole,,212,DME,0.667
camera-mattarellum-1993-corrected,LOMBARDIA 2,32,ONO SAN PIETRO,whole,,212,ONO SAN PIETRO,1.0
camera-mattarellum-1993-corrected,LOMBARDIA 2,32,OSSIMO,whole,,212,O0OSSIMO,0.75
camera-mattarellum-1993-corrected,LOMBARDIA 2,32,PAISCO LOVENO,whole,,212,PAISCO LOVENO,1.0
camera-mattarellum-1993-corrected,LOMBARDIA 2,32,PASPARDO,whole,,212,PASPARDO,1.0
camera-mattarellum-1993-corrected,LOMBARDIA 2,32,PIAN CAMUNO,whole,,212,PIAN CAMUNO,1.0
camera-mattarellum-1993-corrected,LOMBARDIA 2,32,PISOGNE,whole,,212,PISOGNE,1.0
camera-mattarellum-1993-corrected,LOMBARDIA 2,32,PONTE DI LEGNO,whole,,212,PONTE. DI LEGNO,1.0
camera-mattarellum-1993-corrected,LOMBARDIA 2,32,PRESTINE,whole,,212,PRESTINE,1.0
camera-mattarellum-1993-corrected,LOMBARDIA 2,32,PROVAGLIO D'ISEO,whole,,212,PROVAGLIO D'1SEO,1.0
camera-mattarellum-1993-corrected,LOMBARDIA 2,32,SALE MARASINO,whole,,212,SALE MARASINO,1.0
camera-mattarellum-1993-corrected,LOMBARDIA 2,32,SAVIORE DELL'ADAMELLO,whole,,212,SAVIORE DELL'ADAMELLO,1.0
camera-mattarellum-1993-corrected,LOMBARDIA 2,32,SELLERO,whole,,212,SELLERO,1.0
camera-mattarellum-1993-corrected,LOMBARDIA 2,32,SONICO,whole,,212,SONICO,1.0
camera-mattarellum-1993-corrected,LOMBARDIA 2,32,SULZANO,whole,,212,SULZANO,1.0
camera-mattarellum-1993-corrected,LOMBARDIA 2,32,TEMU',whole,,212,TEMU',1.0
camera-mattarellum-1993-corrected,LOMBARDIA 2,32,VEZZA D'OGLIO,whole,,213,VEZZA D'OGLIO,1.0
camera-mattarellum-1993-corrected,LOMBARDIA 2,32,VIONE,whole,,213,VIONE,1.0
camera-mattarellum-1993-corrected,LOMBARDIA 2,32,ZONE,whole,,213,ZONE,1.0
camera-mattarellum-1993-corrected,LOMBARDIA 2,32,PIANCOGNO,whole,,213,PIANCOGNO,1.0
camera-mattarellum-1993-corrected,LOMBARDIA 3,1,ALBUZZANO,whole,,214,ALBUZZANO,1.0
camera-mattarellum-1993-corrected,LOMBARDIA 3,1,BASCAPE',whole,,214,"BASCAPE'""",1.0
camera-mattarellum-1993-corrected,LOMBARDIA 3,1,BELGIOIOSO,whole,,214,BELGIOIOSO,1.0
camera-mattarellum-1993-corrected,LOMBARDIA 3,1,BORGARELLO,whole,,214,BORGARELLO,1.0
camera-mattarellum-1993-corrected,LOMBARDIA 3,1,BORNASCO,whole,,214,BORNASCO,1.0
camera-mattarellum-1993-corrected,LOMBARDIA 3,1,CERANOVA,whole,,214,CERANOVA,1.0
camera-mattarellum-1993-corrected,LOMBARDIA 3,1,CERTOSA DI PAVIA,whole,,214,CERTOSA DI PAVIA,1.0
camera-mattarellum-1993-corrected,LOMBARDIA 3,1,CHIGNOLO PO,whole,,214,CHIGNOLO PO,1.0
camera-mattarellum-1993-corrected,LOMBARDIA 3,1,COPIANO,whole,,214,COPIANO,1.0
camera-mattarellum-1993-corrected,LOMBARDIA 3,1,CORTEOLONA,whole,,214,CORTEOLONA,1.0
camera-mattarellum-1993-corrected,LOMBARDIA 3,1,CURA CARPIGNANO,whole,,214,CURA CARPIGNANO,1.0
camera-mattarellum-1993-corrected,LOMBARDIA 3,1,FILIGHERA,whole,,214,FILIGHERA,1.0
camera-mattarellum-1993-corrected,LOMBARDIA 3,1,GENZONE,whole,,214,GENZONE,1.0
camera-mattarellum-1993-corrected,LOMBARDIA 3,1,GERENZAGO,whole,,214,GERENZAGO,1.0
camera-mattarellum-1993-corrected,LOMBARDIA 3,1,GIUSSAGO,whole,,214,GIUSSAGAI,0.778
camera-mattarellum-1993-corrected,LOMBARDIA 3,1,INVERNO E MONTELEONE,whole,,214,INVERNO È MONTELEONE,0.944
camera-mattarellum-1993-corrected,LOMBARDIA 3,1,LANDRIANO,whole,,214,LANDRIANO,1.0
camera-mattarellum-1993-corrected,LOMBARDIA 3,1,LARDIRAGO,whole,,214,LARDIRAGO,1.0
camera-mattarellum-1993-corrected,LOMBARDIA 3,1,LINAROLO,whole,,214,LINAROLO,1.0
camera-mattarellum-1993-corrected,LOMBARDIA 3,1,MAGHERNO,whole,,214,MAGHERNO,1.0
camera-mattarellum-1993-corrected,LOMBARDIA 3,1,MARZANO,whole,,214,MARZANO,1.0
camera-mattarellum-1993-corrected,LOMBARDIA 3,1,MIRADOLO TERME,whole,,214,MIRADOLO TERME,1.0
camera-mattarellum-1993-corrected,LOMBARDIA 3,1,PAVIA,whole,,214,PAVIA,1.0
camera-mattarellum-1993-corrected,LOMBARDIA 3,1,RONCARO,whole,,214,RONCARO,1.0
camera-mattarellum-1993-corrected,LOMBARDIA 3,1,SAN GENESIO ED UNITI,whole,,214,SAN GENESIO ED UNITI,1.0
camera-mattarellum-1993-corrected,LOMBARDIA 3,1,SANTA CRISTINA E BISSONE,whole,,214,SANTA CRISTINA E BISSONE,1.0
camera-mattarellum-1993-corrected,LOMBARDIA 3,1,SANT'ALESSIO CON VIALONE,whole,,214,SANT'ALESSIO CON VIALONE,1.0
camera-mattarellum-1993-corrected,LOMBARDIA 3,1,SIZIANO,whole,,214,SIZIANO,1.0
camera-mattarellum-1993-corrected,LOMBARDIA 3,1,TORRE D'ARESE,whole,,214,TORRE D'ARESE,1.0
camera-mattarellum-1993-corrected,LOMBARDIA 3,1,TORRE DE' NEGRI,whole,,214,"TORRE. DE ""NEGRI",1.0
camera-mattarellum-1993-corrected,LOMBARDIA 3,1,TORREVECCHIA PIA,whole,,214,TORREVECCHIA PIA,1.0
camera-mattarellum-1993-corrected,LOMBARDIA 3,1,VALLE SALIMBENE,whole,,214,VALLE SAL IMBENE,1.0
camera-mattarellum-1993-corrected,LOMBARDIA 3,1,VIDIGULFO,whole,,214,VIDIGULFO,1.0
camera-mattarellum-1993-corrected,LOMBARDIA 3,1,VILLANTERIO,whole,,214,VILLANTERIO.,1.0
camera-mattarellum-1993-corrected,LOMBARDIA 3,1,VISTARINO,whole,,214,VISTARINO,1.0
camera-mattarellum-1993-corrected,LOMBARDIA 3,1,ZECCONE,whole,,214,ZECCONE,1.0
camera-mattarellum-1993-corrected,LOMBARDIA 3,2,ALAGNA,whole,,214,ALAGNA,1.0
camera-mattarellum-1993-corrected,LOMBARDIA 3,2,BATTUDA,whole,,214,BATTUDA,1.0
camera-mattarellum-1993-corrected,LOMBARDIA 3,2,BEREGUARDO,whole,,214,BEREGUARDO,1.0
camera-mattarellum-1993-corrected,LOMBARDIA 3,2,BORGO SAN SIRO,whole,,214,BORGO SAN SIRO,1.0
camera-mattarellum-1993-corrected,LOMBARDIA 3,2,CASORATE PRIMO,whole,,214,CASORATE PRIMO,1.0
camera-mattarellum-1993-corrected,LOMBARDIA 3,2,CASSOLNOVO,whole,,214,CASSOLNOVO,1.0
camera-mattarellum-1993-corrected,LOMBARDIA 3,2,CILAVEGNA,whole,,214,CILAVEGNA,1.0
camera-mattarellum-1993-corrected,LOMBARDIA 3,2,GAMBOLO',whole,,214,GAMBOLO*,1.0
camera-mattarellum-1993-corrected,LOMBARDIA 3,2,GARLASCO,whole,,214,GARLASCO,1.0
camera-mattarellum-1993-corrected,LOMBARDIA 3,2,GRAVELLONA LOMELLINA,whole,,214,GRAVELLONA LOMELLINA,1.0
camera-mattarellum-1993-corrected,LOMBARDIA 3,2,MARCIGNAGO,whole,,214,MARCIGNAGO,1.0
camera-mattarellum-1993-corrected,LOMBARDIA 3,2,OTTOBIANO,whole,,214,OFTOBIANO,0.889
camera-mattarellum-1993-corrected,LOMBARDIA 3,2,PARONA,whole,,214,PARONA,1.0
camera-mattarellum-1993-corrected,LOMBARDIA 3,2,ROGNANO,whole,,214,ROGNANO,1.0
camera-mattarellum-1993-corrected,LOMBARDIA 3,2,SCALDASOLE,whole,,214,SCTCALDASOLE,0.833
camera-mattarellum-1993-corrected,LOMBARDIA 3,2,TORRE D'ISOLA,whole,,214,TORRE D'ISQOLA,0.917
camera-mattarellum-1993-corrected,LOMBARDIA 3,2,TRIVOLZIO,whole,,214,TRIVOLZIO,1.0
camera-mattarellum-1993-corrected,LOMBARDIA 3,2,TROMELLO,whole,,214,FTROMELLO,0.889
camera-mattarellum-1993-corrected,LOMBARDIA 3,2,TROVO,whole,,214,TROVO,1.0
camera-mattarellum-1993-corrected,LOMBARDIA 3,2,VALEGGIO,whole,,214,VALEGGIO,1.0
camera-mattarellum-1993-corrected,LOMBARDIA 3,2,VELLEZZO BELLINI,whole,,214,VELLEZZO BELLINI,1.0
camera-mattarellum-1993-corrected,LOMBARDIA 3,2,VIGEVANO,whole,,214,VIGEVANO,1.0
camera-mattarellum-1993-corrected,LOMBARDIA 3,2,ZERBOLO',whole,,214,ZERBOLO*,1.0
camera-mattarellum-1993-corrected,LOMBARDIA 3,3,ALBONESE,whole,,215,AL BONE SE,1.0
camera-mattarellum-1993-corrected,LOMBARDIA 3,3,BASTIDA DE' DOSSI,whole,,215,BASTIDA DE*DOSST,0.929
camera-mattarellum-1993-corrected,LOMBARDIA 3,3,BASTIDA PANCARANA,whole,,215,BASTIDA PANCARANA,1.0
camera-mattarellum-1993-corrected,LOMBARDIA 3,3,BREME,whole,,215,BREME,1.0
camera-mattarellum-1993-corrected,LOMBARDIA 3,3,BRESSANA BOTTARONE,whole,,215,BRESSANA BOTTARONE,1.0
camera-mattarellum-1993-corrected,LOMBARDIA 3,3,CANDIA LOMELLINA,whole,,215,CANDOIA LOMELLINA-,0.938
camera-mattarellum-1993-corrected,LOMBARDIA 3,3,CARBONARA AL TICINO,whole,,215,CARBONARA AL TICINO,1.0
camera-mattarellum-1993-corrected,LOMBARDIA 3,3,CASATISMA,whole,,215,CASATISMA,1.0
camera-mattarellum-1993-corrected,LOMBARDIA 3,3,CASEI GEROLA,whole,,215,CASE1 GEROLA,1.0
camera-mattarellum-1993-corrected,LOMBARDIA 3,3,CASTELLETTO DI BRANDUZZO,whole,,215,CASTELLETTO DI RBRANDUZZO,0.957
camera-mattarellum-1993-corrected,LOMBARDIA 3,3,CASTELLO D'AGOGNA,whole,,215,CASTELLO D'AGOGNA,1.0
camera-mattarellum-1993-corrected,LOMBARDIA 3,3,CASTELNOVETTO,whole,,215,CASTELNOVETTO,1.0
camera-mattarellum-1993-corrected,LOMBARDIA 3,3,CAVA MANARA,whole,,215,CAVA MANARA,1.0
camera-mattarellum-1993-corrected,LOMBARDIA 3,3,CERETTO LOMELLINA,whole,,215,CERETTO LOMELLINA,1.0
camera-mattarellum-1993-corrected,LOMBARDIA 3,3,CERGNAGO,whole,,215,CERGNAGO,1.0
camera-mattarellum-1993-corrected,LOMBARDIA 3,3,CERVESINA,whole,,215,CERVESIiINA,0.818
camera-mattarellum-1993-corrected,LOMBARDIA 3,3,CONFIENZA,whole,,215,CONF TENZA,0.889
camera-mattarellum-1993-corrected,LOMBARDIA 3,3,CORANA,whole,,215,CORANA,1.0
camera-mattarellum-1993-corrected,LOMBARDIA 3,3,CORNALE,whole,,215,CORNALE,1.0
camera-mattarellum-1993-corrected,LOMBARDIA 3,3,DORNO,whole,,215,DORNO,1.0
camera-mattarellum-1993-corrected,LOMBARDIA 3,3,FERRERA ERBOGNONE,whole,,215,FERRERA ERBOGNONE,1.0
camera-mattarellum-1993-corrected,LOMBARDIA 3,3,FRASCAROLO,whole,,215,FRASCAROLO,1.0
camera-mattarellum-1993-corrected,LOMBARDIA 3,3,GALLIAVOLA,whole,,215,GALLIAVOLA,1.0
camera-mattarellum-1993-corrected,LOMBARDIA 3,3,GAMBARANA,whole,,215,GAMBARANA,1.0
camera-mattarellum-1993-corrected,LOMBARDIA 3,3,GROPELLO CAIROLI,whole,,215,GROPELLO CAIROLI,1.0
camera-mattarellum-1993-corrected,LOMBARDIA 3,3,LANGOSCO,whole,,215,LANGOSCO,1.0
camera-mattarellum-1993-corrected,LOMBARDIA 3,3,LOMELLO,whole,,215,LOMELLO,1.0
camera-mattarellum-1993-corrected,LOMBARDIA 3,3,LUNGAVILLA,whole,,215,LUNGAVILLA,1.0
camera-mattarellum-1993-corrected,LOMBARDIA 3,3,MEDE,whole,,215,MEDE,1.0
camera-mattarellum-1993-corrected,LOMBARDIA 3,3,MEZZANA BIGLI,whole,,215,MEZZANA BIGLI,1.0
camera-mattarellum-1993-corrected,LOMBARDIA 3,3,MEZZANA RABATTONE,whole,,215,HEZZANA RABATTONE,1.0
camera-mattarellum-1993-corrected,LOMBARDIA 3,3,MEZZANINO,whole,,215,MEZZANINO,1.0
camera-mattarellum-1993-corrected,LOMBARDIA 3,3,MORTARA,whole,,215,MORTARA,1.0
camera-mattarellum-1993-corrected,LOMBARDIA 3,3,NICORVO,whole,,215,NICORYVO,0.875
camera-mattarellum-1993-corrected,LOMBARDIA 3,3,OLEVANO DI LOMELLINA,whole,,215,OLEVANO DI LOMELLINA,1.0
camera-mattarellum-1993-corrected,LOMBARDIA 3,3,PALESTRO,whole,,215,PALESTRO,1.0
camera-mattarellum-1993-corrected,LOMBARDIA 3,3,PANCARANA,whole,,215,PANCARANA,1.0
camera-mattarellum-1993-corrected,LOMBARDIA 3,3,PIEVE ALBIGNOLA,whole,,215,PIEVE ALBIGNOLA,1.0
camera-mattarellum-1993-corrected,LOMBARDIA 3,3,PIEVE DEL CAIRO,whole,,215,PIEVE DEL CAIRO,1.0
camera-mattarellum-1993-corrected,LOMBARDIA 3,3,PINAROLO PO,whole,,215,PINAROLO PO,1.0
camera-mattarellum-1993-corrected,LOMBARDIA 3,3,PIZZALE,whole,,215,PIZZALE,1.0
camera-mattarellum-1993-corrected,LOMBARDIA 3,3,REA,whole,,215,REA,1.0
camera-mattarellum-1993-corrected,LOMBARDIA 3,3,ROBBIO,whole,,215,ROBBIO,1.0
camera-mattarellum-1993-corrected,LOMBARDIA 3,3,ROSASCO,whole,,215,ROSASCO,1.0
camera-mattarellum-1993-corrected,LOMBARDIA 3,3,SAN GIORGIO DI LOMELLINA,whole,,215,SAN GIORGIO DI LOMELLINA,1.0
camera-mattarellum-1993-corrected,LOMBARDIA 3,3,SAN MARTINO SICCOMARIO,whole,,215,SAN MARTINO SICCOMARIO,1.0
camera-mattarellum-1993-corrected,LOMBARDIA 3,3,SANNAZZARO DE' BURGONDI,whole,,215,SANNAZZARO DE *' BURGONDI,1.0
camera-mattarellum-1993-corrected,LOMBARDIA 3,3,SANT'ANGELO LOMELLINA,whole,,215,SANT'ANGELO LOMELLINA,1.0
camera-mattarellum-1993-corrected,LOMBARDIA 3,3,SARTIRANA LOMELLINA,whole,,215,SARTIRANA LOMELLINA,1.0
camera-mattarellum-1993-corrected,LOMBARDIA 3,3,SEMIANA,whole,,215,SEMITANA,0.875
camera-mattarellum-1993-corrected,LOMBARDIA 3,3,SILVANO PIETRA,whole,,215,SILVANO PIETRA,1.0
camera-mattarellum-1993-corrected,LOMBARDIA 3,3,SOMMO,whole,,215,SOMMO,1.0
camera-mattarellum-1993-corrected,LOMBARDIA 3,3,SUARDI,whole,,215,SUARDI,1.0
camera-mattarellum-1993-corrected,LOMBARDIA 3,3,TORRE BERETTI E CASTELLARO,whole,,215,TORRE BERETTI E CASTELLARO,1.0
camera-mattarellum-1993-corrected,LOMBARDIA 3,3,TRAVACO' SICCOMARIO,whole,,215,TRAVACO' SICCQOMARIO,0.944
camera-mattarellum-1993-corrected,LOMBARDIA 3,3,VALLE LOMELLINA,whole,,215,VALLE LOMELLINA,1.0
camera-mattarellum-1993-corrected,LOMBARDIA 3,3,VELEZZO LOMELLINA,whole,,215,VELEZZO LOMELLINA,1.0
camera-mattarellum-1993-corrected,LOMBARDIA 3,3,VERRETTO,whole,,215,VERRETTO,1.0
camera-mattarellum-1993-corrected,LOMBARDIA 3,3,VERRUA PO,whole,,215,VERRUVA PO,0.889
camera-mattarellum-1993-corrected,LOMBARDIA 3,3,VILLA BISCOSSI,whole,,215,VILLA BISCOSSI,1.0
camera-mattarellum-1993-corrected,LOMBARDIA 3,3,VILLANOVA D'ARDENGHI,whole,,215,VILLANOVA D'ARDENGHI,1.0
camera-mattarellum-1993-corrected,LOMBARDIA 3,3,,whole,,215,ZEHME,0.429
camera-mattarellum-1993-corrected,LOMBARDIA 3,3,ZINASCO,whole,,215,ZINASCO,1.0
camera-mattarellum-1993-corrected,LOMBARDIA 3,4,ALBAREDO ARNABOLDI,whole,,216,ALBAREDO ARNABOLDI,1.0
camera-mattarellum-1993-corrected,LOMBARDIA 3,4,ARENA PO,whole,,216,ARENA PO,1.0
camera-mattarellum-1993-corrected,LOMBARDIA 3,4,BADIA PAVESE,whole,,216,BADIA PAVESE,1.0
camera-mattarellum-1993-corrected,LOMBARDIA 3,4,BAGNARIA,whole,,216,BAGNARIA,1.0
camera-mattarellum-1993-corrected,LOMBARDIA 3,4,BARBIANELLO,whole,,216,BARBIANELLO,1.0
camera-mattarellum-1993-corrected,LOMBARDIA 3,4,BORGO PRIOLO,whole,,216,BORGO PRIOLO,1.0
camera-mattarellum-1993-corrected,LOMBARDIA 3,4,BORGORATTO MORMOROLO,whole,,216,BORGORATTO MORMOROLO,1.0
camera-mattarellum-1993-corrected,LOMBARDIA 3,4,BOSNASCO,whole,,216,BOSNASCO,1.0
camera-mattarellum-1993-corrected,LOMBARDIA 3,4,BRALLO DI PREGOLA,whole,,216,BRALLO DI PREGOLA,1.0
camera-mattarellum-1993-corrected,LOMBARDIA 3,4,BRONI,whole,,216,BRONI,1.0
camera-mattarellum-1993-corrected,LOMBARDIA 3,4,CALVIGNANO,whole,,216,CALVIGNANO,1.0
camera-mattarellum-1993-corrected,LOMBARDIA 3,4,CAMPOSPINOSO,whole,,216,CAMPOSPINOSO,1.0
camera-mattarellum-1993-corrected,LOMBARDIA 3,4,CANEVINO,whole,,216,CANEVINO,1.0
camera-mattarellum-1993-corrected,LOMBARDIA 3,4,CANNETO PAVESE,whole,,216,CANNETO PAVESE,1.0
camera-mattarellum-1993-corrected,LOMBARDIA 3,4,CASANOVA LONATI,whole,,216,CASANOVA LONATI,1.0
camera-mattarellum-1993-corrected,LOMBARDIA 3,4,CASTANA,whole,,216,CASTANA,1.0
camera-mattarellum-1993-corrected,LOMBARDIA 3,4,CASTEGGIO,whole,,216,CASTEGGIO,1.0
camera-mattarellum-1993-corrected,LOMBARDIA 3,4,CECIMA,whole,,216,CECINA,0.833
camera-mattarellum-1993-corrected,LOMBARDIA 3,4,CIGOGNOLA,whole,,216,CIGOGNOLA,1.0
camera-mattarellum-1993-corrected,LOMBARDIA 3,4,CODEVILLA,whole,,216,CODEVILLA,1.0
camera-mattarellum-1993-corrected,LOMBARDIA 3,4,CORVINO SAN QUIRICO,whole,,216,CORVINO SAN QUIRICO,1.0
camera-mattarellum-1993-corrected,LOMBARDIA 3,4,COSTA DE' NOBILI,whole,,216,COSTA DE 'NQBILI,0.923
camera-mattarellum-1993-corrected,LOMBARDIA 3,4,FORTUNAGO,whole,,216,FORTUNAGO,1.0
camera-mattarellum-1993-corrected,LOMBARDIA 3,4,GODIASCO,whole,,216,GODIASCO,1.0
camera-mattarellum-1993-corrected,LOMBARDIA 3,4,GOLFERENZO,whole,,216,GOLFERENZO,1.0
camera-mattarellum-1993-corrected,LOMBARDIA 3,4,LIRIO,whole,,216,LIRIO,1.0
camera-mattarellum-1993-corrected,LOMBARDIA 3,4,MENCONICO,whole,,216,MENCONICO,1.0
camera-mattarellum-1993-corrected,LOMBARDIA 3,4,MONTALTO PAVESE,whole,,216,MONTALTO PAVESE,1.0
camera-mattarellum-1993-corrected,LOMBARDIA 3,4,MONTEBELLO DELLA BATTAGLIA,whole,,216,HONTEBELLO DELLA BATTAGLIA,1.0
camera-mattarellum-1993-corrected,LOMBARDIA 3,4,MONTECALVO VERSIGGIA,whole,,216,MONTECALVO VERSIGGIA,1.0
camera-mattarellum-1993-corrected,LOMBARDIA 3,4,MONTESCANO,whole,,216,HONTESCANO,1.0
camera-mattarellum-1993-corrected,LOMBARDIA 3,4,MONTESEGALE,whole,,216,MONTESEGALE,1.0
camera-mattarellum-1993-corrected,LOMBARDIA 3,4,MONTICELLI PAVESE,whole,,216,MONTICELLI PAVESE,1.0
camera-mattarellum-1993-corrected,LOMBARDIA 3,4,MONTU' BECCARIA,whole,,216,MONTU* BECCARIA,1.0
camera-mattarellum-1993-corrected,LOMBARDIA 3,4,MORNICO LOSANA,whole,,216,MORNICO LOSANA,1.0
camera-mattarellum-1993-corrected,LOMBARDIA 3,4,OLIVA GESSI,whole,,216,DLIVA GESSI,0.9
camera-mattarellum-1993-corrected,LOMBARDIA 3,4,PIETRA DE' GIORGI,whole,,216,PIETRA DE* GIORGI,1.0
camera-mattarellum-1993-corrected,LOMBARDIA 3,4,PIEVE PORTO MORONE,whole,,216,PIEVE PORTO MORONE,1.0
camera-mattarellum-1993-corrected,LOMBARDIA 3,4,PONTE NIZZA,whole,,216,PONTE NIZZA,1.0
camera-mattarellum-1993-corrected,LOMBARDIA 3,4,PORTALBERA,whole,,216,PORTALBERA,1.0
camera-mattarellum-1993-corrected,LOMBARDIA 3,4,REDAVALLE,whole,,216,REDAVALLE,1.0
camera-mattarellum-1993-corrected,LOMBARDIA 3,4,RETORBIDO,whole,,216,RETORBIDO,1.0
camera-mattarellum-1993-corrected,LOMBARDIA 3,4,RIVANAZZANO,whole,,216,RIVANAZZANO,1.0
camera-mattarellum-1993-corrected,LOMBARDIA 3,4,ROBECCO PAVESE,whole,,216,ROBECCO PAVESE,1.0
camera-mattarellum-1993-corrected,LOMBARDIA 3,4,ROCCA DE' GIORGI,whole,,216,ROCCA DE'*GIURGI,0.923
camera-mattarellum-1993-corrected,LOMBARDIA 3,4,ROCCA SUSELLA,whole,,216,ROCCA SUSELLA,1.0
camera-mattarellum-1993-corrected,LOMBARDIA 3,4,ROMAGNESE,whole,,216,ROMAGNE SE,1.0
camera-mattarellum-1993-corrected,LOMBARDIA 3,4,ROVESCALA,whole,,216,ROVESCALA,1.0
camera-mattarellum-1993-corrected,LOMBARDIA 3,4,RUINO,whole,,216,RUINO,1.0
camera-mattarellum-1993-corrected,LOMBARDIA 3,4,SAN CIPRIANO PO,whole,,216,SAN CIPRIANO PO,1.0
camera-mattarellum-1993-corrected,LOMBARDIA 3,4,SAN DAMIANO AL COLLE,whole,,216,SAN DAMIANO AL COLLE,1.0
camera-mattarellum-1993-corrected,LOMBARDIA 3,4,SANTA GIULETTA,whole,,216,SANTA GIULETTA,1.0
camera-mattarellum-1993-corrected,LOMBARDIA 3,4,SANTA MARGHERITA DI STAFFORA,whole,,216,SANTA MARGHERITA DI STAFFORA,1.0
camera-mattarellum-1993-corrected,LOMBARDIA 3,4,SANTA MARIA DELLA VERSA,whole,,216,SANTA MARIA DELLA VERSA,1.0
camera-mattarellum-1993-corrected,LOMBARDIA 3,4,SAN ZENONE AL PO,whole,,216,SAN ZENONE AL PO,1.0
camera-mattarellum-1993-corrected,LOMBARDIA 3,4,SPESSA,whole,,216,SPESSA,1.0
camera-mattarellum-1993-corrected,LOMBARDIA 3,4,STRADELLA,whole,,216,STRADELLA,1.0
camera-mattarellum-1993-corrected,LOMBARDIA 3,4,TORRAZZA COSTE,whole,,216,TORRAZZA COSTE,1.0
camera-mattarellum-1993-corrected,LOMBARDIA 3,4,TORRICELLA VERZATE,whole,,216,TUORRICELLA VERZATE,0.944
camera-mattarellum-1993-corrected,LOMBARDIA 3,4,VAL DI NIZZA,whole,,216,VAL DI NIZZA,1.0
camera-mattarellum-1993-corrected,LOMBARDIA 3,4,VALVERDE,whole,,216,VALVERDE,1.0
camera-mattarellum-1993-corrected,LOMBARDIA 3,4,VARZI,whole,,216,VARZI,1.0
camera-mattarellum-1993-corrected,LOMBARDIA 3,4,VOGHERA,whole,,216,VOGHERA,1.0
camera-mattarellum-1993-corrected,LOMBARDIA 3,4,VOLPARA,whole,,216,VOLPARA,1.0
camera-mattarellum-1993-corrected,LOMBARDIA 3,4,ZAVATTARELLO,whole,,216,ZAVATTARELLO,1.0
camera-mattarellum-1993-corrected,LOMBARDIA 3,4,ZENEVREDO,whole,,216,ZENEVRE DO,1.0
camera-mattarellum-1993-corrected,LOMBARDIA 3,4,ZERBO,whole,,216,ZERBO,1.0
camera-mattarellum-1993-corrected,LOMBARDIA 3,5,ABBADIA CERRETO,whole,,217,ABBADIA CERRETO,1.0
camera-mattarellum-1993-corrected,LOMBARDIA 3,5,BOFFALORA D'ADDA,whole,,217,BOFFALORA D'ADDA,1.0
camera-mattarellum-1993-corrected,LOMBARDIA 3,5,BORGHETTO LODIGIANO,whole,,217,BORGHETTO ‘LODB1IGIANO,0.9
camera-mattarellum-1993-corrected,LOMBARDIA 3,5,BORGO SAN GIOVANNI,whole,,217,BORGO SAN GIOVANNI,1.0
camera-mattarellum-1993-corrected,LOMBARDIA 3,5,BREMBIO,whole,,217,BREMBIO,1.0
camera-mattarellum-1993-corrected,LOMBARDIA 3,5,CASALETTO LODIGIANO,whole,,217,CASALETTO LODIGIANO,1.0
camera-mattarellum-1993-corrected,LOMBARDIA 3,5,CASALMAIOCCO,whole,,217,CASALMA1OCCO,1.0
camera-mattarellum-1993-corrected,LOMBARDIA 3,5,CASELLE LURANI,whole,,217,CASELLE LURANI,1.0
camera-mattarellum-1993-corrected,LOMBARDIA 3,5,CASTIRAGA VIDARDO,whole,,217,CASTIRAGA VIDARDO,1.0
camera-mattarellum-1993-corrected,LOMBARDIA 3,5,CAVENAGO D'ADDA,whole,,217,CAVENAGO D'ADDA,1.0
camera-mattarellum-1993-corrected,LOMBARDIA 3,5,CERVIGNANO D'ADDA,whole,,217,CERVIGNANO D'ADDA,1.0
camera-mattarellum-1993-corrected,LOMBARDIA 3,5,COMAZZO,whole,,217,COMAZZO,1.0
camera-mattarellum-1993-corrected,LOMBARDIA 3,5,CORNEGLIANO LAUDENSE,whole,,217,CORNEGLITANO LAUDENSE,0.95
camera-mattarellum-1993-corrected,LOMBARDIA 3,5,CORTE PALASIO,whole,,217,CORTE PALASIO,1.0
camera-mattarellum-1993-corrected,LOMBARDIA 3,5,CRESPIATICA,whole,,217,CRESPIATICA,1.0
camera-mattarellum-1993-corrected,LOMBARDIA 3,5,GALGAGNANO,whole,,217,GALGAGNANO,1.0
camera-mattarellum-1993-corrected,LOMBARDIA 3,5,GRAFFIGNANA,whole,,217,GRAFF IGNANA,1.0
camera-mattarellum-1993-corrected,LOMBARDIA 3,5,GUARDAMIGLIO,whole,,217,GUARDAMIGLIO,1.0
camera-mattarellum-1993-corrected,LOMBARDIA 3,5,LIVRAGA,whole,,217,LIVRAGA,1.0
camera-mattarellum-1993-corrected,LOMBARDIA 3,5,LODI,whole,,217,LODI,1.0
camera-mattarellum-1993-corrected,LOMBARDIA 3,5,LODI VECCHIO,whole,,217,LODI VECCHIO,1.0
camera-mattarellum-1993-corrected,LOMBARDIA 3,5,MARUDO,whole,,217,HMARUDO,0.857
camera-mattarellum-1993-corrected,LOMBARDIA 3,5,MASSALENGO,whole,,217,MASSALENGO,1.0
camera-mattarellum-1993-corrected,LOMBARDIA 3,5,MERLINO,whole,,217,MERLINO,1.0
camera-mattarellum-1993-corrected,LOMBARDIA 3,5,MONTANASO LOMBARDO,whole,,217,MONTANASO LOMBARDO,1.0
camera-mattarellum-1993-corrected,LOMBARDIA 3,5,MULAZZANO,whole,,217,HULAZZANO,1.0
camera-mattarellum-1993-corrected,LOMBARDIA 3,5,ORIO LITTA,whole,,217,ORIO LITTA,1.0
camera-mattarellum-1993-corrected,LOMBARDIA 3,5,OSPEDALETTO LODIGIANO,whole,,217,OSPEDALETTO LODIGIANO,1.0
camera-mattarellum-1993-corrected,LOMBARDIA 3,5,OSSAGO LODIGIANO,whole,,217,OSSAGO LODIGIANO,1.0
camera-mattarellum-1993-corrected,LOMBARDIA 3,5,PIEVE FISSIRAGA,whole,,217,PIEVE FISSIRAGA,1.0
camera-mattarellum-1993-corrected,LOMBARDIA 3,5,SALERANO SUL LAMBRO,whole,,217,SALERANO SUL LAMBRO,1.0
camera-mattarellum-1993-corrected,LOMBARDIA 3,5,SAN MARTINO IN STRADA,whole,,217,SAN MARTINO IN STRADA,1.0
camera-mattarellum-1993-corrected,LOMBARDIA 3,5,SAN ROCCO AL PORTO,whole,,217,SAN ROCCO AL PORTO,1.0
camera-mattarellum-1993-corrected,LOMBARDIA 3,5,SANT'ANGELO LODIGIANO,whole,,217,SANT'ANGELO LODIGIANO,1.0
camera-mattarellum-1993-corrected,LOMBARDIA 3,5,SECUGNAGO,whole,,217,SECUGNAGO,1.0
camera-mattarellum-1993-corrected,LOMBARDIA 3,5,SENNA LODIGIANA,whole,,217,SENNA LODIGIANA,1.0
camera-mattarellum-1993-corrected,LOMBARDIA 3,5,SOMAGLIA,whole,,217,SOMAGLIA,1.0
camera-mattarellum-1993-corrected,LOMBARDIA 3,5,SORDIO,whole,,217,SORDIO,1.0
camera-mattarellum-1993-corrected,LOMBARDIA 3,5,TAVAZZANO CON VILLAVESCO,whole,,217,TAVAZZANO CON VILLAVESCO,1.0
camera-mattarellum-1993-corrected,LOMBARDIA 3,5,VALERA FRATTA,whole,,217,VALERA FRATTA,1.0
camera-mattarellum-1993-corrected,LOMBARDIA 3,5,VILLANOVA DEL SILLARO,whole,,217,VILLANCOVA DEL SILLARO,0.95
camera-mattarellum-1993-corrected,LOMBARDIA 3,5,ZELO BUON PERSICO,whole,,217,ZELO BUON PERSICO,1.0
camera-mattarellum-1993-corrected,LOMBARDIA 3,6,AGNADELLO,whole,,217,AGNADELLO,1.0
camera-mattarellum-1993-corrected,LOMBARDIA 3,6,BAGNOLO CREMASCO,whole,,217,BAGNOLO CREMASCO,1.0
camera-mattarellum-1993-corrected,LOMBARDIA 3,6,CAPERGNANICA,whole,,217,CAPERGNANICA,1.0
camera-mattarellum-1993-corrected,LOMBARDIA 3,6,CASALETTO CEREDANO,whole,,217,CASALETTO CEREDANO,1.0
camera-mattarellum-1993-corrected,LOMBARDIA 3,6,CHIEVE,whole,,217,CHIEVE,1.0
camera-mattarellum-1993-corrected,LOMBARDIA 3,6,CREDERA RUBBIANO,whole,,217,CREDERA RUBBIANO,1.0
camera-mattarellum-1993-corrected,LOMBARDIA 3,6,CREMA,whole,,217,CREHRA,0.833
camera-mattarellum-1993-corrected,LOMBARDIA 3,6,DOVERA,whole,,217,DOVERA,1.0
camera-mattarellum-1993-corrected,LOMBARDIA 3,6,MONTE CREMASCO,whole,,217,MONTE CREMASCO,1.0
camera-mattarellum-1993-corrected,LOMBARDIA 3,6,MONTODINE,whole,,217,MONTODINE,1.0
camera-mattarellum-1993-corrected,LOMBARDIA 3,6,MOSCAZZANO,whole,,217,MOSCAZZANO,1.0
camera-mattarellum-1993-corrected,LOMBARDIA 3,6,PALAZZO PIGNANO,whole,,217,PALAZZO PIGNANO,1.0
camera-mattarellum-1993-corrected,LOMBARDIA 3,6,PANDINO,whole,,217,PANDINO,1.0
camera-mattarellum-1993-corrected,LOMBARDIA 3,6,RIVOLTA D'ADDA,whole,,217,RIVOLTA D'ADDA,1.0
camera-mattarellum-1993-corrected,LOMBARDIA 3,6,SPINO D'ADDA,whole,,217,SPINO D'ADDA,1.0
camera-mattarellum-1993-corrected,LOMBARDIA 3,6,TORLINO VIMERCATI,whole,,217,TORLINO VIMERCATI,1.0
camera-mattarellum-1993-corrected,LOMBARDIA 3,6,VAIANO CREMASCO,whole,,217,VAIANO CREMASCO,1.0
camera-mattarellum-1993-corrected,LOMBARDIA 3,6,VAILATE,whole,,217,VAILATE,1.0
camera-mattarellum-1993-corrected,LOMBARDIA 3,6,BERTONICO,whole,,217,BERTONICO,1.0
camera-mattarellum-1993-corrected,LOMBARDIA 3,6,CAMAIRAGO,whole,,217,CAMA IRAGO,1.0
camera-mattarellum-1993-corrected,LOMBARDIA 3,6,CASALPUSTERLENGO,whole,,217,CASALPUSTERLENGO,1.0
camera-mattarellum-1993-corrected,LOMBARDIA 3,6,CASELLE LANDI,whole,,217,CASELLE LANDI,1.0
camera-mattarellum-1993-corrected,LOMBARDIA 3,6,CASTELNUOVO BOCCA D'ADDA,whole,,217,CASTELNUOVO BOCCA D'ADDA,1.0
camera-mattarellum-1993-corrected,LOMBARDIA 3,6,CASTIGLIONE D'ADDA,whole,,218,CASTIGLIONE D'ADDA,1.0
camera-mattarellum-1993-corrected,LOMBARDIA 3,6,CAVACURTA,whole,,218,CAVACURTA,1.0
camera-mattarellum-1993-corrected,LOMBARDIA 3,6,CODOGNO,whole,,218,CODOGNO,1.0
camera-mattarellum-1993-corrected,LOMBARDIA 3,6,CORNO GIOVINE,whole,,218,CORNO GIOVINE,1.0
camera-mattarellum-1993-corrected,LOMBARDIA 3,6,CORNOVECCHIO,whole,,218,CORNOVECCHIO,1.0
camera-mattarellum-1993-corrected,LOMBARDIA 3,6,FOMBIO,whole,,218,FOMBIO,1.0
camera-mattarellum-1993-corrected,LOMBARDIA 3,6,MACCASTORNA,whole,,218,MACCASTORNA,1.0
camera-mattarellum-1993-corrected,LOMBARDIA 3,6,MAIRAGO,whole,,218,MAIRAGUO,0.875
camera-mattarellum-1993-corrected,LOMBARDIA 3,6,MALEO,whole,,218,MALEO,1.0
camera-mattarellum-1993-corrected,LOMBARDIA 3,6,MELETI,whole,,218,MELETI,1.0
camera-mattarellum-1993-corrected,LOMBARDIA 3,6,SAN FIORANO,whole,,218,SAN FIORANO,1.0
camera-mattarellum-1993-corrected,LOMBARDIA 3,6,SANTO STEFANO LODIGIANO,whole,,218,SANTO STEFANO LODIGITANO,0.955
camera-mattarellum-1993-corrected,LOMBARDIA 3,6,TERRANOVA DEI PASSERINI,whole,,218,TERRANOVA DEI PASSERINI,1.0
camera-mattarellum-1993-corrected,LOMBARDIA 3,6,TURANO LODIGIANO,whole,,218,TURANO LODIGIANO,1.0
camera-mattarellum-1993-corrected,LOMBARDIA 3,7,ACQUANEGRA CREMONESE,whole,,218,ACQUANEGRA CREMONESE,1.0
camera-mattarellum-1993-corrected,LOMBARDIA 3,7,ANNICCO,whole,,218,ANNICCO,1.0
camera-mattarellum-1993-corrected,LOMBARDIA 3,7,AZZANELLO,whole,,218,AZZANELLO,1.0
camera-mattarellum-1993-corrected,LOMBARDIA 3,7,BORDOLANO,whole,,218,BORDOL ANO,1.0
camera-mattarellum-1993-corrected,LOMBARDIA 3,7,CAMISANO,whole,,218,CAMISANO,1.0
camera-mattarellum-1993-corrected,LOMBARDIA 3,7,CAMPAGNOLA CREMASCA,whole,,218,CAMPAGNOLA CREMASCA,1.0
camera-mattarellum-1993-corrected,LOMBARDIA 3,7,CAPPELLA CANTONE,whole,,218,CAPPELLA CANTONE,1.0
camera-mattarellum-1993-corrected,LOMBARDIA 3,7,CAPRALBA,whole,,218,CAPRALBA,1.0
camera-mattarellum-1993-corrected,LOMBARDIA 3,7,CASALBUTTANO ED UNITI,whole,,218,CASALBUTTANO ED UNITI,1.0
camera-mattarellum-1993-corrected,LOMBARDIA 3,7,CASALE CREMASCO VIDOLASCO,whole,,218,CASALE CREMASCO-VIDOLASCO,1.0
camera-mattarellum-1993-corrected,LOMBARDIA 3,7,CASALETTO DI SOPRA,whole,,218,CASALETTO BI SOPRA,0.938
camera-mattarellum-1993-corrected,LOMBARDIA 3,7,CASALETTO VAPRIO,whole,,218,CASALETTO YVAPRIO,0.938
camera-mattarellum-1993-corrected,LOMBARDIA 3,7,CASALMORANO,whole,,218,CASAL NDODRANO,0.769
camera-mattarellum-1993-corrected,LOMBARDIA 3,7,CASTEL GABBIANO,whole,,218,CASTEL GABBIANO,1.0
camera-mattarellum-1993-corrected,LOMBARDIA 3,7,CASTELLEONE,whole,,218,CASTELLEONE,1.0
camera-mattarellum-1993-corrected,LOMBARDIA 3,7,CASTELVERDE,whole,,218,CASTELVERDE,1.0
camera-mattarellum-1993-corrected,LOMBARDIA 3,7,CASTELVISCONTI,whole,,218,CASTELVISCONTI,1.0
camera-mattarellum-1993-corrected,LOMBARDIA 3,7,CICOGNOLO,whole,,218,CICOGNOLO,1.0
camera-mattarellum-1993-corrected,LOMBARDIA 3,7,CORTE DE' CORTESI CON CIGNONE,whole,,218,CORTE DE'CORTESI CON CIGNONE,1.0
camera-mattarellum-1993-corrected,LOMBARDIA 3,7,CORTE DE' FRATI,whole,,218,CORTE DE'FRATI,1.0
camera-mattarellum-1993-corrected,LOMBARDIA 3,7,CREMOSANO,whole,,218,CREMOSANO,1.0
camera-mattarellum-1993-corrected,LOMBARDIA 3,7,CROTTA D'ADDA,whole,,218,CROTTA D'ADDA,1.0
camera-mattarellum-1993-corrected,LOMBARDIA 3,7,CUMIGNANO SUL NAVIGLIO,whole,,218,CUMIGNANO SUL NAVIGLIO,1.0
camera-mattarellum-1993-corrected,LOMBARDIA 3,7,FIESCO,whole,,218,FI1ESCO,0.857
camera-mattarellum-1993-corrected,LOMBARDIA 3,7,FORMIGARA,whole,,218,FORMIGARA :,1.0
camera-mattarellum-1993-corrected,LOMBARDIA 3,7,GABBIONETA-BINANUOVA,whole,,218,GABBIONETA-BINANUOVA,1.0
camera-mattarellum-1993-corrected,LOMBARDIA 3,7,GENIVOLTA,whole,,218,GENIVOLTA,1.0
camera-mattarellum-1993-corrected,LOMBARDIA 3,7,GOMBITO,whole,,218,GOMBITO,1.0
camera-mattarellum-1993-corrected,LOMBARDIA 3,7,GRONTARDO,whole,,218,GRONTARDO,1.0
camera-mattarellum-1993-corrected,LOMBARDIA 3,7,GRUMELLO CREMONESE ED UNITI,whole,,218,GRUMELLO CREMONESE ED UNITI,1.0
camera-mattarellum-1993-corrected,LOMBARDIA 3,7,IZANO,whole,,218,I1ZANO,0.833
camera-mattarellum-1993-corrected,LOMBARDIA 3,7,MADIGNANO,whole,,218,HMADIGNANO,0.9
camera-mattarellum-1993-corrected,LOMBARDIA 3,7,OFFANENGO,whole,,218,OFF ANENGO,1.0
camera-mattarellum-1993-corrected,LOMBARDIA 3,7,OLMENETA,whole,,218,OBLMENETA,0.889
camera-mattarellum-1993-corrected,LOMBARDIA 3,7,OSTIANO,whole,,218,OSTIANO,1.0
camera-mattarellum-1993-corrected,LOMBARDIA 3,7,PADERNO PONCHIELLI,whole,,218,PADERNO PONCHIELLI,1.0
camera-mattarellum-1993-corrected,LOMBARDIA 3,7,PERSICO DOSIMO,whole,,218,FERSICO DasIMO,0.846
camera-mattarellum-1993-corrected,LOMBARDIA 3,7,PESCAROLO ED UNITI,whole,,218,PESCAROLO ED UNITI,1.0
camera-mattarellum-1993-corrected,LOMBARDIA 3,7,PESSINA CREMONESE,whole,,218,PESSINA CREMONESE,1.0
camera-mattarellum-1993-corrected,LOMBARDIA 3,7,PIANENGO,whole,,218,PIANENGO,1.0
camera-mattarellum-1993-corrected,LOMBARDIA 3,7,PIERANICA,whole,,218,PIERANICA,1.0
camera-mattarellum-1993-corrected,LOMBARDIA 3,7,PIZZIGHETTONE,whole,,218,PIZZIGHETTONE,1.0
camera-mattarellum-1993-corrected,LOMBARDIA 3,7,POZZAGLIO ED UNITI,whole,,218,POZZAGLIO ED UNITI,1.0
camera-mattarellum-1993-corrected,LOMBARDIA 3,7,QUINTANO,whole,,218,QUINTANO,1.0
camera-mattarellum-1993-corrected,LOMBARDIA 3,7,RICENGO,whole,,218,RICENGO,1.0
camera-mattarellum-1993-corrected,LOMBARDIA 3,7,RIPALTA ARPINA,whole,,218,RIPALTA ARPINA,1.0
camera-mattarellum-1993-corrected,LOMBARDIA 3,7,RIPALTA CREMASCA,whole,,218,RIPALTA CREMASCA,1.0
camera-mattarellum-1993-corrected,LOMBARDIA 3,7,RIPALTA GUERINA,whole,,218,RIPALTA GUERINA,1.0
camera-mattarellum-1993-corrected,LOMBARDIA 3,7,ROBECCO D'OGLIO,whole,,218,RUBECCO D'OGLIO,0.923
camera-mattarellum-1993-corrected,LOMBARDIA 3,7,ROMANENGO,whole,,218,ROMANE NGO,1.0
camera-mattarellum-1993-corrected,LOMBARDIA 3,7,SALVIROLA,whole,,218,SALYVIROLA,0.9
camera-mattarellum-1993-corrected,LOMBARDIA 3,7,SAN BASSANO,whole,,218,SAN BASSANO,1.0
camera-mattarellum-1993-corrected,LOMBARDIA 3,7,SCANDOLARA RIPA D'OGLIO,whole,,219,SCANDOLARA RIPA D'OGLIO,1.0
camera-mattarellum-1993-corrected,LOMBARDIA 3,7,SERGNANO,whole,,219,SERGNANO,1.0
camera-mattarellum-1993-corrected,LOMBARDIA 3,7,SESTO ED UNITI,whole,,219,SESTO ED UNITI,1.0
camera-mattarellum-1993-corrected,LOMBARDIA 3,7,SONCINO,whole,,219,SONCINO,1.0
camera-mattarellum-1993-corrected,LOMBARDIA 3,7,SORESINA,whole,,219,SORESINA,1.0
camera-mattarellum-1993-corrected,LOMBARDIA 3,7,SPINADESCO,whole,,219,SPINADESCO,1.0
camera-mattarellum-1993-corrected,LOMBARDIA 3,7,TICENGO,whole,,219,TICENGO,1.0
camera-mattarellum-1993-corrected,LOMBARDIA 3,7,TRESCORE CREMASCO,whole,,219,TRESCORE CREMASCO,1.0
camera-mattarellum-1993-corrected,LOMBARDIA 3,7,TRIGOLO,whole,,219,TRIGOLO,1.0
camera-mattarellum-1993-corrected,LOMBARDIA 3,7,VOLONGO,whole,,219,VOLONGO,1.0
camera-mattarellum-1993-corrected,LOMBARDIA 3,8,BONEMERSE,whole,,219,BONE MERSE,1.0
camera-mattarellum-1993-corrected,LOMBARDIA 3,8,CA' D'ANDREA,whole,,219,CA' D'ANDREA,1.0
camera-mattarellum-1993-corrected,LOMBARDIA 3,8,CALVATONE,whole,,219,CALVATONE,1.0
camera-mattarellum-1993-corrected,LOMBARDIA 3,8,CAPPELLA DE' PICENARDI,whole,,219,CAPPELLA DE'PICENARDI,1.0
camera-mattarellum-1993-corrected,LOMBARDIA 3,8,CASALMAGGIORE,whole,,219,CASALMAGGIGRE,0.923
camera-mattarellum-1993-corrected,LOMBARDIA 3,8,CASTELDIDONE,whole,,219,CASTELODIDONE,0.923
camera-mattarellum-1993-corrected,LOMBARDIA 3,8,CELLA DATI,whole,,219,CELLA DATE,0.889
camera-mattarellum-1993-corrected,LOMBARDIA 3,8,CINGIA DE' BOTTI,whole,,219,CINGIA DE'* BOTTI,1.0
camera-mattarellum-1993-corrected,LOMBARDIA 3,8,CREMONA,whole,,219,CREMONA,1.0
camera-mattarellum-1993-corrected,LOMBARDIA 3,8,DEROVERE,whole,,219,DEROVERE,1.0
camera-mattarellum-1993-corrected,LOMBARDIA 3,8,DRIZZONA,whole,,219,DORIZZONA,0.889
camera-mattarellum-1993-corrected,LOMBARDIA 3,8,GADESCO PIEVE DELMONA,whole,,219,GADESCO-PIEVE DELMONA,1.0
camera-mattarellum-1993-corrected,LOMBARDIA 3,8,GERRE DE' CAPRIOLI,whole,,219,GERRE DE' CAPRIOLI,1.0
camera-mattarellum-1993-corrected,LOMBARDIA 3,8,GUSSOLA,whole,,219,GUSSOLA,1.0
camera-mattarellum-1993-corrected,LOMBARDIA 3,8,ISOLA DOVARESE,whole,,219,ISOLA DOVARESE,1.0
camera-mattarellum-1993-corrected,LOMBARDIA 3,8,MALAGNINO,whole,,219,MALAGNINO,1.0
camera-mattarellum-1993-corrected,LOMBARDIA 3,8,MARTIGNANA DI PO,whole,,219,MARTIGNANA DI PO,1.0
camera-mattarellum-1993-corrected,LOMBARDIA 3,8,MOTTA BALUFFI,whole,,219,HOTTA BALUFFI,1.0
camera-mattarellum-1993-corrected,LOMBARDIA 3,8,PIADENA,whole,,219,PIADENA,1.0
camera-mattarellum-1993-corrected,LOMBARDIA 3,8,PIEVE D'OLMI,whole,,219,PIEVE D*'OLNI,0.9
camera-mattarellum-1993-corrected,LOMBARDIA 3,8,PIEVE SAN GIACOMO,whole,,219,FIEVE SAN GIACOMO,0.933
camera-mattarellum-1993-corrected,LOMBARDIA 3,8,RIVAROLO DEL RE ED UNITI,whole,,219,RIVAROLO DEL RE ED UNITI,1.0
camera-mattarellum-1993-corrected,LOMBARDIA 3,8,SAN DANIELE PO,whole,,219,SAN DANIELE PO,1.0
camera-mattarellum-1993-corrected,LOMBARDIA 3,8,SAN GIOVANNI IN CROCE,whole,,219,SAN GIOVANNI IN CROCE,1.0
camera-mattarellum-1993-corrected,LOMBARDIA 3,8,SAN MARTINO DEL LAGO,whole,,219,SAN MARTINO DEL LAGO,1.0
camera-mattarellum-1993-corrected,LOMBARDIA 3,8,SCANDOLARA RAVARA,whole,,219,SCANDOLARA RAVARA,1.0
camera-mattarellum-1993-corrected,LOMBARDIA 3,8,SOLAROLO RAINERIO,whole,,219,SOLAROLO RAINERIO,1.0
camera-mattarellum-1993-corrected,LOMBARDIA 3,8,SOSPIRO,whole,,219,SOSPIRO,1.0
camera-mattarellum-1993-corrected,LOMBARDIA 3,8,SPINEDA,whole,,219,SPINEDA,1.0
camera-mattarellum-1993-corrected,LOMBARDIA 3,8,STAGNO LOMBARDO,whole,,219,STAGNO LOMBARDO,1.0
camera-mattarellum-1993-corrected,LOMBARDIA 3,8,TORNATA,whole,,219,TORNATA,1.0
camera-mattarellum-1993-corrected,LOMBARDIA 3,8,TORRE DE' PICENARDI,whole,,219,TORRE DE*PICENARDI,1.0
camera-mattarellum-1993-corrected,LOMBARDIA 3,8,TORRICELLA DEL PIZZO,whole,,219,TORRICELLA DEL PIZZO,1.0
camera-mattarellum-1993-corrected,LOMBARDIA 3,8,VESCOVATO,whole,,219,VESCOVATO,1.0
camera-mattarellum-1993-corrected,LOMBARDIA 3,8,VOLTIDO,whole,,219,VOLTIDO,1.0
camera-mattarellum-1993-corrected,LOMBARDIA 3,9,ACQUANEGRA SUL CHIESE,whole,,219,ACQUANEGRA SUL CHIESE,1.0
camera-mattarellum-1993-corrected,LOMBARDIA 3,9,ASOLA,whole,,219,ASOLA,1.0
camera-mattarellum-1993-corrected,LOMBARDIA 3,9,CANNETO SULL'OGLIO,whole,,219,CANNETO SULL'OGLIO,1.0
camera-mattarellum-1993-corrected,LOMBARDIA 3,9,CASALMORO,whole,,219,CASALMORO,1.0
camera-mattarellum-1993-corrected,LOMBARDIA 3,9,CASALOLDO,whole,,219,CASALOL DO,1.0
camera-mattarellum-1993-corrected,LOMBARDIA 3,9,CASALROMANO,whole,,219,CASALROMANO,1.0
camera-mattarellum-1993-corrected,LOMBARDIA 3,9,CASTELBELFORTE,whole,,219,CASTEL BELFORTE,1.0
camera-mattarellum-1993-corrected,LOMBARDIA 3,9,CASTEL GOFFREDO,whole,,219,CASTEL GOFFREDO,1.0
camera-mattarellum-1993-corrected,LOMBARDIA 3,9,CASTIGLIONE DELLE STIVIERE,whole,,219,CASTIGLIONE DELLE STIVIERE,1.0
camera-mattarellum-1993-corrected,LOMBARDIA 3,9,CAVRIANA,whole,,219,CAVRIANA,1.0
camera-mattarellum-1993-corrected,LOMBARDIA 3,9,CERESARA,whole,,219,CERESARA,1.0
camera-mattarellum-1993-corrected,LOMBARDIA 3,9,GAZOLDO DEGLI IPPOLITI,whole,,219,GAZOLDO DEGLI IPPOLITI,1.0
camera-mattarellum-1993-corrected,LOMBARDIA 3,9,GOITO,whole,,219,GOITO,1.0
camera-mattarellum-1993-corrected,LOMBARDIA 3,9,GUIDIZZOLO,whole,,219,GUIDIZZOLA,0.9
camera-mattarellum-1993-corrected,LOMBARDIA 3,9,MARIANA MANTOVANA,whole,,219,MARTANA MANTOVANA,0.938
camera-mattarellum-1993-corrected,LOMBARDIA 3,9,MARMIROLO,whole,,219,MARMIROLO,1.0
camera-mattarellum-1993-corrected,LOMBARDIA 3,9,MEDOLE,whole,,219,ME DOLE,1.0
camera-mattarellum-1993-corrected,LOMBARDIA 3,9,MONZAMBANO,whole,,219,MONZAMBANO,1.0
camera-mattarellum-1993-corrected,LOMBARDIA 3,9,PIUBEGA,whole,,220,PIUBEGA,1.0
camera-mattarellum-1993-corrected,LOMBARDIA 3,9,PONTI SUL MINCIO,whole,,220,PONTI SUL MINCIO,1.0
camera-mattarellum-1993-corrected,LOMBARDIA 3,9,PORTO MANTOVANO,whole,,220,PORTO MANTOVANO,1.0
camera-mattarellum-1993-corrected,LOMBARDIA 3,9,REDONDESCO,whole,,220,REDONDE SCO,1.0
camera-mattarellum-1993-corrected,LOMBARDIA 3,9,RODIGO,whole,,220,RoODIGO,0.857
camera-mattarellum-1993-corrected,LOMBARDIA 3,9,ROVERBELLA,whole,,220,ROVERBELLA,1.0
camera-mattarellum-1993-corrected,LOMBARDIA 3,9,SOLFERINO,whole,,220,SOLFERINO,1.0
camera-mattarellum-1993-corrected,LOMBARDIA 3,9,VOLTA MANTOVANA,whole,,220,VOLTA MANTOVANA,1.0
camera-mattarellum-1993-corrected,LOMBARDIA 3,10,BAGNOLO SAN VITO,whole,,220,BAGNOLO SAN VITO,1.0
camera-mattarellum-1993-corrected,LOMBARDIA 3,10,BIGARELLO,whole,,220,BIGARELLO,1.0
camera-mattarellum-1993-corrected,LOMBARDIA 3,10,BORGOFORTE,whole,,220,BOURGOUFORTE,0.833
camera-mattarellum-1993-corrected,LOMBARDIA 3,10,BOZZOLO,whole,,220,BpOZZOLO,0.875
camera-mattarellum-1993-corrected,LOMBARDIA 3,10,CASTEL D'ARIO,whole,,220,CASTEL D'ARIO,1.0
camera-mattarellum-1993-corrected,LOMBARDIA 3,10,CASTELLUCCHIO,whole,,220,CASTELLUCCHIO,1.0
camera-mattarellum-1993-corrected,LOMBARDIA 3,10,COMMESSAGGIO,whole,,220,COMMESSAGGIO,1.0
camera-mattarellum-1993-corrected,LOMBARDIA 3,10,CURTATONE,whole,,220,CURTATONE,1.0
camera-mattarellum-1993-corrected,LOMBARDIA 3,10,GAZZUOLO,whole,,220,GAZZUOLO,1.0
camera-mattarellum-1993-corrected,LOMBARDIA 3,10,MANTOVA,whole,,220,MANTOVA,1.0
camera-mattarellum-1993-corrected,LOMBARDIA 3,10,MARCARIA,whole,,220,MARCARIA,1.0
camera-mattarellum-1993-corrected,LOMBARDIA 3,10,RIVAROLO MANTOVANO,whole,,220,RIVAROLO MANTOVANO,1.0
camera-mattarellum-1993-corrected,LOMBARDIA 3,10,RONCOFERRARO,whole,,220,RONCOFERRARO,1.0
camera-mattarellum-1993-corrected,LOMBARDIA 3,10,SABBIONETA,whole,,220,SABBIONETA i,0.909
camera-mattarellum-1993-corrected,LOMBARDIA 3,10,SAN GIORGIO DI MANTOVA,whole,,220,SAN GIORGIO DI MANTOVA,1.0
camera-mattarellum-1993-corrected,LOMBARDIA 3,10,SAN MARTINO DALL'ARGINE,whole,,220,SAN MARTINO DALL'ARGINE,1.0
camera-mattarellum-1993-corrected,LOMBARDIA 3,10,VILLIMPENTA,whole,,220,VILLIMPENTA,1.0
camera-mattarellum-1993-corrected,LOMBARDIA 3,10,VIRGILIO,whole,,220,VIRGILIO,1.0
camera-mattarellum-1993-corrected,LOMBARDIA 3,11,BORGOFRANCO SUL PO,whole,,220,BORGOFRANCO SUL PO,1.0
camera-mattarellum-1993-corrected,LOMBARDIA 3,11,CARBONARA DI PO,whole,,220,CARBONARA DI FO,0.923
camera-mattarellum-1993-corrected,LOMBARDIA 3,11,DOSOLO,whole,,220,DOSOLO,1.0
camera-mattarellum-1993-corrected,LOMBARDIA 3,11,FELONICA,whole,,220,FELONICA,1.0
camera-mattarellum-1993-corrected,LOMBARDIA 3,11,GONZAGA,whole,,220,GONZAGA,1.0
camera-mattarellum-1993-corrected,LOMBARDIA 3,11,MAGNACAVALLO,whole,,220,HMAGNACAVALLO,0.923
camera-mattarellum-1993-corrected,LOMBARDIA 3,11,MOGLIA,whole,,220,MOGLIA,1.0
camera-mattarellum-1993-corrected,LOMBARDIA 3,11,MOTTEGGIANA,whole,,220,MOTTEGGIANA,1.0
camera-mattarellum-1993-corrected,LOMBARDIA 3,11,OSTIGLIA,whole,,220,USTIGLIA,0.875
camera-mattarellum-1993-corrected,LOMBARDIA 3,11,PEGOGNAGA,whole,,220,PEGOGNAGA,1.0
camera-mattarellum-1993-corrected,LOMBARDIA 3,11,PIEVE DI CORIANO,whole,,220,PIEVE DI CORIANO,1.0
camera-mattarellum-1993-corrected,LOMBARDIA 3,11,POGGIO RUSCO,whole,,220,POGGIO RuUSCO,0.917
camera-mattarellum-1993-corrected,LOMBARDIA 3,11,POMPONESCO,whole,,220,POMPONESCO,1.0
camera-mattarellum-1993-corrected,LOMBARDIA 3,11,QUINGENTOLE,whole,,220,QUINGENTOLE,1.0
camera-mattarellum-1993-corrected,LOMBARDIA 3,11,QUISTELLO,whole,,220,QUISTELLO,1.0
camera-mattarellum-1993-corrected,LOMBARDIA 3,11,REVERE,whole,,220,REVERE,1.0
camera-mattarellum-1993-corrected,LOMBARDIA 3,11,SAN BENEDETTO PO,whole,,220,SAN BENEDETTO PO,1.0
camera-mattarellum-1993-corrected,LOMBARDIA 3,11,SAN GIACOMO DELLE SEGNATE,whole,,220,SAN GIACOMO DELLE SEGNATE,1.0
camera-mattarellum-1993-corrected,LOMBARDIA 3,11,SAN GIOVANNI DEL DOSSO,whole,,220,SAN GIOVANNI DEL DOSSO,1.0
camera-mattarellum-1993-corrected,LOMBARDIA 3,11,SCHIVENOGLIA,whole,,220,SCHIVENOGLIA,1.0
camera-mattarellum-1993-corrected,LOMBARDIA 3,11,SERMIDE,whole,,220,SERHIDE,1.0
camera-mattarellum-1993-corrected,LOMBARDIA 3,11,SERRAVALLE A PO,whole,,220,SERRAVALLE A PO,1.0
camera-mattarellum-1993-corrected,LOMBARDIA 3,11,SUSTINENTE,whole,,220,SUSTINENTE,1.0
camera-mattarellum-1993-corrected,LOMBARDIA 3,11,SUZZARA,whole,,220,SUZZARA,1.0
camera-mattarellum-1993-corrected,LOMBARDIA 3,11,VIADANA,whole,,220,VIADANA,1.0
camera-mattarellum-1993-corrected,LOMBARDIA 3,11,VILLA POMA,whole,,220,VILLA POMA,1.0
camera-mattarellum-1993-corrected,TRENTINO ALTO ADIGE,1,BOLZANO,whole,,221,BOLZANO,1.0
camera-mattarellum-1993-corrected,TRENTINO ALTO ADIGE,1,LAIVES,whole,,221,LAIVES,1.0
camera-mattarellum-1993-corrected,TRENTINO ALTO ADIGE,2,ALDINO,whole,,221,ALDINO,1.0
camera-mattarellum-1993-corrected,TRENTINO ALTO ADIGE,2,ANDRIANO,whole,,221,ANDR I ANO,1.0
camera-mattarellum-1993-corrected,TRENTINO ALTO ADIGE,2,ANTERIVO,whole,,221,ANTERIVO,1.0
camera-mattarellum-1993-corrected,TRENTINO ALTO ADIGE,2,APPIANO SULLA STRADA DEL VINO,whole,,221,APPIANO SULLA STRADA DEL VINO,1.0
camera-mattarellum-1993-corrected,TRENTINO ALTO ADIGE,2,BADIA,whole,,221,BADIA i,0.833
camera-mattarellum-1993-corrected,TRENTINO ALTO ADIGE,2,BARBIANO,whole,,221,BARBIANUO,0.889
camera-mattarellum-1993-corrected,TRENTINO ALTO ADIGE,2,BRONZOLO,whole,,221,BRONZOLO,1.0
camera-mattarellum-1993-corrected,TRENTINO ALTO ADIGE,2,CALDARO SULLA STRADA DEL VINO,whole,,221,CALDARO SULLA STRADA DEL VINO,1.0
camera-mattarellum-1993-corrected,TRENTINO ALTO ADIGE,2,CASTELROTTO,whole,,221,CASTELROTTO,1.0
camera-mattarellum-1993-corrected,TRENTINO ALTO ADIGE,2,CORNEDO ALL'ISARCO,whole,,221,CORNEDO ALL'ISARCO,1.0
camera-mattarellum-1993-corrected,TRENTINO ALTO ADIGE,2,CORTACCIA SULLA STRADA DEL VINO,whole,,221,CORTACCIA SULLA STRADA DEL VINO,1.0
camera-mattarellum-1993-corrected,TRENTINO ALTO ADIGE,2,CORTINA SULLA STRADA DEL VINO,whole,,221,CORTINA SULLA STRADA DEL VINO,1.0
camera-mattarellum-1993-corrected,TRENTINO ALTO ADIGE,2,CORVARA IN BADIA,whole,,221,CORVARA IN BADIA,1.0
camera-mattarellum-1993-corrected,TRENTINO ALTO ADIGE,2,EGNA,whole,,221,EGNA,1.0
camera-mattarellum-1993-corrected,TRENTINO ALTO ADIGE,2,FIE' ALLO SCILIAR,whole,,221,FIE' ALLO SCILIAR,1.0
camera-mattarellum-1993-corrected,TRENTINO ALTO ADIGE,2,MAGRE' SULLA STRADA DEL VINO,whole,,221,MAGRE ' SULLA STRADA DEL VINO,1.0
camera-mattarellum-1993-corrected,TRENTINO ALTO ADIGE,2,MAREBBE,whole,,221,MARE BBE,1.0
camera-mattarellum-1993-corrected,TRENTINO ALTO ADIGE,2,MELTINA,whole,,221,MELTINA,1.0
camera-mattarellum-1993-corrected,TRENTINO ALTO ADIGE,2,MONTAGNA,whole,,221,MONTAGNA,1.0
camera-mattarellum-1993-corrected,TRENTINO ALTO ADIGE,2,NOVA LEVANTE,whole,,221,NOVA LEVANTE,1.0
camera-mattarellum-1993-corrected,TRENTINO ALTO ADIGE,2,NOVA PONENTE,whole,,221,NOVA PONENTE,1.0
camera-mattarellum-1993-corrected,TRENTINO ALTO ADIGE,2,ORA,whole,,221,ORA,1.0
camera-mattarellum-1993-corrected,TRENTINO ALTO ADIGE,2,ORTISEI,whole,,221,ORTISEEI,0.875
camera-mattarellum-1993-corrected,TRENTINO ALTO ADIGE,2,RENON,whole,,221,RENON,1.0
camera-mattarellum-1993-corrected,TRENTINO ALTO ADIGE,2,SALORNO,whole,,221,SALORNO,1.0
camera-mattarellum-1993-corrected,TRENTINO ALTO ADIGE,2,SAN GENESIO ATESINO,whole,,221,SAN GENESIO ATESINO,1.0
camera-mattarellum-1993-corrected,TRENTINO ALTO ADIGE,2,SAN MARTINO IN BADIA,whole,,221,SAN MARTINO IN BADIA,1.0
camera-mattarellum-1993-corrected,TRENTINO ALTO ADIGE,2,SANTA CRISTINA VALGARDENA,whole,,221,SANTA CRISTINA VALGARDENA,1.0
camera-mattarellum-1993-corrected,TRENTINO ALTO ADIGE,2,SARENTINO,whole,,221,SARENTINO,1.0
camera-mattarellum-1993-corrected,TRENTINO ALTO ADIGE,2,SELVA DI VAL GARDENA,whole,,221,SELVA DI VAL GARDENA,1.0
camera-mattarellum-1993-corrected,TRENTINO ALTO ADIGE,2,TERLANO,whole,,221,TERLANO,1.0
camera-mattarellum-1993-corrected,TRENTINO ALTO ADIGE,2,TERMENO SULLA STRADA DEL VINO,whole,,221,TERMENO SULLA STRADA DEL VINO,1.0
camera-mattarellum-1993-corrected,TRENTINO ALTO ADIGE,2,TIRES,whole,,221,TIRES,1.0
camera-mattarellum-1993-corrected,TRENTINO ALTO ADIGE,2,TRODENA,whole,,221,TRODENA,1.0
camera-mattarellum-1993-corrected,TRENTINO ALTO ADIGE,2,VADENA,whole,,221,VADENA,1.0
camera-mattarellum-1993-corrected,TRENTINO ALTO ADIGE,2,LA VALLE,whole,,221,LA VALLE,1.0
camera-mattarellum-1993-corrected,TRENTINO ALTO ADIGE,3,AVELENGO,whole,,221,AVELENGO,1.0
camera-mattarellum-1993-corrected,TRENTINO ALTO ADIGE,3,CAINES,whole,,221,CAINES,1.0
camera-mattarellum-1993-corrected,TRENTINO ALTO ADIGE,3,CASTELBELLO CIARDES,whole,,221,CASTELBELLO-CIARDES,1.0
camera-mattarellum-1993-corrected,TRENTINO ALTO ADIGE,3,CERMES,whole,,221,CERMES,1.0
camera-mattarellum-1993-corrected,TRENTINO ALTO ADIGE,3,CURON VENOSTA,whole,,221,CURON VENOSTA,1.0
camera-mattarellum-1993-corrected,TRENTINO ALTO ADIGE,3,GARGAZZONE,whole,,221,GARGAZZONE,1.0
camera-mattarellum-1993-corrected,TRENTINO ALTO ADIGE,3,GLORENZA,whole,,221,GLORENZA,1.0
camera-mattarellum-1993-corrected,TRENTINO ALTO ADIGE,3,LACES,whole,,221,LACES,1.0
camera-mattarellum-1993-corrected,TRENTINO ALTO ADIGE,3,LAGUNDO,whole,,221,LAGUNDO,1.0
camera-mattarellum-1993-corrected,TRENTINO ALTO ADIGE,3,LANA,whole,,221,LANA,1.0
camera-mattarellum-1993-corrected,TRENTINO ALTO ADIGE,3,LASA,whole,,221,LASA,1.0
camera-mattarellum-1993-corrected,TRENTINO ALTO ADIGE,3,LAUREGNO,whole,,221,LAURE GNO,1.0
camera-mattarellum-1993-corrected,TRENTINO ALTO ADIGE,3,MALLES VENOSTA,whole,,221,MALLES VENOSTA,1.0
camera-mattarellum-1993-corrected,TRENTINO ALTO ADIGE,3,MARLENGO,whole,,221,MARLENGO,1.0
camera-mattarellum-1993-corrected,TRENTINO ALTO ADIGE,3,MARTELLO,whole,,221,MARTELLO,1.0
camera-mattarellum-1993-corrected,TRENTINO ALTO ADIGE,3,MERANO,whole,,221,MERANO,1.0
camera-mattarellum-1993-corrected,TRENTINO ALTO ADIGE,3,MOSO IN PASSIRIA,whole,,221,MOSO IN PASSIRIA,1.0
camera-mattarellum-1993-corrected,TRENTINO ALTO ADIGE,3,NALLES,whole,,221,NALLES,1.0
camera-mattarellum-1993-corrected,TRENTINO ALTO ADIGE,3,NATURNO,whole,,221,NATURNO,1.0
camera-mattarellum-1993-corrected,TRENTINO ALTO ADIGE,3,PARCINES,whole,,222,PARCINES,1.0
camera-mattarellum-1993-corrected,TRENTINO ALTO ADIGE,3,PLAUS,whole,,222,PLAUS,1.0
camera-mattarellum-1993-corrected,TRENTINO ALTO ADIGE,3,POSTAL,whole,,222,POSTAL,1.0
camera-mattarellum-1993-corrected,TRENTINO ALTO ADIGE,3,PRATO ALLO STELVIO,whole,,222,PRATO ALLO STELVIO,1.0
camera-mattarellum-1993-corrected,TRENTINO ALTO ADIGE,3,PROVES,whole,,222,PROVES,1.0
camera-mattarellum-1993-corrected,TRENTINO ALTO ADIGE,3,RIFIANO,whole,,222,RIFI1ANO,0.875
camera-mattarellum-1993-corrected,TRENTINO ALTO ADIGE,3,SAN LEONARDO IN PASSIRIA,whole,,222,SAN LEONARDO IN PASSIRIA,1.0
camera-mattarellum-1993-corrected,TRENTINO ALTO ADIGE,3,SAN MARTINO IN PASSIRIA,whole,,222,SAN MARTINO IN PASSIRIA,1.0
camera-mattarellum-1993-corrected,TRENTINO ALTO ADIGE,3,SAN PANCRAZIO,whole,,222,SAN PANCRAZIO,1.0
camera-mattarellum-1993-corrected,TRENTINO ALTO ADIGE,3,SCENA,whole,,222,SCENA,1.0
camera-mattarellum-1993-corrected,TRENTINO ALTO ADIGE,3,SENALES,whole,,222,SENALES,1.0
camera-mattarellum-1993-corrected,TRENTINO ALTO ADIGE,3,SILANDRO,whole,,222,SILANDRO,1.0
camera-mattarellum-1993-corrected,TRENTINO ALTO ADIGE,3,SLUDERNO,whole,,222,SLUDERNG,0.875
camera-mattarellum-1993-corrected,TRENTINO ALTO ADIGE,3,STELVIO,whole,,222,STELVIO,1.0
camera-mattarellum-1993-corrected,TRENTINO ALTO ADIGE,3,TESIMO,whole,,222,TESIMO,1.0
camera-mattarellum-1993-corrected,TRENTINO ALTO ADIGE,3,TIROLO,whole,,222,TIROLO,1.0
camera-mattarellum-1993-corrected,TRENTINO ALTO ADIGE,3,TUBRE,whole,,222,TUBRE,1.0
camera-mattarellum-1993-corrected,TRENTINO ALTO ADIGE,3,ULTIMO,whole,,222,ULTIMO,1.0
camera-mattarellum-1993-corrected,TRENTINO ALTO ADIGE,3,VERANO,whole,,222,VERANO,1.0
camera-mattarellum-1993-corrected,TRENTINO ALTO ADIGE,3,SENALE-SAN FELICE,whole,,222,SENALE-SAN FELICE,1.0
camera-mattarellum-1993-corrected,TRENTINO ALTO ADIGE,4,BRAIES,whole,,222,BRA1TES,0.857
camera-mattarellum-1993-corrected,TRENTINO ALTO ADIGE,4,BRENNERO,whole,,222,BRENNERO,1.0
camera-mattarellum-1993-corrected,TRENTINO ALTO ADIGE,4,BRESSANONE,whole,,222,BRE SSANCNE,0.9
camera-mattarellum-1993-corrected,TRENTINO ALTO ADIGE,4,BRUNICO,whole,,222,BRUNICO,1.0
camera-mattarellum-1993-corrected,TRENTINO ALTO ADIGE,4,CAMPO DI TRENS,whole,,222,CAMPO DI TRENS,1.0
camera-mattarellum-1993-corrected,TRENTINO ALTO ADIGE,4,CAMPO TURES,whole,,222,CAMPO TURES,1.0
camera-mattarellum-1993-corrected,TRENTINO ALTO ADIGE,4,CHIENES,whole,,222,CHIENES,1.0
camera-mattarellum-1993-corrected,TRENTINO ALTO ADIGE,4,CHIUSA,whole,,222,CHIUSA,1.0
camera-mattarellum-1993-corrected,TRENTINO ALTO ADIGE,4,DOBBIACO,whole,,222,DOBBIACO,1.0
camera-mattarellum-1993-corrected,TRENTINO ALTO ADIGE,4,FALZES,whole,,222,FALZES,1.0
camera-mattarellum-1993-corrected,TRENTINO ALTO ADIGE,4,FORTEZZA,whole,,222,FORTEZZA,1.0
camera-mattarellum-1993-corrected,TRENTINO ALTO ADIGE,4,FUNES,whole,,222,FUNES,1.0
camera-mattarellum-1993-corrected,TRENTINO ALTO ADIGE,4,GAIS,whole,,222,GAIS,1.0
camera-mattarellum-1993-corrected,TRENTINO ALTO ADIGE,4,LAION,whole,,222,LATON,0.8
camera-mattarellum-1993-corrected,TRENTINO ALTO ADIGE,4,LUSON,whole,,222,LUSON,1.0
camera-mattarellum-1993-corrected,TRENTINO ALTO ADIGE,4,MONGUELFO,whole,,222,MONGUELFO,1.0
camera-mattarellum-1993-corrected,TRENTINO ALTO ADIGE,4,NAZ-SCIAVES,whole,,222,NAZ-SCIAVES,1.0
camera-mattarellum-1993-corrected,TRENTINO ALTO ADIGE,4,PERCA,whole,,222,PERCA,1.0
camera-mattarellum-1993-corrected,TRENTINO ALTO ADIGE,4,PONTE GARDENA,whole,,222,PONTE GARDENA,1.0
camera-mattarellum-1993-corrected,TRENTINO ALTO ADIGE,4,PREDOI,whole,,222,PREDOI,1.0
camera-mattarellum-1993-corrected,TRENTINO ALTO ADIGE,4,RACINES,whole,,222,RACINES,1.0
camera-mattarellum-1993-corrected,TRENTINO ALTO ADIGE,4,RASUN ANTERSELVA,whole,,222,RASUN ANTERSELVA,1.0
camera-mattarellum-1993-corrected,TRENTINO ALTO ADIGE,4,RIO DI PUSTERIA,whole,,222,RIO DI PUSTERIA,1.0
camera-mattarellum-1993-corrected,TRENTINO ALTO ADIGE,4,RODENGO,whole,,222,RODENGO,1.0
camera-mattarellum-1993-corrected,TRENTINO ALTO ADIGE,4,SAN CANDIDO,whole,,222,SAN CANDIDO,1.0
camera-mattarellum-1993-corrected,TRENTINO ALTO ADIGE,4,SAN LORENZO DI SEBATO,whole,,222,SAN LORENZO DI SEBATO,1.0
camera-mattarellum-1993-corrected,TRENTINO ALTO ADIGE,4,SELVA DEI MOLINI,whole,,222,SELVA DEI MOLINI,1.0
camera-mattarellum-1993-corrected,TRENTINO ALTO ADIGE,4,SESTO,whole,,222,SESTO,1.0
camera-mattarellum-1993-corrected,TRENTINO ALTO ADIGE,4,TERENTO,whole,,222,TERENTO,1.0
camera-mattarellum-1993-corrected,TRENTINO ALTO ADIGE,4,VALDAORA,whole,,222,VALDAORA,1.0
camera-mattarellum-1993-corrected,TRENTINO ALTO ADIGE,4,VAL DI VIZZE,whole,,222,VAL DI VIZZE,1.0
camera-mattarellum-1993-corrected,TRENTINO ALTO ADIGE,4,VALLE AURINA,whole,,222,VALLE AURINA,1.0
camera-mattarellum-1993-corrected,TRENTINO ALTO ADIGE,4,VALLE DI CASIES,whole,,222,VALLE DI CASIES,1.0
camera-mattarellum-1993-corrected,TRENTINO ALTO ADIGE,4,VANDOIES,whole,,222,VANDOLTES,0.778
camera-mattarellum-1993-corrected,TRENTINO ALTO ADIGE,4,VARNA,whole,,222,VARNA,1.0
camera-mattarellum-1993-corrected,TRENTINO ALTO ADIGE,4,VILLABASSA,whole,,222,VILLABASSA,1.0
camera-mattarellum-1993-corrected,TRENTINO ALTO ADIGE,4,VILLANDRO,whole,,222,VILLANDRU,0.889
camera-mattarellum-1993-corrected,TRENTINO ALTO ADIGE,4,VIPITENO,whole,,222,VIPITENO,1.0
camera-mattarellum-1993-corrected,TRENTINO ALTO ADIGE,4,VELTURNO,whole,,222,VELTURNO,1.0
camera-mattarellum-1993-corrected,TRENTINO ALTO ADIGE,5,ALDENO,whole,,222,ALDENO,1.0
camera-mattarellum-1993-corrected,TRENTINO ALTO ADIGE,5,CALAVINO,whole,,222,CALAYVINO,0.889
camera-mattarellum-1993-corrected,TRENTINO ALTO ADIGE,5,CAVEDINE,whole,,222,CAVEDINE,1.0
camera-mattarellum-1993-corrected,TRENTINO ALTO ADIGE,5,CIMONE,whole,,223,CIMONE,1.0
camera-mattarellum-1993-corrected,TRENTINO ALTO ADIGE,5,,whole,,223,GARNIGA,0.583
camera-mattarellum-1993-corrected,TRENTINO ALTO ADIGE,5,LASINO,whole,,223,LASINO,1.0
camera-mattarellum-1993-corrected,TRENTINO ALTO ADIGE,5,PADERGNONE,whole,,223,PADERGNONE,1.0
camera-mattarellum-1993-corrected,TRENTINO ALTO ADIGE,5,TERLAGO,whole,,223,TERLAGO,1.0
camera-mattarellum-1993-corrected,TRENTINO ALTO ADIGE,5,TRENTO,whole,,223,TRENTO,1.0
camera-mattarellum-1993-corrected,TRENTINO ALTO ADIGE,5,VEZZANO,whole,,223,VEZZANO,1.0
camera-mattarellum-1993-corrected,TRENTINO ALTO ADIGE,6,ALA,whole,,223,ALA,1.0
camera-mattarellum-1993-corrected,TRENTINO ALTO ADIGE,6,ARCO,whole,,223,ARCO,1.0
camera-mattarellum-1993-corrected,TRENTINO ALTO ADIGE,6,AVIO,whole,,223,AVIO,1.0
camera-mattarellum-1993-corrected,TRENTINO ALTO ADIGE,6,BESENELLO,whole,,223,BESENELLO,1.0
camera-mattarellum-1993-corrected,TRENTINO ALTO ADIGE,6,BEZZECCA,whole,,223,BEZZECCA,1.0
camera-mattarellum-1993-corrected,TRENTINO ALTO ADIGE,6,BRENTONICO,whole,,223,BRENTONICO,1.0
camera-mattarellum-1993-corrected,TRENTINO ALTO ADIGE,6,CALLIANO,whole,,223,CALLIANO,1.0
camera-mattarellum-1993-corrected,TRENTINO ALTO ADIGE,6,CONCEI,whole,,223,CONCE LI,0.857
camera-mattarellum-1993-corrected,TRENTINO ALTO ADIGE,6,DRENA,whole,,223,DRENA,1.0
camera-mattarellum-1993-corrected,TRENTINO ALTO ADIGE,6,DRO',whole,,223,DRO,1.0
camera-mattarellum-1993-corrected,TRENTINO ALTO ADIGE,6,FOLGARIA,whole,,223,FOLGARIA,1.0
camera-mattarellum-1993-corrected,TRENTINO ALTO ADIGE,6,ISERA,whole,,223,ISERA,1.0
camera-mattarellum-1993-corrected,TRENTINO ALTO ADIGE,6,LAVARONE,whole,,223,LAVARONE,1.0
camera-mattarellum-1993-corrected,TRENTINO ALTO ADIGE,6,LUSERNA,whole,,223,LUSERNA,1.0
camera-mattarellum-1993-corrected,TRENTINO ALTO ADIGE,6,MOLINA DI LEDRO,whole,,223,MOLINA DI LEDRO,1.0
camera-mattarellum-1993-corrected,TRENTINO ALTO ADIGE,6,,whole,,223,MURE,0.6
camera-mattarellum-1993-corrected,TRENTINO ALTO ADIGE,6,NAGO-TORBOLE,whole,,223,NAGOGO-TORBOLE,0.846
camera-mattarellum-1993-corrected,TRENTINO ALTO ADIGE,6,NOGAREDO,whole,,223,NOGARE DO,1.0
camera-mattarellum-1993-corrected,TRENTINO ALTO ADIGE,6,NOMI,whole,,223,NOMI,1.0
camera-mattarellum-1993-corrected,TRENTINO ALTO ADIGE,6,RONZO-CHIENIS,whole,,223,RONZO-CHIENIS,1.0
camera-mattarellum-1993-corrected,TRENTINO ALTO ADIGE,6,PIEVE DI LEDRO,whole,,223,PIEVE DI LEDRO,1.0
camera-mattarellum-1993-corrected,TRENTINO ALTO ADIGE,6,POMAROLO,whole,,223,POMAROLO,1.0
camera-mattarellum-1993-corrected,TRENTINO ALTO ADIGE,6,RIVA DEL GARDA,whole,,223,RIVA DEL GARDA,1.0
camera-mattarellum-1993-corrected,TRENTINO ALTO ADIGE,6,ROVERETO,whole,,223,ROVERETO,1.0
camera-mattarellum-1993-corrected,TRENTINO ALTO ADIGE,6,TENNO,whole,,223,TENNO,1.0
camera-mattarellum-1993-corrected,TRENTINO ALTO ADIGE,6,TERRAGNOLO,whole,,223,TERRAGNOLO,1.0
camera-mattarellum-1993-corrected,TRENTINO ALTO ADIGE,6,TIARNO DI SOPRA,whole,,223,TIARNO DI SOPRA,1.0
camera-mattarellum-1993-corrected,TRENTINO ALTO ADIGE,6,TIARNO DI SOTTO,whole,,223,TIARNO DI SOTTO,1.0
camera-mattarellum-1993-corrected,TRENTINO ALTO ADIGE,6,TRAMBILENO,whole,,223,TRAMBILENO,1.0
camera-mattarellum-1993-corrected,TRENTINO ALTO ADIGE,6,VALLARSA,whole,,223,VALLARSA,1.0
camera-mattarellum-1993-corrected,TRENTINO ALTO ADIGE,6,VILLA LAGARINA,whole,,223,VILLA LAGARINA,1.0
camera-mattarellum-1993-corrected,TRENTINO ALTO ADIGE,6,VOLANO,whole,,223,VOLANO,1.0
camera-mattarellum-1993-corrected,TRENTINO ALTO ADIGE,7,AMBLAR,whole,,223,AMBLAR,1.0
camera-mattarellum-1993-corrected,TRENTINO ALTO ADIGE,7,ANDALO,whole,,223,ANDALO,1.0
camera-mattarellum-1993-corrected,TRENTINO ALTO ADIGE,7,BERSONE,whole,,223,BERSONE,1.0
camera-mattarellum-1993-corrected,TRENTINO ALTO ADIGE,7,BLEGGIO INFERIORE,whole,,223,BLEGGIO INFERIORE,1.0
camera-mattarellum-1993-corrected,TRENTINO ALTO ADIGE,7,BLEGGIO SUPERIORE,whole,,223,BLEGGIO SUPERIORE,1.0
camera-mattarellum-1993-corrected,TRENTINO ALTO ADIGE,7,BOCENAGO,whole,,223,BOCENAGO,1.0
camera-mattarellum-1993-corrected,TRENTINO ALTO ADIGE,7,BOLBENO,whole,,223,BOL BENO,1.0
camera-mattarellum-1993-corrected,TRENTINO ALTO ADIGE,7,BONDO,whole,,223,BONDO,1.0
camera-mattarellum-1993-corrected,TRENTINO ALTO ADIGE,7,BONDONE,whole,,223,BONDONE,1.0
camera-mattarellum-1993-corrected,TRENTINO ALTO ADIGE,7,BREGUZZO,whole,,223,BREGUZZO,1.0
camera-mattarellum-1993-corrected,TRENTINO ALTO ADIGE,7,BRESIMO,whole,,223,BRESIMO,1.0
camera-mattarellum-1993-corrected,TRENTINO ALTO ADIGE,7,BREZ,whole,,223,BREZ,1.0
camera-mattarellum-1993-corrected,TRENTINO ALTO ADIGE,7,BRIONE,whole,,223,BRICNE,0.833
camera-mattarellum-1993-corrected,TRENTINO ALTO ADIGE,7,CADERZONE,whole,,223,CADERZONE,1.0
camera-mattarellum-1993-corrected,TRENTINO ALTO ADIGE,7,CAGNO',whole,,223,CAGND!,0.8
camera-mattarellum-1993-corrected,TRENTINO ALTO ADIGE,7,CALDES,whole,,223,CALDES,1.0
camera-mattarellum-1993-corrected,TRENTINO ALTO ADIGE,7,CAMPODENNO,whole,,223,CAMPODE NNO,1.0
camera-mattarellum-1993-corrected,TRENTINO ALTO ADIGE,7,CARISOLO,whole,,223,CARISOLO,1.0
camera-mattarellum-1993-corrected,TRENTINO ALTO ADIGE,7,CASTEL CONDINO,whole,,223,CASTEL CONDINO,1.0
camera-mattarellum-1993-corrected,TRENTINO ALTO ADIGE,7,CASTELFONDO,whole,,223,CASTELFONDO,1.0
camera-mattarellum-1993-corrected,TRENTINO ALTO ADIGE,7,CAVARENO,whole,,223,CAVARENO,1.0
camera-mattarellum-1993-corrected,TRENTINO ALTO ADIGE,7,CAVEDAGO,whole,,223,CAVEDAGO,1.0
camera-mattarellum-1993-corrected,TRENTINO ALTO ADIGE,7,CAVIZZANA,whole,,223,CAVIZZANA,1.0
camera-mattarellum-1993-corrected,TRENTINO ALTO ADIGE,7,CIMEGO,whole,,223,CIMEGO,1.0
camera-mattarellum-1993-corrected,TRENTINO ALTO ADIGE,7,CIS,whole,,224,CIS,1.0
camera-mattarellum-1993-corrected,TRENTINO ALTO ADIGE,7,CLES,whole,,224,CLES,1.0
camera-mattarellum-1993-corrected,TRENTINO ALTO ADIGE,7,CLOZ,whole,,224,CLOZ,1.0
camera-mattarellum-1993-corrected,TRENTINO ALTO ADIGE,7,COMMEZZADURA,whole,,224,COMMEZZADURA,1.0
camera-mattarellum-1993-corrected,TRENTINO ALTO ADIGE,7,CONDINO,whole,,224,CONDINO,1.0
camera-mattarellum-1993-corrected,TRENTINO ALTO ADIGE,7,COREDO,whole,,224,CORE DO,1.0
camera-mattarellum-1993-corrected,TRENTINO ALTO ADIGE,7,CROVIANA,whole,,224,CROVIANA,1.0
camera-mattarellum-1993-corrected,TRENTINO ALTO ADIGE,7,CUNEVO,whole,,224,CUNEVO,1.0
camera-mattarellum-1993-corrected,TRENTINO ALTO ADIGE,7,DAMBEL,whole,,224,DAMBEL,1.0
camera-mattarellum-1993-corrected,TRENTINO ALTO ADIGE,7,DAONE,whole,,224,DAONE,1.0
camera-mattarellum-1993-corrected,TRENTINO ALTO ADIGE,7,DARE',whole,,224,DARE *,1.0
camera-mattarellum-1993-corrected,TRENTINO ALTO ADIGE,7,DENNO,whole,,224,DENNO,1.0
camera-mattarellum-1993-corrected,TRENTINO ALTO ADIGE,7,DIMARO,whole,,224,DIMARO,1.0
camera-mattarellum-1993-corrected,TRENTINO ALTO ADIGE,7,DON,whole,,224,DON,1.0
camera-mattarellum-1993-corrected,TRENTINO ALTO ADIGE,7,DORSINO,whole,,224,DORSINOA,0.875
camera-mattarellum-1993-corrected,TRENTINO ALTO ADIGE,7,FAEDO,whole,,224,FAEDO,1.0
camera-mattarellum-1993-corrected,TRENTINO ALTO ADIGE,7,FAI DELLA PAGANELLA,whole,,224,FAI DELLA PAGANELLA,1.0
camera-mattarellum-1993-corrected,TRENTINO ALTO ADIGE,7,FIAVE',whole,,224,FIAVE'’,1.0
camera-mattarellum-1993-corrected,TRENTINO ALTO ADIGE,7,FLAVON,whole,,224,FLAVON,1.0
camera-mattarellum-1993-corrected,TRENTINO ALTO ADIGE,7,FONDO,whole,,224,FONDO,1.0
camera-mattarellum-1993-corrected,TRENTINO ALTO ADIGE,7,GIUSTINO,whole,,224,GIUSTINO,1.0
camera-mattarellum-1993-corrected,TRENTINO ALTO ADIGE,7,LARDARO,whole,,224,LARDARO,1.0
camera-mattarellum-1993-corrected,TRENTINO ALTO ADIGE,7,LAVIS,whole,,224,LAVIS,1.0
camera-mattarellum-1993-corrected,TRENTINO ALTO ADIGE,7,LOMASO,whole,,224,LOMASO,1.0
camera-mattarellum-1993-corrected,TRENTINO ALTO ADIGE,7,MALE',whole,,224,MALE?,1.0
camera-mattarellum-1993-corrected,TRENTINO ALTO ADIGE,7,MALOSCO,whole,,224,MALOSCO,1.0
camera-mattarellum-1993-corrected,TRENTINO ALTO ADIGE,7,MASSIMENO,whole,,224,MASSIMENO,1.0
camera-mattarellum-1993-corrected,TRENTINO ALTO ADIGE,7,MEZZANA,whole,,224,MEZZANA,1.0
camera-mattarellum-1993-corrected,TRENTINO ALTO ADIGE,7,MEZZOCORONA,whole,,224,MEZZOCOURANA,0.833
camera-mattarellum-1993-corrected,TRENTINO ALTO ADIGE,7,MEZZOLOMBARDO,whole,,224,MEZZOLUMBAR DO,0.923
camera-mattarellum-1993-corrected,TRENTINO ALTO ADIGE,7,MOLVENO,whole,,224,MOLVENO,1.0
camera-mattarellum-1993-corrected,TRENTINO ALTO ADIGE,7,MONCLASSICO,whole,,224,MONCLASSICO,1.0
camera-mattarellum-1993-corrected,TRENTINO ALTO ADIGE,7,MONTAGNE,whole,,224,MONTAGNE,1.0
camera-mattarellum-1993-corrected,TRENTINO ALTO ADIGE,7,NANNO,whole,,224,NANNO,1.0
camera-mattarellum-1993-corrected,TRENTINO ALTO ADIGE,7,NAVE SAN ROCCO,whole,,224,NAVE SAN ROCCO,1.0
camera-mattarellum-1993-corrected,TRENTINO ALTO ADIGE,7,OSSANA,whole,,224,USSANA,0.833
camera-mattarellum-1993-corrected,TRENTINO ALTO ADIGE,7,PEIO,whole,,224,PETO,0.75
camera-mattarellum-1993-corrected,TRENTINO ALTO ADIGE,7,PELLIZZANO,whole,,224,PELLIZZANO,1.0
camera-mattarellum-1993-corrected,TRENTINO ALTO ADIGE,7,PELUGO,whole,,224,PELUSO,0.833
camera-mattarellum-1993-corrected,TRENTINO ALTO ADIGE,7,PIEVE DI BONO,whole,,224,PIEVE DI BONGO,0.917
camera-mattarellum-1993-corrected,TRENTINO ALTO ADIGE,7,PINZOLO,whole,,224,PIMNMZOLO,0.778
camera-mattarellum-1993-corrected,TRENTINO ALTO ADIGE,7,PRASO,whole,,224,PRASO,1.0
camera-mattarellum-1993-corrected,TRENTINO ALTO ADIGE,7,PREORE,whole,,224,PREDORE,0.857
camera-mattarellum-1993-corrected,TRENTINO ALTO ADIGE,7,PREZZO,whole,,224,PREZZO,1.0
camera-mattarellum-1993-corrected,TRENTINO ALTO ADIGE,7,RABBI,whole,,224,RABBI,1.0
camera-mattarellum-1993-corrected,TRENTINO ALTO ADIGE,7,RAGOLI,whole,,224,RAGOLI,1.0
camera-mattarellum-1993-corrected,TRENTINO ALTO ADIGE,7,REVO',whole,,224,REVO?,1.0
camera-mattarellum-1993-corrected,TRENTINO ALTO ADIGE,7,ROMALLO,whole,,224,ROMALLO,1.0
camera-mattarellum-1993-corrected,TRENTINO ALTO ADIGE,7,ROMENO,whole,,224,ROMENO,1.0
camera-mattarellum-1993-corrected,TRENTINO ALTO ADIGE,7,RONCONE,whole,,224,ROUNCONE,0.875
camera-mattarellum-1993-corrected,TRENTINO ALTO ADIGE,7,RONZONE,whole,,224,RONZONE,1.0
camera-mattarellum-1993-corrected,TRENTINO ALTO ADIGE,7,ROVERE' DELLA LUNA,whole,,224,ROVERE’ DELLA LUNA,1.0
camera-mattarellum-1993-corrected,TRENTINO ALTO ADIGE,7,RUFFRE',whole,,224,RUFFRE*,1.0
camera-mattarellum-1993-corrected,TRENTINO ALTO ADIGE,7,RUMO,whole,,224,RUMO,1.0
camera-mattarellum-1993-corrected,TRENTINO ALTO ADIGE,7,SAN LORENZO IN BANALE,whole,,224,SAN LORENZO IN BANALE,1.0
camera-mattarellum-1993-corrected,TRENTINO ALTO ADIGE,7,SAN MICHELE ALL'ADIGE,whole,,224,SAN MICHELE ALL'ADIGE,1.0
camera-mattarellum-1993-corrected,TRENTINO ALTO ADIGE,7,SANZENO,whole,,224,SANZENO,1.0
camera-mattarellum-1993-corrected,TRENTINO ALTO ADIGE,7,SARNONICO,whole,,224,SARNUONICO,0.9
camera-mattarellum-1993-corrected,TRENTINO ALTO ADIGE,7,SFRUZ,whole,,224,SFRUZ,1.0
camera-mattarellum-1993-corrected,TRENTINO ALTO ADIGE,7,SMARANO,whole,,224,SMARANO,1.0
camera-mattarellum-1993-corrected,TRENTINO ALTO ADIGE,7,SPIAZZO,whole,,224,SPIAZZO,1.0
camera-mattarellum-1993-corrected,TRENTINO ALTO ADIGE,7,SPORMAGGIORE,whole,,224,SPORMAGGIORE,1.0
camera-mattarellum-1993-corrected,TRENTINO ALTO ADIGE,7,SPORMINORE,whole,,224,SPORMINORE,1.0
camera-mattarellum-1993-corrected,TRENTINO ALTO ADIGE,7,STENICO,whole,,224,STENICO,1.0
camera-mattarellum-1993-corrected,TRENTINO ALTO ADIGE,7,STORO,whole,,224,STORO,1.0
camera-mattarellum-1993-corrected,TRENTINO ALTO ADIGE,7,STREMBO,whole,,224,STREMBO,1.0
camera-mattarellum-1993-corrected,TRENTINO ALTO ADIGE,7,TAIO,whole,,224,TAIO,1.0
camera-mattarellum-1993-corrected,TRENTINO ALTO ADIGE,7,TASSULLO,whole,,224,TASSULLO,1.0
camera-mattarellum-1993-corrected,TRENTINO ALTO ADIGE,7,TERRES,whole,,225,TERRES,1.0
camera-mattarellum-1993-corrected,TRENTINO ALTO ADIGE,7,TERZOLAS,whole,,225,TERZOLAS,1.0
camera-mattarellum-1993-corrected,TRENTINO ALTO ADIGE,7,TIONE DI TRENTO,whole,,225,TIONE DI TRENTO,1.0
camera-mattarellum-1993-corrected,TRENTINO ALTO ADIGE,7,TON,whole,,225,TON,1.0
camera-mattarellum-1993-corrected,TRENTINO ALTO ADIGE,7,TRES,whole,,225,TRES,1.0
camera-mattarellum-1993-corrected,TRENTINO ALTO ADIGE,7,TUENNO,whole,,225,TUENNO,1.0
camera-mattarellum-1993-corrected,TRENTINO ALTO ADIGE,7,VERMIGLIO,whole,,225,VERMIGLIO,1.0
camera-mattarellum-1993-corrected,TRENTINO ALTO ADIGE,7,VERVO',whole,,225,VERVO',1.0
camera-mattarellum-1993-corrected,TRENTINO ALTO ADIGE,7,VIGO RENDENA,whole,,225,VIGO RENDENA,1.0
camera-mattarellum-1993-corrected,TRENTINO ALTO ADIGE,7,VILLA RENDENA,whole,,225,VILLA RENDENA,1.0
camera-mattarellum-1993-corrected,TRENTINO ALTO ADIGE,7,ZAMBANA,whole,,225,ZAMBANA,1.0
camera-mattarellum-1993-corrected,TRENTINO ALTO ADIGE,7,ZUCLO,whole,,225,ZUCLO,1.0
camera-mattarellum-1993-corrected,TRENTINO ALTO ADIGE,8,ALBIANO,whole,,225,ALBIANO,1.0
camera-mattarellum-1993-corrected,TRENTINO ALTO ADIGE,8,BASELGA DI PINE',whole,,225,BASELGA DI PINE',1.0
camera-mattarellum-1993-corrected,TRENTINO ALTO ADIGE,8,BEDOLLO,whole,,225,BEDOLLO,1.0
camera-mattarellum-1993-corrected,TRENTINO ALTO ADIGE,8,BIENO,whole,,225,BIENO,1.0
camera-mattarellum-1993-corrected,TRENTINO ALTO ADIGE,8,BORGO VALSUGANA,whole,,225,BORGO VALSUGANA,1.0
camera-mattarellum-1993-corrected,TRENTINO ALTO ADIGE,8,BOSENTINO,whole,,225,BOSENTINO,1.0
camera-mattarellum-1993-corrected,TRENTINO ALTO ADIGE,8,CALCERANICA AL LAGO,whole,,225,CALCERANICA AL LAGO,1.0
camera-mattarellum-1993-corrected,TRENTINO ALTO ADIGE,8,CALDONAZZO,whole,,225,CALDONAZZO,1.0
camera-mattarellum-1993-corrected,TRENTINO ALTO ADIGE,8,CAMPITELLO DI FASSA,whole,,225,CAMPITELLO DI FASSA,1.0
camera-mattarellum-1993-corrected,TRENTINO ALTO ADIGE,8,CANAZEI,whole,,225,CANAZE I,0.857
camera-mattarellum-1993-corrected,TRENTINO ALTO ADIGE,8,CAPRIANA,whole,,225,CAPRIANA,1.0
camera-mattarellum-1993-corrected,TRENTINO ALTO ADIGE,8,CARANO,whole,,225,CARANO,1.0
camera-mattarellum-1993-corrected,TRENTINO ALTO ADIGE,8,CARZANO,whole,,225,CARZANO,1.0
camera-mattarellum-1993-corrected,TRENTINO ALTO ADIGE,8,CASTELLO-MOLINA DI FIEMME,whole,,225,CASTELLO-MOLINA DI FIEMME,1.0
camera-mattarellum-1993-corrected,TRENTINO ALTO ADIGE,8,CASTELLO TESINO,whole,,225,CASTELLO TESINO,1.0
camera-mattarellum-1993-corrected,TRENTINO ALTO ADIGE,8,CASTELNUOVO,whole,,225,CASTELNUOVO,1.0
camera-mattarellum-1993-corrected,TRENTINO ALTO ADIGE,8,CAVALESE,whole,,225,CAVALESE,1.0
camera-mattarellum-1993-corrected,TRENTINO ALTO ADIGE,8,CEMBRA,whole,,225,CEMBRA,1.0
camera-mattarellum-1993-corrected,TRENTINO ALTO ADIGE,8,CENTA SAN NICOLO',whole,,225,CENTA SAN NIiCcoLO?,0.875
camera-mattarellum-1993-corrected,TRENTINO ALTO ADIGE,8,CINTE TESINO,whole,,225,CINTE TESINO,1.0
camera-mattarellum-1993-corrected,TRENTINO ALTO ADIGE,8,CIVEZZANO,whole,,225,CIVEZZANO,1.0
camera-mattarellum-1993-corrected,TRENTINO ALTO ADIGE,8,DAIANO,whole,,225,DA TANO,0.833
camera-mattarellum-1993-corrected,TRENTINO ALTO ADIGE,8,FAVER,whole,,225,FAVER,1.0
camera-mattarellum-1993-corrected,TRENTINO ALTO ADIGE,8,FIERA DI PRIMIERO,whole,,225,F1ERA DI PRIMIERO,1.0
camera-mattarellum-1993-corrected,TRENTINO ALTO ADIGE,8,FIEROZZO,whole,,225,FIEROZZO,1.0
camera-mattarellum-1993-corrected,TRENTINO ALTO ADIGE,8,FORNACE,whole,,225,FORNACE,1.0
camera-mattarellum-1993-corrected,TRENTINO ALTO ADIGE,8,FRASSILONGO,whole,,225,FRASSILONGO,1.0
camera-mattarellum-1993-corrected,TRENTINO ALTO ADIGE,8,GIOVO,whole,,225,GIOVO,1.0
camera-mattarellum-1993-corrected,TRENTINO ALTO ADIGE,8,GRAUNO,whole,,225,SRAUNO,0.833
camera-mattarellum-1993-corrected,TRENTINO ALTO ADIGE,8,GRIGNO,whole,,225,GRIGNO,1.0
camera-mattarellum-1993-corrected,TRENTINO ALTO ADIGE,8,GRUMES,whole,,225,GRUMES,1.0
camera-mattarellum-1993-corrected,TRENTINO ALTO ADIGE,8,IMER,whole,,225,TIMER,0.8
camera-mattarellum-1993-corrected,TRENTINO ALTO ADIGE,8,IVANO-FRACENA,whole,,225,IVANO-FRACENA,1.0
camera-mattarellum-1993-corrected,TRENTINO ALTO ADIGE,8,LEVICO TERME,whole,,225,LEVICO TERME,1.0
camera-mattarellum-1993-corrected,TRENTINO ALTO ADIGE,8,LISIGNAGO,whole,,225,LISIGNAGO,1.0
camera-mattarellum-1993-corrected,TRENTINO ALTO ADIGE,8,LONA-LASES,whole,,225,LONA-LASES,1.0
camera-mattarellum-1993-corrected,TRENTINO ALTO ADIGE,8,MAZZIN,whole,,225,MAZZIN,1.0
camera-mattarellum-1993-corrected,TRENTINO ALTO ADIGE,8,MEZZANO,whole,,225,MEZZANO,1.0
camera-mattarellum-1993-corrected,TRENTINO ALTO ADIGE,8,MOENA,whole,,225,MOENA,1.0
camera-mattarellum-1993-corrected,TRENTINO ALTO ADIGE,8,NOVALEDO,whole,,225,NOVALE DO,1.0
camera-mattarellum-1993-corrected,TRENTINO ALTO ADIGE,8,OSPEDALETTO,whole,,225,USPEDALETTO,0.909
camera-mattarellum-1993-corrected,TRENTINO ALTO ADIGE,8,PALU' DEL FERSINA,whole,,225,PALU' DEL FERSINA,1.0
camera-mattarellum-1993-corrected,TRENTINO ALTO ADIGE,8,PANCHIA',whole,,225,"PANCHIA""",1.0
camera-mattarellum-1993-corrected,TRENTINO ALTO ADIGE,8,PERGINE VALSUGANA,whole,,225,PERGINE VALSUGANA,1.0
camera-mattarellum-1993-corrected,TRENTINO ALTO ADIGE,8,PIEVE TESINO,whole,,225,PIEVE TESINO,1.0
camera-mattarellum-1993-corrected,TRENTINO ALTO ADIGE,8,POZZA DI FASSA,whole,,225,POZZA DI FASSA,1.0
camera-mattarellum-1993-corrected,TRENTINO ALTO ADIGE,8,PREDAZZO,whole,,225,PREDAZZO,1.0
camera-mattarellum-1993-corrected,TRENTINO ALTO ADIGE,8,RONCEGNO,whole,,225,RONCEGNO,1.0
camera-mattarellum-1993-corrected,TRENTINO ALTO ADIGE,8,RONCHI VALSUGANA,whole,,225,RONCHI VALSUGANA,1.0
camera-mattarellum-1993-corrected,TRENTINO ALTO ADIGE,8,SAGRON MIS,whole,,225,SAGRON MIS,1.0
camera-mattarellum-1993-corrected,TRENTINO ALTO ADIGE,8,SAMONE,whole,,225,SAMONE,1.0
camera-mattarellum-1993-corrected,TRENTINO ALTO ADIGE,8,SANT'ORSOLA TERME,whole,,225,SANT'ORSOLA TERME,1.0
camera-mattarellum-1993-corrected,TRENTINO ALTO ADIGE,8,SCURELLE,whole,,225,SCURELLE,1.0
camera-mattarellum-1993-corrected,TRENTINO ALTO ADIGE,8,SEGONZANO,whole,,226,SEGONZANO,1.0
camera-mattarellum-1993-corrected,TRENTINO ALTO ADIGE,8,SIROR,whole,,226,SIROR,1.0
camera-mattarellum-1993-corrected,TRENTINO ALTO ADIGE,8,SORAGA,whole,,226,SQORAGA,0.857
camera-mattarellum-1993-corrected,TRENTINO ALTO ADIGE,8,SOVER,whole,,226,SOVER,1.0
camera-mattarellum-1993-corrected,TRENTINO ALTO ADIGE,8,SPERA,whole,,226,SPERA,1.0
camera-mattarellum-1993-corrected,TRENTINO ALTO ADIGE,8,STRIGNO,whole,,226,STRIGNO,1.0
camera-mattarellum-1993-corrected,TRENTINO ALTO ADIGE,8,TELVE,whole,,226,TELVE,1.0
camera-mattarellum-1993-corrected,TRENTINO ALTO ADIGE,8,TELVE DI SOPRA,whole,,226,TELVE DI SOPRA,1.0
camera-mattarellum-1993-corrected,TRENTINO ALTO ADIGE,8,TENNA,whole,,226,TENNA,1.0
camera-mattarellum-1993-corrected,TRENTINO ALTO ADIGE,8,TESERO,whole,,226,TESERO,1.0
camera-mattarellum-1993-corrected,TRENTINO ALTO ADIGE,8,TONADICO,whole,,226,TONADICO,1.0
camera-mattarellum-1993-corrected,TRENTINO ALTO ADIGE,8,TORCEGNO,whole,,226,TORCEGNO,1.0
camera-mattarellum-1993-corrected,TRENTINO ALTO ADIGE,8,TRANSACQUA,whole,,226,TRANSACQUA,1.0
camera-mattarellum-1993-corrected,TRENTINO ALTO ADIGE,8,VALDA,whole,,226,VALDA,1.0
camera-mattarellum-1993-corrected,TRENTINO ALTO ADIGE,8,VALFLORIANA,whole,,226,VALFLORTANA,0.909
camera-mattarellum-1993-corrected,TRENTINO ALTO ADIGE,8,VARENA,whole,,226,VARENA,1.0
camera-mattarellum-1993-corrected,TRENTINO ALTO ADIGE,8,VATTARO,whole,,226,VATTARO,1.0
camera-mattarellum-1993-corrected,TRENTINO ALTO ADIGE,8,VIGNOLA-FALESINA,whole,,226,VIGNOLA-FALESINA,1.0
camera-mattarellum-1993-corrected,TRENTINO ALTO ADIGE,8,VIGO DI FASSA,whole,,226,VIGO DI FASSA,1.0
camera-mattarellum-1993-corrected,TRENTINO ALTO ADIGE,8,VIGOLO VATTARO,whole,,226,VIGOLO VATTARO,1.0
camera-mattarellum-1993-corrected,TRENTINO ALTO ADIGE,8,VILLA AGNEDO,whole,,226,VILLA AGNEDO,1.0
camera-mattarellum-1993-corrected,TRENTINO ALTO ADIGE,8,ZIANO DI FIEMME,whole,,226,ZIANO DI FIEMME,1.0
camera-mattarellum-1993-corrected,VENETO 1,1,VERONA,described_part,"Comprende parte del territorio del Comune di Verona confinante a nord con 1 Comuni di Grezzana, Negrar, S. Pietro Incariano, ad ovest con 1 Comuni di Pescantina, Bussolengo, Sona, Sommacampagna, Viliafranca, a sud con 1 Comuni di Castel d'Azzano, Buttapietra e S. Giovanni Lupatoto, ad est con il restante territorio del Comune di Verona secondo una linea definita come segue: dal confine nord (Comune di Grezzana), segue il percorso a valle del progno Gallina inclusi i toponimi Strada per Montecchio, Strada Borago, Via Monte Arzan e le Stradelle Marognole, Tagliaferro, Giazzole, S. Giulrtana fino a Via Sbusa, inclusa {sono invece escluse Via Bonuzzo S. Anna, Via Santa Giuliana, Via S. Mattia e Viale dei Colli), risale ad ovest fino ad incrociare Via Monte Ortigara {inclusi i n.c. 29, 29/A, 29/8, 29/C, 29/D) e Via Carso (inclusi, i n.c. dispari dall'11 in poi e 1 pari dal 16 in poi), prosegue parallelamente alle Vie Santini e Bresciani escludendole, esclude Via Quinzano e Via Agno, interseca Via Ca' di Cozzi (inclusi t n.c. pari dal 16 in por e dispari dal 49 in poi), prosegue parallelamente a Viale Caduti del Lavoro, escludendolo, fino al fiume Adige, ne discende ‘il corso fino a Porta Catena, risale lungo la Cinta Magistrale esterna, ne segue il percorso fino alla breccia ovest di Porta Nuova, prosegue a sud fino al fiume Adige, discende lo stesso fino alla derivazione del canale Marazza, lungo 1l quale scende, escludendo Via Lazzaretto, per ricongiungersi nuovamente al fiume Adige a 300 metri a monte della centrale elettrica in località S. Caterina, seguendo il corso del fiume fino al confine con ìl Comune di S. Giovanni Lupatoto.",227,parte del territorio del Comune di Verona,1.0
camera-mattarellum-1993-corrected,VENETO 1,2,VERONA,described_part,"Comprende la parte del territorio del Comune di Verona non inclusa nel collegio n. 1 e confina a nord con i Comuni di Grezzana, Roverè, S. Mauro di Saline, ad est con i Comuni di Tregnago, Mezzane e S. Martino Buon Albergo, a sud con il Comune di 5. Giovanni Lupatoto.",227,parte del territorio del Comune di Verona,1.0
camera-mattarellum-1993-corrected,VENETO 1,3,AFFI,whole,,227,AFFI,1.0
camera-mattarellum-1993-corrected,VENETO 1,3,BARDOLINO,whole,,227,BARDOLINO,1.0
camera-mattarellum-1993-corrected,VENETO 1,3,BRENTINO BELLUNO,whole,,227,BRENTINO BELLUNO,1.0
camera-mattarellum-1993-corrected,VENETO 1,3,BRENZONE,whole,,227,BRENZONE,1.0
camera-mattarellum-1993-corrected,VENETO 1,3,BUSSOLENGO,whole,,227,BUSSOLE NGO,1.0
camera-mattarellum-1993-corrected,VENETO 1,3,CAPRINO VERONESE,whole,,227,CAPRINO VERUNESE,0.933
camera-mattarellum-1993-corrected,VENETO 1,3,CASTELNUOVO DEL GARDA,whole,,227,CASTELNUOVO DEL GARDA,1.0
camera-mattarellum-1993-corrected,VENETO 1,3,CAVAION VERONESE,whole,,227,CAVAI1ON VERONESE,0.938
camera-mattarellum-1993-corrected,VENETO 1,3,COSTERMANO,whole,,227,COSTERMANO,1.0
camera-mattarellum-1993-corrected,VENETO 1,3,DOLCE',whole,,227,DOLCE',1.0
camera-mattarellum-1993-corrected,VENETO 1,3,FERRARA DI MONTE BALDO,whole,,228,FERRARA DI MONTE BAL DO,1.0
camera-mattarellum-1993-corrected,VENETO 1,3,GARDA,whole,,228,GARDA,1.0
camera-mattarellum-1993-corrected,VENETO 1,3,LAZISE,whole,,228,LAZISE,1.0
camera-mattarellum-1993-corrected,VENETO 1,3,MALCESINE,whole,,228,MALCESINE,1.0
camera-mattarellum-1993-corrected,VENETO 1,3,PASTRENGO,whole,,228,PASTRENGO,1.0
camera-mattarellum-1993-corrected,VENETO 1,3,PESCANTINA,whole,,228,PESCANTINA,1.0
camera-mattarellum-1993-corrected,VENETO 1,3,PESCHIERA DEL GARDA,whole,,228,PESCHIERA DEL GARDA,1.0
camera-mattarellum-1993-corrected,VENETO 1,3,RIVOLI VERONESE,whole,,228,RIVOLI VERONESE,1.0
camera-mattarellum-1993-corrected,VENETO 1,3,SANT'AMBROGIO DI VALPOLICELLA,whole,,228,SANT'AMBROGIO DI VALPOLICELLA,1.0
camera-mattarellum-1993-corrected,VENETO 1,3,SAN ZENO DI MONTAGNA,whole,,228,SAN ZENO DI MONTAGNA,1.0
camera-mattarellum-1993-corrected,VENETO 1,3,SONA,whole,,228,SONA,1.0
camera-mattarellum-1993-corrected,VENETO 1,3,TORRI DEL BENACO,whole,,228,TORRI DEL BENACO,1.0
camera-mattarellum-1993-corrected,VENETO 1,4,BADIA CALAVENA,whole,,228,BADIA CALAVENA,1.0
camera-mattarellum-1993-corrected,VENETO 1,4,BOSCO CHIESANUOVA,whole,,228,BOSCO CHIESANHOVA,0.938
camera-mattarellum-1993-corrected,VENETO 1,4,CAZZANO DI TRAMIGNA,whole,,228,CAZZANO DI TRAMIGNA,1.0
camera-mattarellum-1993-corrected,VENETO 1,4,CERRO VERONESE,whole,,228,CERRO VERONESE,1.0
camera-mattarellum-1993-corrected,VENETO 1,4,ERBEZZO,whole,,228,ERBEZZO,1.0
camera-mattarellum-1993-corrected,VENETO 1,4,FUMANE,whole,,228,FUMANE,1.0
camera-mattarellum-1993-corrected,VENETO 1,4,GREZZANA,whole,,228,GREZZANA,1.0
camera-mattarellum-1993-corrected,VENETO 1,4,ILLASI,whole,,228,ILLASI,1.0
camera-mattarellum-1993-corrected,VENETO 1,4,LAVAGNO,whole,,228,LAVAGNO,1.0
camera-mattarellum-1993-corrected,VENETO 1,4,MARANO DI VALPOLICELLA,whole,,228,MARANO DI VALPOLICELLA,1.0
camera-mattarellum-1993-corrected,VENETO 1,4,MEZZANE DI SOTTO,whole,,228,MEZZANE DI SGTTO,0.929
camera-mattarellum-1993-corrected,VENETO 1,4,MONTECCHIA DI CROSARA,whole,,228,MONTECCHIA DI CROSARA,1.0
camera-mattarellum-1993-corrected,VENETO 1,4,MONTEFORTE D'ALPONE,whole,,228,MONTEFORTE D'ALPONE,1.0
camera-mattarellum-1993-corrected,VENETO 1,4,NEGRAR,whole,,228,NE GRAR,1.0
camera-mattarellum-1993-corrected,VENETO 1,4,RONCA',whole,,228,RONCA',1.0
camera-mattarellum-1993-corrected,VENETO 1,4,ROVERE' VERONESE,whole,,228,ROVERE! VERONESE,1.0
camera-mattarellum-1993-corrected,VENETO 1,4,SAN GIOVANNI ILARIONE,whole,,228,SAN GIOVANNI ILARIONE,1.0
camera-mattarellum-1993-corrected,VENETO 1,4,SAN MARTINO BUON ALBERGO,whole,,228,SAN MARTINO BUON ALBERGO,1.0
camera-mattarellum-1993-corrected,VENETO 1,4,SAN MAURO DI SALINE,whole,,228,SAN MAURO DI SALINE,1.0
camera-mattarellum-1993-corrected,VENETO 1,4,SAN PIETRO IN CARIANO,whole,,228,SAN PIETRO IN CARIANO,1.0
camera-mattarellum-1993-corrected,VENETO 1,4,SANT'ANNA D'ALFAEDO,whole,,228,SANT'ANNA D'*'ALFAEDO,1.0
camera-mattarellum-1993-corrected,VENETO 1,4,SELVA DI PROGNO,whole,,228,SELVA DI PRUGNO,0.923
camera-mattarellum-1993-corrected,VENETO 1,4,SOAVE,whole,,228,SOAVE,1.0
camera-mattarellum-1993-corrected,VENETO 1,4,TREGNAGO,whole,,228,TREGNAGO,1.0
camera-mattarellum-1993-corrected,VENETO 1,4,VELO VERONESE,whole,,228,VELO VERONESE,1.0
camera-mattarellum-1993-corrected,VENETO 1,4,VESTENANOVA,whole,,228,VESTENANOVA,1.0
camera-mattarellum-1993-corrected,VENETO 1,5,ALBAREDO D'ADIGE,whole,,228,ALBAREDO D'ADIGE,1.0
camera-mattarellum-1993-corrected,VENETO 1,5,ARCOLE,whole,,228,ARCOLE,1.0
camera-mattarellum-1993-corrected,VENETO 1,5,BELFIORE,whole,,228,BELF TORE,0.875
camera-mattarellum-1993-corrected,VENETO 1,5,BUTTAPIETRA,whole,,228,BUTTAPIETRA,1.0
camera-mattarellum-1993-corrected,VENETO 1,5,CALDIERO,whole,,228,CALDIERO,1.0
camera-mattarellum-1993-corrected,VENETO 1,5,COLOGNA VENETA,whole,,228,COLOGNA VENETA,1.0
camera-mattarellum-1993-corrected,VENETO 1,5,COLOGNOLA AI COLLI,whole,,228,COLOGNOLA AI COLLI,1.0
camera-mattarellum-1993-corrected,VENETO 1,5,ISOLA RIZZA,whole,,228,ISOLA RIZZA,1.0
camera-mattarellum-1993-corrected,VENETO 1,5,OPPEANO,whole,,228,GPPEANO,0.857
camera-mattarellum-1993-corrected,VENETO 1,5,PALU',whole,,228,PALU',1.0
camera-mattarellum-1993-corrected,VENETO 1,5,PRESSANA,whole,,228,PRESSANA,1.0
camera-mattarellum-1993-corrected,VENETO 1,5,RONCO ALL'ADIGE,whole,,228,RONCO ALL'ADIGE,1.0
camera-mattarellum-1993-corrected,VENETO 1,5,ROVEREDO DI GUA',whole,,228,ROVEREDO DI GUA',1.0
camera-mattarellum-1993-corrected,VENETO 1,5,SAN BONIFACIO,whole,,228,SAN BONIFACIO,1.0
camera-mattarellum-1993-corrected,VENETO 1,5,SAN GIOVANNI LUPATOTO,whole,,228,SAN GIOVANNI LUPATOTO,1.0
camera-mattarellum-1993-corrected,VENETO 1,5,VERONELLA,whole,,228,VERONELLA,1.0
camera-mattarellum-1993-corrected,VENETO 1,5,ZEVIO,whole,,228,ZEVIO,1.0
camera-mattarellum-1993-corrected,VENETO 1,5,ZIMELLA,whole,,228,ZIMELLA,1.0
camera-mattarellum-1993-corrected,VENETO 1,6,BOVOLONE,whole,,228,BOVOLONE,1.0
camera-mattarellum-1993-corrected,VENETO 1,6,CASTEL D'AZZANO,whole,,228,CASTEL D'AZZANO,1.0
camera-mattarellum-1993-corrected,VENETO 1,6,CONCAMARISE,whole,,228,CONCAMAR ISE,1.0
camera-mattarellum-1993-corrected,VENETO 1,6,ERBE',whole,,228,ERBE*,1.0
camera-mattarellum-1993-corrected,VENETO 1,6,ISOLA DELLA SCALA,whole,,229,ISOLA DELLA SCALA,1.0
camera-mattarellum-1993-corrected,VENETO 1,6,MOZZECANE,whole,,229,MOZZECANE,1.0
camera-mattarellum-1993-corrected,VENETO 1,6,NOGAROLE ROCCA,whole,,229,NOGAROLE ROCCA,1.0
camera-mattarellum-1993-corrected,VENETO 1,6,POVEGLIANO VERONESE,whole,,229,POVEGLIANO VERONESE,1.0
camera-mattarellum-1993-corrected,VENETO 1,6,SALIZZOLE,whole,,229,SAL IZZOLE,1.0
camera-mattarellum-1993-corrected,VENETO 1,6,SOMMACAMPAGNA,whole,,229,SOMMACAMPAGNA,1.0
camera-mattarellum-1993-corrected,VENETO 1,6,TREVENZUOLO,whole,,229,FTREVENZUOLO,0.917
camera-mattarellum-1993-corrected,VENETO 1,6,VALEGGIO SUL MINCIO,whole,,229,VALEGGIO SUL MINCIO,1.0
camera-mattarellum-1993-corrected,VENETO 1,6,VIGASIO,whole,,229,VIGASIO,1.0
camera-mattarellum-1993-corrected,VENETO 1,6,VILLAFRANCA DI VERONA,whole,,229,VILLAFRANCA DI VERONA,1.0
camera-mattarellum-1993-corrected,VENETO 1,7,ANGIARI,whole,,229,ANGSIARI,0.875
camera-mattarellum-1993-corrected,VENETO 1,7,BEVILACQUA,whole,,229,BEVILACQUA,1.0
camera-mattarellum-1993-corrected,VENETO 1,7,BONAVIGO,whole,,229,BONAVIGO,1.0
camera-mattarellum-1993-corrected,VENETO 1,7,BOSCHI SANT'ANNA,whole,,229,BOSCHI SANT'ANNA,1.0
camera-mattarellum-1993-corrected,VENETO 1,7,CASALEONE,whole,,229,CASALE ONE,1.0
camera-mattarellum-1993-corrected,VENETO 1,7,CASTAGNARO,whole,,229,CASTAGNARO,1.0
camera-mattarellum-1993-corrected,VENETO 1,7,CEREA,whole,,229,CEREA,1.0
camera-mattarellum-1993-corrected,VENETO 1,7,GAZZO VERONESE,whole,,229,GAZZU VERONESE,0.923
camera-mattarellum-1993-corrected,VENETO 1,7,LEGNAGO,whole,,229,LEGNAGO,1.0
camera-mattarellum-1993-corrected,VENETO 1,7,MINERBE,whole,,229,HMINERBE,0.875
camera-mattarellum-1993-corrected,VENETO 1,7,NOGARA,whole,,229,NOGARA,1.0
camera-mattarellum-1993-corrected,VENETO 1,7,ROVERCHIARA,whole,,229,ROVERCHIARA,1.0
camera-mattarellum-1993-corrected,VENETO 1,7,SANGUINETTO,whole,,229,SANGUINETTO,1.0
camera-mattarellum-1993-corrected,VENETO 1,7,SAN PIETRO DI MORUBIO,whole,,229,SAN PIETRO DI MORUBIO,1.0
camera-mattarellum-1993-corrected,VENETO 1,7,SORGA',whole,,229,SORGA*,1.0
camera-mattarellum-1993-corrected,VENETO 1,7,TERRAZZO,whole,,229,TERRAZZO,1.0
camera-mattarellum-1993-corrected,VENETO 1,7,VILLA BARTOLOMEA,whole,,229,VILLA BARTOI OMEA,0.933
camera-mattarellum-1993-corrected,VENETO 1,7,BERGANTINO,whole,,229,BERGANTINO,1.0
camera-mattarellum-1993-corrected,VENETO 1,7,CASTELMASSA,whole,,229,CASTELMASSA,1.0
camera-mattarellum-1993-corrected,VENETO 1,7,CASTELNOVO BARIANO,whole,,229,CASTELNOVO BARIANO,1.0
camera-mattarellum-1993-corrected,VENETO 1,7,MELARA,whole,,229,MELARA,1.0
camera-mattarellum-1993-corrected,VENETO 1,8,COSTABISSARA,whole,,229,COSTABISSARA,1.0
camera-mattarellum-1993-corrected,VENETO 1,8,ISOLA VICENTINA,whole,,229,ISULA VICENTINA,0.929
camera-mattarellum-1993-corrected,VENETO 1,8,MONTICELLO CONTE OTTO,whole,,229,MONTICELLO CONTE OTTO,1.0
camera-mattarellum-1993-corrected,VENETO 1,8,VICENZA,whole,,229,VICENZA,1.0
camera-mattarellum-1993-corrected,VENETO 1,9,BASSANO DEL GRAPPA,whole,,229,BASSANO DEL GRAPPA,1.0
camera-mattarellum-1993-corrected,VENETO 1,9,CAMPOLONGO SUL BRENTA,whole,,229,CAMPOLONGO SUL BRENTA,1.0
camera-mattarellum-1993-corrected,VENETO 1,9,CARTIGLIANO,whole,,229,CARTIGLIANO,1.0
camera-mattarellum-1993-corrected,VENETO 1,9,CASSOLA,whole,,229,CASSOLA,1.0
camera-mattarellum-1993-corrected,VENETO 1,9,CISMON DEL GRAPPA,whole,,229,CISMON DEL GRAPPA,1.0
camera-mattarellum-1993-corrected,VENETO 1,9,MAROSTICA,whole,,229,MAROSTICA,1.0
camera-mattarellum-1993-corrected,VENETO 1,9,MUSSOLENTE,whole,,229,MUSSOLENTE,1.0
camera-mattarellum-1993-corrected,VENETO 1,9,NOVE,whole,,229,NOVE,1.0
camera-mattarellum-1993-corrected,VENETO 1,9,PIANEZZE,whole,,229,PIANEZZE,1.0
camera-mattarellum-1993-corrected,VENETO 1,9,POVE DEL GRAPPA,whole,,229,POVE DEL GRAPPA,1.0
camera-mattarellum-1993-corrected,VENETO 1,9,ROMANO D'EZZELINO,whole,,229,RUMANO D'EZZELINO,0.933
camera-mattarellum-1993-corrected,VENETO 1,9,ROSA',whole,,229,ROSA*,1.0
camera-mattarellum-1993-corrected,VENETO 1,9,ROSSANO VENETO,whole,,229,ROSSANO VENETO,1.0
camera-mattarellum-1993-corrected,VENETO 1,9,SAN NAZARIO,whole,,229,SAN NAZARIO,1.0
camera-mattarellum-1993-corrected,VENETO 1,9,SOLAGNA,whole,,229,SOLAGNA,1.0
camera-mattarellum-1993-corrected,VENETO 1,9,TEZZE SUL BRENTA,whole,,229,TEZZE SUL BRENTA,1.0
camera-mattarellum-1993-corrected,VENETO 1,9,VALSTAGNA,whole,,229,VALSTAGNA,1.0
camera-mattarellum-1993-corrected,VENETO 1,10,ARSIERO,whole,,229,ARSIERO,1.0
camera-mattarellum-1993-corrected,VENETO 1,10,ASIAGO,whole,,229,ASIAGO,1.0
camera-mattarellum-1993-corrected,VENETO 1,10,BREGANZE,whole,,229,BREGANZE,1.0
camera-mattarellum-1993-corrected,VENETO 1,10,CALTRANO,whole,,229,CALTRANO,1.0
camera-mattarellum-1993-corrected,VENETO 1,10,CALVENE,whole,,230,CAL VENE,1.0
camera-mattarellum-1993-corrected,VENETO 1,10,CARRE',whole,,230,CARRE *,1.0
camera-mattarellum-1993-corrected,VENETO 1,10,CHIUPPANO,whole,,230,CHIUPPANO,1.0
camera-mattarellum-1993-corrected,VENETO 1,10,COGOLLO DEL CENGIO,whole,,230,COGOLLO DEL CENGIO,1.0
camera-mattarellum-1993-corrected,VENETO 1,10,CONCO,whole,,230,CONCO,1.0
camera-mattarellum-1993-corrected,VENETO 1,10,ENEGO,whole,,230,ENEGO,1.0
camera-mattarellum-1993-corrected,VENETO 1,10,FARA VICENTINO,whole,,230,FARA VICENTINO,1.0
camera-mattarellum-1993-corrected,VENETO 1,10,FOZA,whole,,230,FOZA,1.0
camera-mattarellum-1993-corrected,VENETO 1,10,GALLIO,whole,,230,GALLIO,1.0
camera-mattarellum-1993-corrected,VENETO 1,10,LAGHI,whole,,230,LAGHI,1.0
camera-mattarellum-1993-corrected,VENETO 1,10,LASTEBASSE,whole,,230,LASTE BASSE,1.0
camera-mattarellum-1993-corrected,VENETO 1,10,LUGO DI VICENZA,whole,,230,LUGO DI VICENZA,1.0
camera-mattarellum-1993-corrected,VENETO 1,10,LUSIANA,whole,,230,LUSI1ANA,0.875
camera-mattarellum-1993-corrected,VENETO 1,10,MARANO VICENTINO,whole,,230,MARANO VICENTINO,1.0
camera-mattarellum-1993-corrected,VENETO 1,10,MASON VICENTINO,whole,,230,MASON VICENTINO,1.0
camera-mattarellum-1993-corrected,VENETO 1,10,MOLVENA,whole,,230,MOLYVENA,0.875
camera-mattarellum-1993-corrected,VENETO 1,10,MONTECCHIO PRECALCINO,whole,,230,MONTECCHIO PRECALCINO,1.0
camera-mattarellum-1993-corrected,VENETO 1,10,PEDEMONTE,whole,,230,PE DEMONTE,1.0
camera-mattarellum-1993-corrected,VENETO 1,10,PIOVENE ROCCHETTE,whole,,230,PIOVENE ROCCHETTE,1.0
camera-mattarellum-1993-corrected,VENETO 1,10,POSINA,whole,,230,POSTNA,0.833
camera-mattarellum-1993-corrected,VENETO 1,10,ROANA,whole,,230,ROANA,1.0
camera-mattarellum-1993-corrected,VENETO 1,10,ROTZO,whole,,230,RoOTZO,0.833
camera-mattarellum-1993-corrected,VENETO 1,10,SALCEDO,whole,,230,SALCE DO,1.0
camera-mattarellum-1993-corrected,VENETO 1,10,SARCEDO,whole,,230,SARCE DO,1.0
camera-mattarellum-1993-corrected,VENETO 1,10,SCHIAVON,whole,,230,SCHIAVON,1.0
camera-mattarellum-1993-corrected,VENETO 1,10,THIENE,whole,,230,THIENE,1.0
camera-mattarellum-1993-corrected,VENETO 1,10,TONEZZA DEL CIMONE,whole,,230,TONEZZA DEL CIMONE,1.0
camera-mattarellum-1993-corrected,VENETO 1,10,VALDASTICO,whole,,230,VALDASTICO,1.0
camera-mattarellum-1993-corrected,VENETO 1,10,VELO D'ASTICO,whole,,230,VELO D'ASTICO,1.0
camera-mattarellum-1993-corrected,VENETO 1,10,VILLAVERLA,whole,,230,VILLAVERLA,1.0
camera-mattarellum-1993-corrected,VENETO 1,10,ZANE',whole,,230,ZANE?’,1.0
camera-mattarellum-1993-corrected,VENETO 1,10,ZUGLIANO,whole,,230,ZUGLIANO,1.0
camera-mattarellum-1993-corrected,VENETO 1,11,ALONTE,whole,,230,ALONTE,1.0
camera-mattarellum-1993-corrected,VENETO 1,11,ALTAVILLA VICENTINA,whole,,230,ALTAVILLA VICENTINA,1.0
camera-mattarellum-1993-corrected,VENETO 1,11,ALTISSIMO,whole,,230,ALTISSIMO,1.0
camera-mattarellum-1993-corrected,VENETO 1,11,ARZIGNANO,whole,,230,ARZIGNANO,1.0
camera-mattarellum-1993-corrected,VENETO 1,11,BRENDOLA,whole,,230,BRENDOLA,1.0
camera-mattarellum-1993-corrected,VENETO 1,11,CHIAMPO,whole,,230,CHIAMPO,1.0
camera-mattarellum-1993-corrected,VENETO 1,11,CREAZZO,whole,,230,CREAZZO,1.0
camera-mattarellum-1993-corrected,VENETO 1,11,CRESPADORO,whole,,230,CRESPADORO,1.0
camera-mattarellum-1993-corrected,VENETO 1,11,GAMBELLARA,whole,,230,GAMBELLARA,1.0
camera-mattarellum-1993-corrected,VENETO 1,11,GAMBUGLIANO,whole,,230,GAMBUGL IANO,1.0
camera-mattarellum-1993-corrected,VENETO 1,11,GRANCONA,whole,,230,GRANCONA,1.0
camera-mattarellum-1993-corrected,VENETO 1,11,,whole,,230,LONTGEO,0.714
camera-mattarellum-1993-corrected,VENETO 1,11,MONTEBELLO VICENTINO,whole,,230,MONTEBELLO VICENTINO,1.0
camera-mattarellum-1993-corrected,VENETO 1,11,MONTECCHIO MAGGIORE,whole,,230,MONTECCHIO MAGGIORE,1.0
camera-mattarellum-1993-corrected,VENETO 1,11,MONTEVIALE,whole,,230,MONTEVIALE,1.0
camera-mattarellum-1993-corrected,VENETO 1,11,MONTORSO VICENTINO,whole,,230,HONTORSO VICENTINO,1.0
camera-mattarellum-1993-corrected,VENETO 1,11,NOGAROLE VICENTINO,whole,,230,NOGAROLE VICENTINO,1.0
camera-mattarellum-1993-corrected,VENETO 1,11,ORGIANO,whole,,230,ORGIANO,1.0
camera-mattarellum-1993-corrected,VENETO 1,11,SAN GERMANO DEI BERICI,whole,,230,SAN GERMANO DEI RERICI,0.947
camera-mattarellum-1993-corrected,VENETO 1,11,SAN PIETRO MUSSOLINO,whole,,230,SAN PIETRO MUSSOLINO,1.0
camera-mattarellum-1993-corrected,VENETO 1,11,SAREGO,whole,,230,SAREGO,1.0
camera-mattarellum-1993-corrected,VENETO 1,11,ZERMEGHEDO,whole,,230,ZERME GHE DO,1.0
camera-mattarellum-1993-corrected,VENETO 1,12,BROGLIANO,whole,,230,BROGLIANO,1.0
camera-mattarellum-1993-corrected,VENETO 1,12,CASTELGOMBERTO,whole,,230,CASTELGOMBERTO,1.0
camera-mattarellum-1993-corrected,VENETO 1,12,CORNEDO VICENTINO,whole,,230,CORNEDO VICENTINO,1.0
camera-mattarellum-1993-corrected,VENETO 1,12,MALO,whole,,230,MALO,1.0
camera-mattarellum-1993-corrected,VENETO 1,12,MONTE DI MALO,whole,,230,MONTE DI MALO,1.0
camera-mattarellum-1993-corrected,VENETO 1,12,RECOARO TERME,whole,,230,RECOARO TERME,1.0
camera-mattarellum-1993-corrected,VENETO 1,12,SANTORSO,whole,,230,SANTORSO,1.0
camera-mattarellum-1993-corrected,VENETO 1,12,SAN VITO DI LEGUZZANO,whole,,230,SAN VITO DI LEGUZZANO,1.0
camera-mattarellum-1993-corrected,VENETO 1,12,SCHIO,whole,,231,SCHIO,1.0
camera-mattarellum-1993-corrected,VENETO 1,12,TORREBELVICINO,whole,,231,TORREBELVICINO,1.0
camera-mattarellum-1993-corrected,VENETO 1,12,TRISSINO,whole,,231,TRISSINO,1.0
camera-mattarellum-1993-corrected,VENETO 1,12,VALDAGNO,whole,,231,VALDAGNO,1.0
camera-mattarellum-1993-corrected,VENETO 1,12,VALLI DEL PASUBIO,whole,,231,VALLI DEL PASUBIO,1.0
camera-mattarellum-1993-corrected,VENETO 1,13,AGUGLIARO,whole,,231,AGUGLIARO,1.0
camera-mattarellum-1993-corrected,VENETO 1,13,ALBETTONE,whole,,231,AL BE TTONE,1.0
camera-mattarellum-1993-corrected,VENETO 1,13,ARCUGNANO,whole,,231,ARCUGNANO,1.0
camera-mattarellum-1993-corrected,VENETO 1,13,ASIGLIANO VENETO,whole,,231,ASIGLIANO VENETO,1.0
camera-mattarellum-1993-corrected,VENETO 1,13,BARBARANO VICENTINO,whole,,231,BARBARANO VICENTINO,1.0
camera-mattarellum-1993-corrected,VENETO 1,13,BOLZANO VICENTINO,whole,,231,BOLZANO VICENTINO,1.0
camera-mattarellum-1993-corrected,VENETO 1,13,BRESSANVIDO,whole,,231,BRESSANYVIDO,0.917
camera-mattarellum-1993-corrected,VENETO 1,13,CALDOGNO,whole,,231,CALDOGNO,1.0
camera-mattarellum-1993-corrected,VENETO 1,13,CAMISANO VICENTINO,whole,,231,CAMISANO VICENTINO,1.0
camera-mattarellum-1993-corrected,VENETO 1,13,CAMPIGLIA DEI BERICI,whole,,231,CAMPIGLIA DEI BERICI,1.0
camera-mattarellum-1993-corrected,VENETO 1,13,CASTEGNERO,whole,,231,CASTEGNERO,1.0
camera-mattarellum-1993-corrected,VENETO 1,13,DUEVILLE,whole,,231,DUEVILLE,1.0
camera-mattarellum-1993-corrected,VENETO 1,13,GRISIGNANO DI ZOCCO,whole,,231,GRISIGNANO DI ZzOCCO,0.944
camera-mattarellum-1993-corrected,VENETO 1,13,GRUMOLO DELLE ABBADESSE,whole,,231,GRUMOLO DELLE ABBADESSE,1.0
camera-mattarellum-1993-corrected,VENETO 1,13,LONGARE,whole,,231,LONGARE,1.0
camera-mattarellum-1993-corrected,VENETO 1,13,MONTEGALDA,whole,,231,MONTEGALDA,1.0
camera-mattarellum-1993-corrected,VENETO 1,13,MONTEGALDELLA,whole,,231,MONTEGAL DELLA,1.0
camera-mattarellum-1993-corrected,VENETO 1,13,MOSSANO,whole,,231,MOSSANO,1.0
camera-mattarellum-1993-corrected,VENETO 1,13,NANTO,whole,,231,NANTO,1.0
camera-mattarellum-1993-corrected,VENETO 1,13,NOVENTA VICENTINA,whole,,231,NOVENTA VICENTINA,1.0
camera-mattarellum-1993-corrected,VENETO 1,13,POIANA MAGGIORE,whole,,231,POIANA MAGGIORE,1.0
camera-mattarellum-1993-corrected,VENETO 1,13,POZZOLEONE,whole,,231,POZZOLEONE,1.0
camera-mattarellum-1993-corrected,VENETO 1,13,QUINTO VICENTINO,whole,,231,QUINTO VICENTINO,1.0
camera-mattarellum-1993-corrected,VENETO 1,13,SANDRIGO,whole,,231,SANDR1IGO,0.889
camera-mattarellum-1993-corrected,VENETO 1,13,SOSSANO,whole,,231,SOSSANO,1.0
camera-mattarellum-1993-corrected,VENETO 1,13,TORRI DI QUARTESOLO,whole,,231,TORRI DI QUARTESODOLO,0.895
camera-mattarellum-1993-corrected,VENETO 1,13,VILLAGA,whole,,231,VILLAGA,1.0
camera-mattarellum-1993-corrected,VENETO 1,13,ZOVENCEDO,whole,,231,ZOVENCE DO,1.0
camera-mattarellum-1993-corrected,VENETO 1,14,PADOVA,zone,SACRA FAMIGLIA,231,{ PD-SACRA FAMIGLIA ),1.0
camera-mattarellum-1993-corrected,VENETO 1,14,PADOVA,zone,SAN GIUSEPPE,231,€ PO-SAN GIUSEPPE,1.0
camera-mattarellum-1993-corrected,VENETO 1,14,PADOVA,zone,PORTA TRENTO,231,{ PD-PORTA TRENTO ),1.0
camera-mattarellum-1993-corrected,VENETO 1,14,PADOVA,zone,BRUSEGANA,231,{ PO-BRUSEGANA )ì,1.0
camera-mattarellum-1993-corrected,VENETO 1,14,PADOVA,zone,CAVE,231,{ PD-CAVE,1.0
camera-mattarellum-1993-corrected,VENETO 1,14,PADOVA,zone,BRENTELLE,231,{ PD-BRENTELLE è,1.0
camera-mattarellum-1993-corrected,VENETO 1,14,PADOVA,zone,SANT'IGNAZIO,231,{ PD-SANT'IGNAZIO >,1.0
camera-mattarellum-1993-corrected,VENETO 1,14,PADOVA,zone,MONTA®,231,( PB-MONTA® ),1.0
camera-mattarellum-1993-corrected,VENETO 1,14,PADOVA,zone,PONTEROTTO,231,( PD-PONTEROTTO 2,1.0
camera-mattarellum-1993-corrected,VENETO 1,14,PADOVA,zone,SACRO CUORE,231,( PD-SACRO CUORE 2,1.0
camera-mattarellum-1993-corrected,VENETO 1,14,PADOVA,zone,PDO-ALTICHIERO,231,( PDO-ALTICHIERO ),1.0
camera-mattarellum-1993-corrected,VENETO 1,14,PADOVA,zone,PONTEVIGODARZERE,231,(€ PD-PONTEVIGODARZERE ),1.0
camera-mattarellum-1993-corrected,VENETO 1,14,PADOVA,zone,SAN CARLO 5,231,€ PD-SAN CARLO 5),1.0
camera-mattarellum-1993-corrected,VENETO 1,14,PADOVA,zone,ARCELLA,231,{ PD-ARCELLA >),1.0
camera-mattarellum-1993-corrected,VENETO 1,14,RUBANO,whole,,231,RUBANO,1.0
camera-mattarellum-1993-corrected,VENETO 1,14,SELVAZZANO DENTRO,whole,,231,SELVAZZANO DENTRO,1.0
camera-mattarellum-1993-corrected,VENETO 1,15,PADOVA,zone,CENTRO STORICO,231,{ PD-CENTRO STORICO >),1.0
camera-mattarellum-1993-corrected,VENETO 1,15,PADOVA,zone,FIERA »,231,( PD-FIERA »)>,1.0
camera-mattarellum-1993-corrected,VENETO 1,15,PADOVA,zone,STANGA,231,{ PD-STANGA )ì,1.0
camera-mattarellum-1993-corrected,VENETO 1,15,PADOVA,zone,FORCELLINI,231,( PD-FORCELLINI I,1.0
camera-mattarellum-1993-corrected,VENETO 1,15,PADOVA,zone,SANT' OSVALDO,231,{ PD-SANT'*OSVALDO ),1.0
camera-mattarellum-1993-corrected,VENETO 1,15,PADOVA,zone,MADONNA PELLEGRINA,231,{ PD-MADONNA PELLEGRINA ),1.0
camera-mattarellum-1993-corrected,VENETO 1,15,PADOVA,zone,VOLTABAROZZO,231,{( PD-VOLTABAROZZO 3,1.0
camera-mattarellum-1993-corrected,VENETO 1,15,PADOVA,zone,PDB-CROCEFISSO,231,( PDB-CROCEFISSO ),1.0
camera-mattarellum-1993-corrected,VENETO 1,15,PADOVA,zone,SALBORO,231,€ PD-SALBORO 2,1.0
camera-mattarellum-1993-corrected,VENETO 1,15,PADOVA,zone,GUIZZA,231,{ PD-GUIZZA ),1.0
camera-mattarellum-1993-corrected,VENETO 1,15,PADOVA,zone,MANDRIA,231,{ PO-MANDRIA ),1.0
camera-mattarellum-1993-corrected,VENETO 1,15,PADOVA,zone,MORTISE,232,{ PD-MORTISE 2),1.0
camera-mattarellum-1993-corrected,VENETO 1,15,PADOVA,zone,TORRE,232,€ PO-TORRE ),1.0
camera-mattarellum-1993-corrected,VENETO 1,15,PADOVA,zone,SAN LAZZARO,232,£& PD-SAN LAZZARO 3),1.0
camera-mattarellum-1993-corrected,VENETO 1,15,PADOVA,zone,PONTE DI BRENTA,232,{ PD-PONTE DI BRENTA >),1.0
camera-mattarellum-1993-corrected,VENETO 1,15,PADOVA,zone,ZONA INDUSTRIALE,232,{ PD-ZONA INDUSTRIALE >,1.0
camera-mattarellum-1993-corrected,VENETO 1,15,PADOVA,zone,CAMIN,232,{ PD-CAMIN >,1.0
camera-mattarellum-1993-corrected,VENETO 1,15,PADOVA,zone,GRANZE,232,CC PO-GRANZE è,1.0
camera-mattarellum-1993-corrected,VENETO 1,16,BAONE,whole,,232,BAONE,1.0
camera-mattarellum-1993-corrected,VENETO 1,16,BARBONA,whole,,232,BARBONA,1.0
camera-mattarellum-1993-corrected,VENETO 1,16,CARCERI,whole,,232,CARCERI,1.0
camera-mattarellum-1993-corrected,VENETO 1,16,CASALE DI SCODOSIA,whole,,232,CASALE 01 SCGODOSIA,0.882
camera-mattarellum-1993-corrected,VENETO 1,16,CASTELBALDO,whole,,232,CASTEL BALDO,1.0
camera-mattarellum-1993-corrected,VENETO 1,16,ESTE,whole,,232,ESTE,1.0
camera-mattarellum-1993-corrected,VENETO 1,16,GRANZE,whole,,232,GRANZE,1.0
camera-mattarellum-1993-corrected,VENETO 1,16,MASI,whole,,232,MASI,1.0
camera-mattarellum-1993-corrected,VENETO 1,16,MEGLIADINO SAN FIDENZIO,whole,,232,MEGLIADINO SAN FIDENZIO,1.0
camera-mattarellum-1993-corrected,VENETO 1,16,MEGLIADINO SAN VITALE,whole,,232,MEGLIADINO SAN VITALE,1.0
camera-mattarellum-1993-corrected,VENETO 1,16,MERLARA,whole,,232,MERLARA,1.0
camera-mattarellum-1993-corrected,VENETO 1,16,MONSELICE,whole,,232,HONSEL ICE,1.0
camera-mattarellum-1993-corrected,VENETO 1,16,MONTAGNANA,whole,,232,MONTAGNANA,1.0
camera-mattarellum-1993-corrected,VENETO 1,16,OSPEDALETTO EUGANEO,whole,,232,OSPEDALETTO EUGANEO,1.0
camera-mattarellum-1993-corrected,VENETO 1,16,PERNUMIA,whole,,232,PERNUNIA,0.875
camera-mattarellum-1993-corrected,VENETO 1,16,PIACENZA D'ADIGE,whole,,232,PIACENZA D'’'ADIGE,1.0
camera-mattarellum-1993-corrected,VENETO 1,16,PONSO,whole,,232,PONSO,1.0
camera-mattarellum-1993-corrected,VENETO 1,16,POZZONOVO,whole,,232,FOZZONOVO,0.889
camera-mattarellum-1993-corrected,VENETO 1,16,SALETTO,whole,,232,SALETTO,1.0
camera-mattarellum-1993-corrected,VENETO 1,16,SAN PIETRO VIMINARIO,whole,,232,SAN PIETRO VININARIO,0.944
camera-mattarellum-1993-corrected,VENETO 1,16,SANTA MARGHERITA D'ADIGE,whole,,232,SANTA MARGHERITA D'AQDIGE,0.955
camera-mattarellum-1993-corrected,VENETO 1,16,SANT'ELENA,whole,,232,SANT'ELENA,1.0
camera-mattarellum-1993-corrected,VENETO 1,16,SANT'URBANO,whole,,232,SANT*URBANO,1.0
camera-mattarellum-1993-corrected,VENETO 1,16,SOLESINO,whole,,232,SOLESINO,1.0
camera-mattarellum-1993-corrected,VENETO 1,16,STANGHELLA,whole,,232,STANGHELLA,1.0
camera-mattarellum-1993-corrected,VENETO 1,16,URBANA,whole,,232,URBANA,1.0
camera-mattarellum-1993-corrected,VENETO 1,16,VESCOVANA,whole,,232,VESCOVANA,1.0
camera-mattarellum-1993-corrected,VENETO 1,16,VIGHIZZOLO D'ESTE,whole,,232,VIGHIZZOLO D'ESTE,1.0
camera-mattarellum-1993-corrected,VENETO 1,16,VILLA ESTENSE,whole,,232,VILLA ESTENSE,1.0
camera-mattarellum-1993-corrected,VENETO 1,17,AGNA,whole,,232,AGNA,1.0
camera-mattarellum-1993-corrected,VENETO 1,17,ANGUILLARA VENETA,whole,,232,ANGUILLARA VENETA,1.0
camera-mattarellum-1993-corrected,VENETO 1,17,ARRE,whole,,232,ARRE,1.0
camera-mattarellum-1993-corrected,VENETO 1,17,ARZERGRANDE,whole,,232,ARZERGRANDE,1.0
camera-mattarellum-1993-corrected,VENETO 1,17,BAGNOLI DI SOPRA,whole,,232,BAGNOLI DI SOPFRA,0.933
camera-mattarellum-1993-corrected,VENETO 1,17,BOARA PISANI,whole,,232,BOARA PISANI,1.0
camera-mattarellum-1993-corrected,VENETO 1,17,BOVOLENTA,whole,,232,BOVOLENTA,1.0
camera-mattarellum-1993-corrected,VENETO 1,17,BRUGINE,whole,,232,BRUGINE,1.0
camera-mattarellum-1993-corrected,VENETO 1,17,CANDIANA,whole,,232,CANDIANA,1.0
camera-mattarellum-1993-corrected,VENETO 1,17,CARTURA,whole,,232,CARTURA,1.0
camera-mattarellum-1993-corrected,VENETO 1,17,CODEVIGO,whole,,232,CODEVIGO,1.0
camera-mattarellum-1993-corrected,VENETO 1,17,CONSELVE,whole,,232,CONSELVE,1.0
camera-mattarellum-1993-corrected,VENETO 1,17,CORREZZOLA,whole,,232,CORREZZOLA,1.0
camera-mattarellum-1993-corrected,VENETO 1,17,LEGNARO,whole,,232,LEGNARO,1.0
camera-mattarellum-1993-corrected,VENETO 1,17,PIOVE DI SACCO,whole,,232,FIOVE DI SACCO,0.917
camera-mattarellum-1993-corrected,VENETO 1,17,POLVERARA,whole,,232,POL VERARA,1.0
camera-mattarellum-1993-corrected,VENETO 1,17,PONTELONGO,whole,,232,PONTELONGO,1.0
camera-mattarellum-1993-corrected,VENETO 1,17,SANT'ANGELO DI PIOVE DI SACCO,whole,,232,SANT'ANGELO DI PIOVE DI SACCO,1.0
camera-mattarellum-1993-corrected,VENETO 1,17,SAONARA,whole,,232,SAONARA,1.0
camera-mattarellum-1993-corrected,VENETO 1,17,TERRASSA PADOVANA,whole,,232,TERRASSA PADOVANA,1.0
camera-mattarellum-1993-corrected,VENETO 1,17,TRIBANO,whole,,232,TRIBANO,1.0
camera-mattarellum-1993-corrected,VENETO 1,18,ABANO TERME,whole,,232,ABANO TERME,1.0
camera-mattarellum-1993-corrected,VENETO 1,18,ALBIGNASEGO,whole,,232,ALBIGNASEGO,1.0
camera-mattarellum-1993-corrected,VENETO 1,18,ARQUA' PETRARCA,whole,,232,ARQUA* PETRARCA,1.0
camera-mattarellum-1993-corrected,VENETO 1,18,BATTAGLIA TERME,whole,,233,BATTAGLIA TERME,1.0
camera-mattarellum-1993-corrected,VENETO 1,18,CARRARA SAN GIORGIO,whole,,233,CARRARA SAN GIORGIO,1.0
camera-mattarellum-1993-corrected,VENETO 1,18,CARRARA SANTO STEFANO,whole,,233,CARRARA SANTO STEFANO,1.0
camera-mattarellum-1993-corrected,VENETO 1,18,CASALSERUGO,whole,,233,CASALSERUGO,1.0
camera-mattarellum-1993-corrected,VENETO 1,18,CERVARESE SANTA CROCE,whole,,233,CERVARESE SANTA CROCE,1.0
camera-mattarellum-1993-corrected,VENETO 1,18,CINTO EUGANEO,whole,,233,CINTO EUGANEO,1.0
camera-mattarellum-1993-corrected,VENETO 1,18,GALZIGNANO TERME,whole,,233,GALZIGNANO TERME,1.0
camera-mattarellum-1993-corrected,VENETO 1,18,LOZZO ATESTINO,whole,,233,LOZZO ATESTINO,1.0
camera-mattarellum-1993-corrected,VENETO 1,18,MASERA' DI PADOVA,whole,,233,"MASERA"" DI PADOVA",1.0
camera-mattarellum-1993-corrected,VENETO 1,18,MONTEGROTTO TERME,whole,,233,HONTEGROTTO TERME,1.0
camera-mattarellum-1993-corrected,VENETO 1,18,ROVOLON,whole,,233,ROvVOLON,0.875
camera-mattarellum-1993-corrected,VENETO 1,18,SACCOLONGO,whole,,233,SACCOLONGO,1.0
camera-mattarellum-1993-corrected,VENETO 1,18,TEOLO,whole,,233,TEOLO,1.0
camera-mattarellum-1993-corrected,VENETO 1,18,TORREGLIA,whole,,233,TORREGLIA,1.0
camera-mattarellum-1993-corrected,VENETO 1,19,CAMPODORO,whole,,233,CAMPODORO,1.0
camera-mattarellum-1993-corrected,VENETO 1,19,CAMPO SAN MARTINO,whole,,233,CAMPO SAN MARTINO,1.0
camera-mattarellum-1993-corrected,VENETO 1,19,CARMIGNANO DI BRENTA,whole,,233,CARMIGNANO DI BRENTA,1.0
camera-mattarellum-1993-corrected,VENETO 1,19,CITTADELLA,whole,,233,CITTADELLA,1.0
camera-mattarellum-1993-corrected,VENETO 1,19,CURTAROLO,whole,,233,CURTAROLO,1.0
camera-mattarellum-1993-corrected,VENETO 1,19,FONTANIVA,whole,,233,FONTANIVA,1.0
camera-mattarellum-1993-corrected,VENETO 1,19,GALLIERA VENETA,whole,,233,GALLIERA VENETA,1.0
camera-mattarellum-1993-corrected,VENETO 1,19,GAZZO,whole,,233,GAZZO,1.0
camera-mattarellum-1993-corrected,VENETO 1,19,GRANTORTO,whole,,233,GRANTORTO,1.0
camera-mattarellum-1993-corrected,VENETO 1,19,LIMENA,whole,,233,LIMENA,1.0
camera-mattarellum-1993-corrected,VENETO 1,19,MESTRINO,whole,,233,MESTRINO,1.0
camera-mattarellum-1993-corrected,VENETO 1,19,PIAZZOLA SUL BRENTA,whole,,233,PIAZZOLA SUL BRENTA,1.0
camera-mattarellum-1993-corrected,VENETO 1,19,SAN GIORGIO IN BOSCO,whole,,233,SAN GIURGIU IN BOSCO,0.882
camera-mattarellum-1993-corrected,VENETO 1,19,SAN MARTINO DI LUPARI,whole,,233,SAN MARTINO DI LUPARI,1.0
camera-mattarellum-1993-corrected,VENETO 1,19,SAN PIETRO IN GU,whole,,233,SAN PIETRO IN GU,1.0
camera-mattarellum-1993-corrected,VENETO 1,19,TOMBOLO,whole,,233,TUMBOLO,0.857
camera-mattarellum-1993-corrected,VENETO 1,19,VEGGIANO,whole,,233,VEGGIANU,0.875
camera-mattarellum-1993-corrected,VENETO 1,19,VILLAFRANCA PADOVANA,whole,,233,VILLAFRANCA PADOVANA,1.0
camera-mattarellum-1993-corrected,VENETO 1,20,BORGORICCO,whole,,233,BORGORICCO,1.0
camera-mattarellum-1993-corrected,VENETO 1,20,CADONEGHE,whole,,233,CADUONE GHE,0.9
camera-mattarellum-1993-corrected,VENETO 1,20,CAMPODARSEGO,whole,,233,CAMPODARSEGO,1.0
camera-mattarellum-1993-corrected,VENETO 1,20,CAMPOSAMPIERO,whole,,233,CAMPOSAMPIERO,1.0
camera-mattarellum-1993-corrected,VENETO 1,20,LOREGGIA,whole,,233,LOREGGIA,1.0
camera-mattarellum-1993-corrected,VENETO 1,20,MASSANZAGO,whole,,233,MASSANZAGO,1.0
camera-mattarellum-1993-corrected,VENETO 1,20,NOVENTA PADOVANA,whole,,233,NOVENTA PADOVANA,1.0
camera-mattarellum-1993-corrected,VENETO 1,20,PIOMBINO DESE,whole,,233,PIOMBINO DESE,1.0
camera-mattarellum-1993-corrected,VENETO 1,20,SAN GIORGIO DELLE PERTICHE,whole,,233,SAN SIORGIO DELLE PERTICHE,0.957
camera-mattarellum-1993-corrected,VENETO 1,20,SANTA GIUSTINA IN COLLE,whole,,233,SANTA GIUSTINA IN COLLE,1.0
camera-mattarellum-1993-corrected,VENETO 1,20,TREBASELEGHE,whole,,233,TREBASELEGHE,1.0
camera-mattarellum-1993-corrected,VENETO 1,20,VIGODARZERE,whole,,233,VIGODARZERE,1.0
camera-mattarellum-1993-corrected,VENETO 1,20,VIGONZA,whole,,233,VIGONZA,1.0
camera-mattarellum-1993-corrected,VENETO 1,20,VILLA DEL CONTE,whole,,233,VILLA DEL CONTE,1.0
camera-mattarellum-1993-corrected,VENETO 1,20,VILLANOVA DI CAMPOSAMPIERO,whole,,233,VILLANOVA DI CAMPOSAMPIERO,1.0
camera-mattarellum-1993-corrected,VENETO 1,21,BADIA POLESINE,whole,,233,BADIA POLESINE,1.0
camera-mattarellum-1993-corrected,VENETO 1,21,BAGNOLO DI PO,whole,,233,BAGNOLO DI PO,1.0
camera-mattarellum-1993-corrected,VENETO 1,21,CALTO,whole,,233,CAL TO,1.0
camera-mattarellum-1993-corrected,VENETO 1,21,CANDA,whole,,233,CANDA,1.0
camera-mattarellum-1993-corrected,VENETO 1,21,CASTELGUGLIELMO,whole,,233,CASTELGUGLIELMO,1.0
camera-mattarellum-1993-corrected,VENETO 1,21,CENESELLI,whole,,233,CENESELLI,1.0
camera-mattarellum-1993-corrected,VENETO 1,21,COSTA DI ROVIGO,whole,,233,COSTA DI RoOvIiIGO,0.812
camera-mattarellum-1993-corrected,VENETO 1,21,FICAROLO,whole,,233,FICAROLO,1.0
camera-mattarellum-1993-corrected,VENETO 1,21,FIESSO UMBERTIANO,whole,,233,FIESSO UMBERTIANO,1.0
camera-mattarellum-1993-corrected,VENETO 1,21,FRATTA POLESINE,whole,,233,FRATTA POLESINE,1.0
camera-mattarellum-1993-corrected,VENETO 1,21,GAIBA,whole,,233,GAITBA,0.833
camera-mattarellum-1993-corrected,VENETO 1,21,GIACCIANO CON BARUCHELLA,whole,,234,GIACCIANO CON BARUCHELLA,1.0
camera-mattarellum-1993-corrected,VENETO 1,21,LENDINARA,whole,,234,LENDINARA,1.0
camera-mattarellum-1993-corrected,VENETO 1,21,LUSIA,whole,,234,LUSIA,1.0
camera-mattarellum-1993-corrected,VENETO 1,21,PINCARA,whole,,234,PINCARA,1.0
camera-mattarellum-1993-corrected,VENETO 1,21,ROVIGO,whole,,234,ROVIGO,1.0
camera-mattarellum-1993-corrected,VENETO 1,21,SALARA,whole,,234,SALARA,1.0
camera-mattarellum-1993-corrected,VENETO 1,21,SAN BELLINO,whole,,234,SAN BELLINO,1.0
camera-mattarellum-1993-corrected,VENETO 1,21,STIENTA,whole,,234,STIENTA,1.0
camera-mattarellum-1993-corrected,VENETO 1,21,TRECENTA,whole,,234,TRECENTA,1.0
camera-mattarellum-1993-corrected,VENETO 1,21,VILLANOVA DEL GHEBBO,whole,,234,VILLANOVA BEL GHEBBO,0.944
camera-mattarellum-1993-corrected,VENETO 1,22,ADRIA,whole,,234,ADRIA,1.0
camera-mattarellum-1993-corrected,VENETO 1,22,ARIANO NEL POLESINE,whole,,234,ARIANO NEL POLESINE,1.0
camera-mattarellum-1993-corrected,VENETO 1,22,ARQUA' POLESINE,whole,,234,ARQUA' POLESINE,1.0
camera-mattarellum-1993-corrected,VENETO 1,22,BOSARO,whole,,234,BOSARO,1.0
camera-mattarellum-1993-corrected,VENETO 1,22,CANARO,whole,,234,CANARO,1.0
camera-mattarellum-1993-corrected,VENETO 1,22,CEREGNANO,whole,,234,CEREGNANO,1.0
camera-mattarellum-1993-corrected,VENETO 1,22,CONTARINA,whole,,234,CONTAR INA,1.0
camera-mattarellum-1993-corrected,VENETO 1,22,CORBOLA,whole,,234,CORBOLA,1.0
camera-mattarellum-1993-corrected,VENETO 1,22,CRESPINO,whole,,234,CRESPINO,1.0
camera-mattarellum-1993-corrected,VENETO 1,22,DONADA,whole,,234,DONADA,1.0
camera-mattarellum-1993-corrected,VENETO 1,22,FRASSINELLE POLESINE,whole,,234,FRASSINELLE POLESINE,1.0
camera-mattarellum-1993-corrected,VENETO 1,22,GAVELLO,whole,,234,GAVELLO,1.0
camera-mattarellum-1993-corrected,VENETO 1,22,GUARDA VENETA,whole,,234,GUARDA VENETA,1.0
camera-mattarellum-1993-corrected,VENETO 1,22,LOREO,whole,,234,LOREO,1.0
camera-mattarellum-1993-corrected,VENETO 1,22,OCCHIOBELLO,whole,,234,OCCHIOBELLO,1.0
camera-mattarellum-1993-corrected,VENETO 1,22,PAPOZZE,whole,,234,PAPOZZE,1.0
camera-mattarellum-1993-corrected,VENETO 1,22,PETTORAZZA GRIMANI,whole,,234,PETTORAZZA GRIMANI,1.0
camera-mattarellum-1993-corrected,VENETO 1,22,POLESELLA,whole,,234,POLESELLA,1.0
camera-mattarellum-1993-corrected,VENETO 1,22,PONTECCHIO POLESINE,whole,,234,PONTECCHIO POLESINE,1.0
camera-mattarellum-1993-corrected,VENETO 1,22,PORTO TOLLE,whole,,234,PORTO TOLLE,1.0
camera-mattarellum-1993-corrected,VENETO 1,22,ROSOLINA,whole,,234,ROSOL INA,1.0
camera-mattarellum-1993-corrected,VENETO 1,22,SAN MARTINO DI VENEZZE,whole,,234,SAN MARTINO Di VENEZZE,1.0
camera-mattarellum-1993-corrected,VENETO 1,22,TAGLIO DI PO,whole,,234,TAGLIO DI PO,1.0
camera-mattarellum-1993-corrected,VENETO 1,22,VILLADOSE,whole,,234,VILLADOSE,1.0
camera-mattarellum-1993-corrected,VENETO 1,22,VILLAMARZANA,whole,,234,VILLAMARZANA,1.0
camera-mattarellum-1993-corrected,VENETO 1,22,VILLANOVA MARCHESANA,whole,,234,VILLANOVA MARCHESANA,1.0
camera-mattarellum-1993-corrected,VENETO 2,1,VENEZIA,zone,QUART.1,235,{ VENEZIA-QUART.1 ),1.0
camera-mattarellum-1993-corrected,VENETO 2,1,VENEZIA,zone,QUART.2,235,{ VENEZIA-QUART.2 ),1.0
camera-mattarellum-1993-corrected,VENETO 2,1,VENEZIA,zone,QUART.3,235,CC VENEZIA-QUART.3 ),1.0
camera-mattarellum-1993-corrected,VENETO 2,1,VENEZIA,zone,QUART.4,235,{ VENEZIA-QUART.4 },1.0
camera-mattarellum-1993-corrected,VENETO 2,1,VENEZIA,zone,VENEZIA - QUART.5,235,{ VENEZIA - QUART.5 3,1.0
camera-mattarellum-1993-corrected,VENETO 2,1,VENEZIA,zone,QUART.&6,235,( VENEZIA-QUART.&6,1.0
camera-mattarellum-1993-corrected,VENETO 2,1,VENEZIA,zone,QUART.7,235,( VENEZIA-QUART.7 ì,1.0
camera-mattarellum-1993-corrected,VENETO 2,1,VENEZIA,zone,QUART.8,235,€ VENEZIA-QUART.8 ),1.0
camera-mattarellum-1993-corrected,VENETO 2,2,VENEZIA,zone,QUART.1G,235,{ VENEZIA-QUART.1G >},1.0
camera-mattarellum-1993-corrected,VENETO 2,2,VENEZIA,zone,QUART.11,235,{ VENEZIA-QUART.11 ),1.0
camera-mattarellum-1993-corrected,VENETO 2,2,VENEZIA,zone,QUART.12,235,( VENEZIA-QUART.12 3},1.0
camera-mattarellum-1993-corrected,VENETO 2,2,VENEZIA,zone,QUART.13,235,{ VENEZIA-QUART.13 ),1.0
camera-mattarellum-1993-corrected,VENETO 2,2,VENEZIA,zone,QUART.15,235,{ VENEZIA-QUART.15 )},1.0
camera-mattarellum-1993-corrected,VENETO 2,3,DOLO,whole,,235,DOLO,1.0
camera-mattarellum-1993-corrected,VENETO 2,3,MIRA,whole,,235,MIRA,1.0
camera-mattarellum-1993-corrected,VENETO 2,3,VENEZIA,zone,VENEZIA -QUART.14,235,{ VENEZIA -QUART.14 },1.0
camera-mattarellum-1993-corrected,VENETO 2,3,VENEZIA,zone,QUART.16,235,{ VENEZIA-QUART.16 >},1.0
camera-mattarellum-1993-corrected,VENETO 2,3,VENEZIA,zone,QUART.17,235,( VENEZIA-QUART.17 ),1.0
camera-mattarellum-1993-corrected,VENETO 2,3,VENEZIA,zone,QUART.18,235,( VENEZIA-QUART.18 2),1.0
camera-mattarellum-1993-corrected,VENETO 2,4,MARTELLAGO,whole,,235,MARTELLAGO,1.0
camera-mattarellum-1993-corrected,VENETO 2,4,MIRANO,whole,,235,HIRANO,1.0
camera-mattarellum-1993-corrected,VENETO 2,4,NOALE,whole,,235,NUOALE,0.833
camera-mattarellum-1993-corrected,VENETO 2,4,PIANIGA,whole,,235,PIANIGA,1.0
camera-mattarellum-1993-corrected,VENETO 2,4,SALZANO,whole,,235,SALZANO,1.0
camera-mattarellum-1993-corrected,VENETO 2,4,SANTA MARIA DI SALA,whole,,235,SANTA MARIA DI SALA,1.0
camera-mattarellum-1993-corrected,VENETO 2,4,SCORZE',whole,,235,SCORZE?,1.0
camera-mattarellum-1993-corrected,VENETO 2,4,SPINEA,whole,,235,SPINEA,1.0
camera-mattarellum-1993-corrected,VENETO 2,5,CAMPAGNA LUPIA,whole,,235,CAMPAGNA LUPIA,1.0
camera-mattarellum-1993-corrected,VENETO 2,5,CAMPOLONGO MAGGIORE,whole,,235,CAMPOLONGO MAGGIORE,1.0
camera-mattarellum-1993-corrected,VENETO 2,5,CAMPONOGARA,whole,,235,CAMPONOGARA,1.0
camera-mattarellum-1993-corrected,VENETO 2,5,CAVARZERE,whole,,235,CAVARZERE,1.0
camera-mattarellum-1993-corrected,VENETO 2,5,CHIOGGIA,whole,,235,CHIOGGIA,1.0
camera-mattarellum-1993-corrected,VENETO 2,5,CONA,whole,,235,CONA,1.0
camera-mattarellum-1993-corrected,VENETO 2,5,FIESSO D'ARTICO,whole,,235,FIESSO D'ARTICO,1.0
camera-mattarellum-1993-corrected,VENETO 2,5,STRA,whole,,235,STRA,1.0
camera-mattarellum-1993-corrected,VENETO 2,5,VIGONOVO,whole,,235,VIGONOVO,1.0
camera-mattarellum-1993-corrected,VENETO 2,6,FOSSALTA DI PIAVE,whole,,235,FOSSALTA DI PIAVE,1.0
camera-mattarellum-1993-corrected,VENETO 2,6,JESOLO,whole,,235,1ESOLO,0.833
camera-mattarellum-1993-corrected,VENETO 2,6,MARCON,whole,,235,MARCON,1.0
camera-mattarellum-1993-corrected,VENETO 2,6,MEOLO,whole,,235,HE OLO,1.0
camera-mattarellum-1993-corrected,VENETO 2,6,MUSILE DI PIAVE,whole,,235,HUSILE BI PIAVE,0.923
camera-mattarellum-1993-corrected,VENETO 2,6,NOVENTA DI PIAVE,whole,,235,NOVENTA DI PIAVE,1.0
camera-mattarellum-1993-corrected,VENETO 2,6,QUARTO D'ALTINO,whole,,235,QUARTO D'ALTINO,1.0
camera-mattarellum-1993-corrected,VENETO 2,6,SAN DONA' DI PIAVE,whole,,235,SAN DONA' DI PIAVE,1.0
camera-mattarellum-1993-corrected,VENETO 2,6,VENEZIA,whole,,235,VENEZIA,1.0
camera-mattarellum-1993-corrected,VENETO 2,7,ANNONE VENETO,whole,,236,ANNONE VENETO,1.0
camera-mattarellum-1993-corrected,VENETO 2,7,CAORLE,whole,,236,CAGRLE,0.833
camera-mattarellum-1993-corrected,VENETO 2,7,CEGGIA,whole,,236,CEGGIA,1.0
camera-mattarellum-1993-corrected,VENETO 2,7,CINTO CAOMAGGIORE,whole,,236,CINTO CAOMAGGIORE,1.0
camera-mattarellum-1993-corrected,VENETO 2,7,CONCORDIA SAGITTARIA,whole,,236,CONCORDIA SAGITTARIA,1.0
camera-mattarellum-1993-corrected,VENETO 2,7,ERACLEA,whole,,236,ERACLEA,1.0
camera-mattarellum-1993-corrected,VENETO 2,7,FOSSALTA DI PORTOGRUARO,whole,,236,FOSSALTA DI PORTOGRUARO,1.0
camera-mattarellum-1993-corrected,VENETO 2,7,GRUARO,whole,,236,GRUARO,1.0
camera-mattarellum-1993-corrected,VENETO 2,7,PORTOGRUARO,whole,,236,PORTOGRUARO,1.0
camera-mattarellum-1993-corrected,VENETO 2,7,PRAMAGGIORE,whole,,236,PRAMAGGIORE,1.0
camera-mattarellum-1993-corrected,VENETO 2,7,SAN MICHELE AL TAGLIAMENTO,whole,,236,SAN MICHELE AL TAGLIAMENTO,1.0
camera-mattarellum-1993-corrected,VENETO 2,7,SANTO STINO DI LIVENZA,whole,,236,SANTO STINO DI LIVENZA,1.0
camera-mattarellum-1993-corrected,VENETO 2,7,TEGLIO VENETO,whole,,236,TEGLIÒO VENETO,1.0
camera-mattarellum-1993-corrected,VENETO 2,7,TORRE DI MOSTO,whole,,236,TORRE DI MOSTO,1.0
camera-mattarellum-1993-corrected,VENETO 2,8,CASIER,whole,,236,CASIER,1.0
camera-mattarellum-1993-corrected,VENETO 2,8,MOGLIANO VENETO,whole,,236,MOGLIANO VENETO,1.0
camera-mattarellum-1993-corrected,VENETO 2,8,PREGANZIOL,whole,,236,PREGANZIOL,1.0
camera-mattarellum-1993-corrected,VENETO 2,8,TREVISO,whole,,236,TREVISO,1.0
camera-mattarellum-1993-corrected,VENETO 2,9,CAPPELLA MAGGIORE,whole,,236,CAPPELLA MAGGIORE,1.0
camera-mattarellum-1993-corrected,VENETO 2,9,CISON DI VALMARINO,whole,,236,CISON DI VALMARINO,1.0
camera-mattarellum-1993-corrected,VENETO 2,9,COLLE UMBERTO,whole,,236,COLLE UMBERTO,1.0
camera-mattarellum-1993-corrected,VENETO 2,9,CORDIGNANO,whole,,236,CORDIGNANO,1.0
camera-mattarellum-1993-corrected,VENETO 2,9,FARRA DI SOLIGO,whole,,236,FARRA Di SOLIGO,1.0
camera-mattarellum-1993-corrected,VENETO 2,9,FOLLINA,whole,,236,FOLLINA,1.0
camera-mattarellum-1993-corrected,VENETO 2,9,FREGONA,whole,,236,FRESONA,0.857
camera-mattarellum-1993-corrected,VENETO 2,9,MIANE,whole,,236,H1ANE,1.0
camera-mattarellum-1993-corrected,VENETO 2,9,MORIAGO DELLA BATTAGLIA,whole,,236,MURIAGO DELLA BATTAGLIA,0.952
camera-mattarellum-1993-corrected,VENETO 2,9,PIEVE DI SOLIGO,whole,,236,PIEVE DI SOLIGO,1.0
camera-mattarellum-1993-corrected,VENETO 2,9,REFRONTOLO,whole,,236,REFRONTOLO,1.0
camera-mattarellum-1993-corrected,VENETO 2,9,REVINE LAGO,whole,,236,REVINE LAGO,1.0
camera-mattarellum-1993-corrected,VENETO 2,9,SAN PIETRO DI FELETTO,whole,,236,SAN PIETRO DI FELETTO,1.0
camera-mattarellum-1993-corrected,VENETO 2,9,SARMEDE,whole,,236,SARMEDE,1.0
camera-mattarellum-1993-corrected,VENETO 2,9,SERNAGLIA DELLA BATTAGLIA,whole,,236,SERNAGLIA DELLA BATTAGLIA,1.0
camera-mattarellum-1993-corrected,VENETO 2,9,TARZO,whole,,236,TARZO,1.0
camera-mattarellum-1993-corrected,VENETO 2,9,VALDOBBIADENE,whole,,236,VALDOBBIADENE,1.0
camera-mattarellum-1993-corrected,VENETO 2,9,,whole,,236,VINNR,0.6
camera-mattarellum-1993-corrected,VENETO 2,9,VITTORIO VENETO,whole,,236,VITTORIO VENETO,1.0
camera-mattarellum-1993-corrected,VENETO 2,10,ALTIVOLE,whole,,236,ALTIVOLE,1.0
camera-mattarellum-1993-corrected,VENETO 2,10,CASTELFRANCO VENETO,whole,,236,CASTELFRANCO VENETO,1.0
camera-mattarellum-1993-corrected,VENETO 2,10,CASTELLO DI GODEGO,whole,,236,CASTELLO DI GUDEGO,0.938
camera-mattarellum-1993-corrected,VENETO 2,10,ISTRANA,whole,,236,ISTRANA,1.0
camera-mattarellum-1993-corrected,VENETO 2,10,LORIA,whole,,236,LORIA,1.0
camera-mattarellum-1993-corrected,VENETO 2,10,MORGANO,whole,,236,MORGANO,1.0
camera-mattarellum-1993-corrected,VENETO 2,10,PAESE,whole,,236,PAESE,1.0
camera-mattarellum-1993-corrected,VENETO 2,10,QUINTO DI TREVISO,whole,,236,QUINTO DI TREVISO,1.0
camera-mattarellum-1993-corrected,VENETO 2,10,RESANA,whole,,236,RESANA,1.0
camera-mattarellum-1993-corrected,VENETO 2,10,VEDELAGO,whole,,236,VE DELAGO,1.0
camera-mattarellum-1993-corrected,VENETO 2,10,ZERO BRANCO,whole,,236,ZERG BRANCO,0.9
camera-mattarellum-1993-corrected,VENETO 2,11,BREDA DI PIAVE,whole,,236,BREDA DI PIAVE,1.0
camera-mattarellum-1993-corrected,VENETO 2,11,CARBONERA,whole,,236,CARBONERA,1.0
camera-mattarellum-1993-corrected,VENETO 2,11,CASALE SUL SILE,whole,,236,CASALE SUL SILE,1.0
camera-mattarellum-1993-corrected,VENETO 2,11,CESSALTO,whole,,236,CESSALTO,1.0
camera-mattarellum-1993-corrected,VENETO 2,11,CHIARANO,whole,,236,CHiIARANO,0.889
camera-mattarellum-1993-corrected,VENETO 2,11,GORGO AL MONTICANO,whole,,236,GORGO AL MONTICANO,1.0
camera-mattarellum-1993-corrected,VENETO 2,11,MASERADA SUL PIAVE,whole,,236,MASERADA SUL PIAVE,1.0
camera-mattarellum-1993-corrected,VENETO 2,11,MEDUNA DI LIVENZA,whole,,236,MEODUNA DI LIVENZA,0.938
camera-mattarellum-1993-corrected,VENETO 2,11,MONASTIER DI TREVISO,whole,,237,MONASTIER DI TREVISO,1.0
camera-mattarellum-1993-corrected,VENETO 2,11,MOTTA DI LIVENZA,whole,,237,MOTTA DI LIVENZA,1.0
camera-mattarellum-1993-corrected,VENETO 2,11,ODERZO,whole,,237,QDERZO,0.833
camera-mattarellum-1993-corrected,VENETO 2,11,PONTE DI PIAVE,whole,,237,PONTE DI PIAVE,1.0
camera-mattarellum-1993-corrected,VENETO 2,11,RONCADE,whole,,237,RONCADE,1.0
camera-mattarellum-1993-corrected,VENETO 2,11,SALGAREDA,whole,,237,SALGARE DA,1.0
camera-mattarellum-1993-corrected,VENETO 2,11,SAN BIAGIO DI CALLALTA,whole,,237,SAN BIAGIO DI CALLALTA,1.0
camera-mattarellum-1993-corrected,VENETO 2,11,SILEA,whole,,237,SILEA,1.0
camera-mattarellum-1993-corrected,VENETO 2,11,VILLORBA,whole,,237,VILLORBA,1.0
camera-mattarellum-1993-corrected,VENETO 2,11,ZENSON DI PIAVE,whole,,237,ZENSON DI PIAVE,1.0
camera-mattarellum-1993-corrected,VENETO 2,12,CIMADOLMO,whole,,237,CIMADOL MO,1.0
camera-mattarellum-1993-corrected,VENETO 2,12,CODOGNE',whole,,237,CODOGNE *,1.0
camera-mattarellum-1993-corrected,VENETO 2,12,CONEGLIANO,whole,,237,CONEGL 1 ANO,1.0
camera-mattarellum-1993-corrected,VENETO 2,12,FONTANELLE,whole,,237,FONTANELLE,1.0
camera-mattarellum-1993-corrected,VENETO 2,12,GAIARINE,whole,,237,GAITAR INE,0.889
camera-mattarellum-1993-corrected,VENETO 2,12,GODEGA DI SANT'URBANO,whole,,237,GODEGA DI SANT'*URBANO,1.0
camera-mattarellum-1993-corrected,VENETO 2,12,MANSUE',whole,,237,HANSUE*,1.0
camera-mattarellum-1993-corrected,VENETO 2,12,MARENO DI PIAVE,whole,,237,MARENO DI PIAVE,1.0
camera-mattarellum-1993-corrected,VENETO 2,12,ORMELLE,whole,,237,ORMELLE,1.0
camera-mattarellum-1993-corrected,VENETO 2,12,ORSAGO,whole,,237,ORSAGO,1.0
camera-mattarellum-1993-corrected,VENETO 2,12,PORTOBUFFOLE',whole,,237,PORTOBUFFOLE’,1.0
camera-mattarellum-1993-corrected,VENETO 2,12,SAN FIOR,whole,,237,SAN FIGR,0.857
camera-mattarellum-1993-corrected,VENETO 2,12,SAN POLO DI PIAVE,whole,,237,SAN PAULO DI PIAVE,0.867
camera-mattarellum-1993-corrected,VENETO 2,12,SANTA LUCIA DI PIAVE,whole,,237,SANTA LUCIA DI PIAVE,1.0
camera-mattarellum-1993-corrected,VENETO 2,12,SAN VENDEMIANO,whole,,237,SAN VENDENMIANO,0.929
camera-mattarellum-1993-corrected,VENETO 2,12,SPRESIANO,whole,,237,SPRESIANO,1.0
camera-mattarellum-1993-corrected,VENETO 2,12,SUSEGANA,whole,,237,SUSEGANA,1.0
camera-mattarellum-1993-corrected,VENETO 2,12,VAZZOLA,whole,,237,VAZZOLA,1.0
camera-mattarellum-1993-corrected,VENETO 2,13,AURONZO DI CADORE,whole,,237,AURUNZO DI CADORE,0.933
camera-mattarellum-1993-corrected,VENETO 2,13,BELLUNO,whole,,237,BELLUNO,1.0
camera-mattarellum-1993-corrected,VENETO 2,13,BORCA DI CADORE,whole,,237,BORCA DI CADORE,1.0
camera-mattarellum-1993-corrected,VENETO 2,13,CALALZO DI CADORE,whole,,237,CALALZO DI CADORE,1.0
camera-mattarellum-1993-corrected,VENETO 2,13,CASTELLAVAZZO,whole,,237,CASTELLO LAVAZZO,0.867
camera-mattarellum-1993-corrected,VENETO 2,13,CHIES D'ALPAGO,whole,,237,CHIES D'ALPAGO,1.0
camera-mattarellum-1993-corrected,VENETO 2,13,CIBIANA DI CADORE,whole,,237,CIBIANA DI CADORE,1.0
camera-mattarellum-1993-corrected,VENETO 2,13,COLLE SANTA LUCIA,whole,,237,COLLE SANTA LUCIA,1.0
camera-mattarellum-1993-corrected,VENETO 2,13,COMELICO SUPERIORE,whole,,237,COMELICO SUPERIORE,1.0
camera-mattarellum-1993-corrected,VENETO 2,13,CORTINA D'AMPEZZO,whole,,237,CORTINA D'AMPEZZO,1.0
camera-mattarellum-1993-corrected,VENETO 2,13,DANTA DI CADORE,whole,,237,DANTA DI CADORE,1.0
camera-mattarellum-1993-corrected,VENETO 2,13,DOMEGGE DI CADORE,whole,,237,DOMEGGE DI CADORE,1.0
camera-mattarellum-1993-corrected,VENETO 2,13,FARRA D'ALPAGO,whole,,237,FARRA D'ALPAGO,1.0
camera-mattarellum-1993-corrected,VENETO 2,13,FORNO DI ZOLDO,whole,,237,FORNO DI ZOLDO,1.0
camera-mattarellum-1993-corrected,VENETO 2,13,LIVINALLONGO DEL COL DI LANA,whole,,237,LIVINALLONGO BEL COL DI LANA,0.958
camera-mattarellum-1993-corrected,VENETO 2,13,LONGARONE,whole,,237,LONGARONE,1.0
camera-mattarellum-1993-corrected,VENETO 2,13,LORENZAGO DI CADORE,whole,,237,LORENZAGO DI CADORE,1.0
camera-mattarellum-1993-corrected,VENETO 2,13,LOZZO DI CADORE,whole,,237,LOZZO DI CADORE,1.0
camera-mattarellum-1993-corrected,VENETO 2,13,OSPITALE DI CADORE,whole,,237,OSPITALE DI CADORE,1.0
camera-mattarellum-1993-corrected,VENETO 2,13,PERAROLO DI CADORE,whole,,237,PERAROLO DI CADORE,1.0
camera-mattarellum-1993-corrected,VENETO 2,13,PIEVE D'ALPAGO,whole,,237,PIEVE D'ALPAGO,1.0
camera-mattarellum-1993-corrected,VENETO 2,13,PIEVE DI CADORE,whole,,237,PIEVE DI CADORE,1.0
camera-mattarellum-1993-corrected,VENETO 2,13,PONTE NELLE ALPI,whole,,237,PONTE NELLE ALPI,1.0
camera-mattarellum-1993-corrected,VENETO 2,13,PUOS D'ALPAGO,whole,,237,PUOS D*'ALPAGO,1.0
camera-mattarellum-1993-corrected,VENETO 2,13,SAN NICOLO' DI COMELICO,whole,,237,"SAN NICOLO"" DI COMELICO",1.0
camera-mattarellum-1993-corrected,VENETO 2,13,SAN PIETRO DI CADORE,whole,,237,SAN PIETRO DI CADORE,1.0
camera-mattarellum-1993-corrected,VENETO 2,13,SANTO STEFANO DI CADORE,whole,,237,SANTO STEFANO DI CADORE,1.0
camera-mattarellum-1993-corrected,VENETO 2,13,SAN VITO DI CADORE,whole,,237,SAN VITO DI CADORE,1.0
camera-mattarellum-1993-corrected,VENETO 2,13,SAPPADA,whole,,237,SAPPADA,1.0
camera-mattarellum-1993-corrected,VENETO 2,13,SOVERZENE,whole,,237,SOVERZENE,1.0
camera-mattarellum-1993-corrected,VENETO 2,13,TAMBRE,whole,,237,TAMBRE,1.0
camera-mattarellum-1993-corrected,VENETO 2,13,VALLE DI CADORE,whole,,237,VALLE DI CADORE,1.0
camera-mattarellum-1993-corrected,VENETO 2,13,VIGO DI CADORE,whole,,237,VIGO DI CADORE,1.0
camera-mattarellum-1993-corrected,VENETO 2,13,VODO CADORE,whole,,237,VODO CABOGRE,0.818
camera-mattarellum-1993-corrected,VENETO 2,13,ZOLDO ALTO,whole,,237,ZOLDO ALTO,1.0
camera-mattarellum-1993-corrected,VENETO 2,13,ZOPPE' DI CADORE,whole,,237,ZOPPE'’ DI CADORE,1.0
camera-mattarellum-1993-corrected,VENETO 2,14,AGORDO,whole,,238,AGORDO,1.0
camera-mattarellum-1993-corrected,VENETO 2,14,ALANO DI PIAVE,whole,,238,ALANO DI PIAVE,1.0
camera-mattarellum-1993-corrected,VENETO 2,14,ALLEGHE,whole,,238,ALLEGHE,1.0
camera-mattarellum-1993-corrected,VENETO 2,14,ARSIE',whole,,238,"ARSIE""'",1.0
camera-mattarellum-1993-corrected,VENETO 2,14,CENCENIGHE AGORDINO,whole,,238,CENCENTIGHE AGORDINO,0.947
camera-mattarellum-1993-corrected,VENETO 2,14,CESIOMAGGIORE,whole,,238,CESITOMAGGIORE,0.929
camera-mattarellum-1993-corrected,VENETO 2,14,FALCADE,whole,,238,FALCADE,1.0
camera-mattarellum-1993-corrected,VENETO 2,14,FELTRE,whole,,238,FELTRE,1.0
camera-mattarellum-1993-corrected,VENETO 2,14,FONZASO,whole,,238,FONZASO,1.0
camera-mattarellum-1993-corrected,VENETO 2,14,CANALE D'AGORDO,whole,,238,CANALE D'AGORDO,1.0
camera-mattarellum-1993-corrected,VENETO 2,14,GOSALDO,whole,,238,GOSAL DO,1.0
camera-mattarellum-1993-corrected,VENETO 2,14,LAMON,whole,,238,LAMON,1.0
camera-mattarellum-1993-corrected,VENETO 2,14,LA VALLE AGORDINA,whole,,238,LA VALLE AGORDINA,1.0
camera-mattarellum-1993-corrected,VENETO 2,14,LENTIAI,whole,,238,LENTIAI,1.0
camera-mattarellum-1993-corrected,VENETO 2,14,LIMANA,whole,,238,LIMANA,1.0
camera-mattarellum-1993-corrected,VENETO 2,14,MEL,whole,,238,MEL,1.0
camera-mattarellum-1993-corrected,VENETO 2,14,PEDAVENA,whole,,238,PEDAVENA,1.0
camera-mattarellum-1993-corrected,VENETO 2,14,QUERO,whole,,238,QUERO,1.0
camera-mattarellum-1993-corrected,VENETO 2,14,RIVAMONTE AGORDINO,whole,,238,RIVANONTE AGORDINO,0.941
camera-mattarellum-1993-corrected,VENETO 2,14,ROCCA PIETORE,whole,,238,ROCCA PIETORE,1.0
camera-mattarellum-1993-corrected,VENETO 2,14,SAN GREGORIO NELLE ALPI,whole,,238,SAN GREGORIO NELLE ALPI,1.0
camera-mattarellum-1993-corrected,VENETO 2,14,SANTA GIUSTINA,whole,,238,SANTA GIUSTINA,1.0
camera-mattarellum-1993-corrected,VENETO 2,14,SAN TOMASO AGORDINO,whole,,238,SAN TOMASO AGORDINO,1.0
camera-mattarellum-1993-corrected,VENETO 2,14,SEDICO,whole,,238,SEDICO,1.0
camera-mattarellum-1993-corrected,VENETO 2,14,SELVA DI CADORE,whole,,238,SELVA DI CANORE,0.923
camera-mattarellum-1993-corrected,VENETO 2,14,SEREN DEL GRAPPA,whole,,238,SEREN DEL GRAPPA,1.0
camera-mattarellum-1993-corrected,VENETO 2,14,SOSPIROLO,whole,,238,SOSPIROLO,1.0
camera-mattarellum-1993-corrected,VENETO 2,14,SOVRAMONTE,whole,,238,SOVRAMUNTE,0.9
camera-mattarellum-1993-corrected,VENETO 2,14,TAIBON AGORDINO,whole,,238,TAIBON AGORDINO,1.0
camera-mattarellum-1993-corrected,VENETO 2,14,TRICHIANA,whole,,238,TRICHIANA,1.0
camera-mattarellum-1993-corrected,VENETO 2,14,VALLADA AGORDINA,whole,,238,VALLADA AGORDINA,1.0
camera-mattarellum-1993-corrected,VENETO 2,14,VAS,whole,,238,VAS,1.0
camera-mattarellum-1993-corrected,VENETO 2,14,VOLTAGO AGORDINO,whole,,238,VOLTAGO AGORDINO,1.0
camera-mattarellum-1993-corrected,VENETO 2,14,SEGUSINO,whole,,238,SESUSINO,0.875
camera-mattarellum-1993-corrected,VENETO 2,15,ARCADE,whole,,238,ARCADE,1.0
camera-mattarellum-1993-corrected,VENETO 2,15,ASOLO,whole,,238,ASOLO,1.0
camera-mattarellum-1993-corrected,VENETO 2,15,BORSO DEL GRAPPA,whole,,238,BORSO DEL GRAPPA,1.0
camera-mattarellum-1993-corrected,VENETO 2,15,CAERANO DI SAN MARCO,whole,,238,CAERANO DI SAN MARCO,1.0
camera-mattarellum-1993-corrected,VENETO 2,15,CASTELCUCCO,whole,,238,CASTEL CUCCO,1.0
camera-mattarellum-1993-corrected,VENETO 2,15,CAVASO DEL TOMBA,whole,,238,CAVASO DEL FOMBA,0.929
camera-mattarellum-1993-corrected,VENETO 2,15,CORNUDA,whole,,238,CORNUDA,1.0
camera-mattarellum-1993-corrected,VENETO 2,15,CRESPANO DEL GRAPPA,whole,,238,CRESPANO DEL GRAPPA,1.0
camera-mattarellum-1993-corrected,VENETO 2,15,CROCETTA DEL MONTELLO,whole,,238,CROCETTA DEL MONTELLO,1.0
camera-mattarellum-1993-corrected,VENETO 2,15,FONTE,whole,,238,FONTE,1.0
camera-mattarellum-1993-corrected,VENETO 2,15,GIAVERA DEL MONTELLO,whole,,238,GIAVERA DEL MONTELLO,1.0
camera-mattarellum-1993-corrected,VENETO 2,15,MASER,whole,,238,HASER,1.0
camera-mattarellum-1993-corrected,VENETO 2,15,MONFUMO,whole,,238,HMONFUMO,0.875
camera-mattarellum-1993-corrected,VENETO 2,15,MONTEBELLUNA,whole,,238,MONTEBELLUNA,1.0
camera-mattarellum-1993-corrected,VENETO 2,15,NERVESA DELLA BATTAGLIA,whole,,238,NERVESA DELLA BATTAGLIA,1.0
camera-mattarellum-1993-corrected,VENETO 2,15,PADERNO DEL GRAPPA,whole,,238,PADERNO DEL GRAPPA,1.0
camera-mattarellum-1993-corrected,VENETO 2,15,PEDEROBBA,whole,,238,PEDEROBBA,1.0
camera-mattarellum-1993-corrected,VENETO 2,15,PONZANO VENETO,whole,,238,PONZANO VENETO,1.0
camera-mattarellum-1993-corrected,VENETO 2,15,POSSAGNO,whole,,238,POSSAGNO,1.0
camera-mattarellum-1993-corrected,VENETO 2,15,POVEGLIANO,whole,,238,POVEGL Î ANO,0.9
camera-mattarellum-1993-corrected,VENETO 2,15,SAN ZENONE DEGLI EZZELINI,whole,,238,SAN ZENONE DEGLI EZZELEINI,0.957
camera-mattarellum-1993-corrected,VENETO 2,15,TREVIGNANO,whole,,238,TREVIGNANO,1.0
camera-mattarellum-1993-corrected,VENETO 2,15,VOLPAGO DEL MONTELLO,whole,,238,VOLPAGO DEL MONTELLO,1.0
camera-mattarellum-1993-corrected,FRIULI VENEZIA GIULIA,1,TRIESTE,zone,CIRC.4,239,( TRIESTE-CIRC.4 ),1.0
camera-mattarellum-1993-corrected,FRIULI VENEZIA GIULIA,1,TRIESTE,zone,CIRC.5,239,€ TRIESTE-CIRC.5 ),1.0
camera-mattarellum-1993-corrected,FRIULI VENEZIA GIULIA,1,TRIESTE,zone,CIRC.6,239,{ TRIESTE-CIRC.6 },1.0
camera-mattarellum-1993-corrected,FRIULI VENEZIA GIULIA,1,TRIESTE,zone,CIRC.7,239,{ TRIESTE-CIRC.7 ),1.0
camera-mattarellum-1993-corrected,FRIULI VENEZIA GIULIA,1,TRIESTE,zone,CIRC.9,239,{ TRIESTE-CIRC.9 ),1.0
camera-mattarellum-1993-corrected,FRIULI VENEZIA GIULIA,1,TRIESTE,zone,CIRC.10,239,{( TRIESTE-CIRC.10 ),1.0
camera-mattarellum-1993-corrected,FRIULI VENEZIA GIULIA,2,DUINO AURISINA,whole,,239,DU IND-AURISINA,0.923
camera-mattarellum-1993-corrected,FRIULI VENEZIA GIULIA,2,MONRUPINO,whole,,239,MHONRUPINO,0.9
camera-mattarellum-1993-corrected,FRIULI VENEZIA GIULIA,2,MUGGIA,whole,,239,MUGGIA,1.0
camera-mattarellum-1993-corrected,FRIULI VENEZIA GIULIA,2,SAN DORLIGO DELLA VALLE,whole,,239,SAN DORLIGO DELLA VALLE,1.0
camera-mattarellum-1993-corrected,FRIULI VENEZIA GIULIA,2,SGONICO,whole,,239,SGONICO,1.0
camera-mattarellum-1993-corrected,FRIULI VENEZIA GIULIA,2,TRIESTE,zone,CIRC.1,239,{ TRIESTE-CIRC.1 },1.0
camera-mattarellum-1993-corrected,FRIULI VENEZIA GIULIA,2,,whole,,239,{ FRIESTE-CIRC.2,0.545
camera-mattarellum-1993-corrected,FRIULI VENEZIA GIULIA,2,TRIESTE,zone,CIRC.3,239,( TRIESTE-CIRC.3 ),1.0
camera-mattarellum-1993-corrected,FRIULI VENEZIA GIULIA,2,TRIESTE,zone,CIRC.8,239,{ TRIESTE-CIRC.8 ),1.0
camera-mattarellum-1993-corrected,FRIULI VENEZIA GIULIA,2,TRIESTE,zone,CIRC.12,239,{ TRIESTE-CIRC.12 },1.0
camera-mattarellum-1993-corrected,FRIULI VENEZIA GIULIA,2,TRIESTE,zone,CIRC.l12,239,{ TRIESTE-CIRC.l12,1.0
camera-mattarellum-1993-corrected,FRIULI VENEZIA GIULIA,3,CAPRIVA DEL FRIULI,whole,,239,CAPRIVA DEL FRIULI,1.0
camera-mattarellum-1993-corrected,FRIULI VENEZIA GIULIA,3,CORMONS,whole,,239,CORMONS,1.0
camera-mattarellum-1993-corrected,FRIULI VENEZIA GIULIA,3,DOBERDO' DEL LAGO,whole,,239,DOBERDO* DEL LAGO,1.0
camera-mattarellum-1993-corrected,FRIULI VENEZIA GIULIA,3,DOLEGNA DEL COLLIO,whole,,239,DOLEGNA DEL COLLI1G,0.882
camera-mattarellum-1993-corrected,FRIULI VENEZIA GIULIA,3,FARRA D'ISONZO,whole,,239,FARRA D'ISONZO,1.0
camera-mattarellum-1993-corrected,FRIULI VENEZIA GIULIA,3,FOGLIANO REDIPUGLIA,whole,,239,FOGLIANO REDIPUGLIA,1.0
camera-mattarellum-1993-corrected,FRIULI VENEZIA GIULIA,3,GORIZIA,whole,,239,GORIZIA,1.0
camera-mattarellum-1993-corrected,FRIULI VENEZIA GIULIA,3,GRADISCA D'ISONZO,whole,,239,GRADISCA D'’ISONZO,1.0
camera-mattarellum-1993-corrected,FRIULI VENEZIA GIULIA,3,MARIANO DEL FRIULI,whole,,239,MARIANO DEL FRIULI,1.0
camera-mattarellum-1993-corrected,FRIULI VENEZIA GIULIA,3,MEDEA,whole,,239,MEDEA,1.0
camera-mattarellum-1993-corrected,FRIULI VENEZIA GIULIA,3,MONFALCONE,whole,,239,HMONF AL CONE,0.909
camera-mattarellum-1993-corrected,FRIULI VENEZIA GIULIA,3,MORARO,whole,,239,HORARO,1.0
camera-mattarellum-1993-corrected,FRIULI VENEZIA GIULIA,3,MOSSA,whole,,239,MOSSA,1.0
camera-mattarellum-1993-corrected,FRIULI VENEZIA GIULIA,3,ROMANS D'ISONZO,whole,,239,ROMANS D'ISONZO,1.0
camera-mattarellum-1993-corrected,FRIULI VENEZIA GIULIA,3,RONCHI DEI LEGIONARI,whole,,239,RONCHI DEI LEGIONARI,1.0
camera-mattarellum-1993-corrected,FRIULI VENEZIA GIULIA,3,SAGRADO,whole,,239,SAGRADPO,0.875
camera-mattarellum-1993-corrected,FRIULI VENEZIA GIULIA,3,SAN CANZIAN D'ISONZO,whole,,239,SAN CANZIAN D'ISONZO,1.0
camera-mattarellum-1993-corrected,FRIULI VENEZIA GIULIA,3,SAN FLORIANO DEL COLLIO,whole,,239,SAN FLORIANO DEL COLLIO,1.0
camera-mattarellum-1993-corrected,FRIULI VENEZIA GIULIA,3,SAN LORENZO ISONTINO,whole,,239,SAN LORENZO ISONTINO,1.0
camera-mattarellum-1993-corrected,FRIULI VENEZIA GIULIA,3,SAN PIER D'ISONZO,whole,,239,SAN PIER D’ISONZO,1.0
camera-mattarellum-1993-corrected,FRIULI VENEZIA GIULIA,3,SAVOGNA D'ISONZO,whole,,239,SAVOGNA D'’ISONZO,1.0
camera-mattarellum-1993-corrected,FRIULI VENEZIA GIULIA,3,STARANZANO,whole,,239,STARANZANO,1.0
camera-mattarellum-1993-corrected,FRIULI VENEZIA GIULIA,3,TURRIACO,whole,,239,TURRIACO,1.0
camera-mattarellum-1993-corrected,FRIULI VENEZIA GIULIA,3,VILLESSE,whole,,239,VILLESSE,1.0
camera-mattarellum-1993-corrected,FRIULI VENEZIA GIULIA,4,AIELLO DEL FRIULI,whole,,239,AIELLO DEL FRIULI,1.0
camera-mattarellum-1993-corrected,FRIULI VENEZIA GIULIA,4,AQUILEIA,whole,,239,AQUILETA,0.875
camera-mattarellum-1993-corrected,FRIULI VENEZIA GIULIA,4,BAGNARIA ARSA,whole,,239,BAGNARIA ARSA,1.0
camera-mattarellum-1993-corrected,FRIULI VENEZIA GIULIA,4,BICINICCO,whole,,239,BiIcCINICCO,0.818
camera-mattarellum-1993-corrected,FRIULI VENEZIA GIULIA,4,CAMPOLONGO AL TORRE,whole,,239,CAMPOLONGO AL TORRE,1.0
camera-mattarellum-1993-corrected,FRIULI VENEZIA GIULIA,4,CARLINO,whole,,239,CARLINO,1.0
camera-mattarellum-1993-corrected,FRIULI VENEZIA GIULIA,4,CERVIGNANO DEL FRIULI,whole,,239,CERVIGNANO DEL FRIULI,1.0
camera-mattarellum-1993-corrected,FRIULI VENEZIA GIULIA,4,CHIOPRIS-VISCONE,whole,,239,CHIOPRIS-VISCONE,1.0
camera-mattarellum-1993-corrected,FRIULI VENEZIA GIULIA,4,FIUMICELLO,whole,,239,FIUMICELLO,1.0
camera-mattarellum-1993-corrected,FRIULI VENEZIA GIULIA,4,GONARS,whole,,239,GONARS,1.0
camera-mattarellum-1993-corrected,FRIULI VENEZIA GIULIA,4,LATISANA,whole,,239,LATISANA,1.0
camera-mattarellum-1993-corrected,FRIULI VENEZIA GIULIA,4,LIGNANO SABBIADORO,whole,,240,LIGNANO SABBIADORO,1.0
camera-mattarellum-1993-corrected,FRIULI VENEZIA GIULIA,4,MARANO LAGUNARE,whole,,240,HARANO LAGUNARE,1.0
camera-mattarellum-1993-corrected,FRIULI VENEZIA GIULIA,4,MUZZANA DEL TURGNANO,whole,,240,HUZZANA DEL TURGNANO,1.0
camera-mattarellum-1993-corrected,FRIULI VENEZIA GIULIA,4,PALAZZOLO DELLO STELLA,whole,,240,PALAZZOLO DELLO STELLA,1.0
camera-mattarellum-1993-corrected,FRIULI VENEZIA GIULIA,4,PALMANOVA,whole,,240,PALMANOVA,1.0
camera-mattarellum-1993-corrected,FRIULI VENEZIA GIULIA,4,POCENIA,whole,,240,POCENIA,1.0
camera-mattarellum-1993-corrected,FRIULI VENEZIA GIULIA,4,PORPETTO,whole,,240,PORPETTO,1.0
camera-mattarellum-1993-corrected,FRIULI VENEZIA GIULIA,4,PRECENICCO,whole,,240,PRECENITCCO,0.909
camera-mattarellum-1993-corrected,FRIULI VENEZIA GIULIA,4,RIVIGNANO,whole,,240,RIVIGNANO,1.0
camera-mattarellum-1993-corrected,FRIULI VENEZIA GIULIA,4,RONCHIS,whole,,240,RONCHIS,1.0
camera-mattarellum-1993-corrected,FRIULI VENEZIA GIULIA,4,RUDA,whole,,240,RUDA,1.0
camera-mattarellum-1993-corrected,FRIULI VENEZIA GIULIA,4,SAN GIORGIO DI NOGARO,whole,,240,SAN GIORGIO DI NOGARO,1.0
camera-mattarellum-1993-corrected,FRIULI VENEZIA GIULIA,4,SANTA MARIA LA LONGA,whole,,240,SANTA MARIA LA LONGA,1.0
camera-mattarellum-1993-corrected,FRIULI VENEZIA GIULIA,4,SAN VITO AL TORRE,whole,,240,SAN VITO AL TORRE,1.0
camera-mattarellum-1993-corrected,FRIULI VENEZIA GIULIA,4,TAPOGLIANO,whole,,240,TAPOGL TANO,0.9
camera-mattarellum-1993-corrected,FRIULI VENEZIA GIULIA,4,TEOR,whole,,240,TEOR,1.0
camera-mattarellum-1993-corrected,FRIULI VENEZIA GIULIA,4,TERZO D'AQUILEIA,whole,,240,TERZO D'AQUILETA,0.929
camera-mattarellum-1993-corrected,FRIULI VENEZIA GIULIA,4,TORVISCOSA,whole,,240,TORVISCOSA,1.0
camera-mattarellum-1993-corrected,FRIULI VENEZIA GIULIA,4,TRIVIGNANO UDINESE,whole,,240,TRIVIGNANO UOINESE,0.941
camera-mattarellum-1993-corrected,FRIULI VENEZIA GIULIA,4,VILLA VICENTINA,whole,,240,VILLA VICENTINA,1.0
camera-mattarellum-1993-corrected,FRIULI VENEZIA GIULIA,4,GRADO,whole,,240,GRADO,1.0
camera-mattarellum-1993-corrected,FRIULI VENEZIA GIULIA,5,TAVAGNACCO,whole,,240,TAVAGNACCO,1.0
camera-mattarellum-1993-corrected,FRIULI VENEZIA GIULIA,5,UDINE,whole,,240,UDINE,1.0
camera-mattarellum-1993-corrected,FRIULI VENEZIA GIULIA,6,AMARO,whole,,240,AMARO,1.0
camera-mattarellum-1993-corrected,FRIULI VENEZIA GIULIA,6,AMPEZZO,whole,,240,AMPEZZO,1.0
camera-mattarellum-1993-corrected,FRIULI VENEZIA GIULIA,6,ARTA TERME,whole,,240,ARTA TERME,1.0
camera-mattarellum-1993-corrected,FRIULI VENEZIA GIULIA,6,ARTEGNA,whole,,240,ARTEGNA,1.0
camera-mattarellum-1993-corrected,FRIULI VENEZIA GIULIA,6,BORDANO,whole,,240,BOR DANO,1.0
camera-mattarellum-1993-corrected,FRIULI VENEZIA GIULIA,6,BUIA,whole,,240,BUIA,1.0
camera-mattarellum-1993-corrected,FRIULI VENEZIA GIULIA,6,CAVAZZO CARNICO,whole,,240,CAVAZZO CARNICO,1.0
camera-mattarellum-1993-corrected,FRIULI VENEZIA GIULIA,6,CERCIVENTO,whole,,240,CERCIVENTO,1.0
camera-mattarellum-1993-corrected,FRIULI VENEZIA GIULIA,6,CHIUSAFORTE,whole,,240,CHIUSAFORTE,1.0
camera-mattarellum-1993-corrected,FRIULI VENEZIA GIULIA,6,COMEGLIANS,whole,,240,CUONMEGL TANS,0.75
camera-mattarellum-1993-corrected,FRIULI VENEZIA GIULIA,6,DOGNA,whole,,240,DOGNA,1.0
camera-mattarellum-1993-corrected,FRIULI VENEZIA GIULIA,6,ENEMONZO,whole,,240,ENEMONZO,1.0
camera-mattarellum-1993-corrected,FRIULI VENEZIA GIULIA,6,FORNI AVOLTRI,whole,,240,FORNI AVOLTRI,1.0
camera-mattarellum-1993-corrected,FRIULI VENEZIA GIULIA,6,FORNI DI SOPRA,whole,,240,FORNI DI SOPRA,1.0
camera-mattarellum-1993-corrected,FRIULI VENEZIA GIULIA,6,FORNI DI SOTTO,whole,,240,FORNI DI SOTTO,1.0
camera-mattarellum-1993-corrected,FRIULI VENEZIA GIULIA,6,GEMONA DEL FRIULI,whole,,240,GEMONA DEL FRiULÌ,0.933
camera-mattarellum-1993-corrected,FRIULI VENEZIA GIULIA,6,LAUCO,whole,,240,LAUCO,1.0
camera-mattarellum-1993-corrected,FRIULI VENEZIA GIULIA,6,LIGOSULLO,whole,,240,LIGOSULLO,1.0
camera-mattarellum-1993-corrected,FRIULI VENEZIA GIULIA,6,MALBORGHETTO VALBRUNA,whole,,240,HALBORGHETTO VALBRUNA,1.0
camera-mattarellum-1993-corrected,FRIULI VENEZIA GIULIA,6,MOGGIO UDINESE,whole,,240,MOGGIO UDINESE,1.0
camera-mattarellum-1993-corrected,FRIULI VENEZIA GIULIA,6,MONTENARS,whole,,240,MONTENARS,1.0
camera-mattarellum-1993-corrected,FRIULI VENEZIA GIULIA,6,,whole,,240,0sSBPPFOA,0.556
camera-mattarellum-1993-corrected,FRIULI VENEZIA GIULIA,6,OVARO,whole,,240,OVARO,1.0
camera-mattarellum-1993-corrected,FRIULI VENEZIA GIULIA,6,PALUZZA,whole,,240,PALUZZA,1.0
camera-mattarellum-1993-corrected,FRIULI VENEZIA GIULIA,6,PAULARO,whole,,240,PAULARO,1.0
camera-mattarellum-1993-corrected,FRIULI VENEZIA GIULIA,6,PONTEBBA,whole,,240,PONTEBBA,1.0
camera-mattarellum-1993-corrected,FRIULI VENEZIA GIULIA,6,PRATO CARNICO,whole,,240,PRATO CARNICO,1.0
camera-mattarellum-1993-corrected,FRIULI VENEZIA GIULIA,6,PREONE,whole,,240,PREOGNE,0.857
camera-mattarellum-1993-corrected,FRIULI VENEZIA GIULIA,6,RAVASCLETTO,whole,,240,RAVASCLETTO,1.0
camera-mattarellum-1993-corrected,FRIULI VENEZIA GIULIA,6,RAVEO,whole,,240,RAVEO,1.0
camera-mattarellum-1993-corrected,FRIULI VENEZIA GIULIA,6,RESIA,whole,,240,RESIA,1.0
camera-mattarellum-1993-corrected,FRIULI VENEZIA GIULIA,6,RESIUTTA,whole,,240,RESIUTTA,1.0
camera-mattarellum-1993-corrected,FRIULI VENEZIA GIULIA,6,RIGOLATO,whole,,240,RIGOLATO,1.0
camera-mattarellum-1993-corrected,FRIULI VENEZIA GIULIA,6,SAURIS,whole,,240,SAURI1S,0.857
camera-mattarellum-1993-corrected,FRIULI VENEZIA GIULIA,6,SOCCHIEVE,whole,,240,SOCCHIEVE,1.0
camera-mattarellum-1993-corrected,FRIULI VENEZIA GIULIA,6,SUTRIO,whole,,240,SUTRIO,1.0
camera-mattarellum-1993-corrected,FRIULI VENEZIA GIULIA,6,TARVISIO,whole,,240,TARVISIO,1.0
camera-mattarellum-1993-corrected,FRIULI VENEZIA GIULIA,6,TOLMEZZO,whole,,240,TOLMEZZO,1.0
camera-mattarellum-1993-corrected,FRIULI VENEZIA GIULIA,6,TRASAGHIS,whole,,240,TRASAGHIS,1.0
camera-mattarellum-1993-corrected,FRIULI VENEZIA GIULIA,6,TREPPO CARNICO,whole,,241,TREPPO CARNICO,1.0
camera-mattarellum-1993-corrected,FRIULI VENEZIA GIULIA,6,VENZONE,whole,,241,VENZONE,1.0
camera-mattarellum-1993-corrected,FRIULI VENEZIA GIULIA,6,VERZEGNIS,whole,,241,VERZEGNIS,1.0
camera-mattarellum-1993-corrected,FRIULI VENEZIA GIULIA,6,VILLA SANTINA,whole,,241,VILLA SANTINA,1.0
camera-mattarellum-1993-corrected,FRIULI VENEZIA GIULIA,6,ZUGLIO,whole,,241,ZUGLIO,1.0
camera-mattarellum-1993-corrected,FRIULI VENEZIA GIULIA,6,FORGARIA NEL FRIULI,whole,,241,FORGARIA NEL RRiIULI,0.889
camera-mattarellum-1993-corrected,FRIULI VENEZIA GIULIA,6,ARBA,whole,,241,ARBA,1.0
camera-mattarellum-1993-corrected,FRIULI VENEZIA GIULIA,6,CASTELNOVO DEL FRIULI,whole,,241,CASTELNOVO DEL FRIULI,1.0
camera-mattarellum-1993-corrected,FRIULI VENEZIA GIULIA,6,CAVASSO NUOVO,whole,,241,CAVASSO NUOVO,1.0
camera-mattarellum-1993-corrected,FRIULI VENEZIA GIULIA,6,CLAUZETTO,whole,,241,CLAUZETTO,1.0
camera-mattarellum-1993-corrected,FRIULI VENEZIA GIULIA,6,FANNA,whole,,241,FANNA,1.0
camera-mattarellum-1993-corrected,FRIULI VENEZIA GIULIA,6,FRISANCO,whole,,241,FRJSANCO,0.875
camera-mattarellum-1993-corrected,FRIULI VENEZIA GIULIA,6,MEDUNO,whole,,241,MÉ DUNO,0.833
camera-mattarellum-1993-corrected,FRIULI VENEZIA GIULIA,6,PINZANO AL TAGLIAMENTO,whole,,241,PINZANO AL TAGLIAMENTO,1.0
camera-mattarellum-1993-corrected,FRIULI VENEZIA GIULIA,6,SEQUALS,whole,,241,SEQUALS,1.0
camera-mattarellum-1993-corrected,FRIULI VENEZIA GIULIA,6,SPILIMBERGO,whole,,241,SPILIMBERGO,1.0
camera-mattarellum-1993-corrected,FRIULI VENEZIA GIULIA,6,TRAMONTI DI SOPRA,whole,,241,TRAMONTI DI SOPRA,1.0
camera-mattarellum-1993-corrected,FRIULI VENEZIA GIULIA,6,TRAMONTI DI SOTTO,whole,,241,TRAMUNTI DI SOTTO,0.933
camera-mattarellum-1993-corrected,FRIULI VENEZIA GIULIA,6,TRAVESIO,whole,,241,TRAVESIO,1.0
camera-mattarellum-1993-corrected,FRIULI VENEZIA GIULIA,6,VITO D'ASIO,whole,,241,VITO D'ASIO,1.0
camera-mattarellum-1993-corrected,FRIULI VENEZIA GIULIA,7,BASILIANO,whole,,241,BASILIANO,1.0
camera-mattarellum-1993-corrected,FRIULI VENEZIA GIULIA,7,BERTIOLO,whole,,241,BERT10LO,1.0
camera-mattarellum-1993-corrected,FRIULI VENEZIA GIULIA,7,BUTTRIO,whole,,241,BUTTRIO,1.0
camera-mattarellum-1993-corrected,FRIULI VENEZIA GIULIA,7,CAMINO AL TAGLIAMENTO,whole,,241,CAMINO AL TAGLIAMENTO,1.0
camera-mattarellum-1993-corrected,FRIULI VENEZIA GIULIA,7,CAMPOFORMIDO,whole,,241,CAMPOFORNMIDO,0.923
camera-mattarellum-1993-corrected,FRIULI VENEZIA GIULIA,7,CASTIONS DI STRADA,whole,,241,CASTIONS DI STRADA,1.0
camera-mattarellum-1993-corrected,FRIULI VENEZIA GIULIA,7,,whole,,241,CODRDBDIPO,0.7
camera-mattarellum-1993-corrected,FRIULI VENEZIA GIULIA,7,CORNO DI ROSAZZO,whole,,241,CORNO DI ROSAZZO,1.0
camera-mattarellum-1993-corrected,FRIULI VENEZIA GIULIA,7,LESTIZZA,whole,,241,LESTIZZA,1.0
camera-mattarellum-1993-corrected,FRIULI VENEZIA GIULIA,7,MANZANO,whole,,241,MANZANO,1.0
camera-mattarellum-1993-corrected,FRIULI VENEZIA GIULIA,7,MARTIGNACCO,whole,,241,HMARTIGNACCO,0.917
camera-mattarellum-1993-corrected,FRIULI VENEZIA GIULIA,7,MERETO DI TOMBA,whole,,241,MERETO DI TONSBA,0.857
camera-mattarellum-1993-corrected,FRIULI VENEZIA GIULIA,7,MORTEGLIANO,whole,,241,MORTEGLIANO,1.0
camera-mattarellum-1993-corrected,FRIULI VENEZIA GIULIA,7,PASIAN DI PRATO,whole,,241,PASIAN DI PRATO,1.0
camera-mattarellum-1993-corrected,FRIULI VENEZIA GIULIA,7,PAVIA DI UDINE,whole,,241,PAVIA DI UDINE,1.0
camera-mattarellum-1993-corrected,FRIULI VENEZIA GIULIA,7,POZZUOLO DEL FRIULI,whole,,241,POZZUOLO DEL FRIULI,1.0
camera-mattarellum-1993-corrected,FRIULI VENEZIA GIULIA,7,PRADAMANO,whole,,241,PRADANANO,0.889
camera-mattarellum-1993-corrected,FRIULI VENEZIA GIULIA,7,PREMARIACCO,whole,,241,PREMARIACCO,1.0
camera-mattarellum-1993-corrected,FRIULI VENEZIA GIULIA,7,SAN GIOVANNI AL NATISONE,whole,,241,SAN GIOVANNI AL NATISONE,1.0
camera-mattarellum-1993-corrected,FRIULI VENEZIA GIULIA,7,SEDEGLIANO,whole,,241,SE DEGL TANO,0.9
camera-mattarellum-1993-corrected,FRIULI VENEZIA GIULIA,7,TALMASSONS,whole,,241,TALMASSONS,1.0
camera-mattarellum-1993-corrected,FRIULI VENEZIA GIULIA,7,VARMO,whole,,241,VARMO,1.0
camera-mattarellum-1993-corrected,FRIULI VENEZIA GIULIA,8,ATTIMIS,whole,,241,ATTIMIS,1.0
camera-mattarellum-1993-corrected,FRIULI VENEZIA GIULIA,8,CASSACCO,whole,,241,CASSACCO,1.0
camera-mattarellum-1993-corrected,FRIULI VENEZIA GIULIA,8,CIVIDALE DEL FRIULI,whole,,241,CIVIDALE DEL FRIULI,1.0
camera-mattarellum-1993-corrected,FRIULI VENEZIA GIULIA,8,COLLOREDO DI MONTE ALBANO,whole,,241,COLLORERO DI MONTE ALBANO,0.955
camera-mattarellum-1993-corrected,FRIULI VENEZIA GIULIA,8,COSEANO,whole,,241,COSEANO,1.0
camera-mattarellum-1993-corrected,FRIULI VENEZIA GIULIA,8,DIGNANO,whole,,241,DI]1GNANO,0.875
camera-mattarellum-1993-corrected,FRIULI VENEZIA GIULIA,8,DRENCHIA,whole,,241,DRENCHIA,1.0
camera-mattarellum-1993-corrected,FRIULI VENEZIA GIULIA,8,FAEDIS,whole,,241,FAEDIS,1.0
camera-mattarellum-1993-corrected,FRIULI VENEZIA GIULIA,8,FAGAGNA,whole,,241,FAGAGNA,1.0
camera-mattarellum-1993-corrected,FRIULI VENEZIA GIULIA,8,FLAIBANO,whole,,241,FLAIBANO,1.0
camera-mattarellum-1993-corrected,FRIULI VENEZIA GIULIA,8,GRIMACCO,whole,,241,GRIMACCO,1.0
camera-mattarellum-1993-corrected,FRIULI VENEZIA GIULIA,8,LUSEVERA,whole,,241,LUSEVERA,1.0
camera-mattarellum-1993-corrected,FRIULI VENEZIA GIULIA,8,MAGNANO IN RIVIERA,whole,,241,HAGNANO IN RIVIERA,1.0
camera-mattarellum-1993-corrected,FRIULI VENEZIA GIULIA,8,MAJANO,whole,,241,MAJANO,1.0
camera-mattarellum-1993-corrected,FRIULI VENEZIA GIULIA,8,MOIMACCO,whole,,241,MOTMACCO,0.875
camera-mattarellum-1993-corrected,FRIULI VENEZIA GIULIA,8,MORUZZO,whole,,241,MHORUZZO,0.875
camera-mattarellum-1993-corrected,FRIULI VENEZIA GIULIA,8,NIMIS,whole,,241,NIMIS,1.0
camera-mattarellum-1993-corrected,FRIULI VENEZIA GIULIA,8,PAGNACCO,whole,,241,PAGNACCO,1.0
camera-mattarellum-1993-corrected,FRIULI VENEZIA GIULIA,8,POVOLETTO,whole,,241,POYVOLETTO,0.9
camera-mattarellum-1993-corrected,FRIULI VENEZIA GIULIA,8,PREPOTTO,whole,,241,PREPFOTTO,0.889
camera-mattarellum-1993-corrected,FRIULI VENEZIA GIULIA,8,PULFERO,whole,,241,FULFERO,0.857
camera-mattarellum-1993-corrected,FRIULI VENEZIA GIULIA,8,RAGOGNA,whole,,242,RAGOGNA,1.0
camera-mattarellum-1993-corrected,FRIULI VENEZIA GIULIA,8,REANA DEL ROIALE,whole,,242,REANA DEL ROIALE,1.0
camera-mattarellum-1993-corrected,FRIULI VENEZIA GIULIA,8,REMANZACCO,whole,,242,REMANZACCO,1.0
camera-mattarellum-1993-corrected,FRIULI VENEZIA GIULIA,8,RIVE D'ARCANO,whole,,242,RIVE D'ARCANO,1.0
camera-mattarellum-1993-corrected,FRIULI VENEZIA GIULIA,8,SAN DANIELE DEL FRIULI,whole,,242,SAN DANIELE DEL FRIULI,1.0
camera-mattarellum-1993-corrected,FRIULI VENEZIA GIULIA,8,SAN LEONARDO,whole,,242,SAN LEQNARDO,0.909
camera-mattarellum-1993-corrected,FRIULI VENEZIA GIULIA,8,SAN PIETRO AL NATISONE,whole,,242,SAN PIETRO AL NATISONE,1.0
camera-mattarellum-1993-corrected,FRIULI VENEZIA GIULIA,8,SAN VITO DI FAGAGNA,whole,,242,SAN VITO DI FAGAGNA,1.0
camera-mattarellum-1993-corrected,FRIULI VENEZIA GIULIA,8,SAVOGNA,whole,,242,SAVOGNA,1.0
camera-mattarellum-1993-corrected,FRIULI VENEZIA GIULIA,8,STREGNA,whole,,242,STREGNA,1.0
camera-mattarellum-1993-corrected,FRIULI VENEZIA GIULIA,8,TAIPANA,whole,,242,TA1PANA,1.0
camera-mattarellum-1993-corrected,FRIULI VENEZIA GIULIA,8,TARCENTO,whole,,242,TARCENTO,1.0
camera-mattarellum-1993-corrected,FRIULI VENEZIA GIULIA,8,TORREANO,whole,,242,TORRE ANO,1.0
camera-mattarellum-1993-corrected,FRIULI VENEZIA GIULIA,8,TREPPO GRANDE,whole,,242,TREPPO GRANDE,1.0
camera-mattarellum-1993-corrected,FRIULI VENEZIA GIULIA,8,TRICESIMO,whole,,242,TRICESIMO,1.0
camera-mattarellum-1993-corrected,FRIULI VENEZIA GIULIA,9,ANDREIS,whole,,242,ANDRE 1S,1.0
camera-mattarellum-1993-corrected,FRIULI VENEZIA GIULIA,9,AVIANO,whole,,242,AVIANO,1.0
camera-mattarellum-1993-corrected,FRIULI VENEZIA GIULIA,9,AZZANO DECIMO,whole,,242,AZZANO DECIMO,1.0
camera-mattarellum-1993-corrected,FRIULI VENEZIA GIULIA,9,BARCIS,whole,,242,BARC1S,1.0
camera-mattarellum-1993-corrected,FRIULI VENEZIA GIULIA,9,BRUGNERA,whole,,242,BRUGNERA,1.0
camera-mattarellum-1993-corrected,FRIULI VENEZIA GIULIA,9,BUDOIA,whole,,242,BUDOTA,0.833
camera-mattarellum-1993-corrected,FRIULI VENEZIA GIULIA,9,CANEVA,whole,,242,CANEVA,1.0
camera-mattarellum-1993-corrected,FRIULI VENEZIA GIULIA,9,CHIONS,whole,,242,CH10N5S,0.857
camera-mattarellum-1993-corrected,FRIULI VENEZIA GIULIA,9,CIMOLAIS,whole,,242,CIMOLAIS,1.0
camera-mattarellum-1993-corrected,FRIULI VENEZIA GIULIA,9,CLAUT,whole,,242,CLAUT,1.0
camera-mattarellum-1993-corrected,FRIULI VENEZIA GIULIA,9,ERTO E CASSO,whole,,242,ERTO E TASSO,0.9
camera-mattarellum-1993-corrected,FRIULI VENEZIA GIULIA,9,FONTANAFREDDA,whole,,242,FONTANAFREDDA,1.0
camera-mattarellum-1993-corrected,FRIULI VENEZIA GIULIA,9,MANIAGO,whole,,242,HMANITAGO,0.778
camera-mattarellum-1993-corrected,FRIULI VENEZIA GIULIA,9,MONTEREALE VALCELLINA,whole,,242,MONTEREALE VALCELLINA,1.0
camera-mattarellum-1993-corrected,FRIULI VENEZIA GIULIA,9,PASIANO DI PORDENONE,whole,,242,PASTANO DI PORDENONE,0.944
camera-mattarellum-1993-corrected,FRIULI VENEZIA GIULIA,9,POLCENIGO,whole,,242,POLCENIGO,1.0
camera-mattarellum-1993-corrected,FRIULI VENEZIA GIULIA,9,PRATA DI PORDENONE,whole,,242,PRATA 01 PORDENONE,0.938
camera-mattarellum-1993-corrected,FRIULI VENEZIA GIULIA,9,PRAVISDOMINI,whole,,242,PRAVISDOMINI,1.0
camera-mattarellum-1993-corrected,FRIULI VENEZIA GIULIA,9,ROVEREDO IN PIANO,whole,,242,ROVEREDO IN PIANO,1.0
camera-mattarellum-1993-corrected,FRIULI VENEZIA GIULIA,9,SACILE,whole,,242,SACILE,1.0
camera-mattarellum-1993-corrected,FRIULI VENEZIA GIULIA,9,SAN GIORGIO DELLA RICHINVELDA,whole,,242,SAN GIORGIO DELLA RICHINVELDA,1.0
camera-mattarellum-1993-corrected,FRIULI VENEZIA GIULIA,9,SAN QUIRINO,whole,,242,SAN QUIRINO,1.0
camera-mattarellum-1993-corrected,FRIULI VENEZIA GIULIA,9,VIVARO,whole,,242,VIVARO,1.0
camera-mattarellum-1993-corrected,FRIULI VENEZIA GIULIA,9,VAJONT,whole,,242,VAJONT,1.0
camera-mattarellum-1993-corrected,FRIULI VENEZIA GIULIA,10,ARZENE,whole,,242,ARZENE,1.0
camera-mattarellum-1993-corrected,FRIULI VENEZIA GIULIA,10,CASARSA DELLA DELIZIA,whole,,242,CASARSA DELLA DELIZIA,1.0
camera-mattarellum-1993-corrected,FRIULI VENEZIA GIULIA,10,CORDENONS,whole,,242,CORDENONS,1.0
camera-mattarellum-1993-corrected,FRIULI VENEZIA GIULIA,10,CORDOVADO,whole,,242,CORDOVA DO,1.0
camera-mattarellum-1993-corrected,FRIULI VENEZIA GIULIA,10,FIUME VENETO,whole,,242,FIUME VENETO,1.0
camera-mattarellum-1993-corrected,FRIULI VENEZIA GIULIA,10,MORSANO AL TAGLIAMENTO,whole,,242,MORSANO AL TAGLIAMENTO,1.0
camera-mattarellum-1993-corrected,FRIULI VENEZIA GIULIA,10,PORCIA,whole,,242,PORCIA,1.0
camera-mattarellum-1993-corrected,FRIULI VENEZIA GIULIA,10,PORDENONE,whole,,242,PORDENONE,1.0
camera-mattarellum-1993-corrected,FRIULI VENEZIA GIULIA,10,SAN MARTINO AL TAGLIAMENTO,whole,,242,SAN MARTINO AL TAGLIAMENTO,1.0
camera-mattarellum-1993-corrected,FRIULI VENEZIA GIULIA,10,SAN VITO AL TAGLIAMENTO,whole,,242,SAN VITO AL TAGLIAMENTO,1.0
camera-mattarellum-1993-corrected,FRIULI VENEZIA GIULIA,10,SESTO AL REGHENA,whole,,242,SESTO AL REGHENA,1.0
camera-mattarellum-1993-corrected,FRIULI VENEZIA GIULIA,10,VALVASONE,whole,,242,VAL VASONE,1.0
camera-mattarellum-1993-corrected,FRIULI VENEZIA GIULIA,10,ZOPPOLA,whole,,242,ZOPPOLA,1.0
camera-mattarellum-1993-corrected,LIGURIA,1,AIROLE,whole,,243,AIROLE,1.0
camera-mattarellum-1993-corrected,LIGURIA,1,APRICALE,whole,,243,APRICALE,1.0
camera-mattarellum-1993-corrected,LIGURIA,1,BAIARDO,whole,,243,BA1TARDO,0.875
camera-mattarellum-1993-corrected,LIGURIA,1,BORDIGHERA,whole,,243,BORDIGHERA,1.0
camera-mattarellum-1993-corrected,LIGURIA,1,CAMPOROSSO,whole,,243,CAMPOROSSO,1.0
camera-mattarellum-1993-corrected,LIGURIA,1,CASTEL VITTORIO,whole,,243,CASTEL VITTORIO,1.0
camera-mattarellum-1993-corrected,LIGURIA,1,CERIANA,whole,,243,CERTANA,0.857
camera-mattarellum-1993-corrected,LIGURIA,1,DOLCEACQUA,whole,,243,DBOLCEACQUA,0.909
camera-mattarellum-1993-corrected,LIGURIA,1,ISOLABONA,whole,,243,1SOLABONA,1.0
camera-mattarellum-1993-corrected,LIGURIA,1,OLIVETTA SAN MICHELE,whole,,243,OLIVETTA SAN MICHELE,1.0
camera-mattarellum-1993-corrected,LIGURIA,1,OSPEDALETTI,whole,,243,USPEDALE TTI,0.909
camera-mattarellum-1993-corrected,LIGURIA,1,PERINALDO,whole,,243,PERINALDO,1.0
camera-mattarellum-1993-corrected,LIGURIA,1,PIGNA,whole,,243,PIGNA,1.0
camera-mattarellum-1993-corrected,LIGURIA,1,ROCCHETTA NERVINA,whole,,243,ROCCHETTA NERVINA,1.0
camera-mattarellum-1993-corrected,LIGURIA,1,SAN BIAGIO DELLA CIMA,whole,,243,SAN BIAGIO DELLA CIMA,1.0
camera-mattarellum-1993-corrected,LIGURIA,1,,whole,,243,SAN RENG,0.714
camera-mattarellum-1993-corrected,LIGURIA,1,SEBORGA,whole,,243,SEBORGA,1.0
camera-mattarellum-1993-corrected,LIGURIA,1,SOLDANO,whole,,243,SOL DANO,1.0
camera-mattarellum-1993-corrected,LIGURIA,1,VALLEBONA,whole,,243,VALLE BONA,1.0
camera-mattarellum-1993-corrected,LIGURIA,1,VALLECROSIA,whole,,243,VALLECROSIA,1.0
camera-mattarellum-1993-corrected,LIGURIA,1,VENTIMIGLIA,whole,,243,VENTINIGLIA,0.909
camera-mattarellum-1993-corrected,LIGURIA,2,AQUILA DI ARROSCIA,whole,,243,AQUILA DI ARROSCIA,1.0
camera-mattarellum-1993-corrected,LIGURIA,2,ARMO,whole,,243,ARHO,1.0
camera-mattarellum-1993-corrected,LIGURIA,2,AURIGO,whole,,243,AURITGO,0.857
camera-mattarellum-1993-corrected,LIGURIA,2,BADALUCCO,whole,,243,BADALUCCO,1.0
camera-mattarellum-1993-corrected,LIGURIA,2,BORGHETTO D'ARROSCIA,whole,,243,BORGHETTO D'ARROSCIA,1.0
camera-mattarellum-1993-corrected,LIGURIA,2,BORGOMARO,whole,,243,BORGOMARO,1.0
camera-mattarellum-1993-corrected,LIGURIA,2,CARAVONICA,whole,,243,CARAVONICA,1.0
camera-mattarellum-1993-corrected,LIGURIA,2,CARPASIO,whole,,243,CARPASIOG,0.889
camera-mattarellum-1993-corrected,LIGURIA,2,CASTELLARO,whole,,243,CASTELLARO,1.0
camera-mattarellum-1993-corrected,LIGURIA,2,CERVO,whole,,243,CERVO,1.0
camera-mattarellum-1993-corrected,LIGURIA,2,CESIO,whole,,243,CESIO,1.0
camera-mattarellum-1993-corrected,LIGURIA,2,CHIUSANICO,whole,,243,CHIUSANICO,1.0
camera-mattarellum-1993-corrected,LIGURIA,2,CHIUSAVECCHIA,whole,,243,CHIUSAVECCHIA,1.0
camera-mattarellum-1993-corrected,LIGURIA,2,CIPRESSA,whole,,243,CIPRESSA,1.0
camera-mattarellum-1993-corrected,LIGURIA,2,CIVEZZA,whole,,243,CIVEZZA,1.0
camera-mattarellum-1993-corrected,LIGURIA,2,COSIO DI ARROSCIA,whole,,243,COSIO DI ARROSCIA,1.0
camera-mattarellum-1993-corrected,LIGURIA,2,COSTARAINERA,whole,,243,COSTARAINERA,1.0
camera-mattarellum-1993-corrected,LIGURIA,2,DIANO ARENTINO,whole,,243,DIANO ARENTINO,1.0
camera-mattarellum-1993-corrected,LIGURIA,2,DIANO CASTELLO,whole,,243,DIANO CASTELLO,1.0
camera-mattarellum-1993-corrected,LIGURIA,2,DIANO MARINA,whole,,243,DIANO MARINA,1.0
camera-mattarellum-1993-corrected,LIGURIA,2,DIANO SAN PIETRO,whole,,243,DIANO SAN PIETRO,1.0
camera-mattarellum-1993-corrected,LIGURIA,2,DOLCEDO,whole,,243,DOLCEDO,1.0
camera-mattarellum-1993-corrected,LIGURIA,2,IMPERIA,whole,,243,IMPERIA,1.0
camera-mattarellum-1993-corrected,LIGURIA,2,LUCINASCO,whole,,243,LUCINASCO,1.0
camera-mattarellum-1993-corrected,LIGURIA,2,MENDATICA,whole,,243,MENDATICA,1.0
camera-mattarellum-1993-corrected,LIGURIA,2,MOLINI DI TRIORA,whole,,243,MULINI DI TRIORA,0.929
camera-mattarellum-1993-corrected,LIGURIA,2,MONTALTO LIGURE,whole,,243,MONTALTO LIGURE,1.0
camera-mattarellum-1993-corrected,LIGURIA,2,MONTEGROSSO PIAN LATTE,whole,,243,MONTEGROSSO FPFIAN LATTE,0.909
camera-mattarellum-1993-corrected,LIGURIA,2,PIETRABRUNA,whole,,243,PIETRABRUNA,1.0
camera-mattarellum-1993-corrected,LIGURIA,2,PIEVE DI TECO,whole,,243,PIEVE DI TECO,1.0
camera-mattarellum-1993-corrected,LIGURIA,2,POMPEIANA,whole,,243,POMPE IANA,1.0
camera-mattarellum-1993-corrected,LIGURIA,2,PONTEDASSIO,whole,,243,PONTEDASSIO,1.0
camera-mattarellum-1993-corrected,LIGURIA,2,PORNASSIO,whole,,243,PORNASSIO,1.0
camera-mattarellum-1993-corrected,LIGURIA,2,PRELA',whole,,243,PRELA?*,1.0
camera-mattarellum-1993-corrected,LIGURIA,2,RANZO,whole,,243,RANZO,1.0
camera-mattarellum-1993-corrected,LIGURIA,2,REZZO,whole,,243,REZZO,1.0
camera-mattarellum-1993-corrected,LIGURIA,2,RIVA LIGURE,whole,,243,RIVA LIGURE,1.0
camera-mattarellum-1993-corrected,LIGURIA,2,SAN BARTOLOMEO AL MARE,whole,,243,SAN BARTULOMEO AL MARE,0.947
camera-mattarellum-1993-corrected,LIGURIA,2,SAN LORENZO AL MARE,whole,,243,SAN LORENZO AL MARE,1.0
camera-mattarellum-1993-corrected,LIGURIA,2,SANTO STEFANO AL MARE,whole,,243,SANTO STEFANO AL MARE,1.0
camera-mattarellum-1993-corrected,LIGURIA,2,TAGGIA,whole,,243,TAGGIA,1.0
camera-mattarellum-1993-corrected,LIGURIA,2,TERZORIO,whole,,244,TERZORIO,1.0
camera-mattarellum-1993-corrected,LIGURIA,2,TRIORA,whole,,244,TRIORA,1.0
camera-mattarellum-1993-corrected,LIGURIA,2,VASIA,whole,,244,VASIA,1.0
camera-mattarellum-1993-corrected,LIGURIA,2,VESSALICO,whole,,244,YESSALICO,0.889
camera-mattarellum-1993-corrected,LIGURIA,2,VILLA FARALDI,whole,,244,VILLA FARALDI,1.0
camera-mattarellum-1993-corrected,LIGURIA,2,ALASSIO,whole,,244,ALASSIO,1.0
camera-mattarellum-1993-corrected,LIGURIA,2,ANDORA,whole,,244,ANDORA,1.0
camera-mattarellum-1993-corrected,LIGURIA,2,LAIGUEGLIA,whole,,244,LAIGUEGLIA,1.0
camera-mattarellum-1993-corrected,LIGURIA,2,STELLANELLO,whole,,244,STELLANELLO,1.0
camera-mattarellum-1993-corrected,LIGURIA,2,TESTICO,whole,,244,TESTICO,1.0
camera-mattarellum-1993-corrected,LIGURIA,3,ALBENGA,whole,,244,ALBENGA,1.0
camera-mattarellum-1993-corrected,LIGURIA,3,ALTARE,whole,,244,ALTARE,1.0
camera-mattarellum-1993-corrected,LIGURIA,3,ARNASCO,whole,,244,ARNASCO,1.0
camera-mattarellum-1993-corrected,LIGURIA,3,BALESTRINO,whole,,244,BALESTRINO,1.0
camera-mattarellum-1993-corrected,LIGURIA,3,BARDINETO,whole,,244,BARDINETO,1.0
camera-mattarellum-1993-corrected,LIGURIA,3,BERGEGGI,whole,,244,BERGEGCGI,0.889
camera-mattarellum-1993-corrected,LIGURIA,3,BOISSANO,whole,,244,BOTSSANO,0.875
camera-mattarellum-1993-corrected,LIGURIA,3,BORGHETTO SANTO SPIRITO,whole,,244,BORGHETTO SANTO SPIRITO,1.0
camera-mattarellum-1993-corrected,LIGURIA,3,BORGIO VEREZZI,whole,,244,BORGIO VEREZZI,1.0
camera-mattarellum-1993-corrected,LIGURIA,3,BORMIDA,whole,,244,BORMIDA,1.0
camera-mattarellum-1993-corrected,LIGURIA,3,CALICE LIGURE,whole,,244,CALICE LIGURE,1.0
camera-mattarellum-1993-corrected,LIGURIA,3,CALIZZANO,whole,,244,CALIZZANO,1.0
camera-mattarellum-1993-corrected,LIGURIA,3,CARCARE,whole,,244,CARCARE,1.0
camera-mattarellum-1993-corrected,LIGURIA,3,CASANOVA LERRONE,whole,,244,CASANOVA LERRONE,1.0
camera-mattarellum-1993-corrected,LIGURIA,3,CASTELBIANCO,whole,,244,CASTELBIANCO,1.0
camera-mattarellum-1993-corrected,LIGURIA,3,CASTELVECCHIO DI ROCCA BARBENA,whole,,244,CASTELVECCHIO DI ROCCA BARBENA,1.0
camera-mattarellum-1993-corrected,LIGURIA,3,CENGIO,whole,,244,GENGIO,0.833
camera-mattarellum-1993-corrected,LIGURIA,3,CERIALE,whole,,244,CERIALE,1.0
camera-mattarellum-1993-corrected,LIGURIA,3,CISANO SUL NEVA,whole,,244,CISANO SUL NEVA,1.0
camera-mattarellum-1993-corrected,LIGURIA,3,COSSERIA,whole,,244,COSSERTA,0.875
camera-mattarellum-1993-corrected,LIGURIA,3,ERLI,whole,,244,ERLI,1.0
camera-mattarellum-1993-corrected,LIGURIA,3,FINALE LIGURE,whole,,244,FINALE LIGURE,1.0
camera-mattarellum-1993-corrected,LIGURIA,3,GARLENDA,whole,,244,GARLENDA,1.0
camera-mattarellum-1993-corrected,LIGURIA,3,GIUSTENICE,whole,,244,GIUSTENICE,1.0
camera-mattarellum-1993-corrected,LIGURIA,3,LOANO,whole,,244,LOANO,1.0
camera-mattarellum-1993-corrected,LIGURIA,3,MAGLIOLO,whole,,244,MAGLIOLO,1.0
camera-mattarellum-1993-corrected,LIGURIA,3,MALLARE,whole,,244,HALLARE,1.0
camera-mattarellum-1993-corrected,LIGURIA,3,MASSIMINO,whole,,244,MASSIMINO,1.0
camera-mattarellum-1993-corrected,LIGURIA,3,MILLESIMO,whole,,244,HILLESITNMO,0.818
camera-mattarellum-1993-corrected,LIGURIA,3,MURIALDO,whole,,244,MUR TAL DO,0.875
camera-mattarellum-1993-corrected,LIGURIA,3,NASINO,whole,,244,NASINO,1.0
camera-mattarellum-1993-corrected,LIGURIA,3,NOLI,whole,,244,NOLI,1.0
camera-mattarellum-1993-corrected,LIGURIA,3,ONZO,whole,,244,DNZO,0.75
camera-mattarellum-1993-corrected,LIGURIA,3,ORCO FEGLINO,whole,,244,ORCO FEGL INO,1.0
camera-mattarellum-1993-corrected,LIGURIA,3,ORTOVERO,whole,,244,ORTOVERO,1.0
camera-mattarellum-1993-corrected,LIGURIA,3,OSIGLIA,whole,,244,OSIGLIA,1.0
camera-mattarellum-1993-corrected,LIGURIA,3,PALLARE,whole,,244,PALLARE,1.0
camera-mattarellum-1993-corrected,LIGURIA,3,PIETRA LIGURE,whole,,244,PIETRA LIGURE,1.0
camera-mattarellum-1993-corrected,LIGURIA,3,PLODIO,whole,,244,PLODIiO,0.857
camera-mattarellum-1993-corrected,LIGURIA,3,RIALTO,whole,,244,RIALTO,1.0
camera-mattarellum-1993-corrected,LIGURIA,3,ROCCAVIGNALE,whole,,244,ROCCAVIGNALE,1.0
camera-mattarellum-1993-corrected,LIGURIA,3,SPOTORNO,whole,,244,SPOTORNO,1.0
camera-mattarellum-1993-corrected,LIGURIA,3,TOIRANO,whole,,244,TOTIRANO,0.875
camera-mattarellum-1993-corrected,LIGURIA,3,TOVO SAN GIACOMO,whole,,244,FTOVO SAN GIACOMO,0.933
camera-mattarellum-1993-corrected,LIGURIA,3,VENDONE,whole,,244,VENDONE,1.0
camera-mattarellum-1993-corrected,LIGURIA,3,VEZZI PORTIO,whole,,244,VEZZI PORTIO,1.0
camera-mattarellum-1993-corrected,LIGURIA,3,VILLANOVA D'ALBENGA,whole,,244,VILLANOVA D'ALBENGA,1.0
camera-mattarellum-1993-corrected,LIGURIA,3,ZUCCARELLO,whole,,244,ZUCCARELLO,1.0
camera-mattarellum-1993-corrected,LIGURIA,4,ALBISOLA MARINA,whole,,244,ALBISOLA MARINA,1.0
camera-mattarellum-1993-corrected,LIGURIA,4,ALBISOLA SUPERIORE,whole,,244,ALBISOLA SUPERIORE,1.0
camera-mattarellum-1993-corrected,LIGURIA,4,CAIRO MONTENOTTE,whole,,244,CAIRD MONTENOTTE,0.933
camera-mattarellum-1993-corrected,LIGURIA,4,CELLE LIGURE,whole,,244,CELLE LIGURE,1.0
camera-mattarellum-1993-corrected,LIGURIA,4,DEGO,whole,,244,DE GO,1.0
camera-mattarellum-1993-corrected,LIGURIA,4,GIUSVALLA,whole,,244,GIUSVALLA,1.0
camera-mattarellum-1993-corrected,LIGURIA,4,MIOGLIA,whole,,245,MIOGLIA,1.0
camera-mattarellum-1993-corrected,LIGURIA,4,PIANA CRIXIA,whole,,245,PIANA CRIXIA,1.0
camera-mattarellum-1993-corrected,LIGURIA,4,PONTINVREA,whole,,245,PONTINVREA,1.0
camera-mattarellum-1993-corrected,LIGURIA,4,QUILIANO,whole,,245,QUILIANO,1.0
camera-mattarellum-1993-corrected,LIGURIA,4,SASSELLO,whole,,245,SASSELLO,1.0
camera-mattarellum-1993-corrected,LIGURIA,4,SAVONA,whole,,245,SAVONA,1.0
camera-mattarellum-1993-corrected,LIGURIA,4,STELLA,whole,,245,STELLA,1.0
camera-mattarellum-1993-corrected,LIGURIA,4,URBE,whole,,245,URBE,1.0
camera-mattarellum-1993-corrected,LIGURIA,4,VADO LIGURE,whole,,245,VADO LIGURE,1.0
camera-mattarellum-1993-corrected,LIGURIA,5,VARAZZE,whole,,245,VARAZZE,1.0
camera-mattarellum-1993-corrected,LIGURIA,5,ARENZANO,whole,,245,ARENZANO,1.0
camera-mattarellum-1993-corrected,LIGURIA,5,CAMPO LIGURE,whole,,245,CAMPO LIGURE,1.0
camera-mattarellum-1993-corrected,LIGURIA,5,COGOLETO,whole,,245,COGOLETO,1.0
camera-mattarellum-1993-corrected,LIGURIA,5,GENOVA,zone,CREVARI,245,{ GE-CREVARI }?,1.0
camera-mattarellum-1993-corrected,LIGURIA,5,GENOVA,zone,VOLTRI,245,{ GE-VOLTRI ),1.0
camera-mattarellum-1993-corrected,LIGURIA,5,GENOVA,zone,CA NUOVA,245,( GE-CA* NUOVA ),1.0
camera-mattarellum-1993-corrected,LIGURIA,5,GENOVA,zone,PALMARO,245,€ GE-PALMARO ),1.0
camera-mattarellum-1993-corrected,LIGURIA,5,GENOVA,zone,PRA,245,{ GE-PRA* ),1.0
camera-mattarellum-1993-corrected,LIGURIA,5,GENOVA,zone,CASTELLUCCIO,245,{ GE-CASTELLUCCIO I,1.0
camera-mattarellum-1993-corrected,LIGURIA,5,GENOVA,zone,PEGLI,245,{ GE-PEGLI 2,1.0
camera-mattarellum-1993-corrected,LIGURIA,5,GENOVA,zone,MULTEDO,245,(€ GE-MULTEDO >?,1.0
camera-mattarellum-1993-corrected,LIGURIA,5,MASONE,whole,,245,HASONE,1.0
camera-mattarellum-1993-corrected,LIGURIA,5,MELE,whole,,245,MELE,1.0
camera-mattarellum-1993-corrected,LIGURIA,5,ROSSIGLIONE,whole,,245,ROSSIGLIONE,1.0
camera-mattarellum-1993-corrected,LIGURIA,5,TIGLIETO,whole,,245,TIGLIE TO,1.0
camera-mattarellum-1993-corrected,LIGURIA,6,GENOVA,zone,SESTRI,245,{ GE-SESTRI ?,1.0
camera-mattarellum-1993-corrected,LIGURIA,6,GENOVA,zone,S. G. BATTISTA,245,{ GE-S. G. BATTISTA ),1.0
camera-mattarellum-1993-corrected,LIGURIA,6,GENOVA,zone,CALCINARA,245,{ GE-CALCINARA ),1.0
camera-mattarellum-1993-corrected,LIGURIA,6,GENOVA,zone,BORZOLI OVEST,245,{ GE-BORZOLI OVEST },1.0
camera-mattarellum-1993-corrected,LIGURIA,6,GENOVA,zone,BORZOLI EST,245,{ GE-BORZOLI EST ),1.0
camera-mattarellum-1993-corrected,LIGURIA,6,GENOVA,zone,CORNIGLIANO,245,{ GE-CORNIGLIANO ),1.0
camera-mattarellum-1993-corrected,LIGURIA,6,GENOVA,zone,CANPI 2%,245,{ GE-CANPI 2%,1.0
camera-mattarellum-1993-corrected,LIGURIA,6,GENOVA,zone,CAMPASSO,245,{ GE-CAMPASSO ),1.0
camera-mattarellum-1993-corrected,LIGURIA,6,GENOVA,zone,S. GAETANO,245,{ GE-S. GAETANO )ì,1.0
camera-mattarellum-1993-corrected,LIGURIA,6,GENOVA,zone,SAMPIERDARENA,245,( GE-SAMPIERDARENA ),1.0
camera-mattarellum-1993-corrected,LIGURIA,6,GENOVA,zone,BELVEDERE,245,{ GE-BELVEDERE },1.0
camera-mattarellum-1993-corrected,LIGURIA,6,GENOVA,zone,S. BARTGLOMEO,245,{ GE-S. BARTGLOMEO ),1.0
camera-mattarellum-1993-corrected,LIGURIA,7,CAMPOMORONE,whole,,245,CAMPOMORONE,1.0
camera-mattarellum-1993-corrected,LIGURIA,7,CERANESI,whole,,245,CERANESI,1.0
camera-mattarellum-1993-corrected,LIGURIA,7,GENOVA,zone,CERTOSA,245,{ GE-CERTOSA ),1.0
camera-mattarellum-1993-corrected,LIGURIA,7,GENOVA,zone,RIVAROLO,245,{€ GE-RIVAROLO 3),1.0
camera-mattarellum-1993-corrected,LIGURIA,7,GENOVA,zone,TEGLIA,245,{ GE-TEGLIA >,1.0
camera-mattarellum-1993-corrected,LIGURIA,7,GENOVA,zone,BEGATO,245,{ GE-BEGATO è,1.0
camera-mattarellum-1993-corrected,LIGURIA,7,GENOVA,zone,BOLZANETO,245,( GE-BOLZANETO ),1.0
camera-mattarellum-1993-corrected,LIGURIA,7,GENOVA,zone,MOREGO,245,{ GE-MOREGO I,1.0
camera-mattarellum-1993-corrected,LIGURIA,7,GENOVA,zone,S. QUIRICO,245,U 6E-S. QUIRICO ),1.0
camera-mattarellum-1993-corrected,LIGURIA,7,GENOVA,zone,PONTEDECIMO,245,€ GE-PONTEDECIMO 3,1.0
camera-mattarellum-1993-corrected,LIGURIA,7,GENOVA,zone,ANGELI,245,{ GE-ANGELI >,1.0
camera-mattarellum-1993-corrected,LIGURIA,7,GENOVA,zone,S. TEODORO,245,{ GE-S. TEODORO 3),1.0
camera-mattarellum-1993-corrected,LIGURIA,7,GENOVA,zone,LAGACCIO,245,{ GE-LAGACCIO 2),1.0
camera-mattarellum-1993-corrected,LIGURIA,7,GENOVA,zone,OREGINA,245,{ GE-OREGINA },1.0
camera-mattarellum-1993-corrected,LIGURIA,8,GENOVA,zone,PRE,245,{ GE-PRE* ),1.0
camera-mattarellum-1993-corrected,LIGURIA,8,GENOVA,zone,HAODDALENA,245,€ GE-HAODDALENA ),1.0
camera-mattarellum-1993-corrected,LIGURIA,8,GENOVA,zone,HMOLO,245,{ GE-HMOLO ),1.0
camera-mattarellum-1993-corrected,LIGURIA,8,GENOVA,zone,S. NICOLA,245,( GE-S. NICOLA ),1.0
camera-mattarellum-1993-corrected,LIGURIA,8,GENOVA,zone,CASTELLETTO,245,{ GE-CASTELLETTO è},1.0
camera-mattarellum-1993-corrected,LIGURIA,8,GENOVA,zone,MANIN,245,€ GE-MANIN è,1.0
camera-mattarellum-1993-corrected,LIGURIA,8,GENOVA,zone,S. VINCENZO,245,{ GE-S. VINCENZO ?},1.0
camera-mattarellum-1993-corrected,LIGURIA,8,GENOVA,zone,CARIGNANO,246,{ GE-CARIGNANO ),1.0
camera-mattarellum-1993-corrected,LIGURIA,8,GENOVA,zone,FOCE +,246,( GE-FOCE +:,1.0
camera-mattarellum-1993-corrected,LIGURIA,8,GENOVA,zone,BRIGNOLE,246,{ GE-BRIGNOLE 3,1.0
camera-mattarellum-1993-corrected,LIGURIA,8,GENOVA,zone,S. AGATA,246,{ GE-S. AGATA ì,1.0
camera-mattarellum-1993-corrected,LIGURIA,8,GENOVA,zone,S. FRUTTUOSO,246,{ GE-S. FRUTTUOSO 2,1.0
camera-mattarellum-1993-corrected,LIGURIA,9,GENOVA,zone,QUEZZI,246,€ GE-QUEZZI },1.0
camera-mattarellum-1993-corrected,LIGURIA,9,GENOVA,zone,FEREGGIANO,246,( GE-FEREGGIANO )},1.0
camera-mattarellum-1993-corrected,LIGURIA,9,GENOVA,zone,MARASSI,246,{( GE-MARASSI ),1.0
camera-mattarellum-1993-corrected,LIGURIA,9,GENOVA,zone,FARTE QOUEZZI,246,ff GE-FARTE QOUEZZI |,1.0
camera-mattarellum-1993-corrected,LIGURIA,9,GENOVA,zone,PARENZO,246,{ GE-PARENZO ),1.0
camera-mattarellum-1993-corrected,LIGURIA,9,GENOVA,zone,S. PANTALEO,246,{ GE-S. PANTALEO ),1.0
camera-mattarellum-1993-corrected,LIGURIA,9,GENOVA,zone,MONTESIGNANO,246,{ GE-MONTESIGNANO I,1.0
camera-mattarellum-1993-corrected,LIGURIA,9,GENOVA,zone,S. EUSEBIO,246,{ GE-S. EUSEBIO ),1.0
camera-mattarellum-1993-corrected,LIGURIA,9,GENOVA,zone,MOLASSANA,246,{ GE-MOLASSANA ),1.0
camera-mattarellum-1993-corrected,LIGURIA,9,GENOVA,zone,DORIA,246,{ GE-DORIA >,1.0
camera-mattarellum-1993-corrected,LIGURIA,9,GENOVA,zone,PRATO,246,( GE-PRATO },1.0
camera-mattarellum-1993-corrected,LIGURIA,10,GENOVA,zone,SAVARI,246,( GE-SAVARI ),1.0
camera-mattarellum-1993-corrected,LIGURIA,10,GENOVA,zone,S. DESIDERIO,246,{( GE-S. DESIDERIO },1.0
camera-mattarellum-1993-corrected,LIGURIA,10,GENOVA,zone,APPARIZIONE,246,( GE-APPARIZIONE ),1.0
camera-mattarellum-1993-corrected,LIGURIA,10,GENOVA,zone,BORGO RATTI,246,{( GE-BORGO RATTI },1.0
camera-mattarellum-1993-corrected,LIGURIA,10,GENOVA,zone,CHIAPPETO,246,Ul GE-CHIAPPETO },1.0
camera-mattarellum-1993-corrected,LIGURIA,10,GENOVA,zone,S. MARTINO,246,( GE-S. MARTINO è,1.0
camera-mattarellum-1993-corrected,LIGURIA,10,GENOVA,zone,ALBARO,246,( GE-ALBARO 2),1.0
camera-mattarellum-1993-corrected,LIGURIA,10,GENOVA,zone,S. GIULIANO,246,€ GE-S. GIULIANO }),1.0
camera-mattarellum-1993-corrected,LIGURIA,10,GENOVA,zone,L1DO,246,€ GE-L1DO >,1.0
camera-mattarellum-1993-corrected,LIGURIA,10,GENOVA,zone,PUGGIA,246,{ GE-PUGGIA ),1.0
camera-mattarellum-1993-corrected,LIGURIA,10,GENOVA,zone,STURLA,246,{ GE-STURLA >),1.0
camera-mattarellum-1993-corrected,LIGURIA,10,GENOVA,zone,QUARTO,246,{ GE-QUARTO 3,1.0
camera-mattarellum-1993-corrected,LIGURIA,10,GENOVA,zone,QUARTARA,246,{ GE-QUARTARA ),1.0
camera-mattarellum-1993-corrected,LIGURIA,10,GENOVA,zone,CASTAGNA,246,€ GE-CASTAGNA è,1.0
camera-mattarellum-1993-corrected,LIGURIA,10,GENOVA,zone,QUINTO 1,246,{ GE - QUINTO 1,1.0
camera-mattarellum-1993-corrected,LIGURIA,10,GENOVA,zone,NERVI,246,€ GE-NERVI >,1.0
camera-mattarellum-1993-corrected,LIGURIA,11,AVEGNO,whole,,246,AVEGNO,1.0
camera-mattarellum-1993-corrected,LIGURIA,11,BARGAGLI,whole,,246,BARGAGLI,1.0
camera-mattarellum-1993-corrected,LIGURIA,11,BOGLIASCO,whole,,246,BOGL 1ASCO,1.0
camera-mattarellum-1993-corrected,LIGURIA,11,BUSALLA,whole,,246,BUSALLA,1.0
camera-mattarellum-1993-corrected,LIGURIA,11,CAMOGLI,whole,,246,CAMOGLI,1.0
camera-mattarellum-1993-corrected,LIGURIA,11,CASELLA,whole,,246,CASELLA,1.0
camera-mattarellum-1993-corrected,LIGURIA,11,CROCEFIESCHI,whole,,246,CROCEFTESCHI,0.917
camera-mattarellum-1993-corrected,LIGURIA,11,DAVAGNA,whole,,246,DAVAGNA,1.0
camera-mattarellum-1993-corrected,LIGURIA,11,FASCIA,whole,,246,FASCIA,1.0
camera-mattarellum-1993-corrected,LIGURIA,11,FONTANIGORDA,whole,,246,FONTANIGORDA,1.0
camera-mattarellum-1993-corrected,LIGURIA,11,GORRETO,whole,,246,GORRETO,1.0
camera-mattarellum-1993-corrected,LIGURIA,11,ISOLA DEL CANTONE,whole,,246,ISOLA DEL CANTONE,1.0
camera-mattarellum-1993-corrected,LIGURIA,11,MIGNANEGO,whole,,246,MIGNANEGO,1.0
camera-mattarellum-1993-corrected,LIGURIA,11,MONTEBRUNO,whole,,246,MONTE BRUNO,1.0
camera-mattarellum-1993-corrected,LIGURIA,11,MONTOGGIO,whole,,246,MONTOGGIO,1.0
camera-mattarellum-1993-corrected,LIGURIA,11,PIEVE LIGURE,whole,,246,PIEVE LIGURE,1.0
camera-mattarellum-1993-corrected,LIGURIA,11,PORTOFINO,whole,,246,PORTOF INO,1.0
camera-mattarellum-1993-corrected,LIGURIA,11,PROPATA,whole,,246,PROPATA,1.0
camera-mattarellum-1993-corrected,LIGURIA,11,RAPALLO,whole,,246,RAPALLO,1.0
camera-mattarellum-1993-corrected,LIGURIA,11,RECCO,whole,,246,RECCO,1.0
camera-mattarellum-1993-corrected,LIGURIA,11,RONCO SCRIVIA,whole,,246,RONCO SCRIVIA,1.0
camera-mattarellum-1993-corrected,LIGURIA,11,RONDANINA,whole,,246,RONDANINA,1.0
camera-mattarellum-1993-corrected,LIGURIA,11,ROVEGNO,whole,,246,ROVEGNO,1.0
camera-mattarellum-1993-corrected,LIGURIA,11,SANTA MARGHERITA LIGURE,whole,,246,SANTA MARGHERITA LIGURE,1.0
camera-mattarellum-1993-corrected,LIGURIA,11,SANT'OLCESE,whole,,246,SANT'OLCESE,1.0
camera-mattarellum-1993-corrected,LIGURIA,11,SAVIGNONE,whole,,246,SAVIGNONE,1.0
camera-mattarellum-1993-corrected,LIGURIA,11,SORI,whole,,246,SORE,0.75
camera-mattarellum-1993-corrected,LIGURIA,11,TORRIGLIA,whole,,247,TORREGLIA,0.889
camera-mattarellum-1993-corrected,LIGURIA,11,USCIO,whole,,247,USCIO,1.0
camera-mattarellum-1993-corrected,LIGURIA,11,VALBREVENNA,whole,,247,VAL BREVENNA,1.0
camera-mattarellum-1993-corrected,LIGURIA,11,VOBBIA,whole,,247,VOBBIA,1.0
camera-mattarellum-1993-corrected,LIGURIA,12,BORZONASCA,whole,,247,BORZONASCA,1.0
camera-mattarellum-1993-corrected,LIGURIA,12,CARASCO,whole,,247,CARASCO,1.0
camera-mattarellum-1993-corrected,LIGURIA,12,CASARZA LIGURE,whole,,247,CASARZA LIGURE,1.0
camera-mattarellum-1993-corrected,LIGURIA,12,CASTIGLIONE CHIAVARESE,whole,,247,CASTIGLIONE CHIAVARESE,1.0
camera-mattarellum-1993-corrected,LIGURIA,12,CHIAVARI,whole,,247,CHIAVARI,1.0
camera-mattarellum-1993-corrected,LIGURIA,12,CICAGNA,whole,,247,CICAGNA,1.0
camera-mattarellum-1993-corrected,LIGURIA,12,COGORNO,whole,,247,COGORNO,1.0
camera-mattarellum-1993-corrected,LIGURIA,12,COREGLIA LIGURE,whole,,247,COREGLIA LIGURE,1.0
camera-mattarellum-1993-corrected,LIGURIA,12,FAVALE DI MALVARO,whole,,247,FAVALE DI MALVARO,1.0
camera-mattarellum-1993-corrected,LIGURIA,12,LAVAGNA,whole,,247,LAVAGNA,1.0
camera-mattarellum-1993-corrected,LIGURIA,12,LEIVI,whole,,247,LEVI,0.8
camera-mattarellum-1993-corrected,LIGURIA,12,LORSICA,whole,,247,LORSICA,1.0
camera-mattarellum-1993-corrected,LIGURIA,12,LUMARZO,whole,,247,LUMARZO,1.0
camera-mattarellum-1993-corrected,LIGURIA,12,MEZZANEGO,whole,,247,MEZZANEGO,1.0
camera-mattarellum-1993-corrected,LIGURIA,12,MOCONESI,whole,,247,MOCONEST,0.875
camera-mattarellum-1993-corrected,LIGURIA,12,MONEGLIA,whole,,247,MONEGLIA,1.0
camera-mattarellum-1993-corrected,LIGURIA,12,NE,whole,,247,NE,1.0
camera-mattarellum-1993-corrected,LIGURIA,12,NEIRONE,whole,,247,NE 1TRONE,0.875
camera-mattarellum-1993-corrected,LIGURIA,12,ORERO,whole,,247,ORERDO,0.833
camera-mattarellum-1993-corrected,LIGURIA,12,REZZOAGLIO,whole,,247,REZZOAGLIO,1.0
camera-mattarellum-1993-corrected,LIGURIA,12,SAN COLOMBANO CERTENOLI,whole,,247,SAN COLOMBANO CERTENOLI,1.0
camera-mattarellum-1993-corrected,LIGURIA,12,SANTO STEFANO D'AVETO,whole,,247,SANTO STEFANO D'AVETO,1.0
camera-mattarellum-1993-corrected,LIGURIA,12,SESTRI LEVANTE,whole,,247,SESTRI LEVANTE,1.0
camera-mattarellum-1993-corrected,LIGURIA,12,TRIBOGNA,whole,,247,TRIBOGNA,1.0
camera-mattarellum-1993-corrected,LIGURIA,12,ZOAGLI,whole,,247,ZOAGLI,1.0
camera-mattarellum-1993-corrected,LIGURIA,12,CARRO,whole,,247,CARRO,1.0
camera-mattarellum-1993-corrected,LIGURIA,12,MAISSANA,whole,,247,HAISSANA,1.0
camera-mattarellum-1993-corrected,LIGURIA,12,VARESE LIGURE,whole,,247,VARESE LIGURE,1.0
camera-mattarellum-1993-corrected,LIGURIA,13,AMEGLIA,whole,,247,AMEGLIA,1.0
camera-mattarellum-1993-corrected,LIGURIA,13,ARCOLA,whole,,247,ARCOLA,1.0
camera-mattarellum-1993-corrected,LIGURIA,13,BEVERINO,whole,,247,BEVERINO,1.0
camera-mattarellum-1993-corrected,LIGURIA,13,BOLANO,whole,,247,BOLANO,1.0
camera-mattarellum-1993-corrected,LIGURIA,13,BONASSOLA,whole,,247,BONASSOLA,1.0
camera-mattarellum-1993-corrected,LIGURIA,13,BORGHETTO DI VARA,whole,,247,BORGHETTG DI VARA,0.933
camera-mattarellum-1993-corrected,LIGURIA,13,BRUGNATO,whole,,247,BRUGNATO,1.0
camera-mattarellum-1993-corrected,LIGURIA,13,CALICE AL CORNOVIGLIO,whole,,247,CALICE AL CORNOVIGLIO,1.0
camera-mattarellum-1993-corrected,LIGURIA,13,CARRODANO,whole,,247,CARRODANO,1.0
camera-mattarellum-1993-corrected,LIGURIA,13,CASTELNUOVO MAGRA,whole,,247,CASTELNUOVO MAGRA,1.0
camera-mattarellum-1993-corrected,LIGURIA,13,DEIVA MARINA,whole,,247,DETVA MARINA,0.909
camera-mattarellum-1993-corrected,LIGURIA,13,FOLLO,whole,,247,FoOLLO,0.833
camera-mattarellum-1993-corrected,LIGURIA,13,FRAMURA,whole,,247,FRAMURA,1.0
camera-mattarellum-1993-corrected,LIGURIA,13,LERICI,whole,,247,LERICI,1.0
camera-mattarellum-1993-corrected,LIGURIA,13,LEVANTO,whole,,247,LEVANTO,1.0
camera-mattarellum-1993-corrected,LIGURIA,13,ORTONOVO,whole,,247,OR TONOVO,1.0
camera-mattarellum-1993-corrected,LIGURIA,13,PIGNONE,whole,,247,PIGNONE,1.0
camera-mattarellum-1993-corrected,LIGURIA,13,RICCO' DEL GOLFO DI SPEZIA,whole,,247,"RICCO"" DEL GOLFO DI SPEZIA",1.0
camera-mattarellum-1993-corrected,LIGURIA,13,ROCCHETTA DI VARA,whole,,247,ROCCHETTA DI VARA,1.0
camera-mattarellum-1993-corrected,LIGURIA,13,SANTO STEFANO DI MAGRA,whole,,247,SANTO STEFANO DI MAGRA,1.0
camera-mattarellum-1993-corrected,LIGURIA,13,SARZANA,whole,,247,SARZANA,1.0
camera-mattarellum-1993-corrected,LIGURIA,13,SESTA GODANO,whole,,247,SESTA GODANO,1.0
camera-mattarellum-1993-corrected,LIGURIA,13,VEZZANO LIGURE,whole,,247,VEZZANO LIGURE,1.0
camera-mattarellum-1993-corrected,LIGURIA,13,ZIGNAGO,whole,,247,ZIGNAGO,1.0
camera-mattarellum-1993-corrected,LIGURIA,14,LA SPEZIA,whole,,247,LA SPEZIA,1.0
camera-mattarellum-1993-corrected,LIGURIA,14,MONTEROSSO AL MARE,whole,,247,MONTEROSSO AL MARE,1.0
camera-mattarellum-1993-corrected,LIGURIA,14,PORTOVENERE,whole,,247,PORTOVENERE,1.0
camera-mattarellum-1993-corrected,LIGURIA,14,RIOMAGGIORE,whole,,247,RIOMAGGIORE,1.0
camera-mattarellum-1993-corrected,LIGURIA,14,VERNAZZA,whole,,247,VERNAZZA,1.0
camera-mattarellum-1993-corrected,EMILIA-ROMAGNA,1,BELLARIA-IGEA MARINA,whole,,248,BELLARITA-I1IGEA MARINA,0.857
camera-mattarellum-1993-corrected,EMILIA-ROMAGNA,1,POGGIO BERNI,whole,,248,POGGIO BERNI,1.0
camera-mattarellum-1993-corrected,EMILIA-ROMAGNA,1,RIMINI,zone,CENTRO STORICO - SAN GIULIANO,248,RN € CENTRO STORICO - SAN GIULIANO ),1.0
camera-mattarellum-1993-corrected,EMILIA-ROMAGNA,1,RIMINI,zone,BORGO XX SETTEHBRE - LAGOMAGGI1IO,248,€ BORGO XX SETTEHBRE - LAGOMAGGI1IO),1.0
camera-mattarellum-1993-corrected,EMILIA-ROMAGNA,1,RIMINI,zone,BORGO HAZZINI - INA CASA - VERGTANO CORP,248,{ BORGO HAZZINI - INA CASA - VERGTANO CORP.),1.0
camera-mattarellum-1993-corrected,EMILIA-ROMAGNA,1,RIMINI,zone,CELLE - VISERBA - S. VITO - S. GIUSTINA,248,{ CELLE - VISERBA - S. VITO - S. GIUSTINA),1.0
camera-mattarellum-1993-corrected,EMILIA-ROMAGNA,1,SANTARCANGELO DI ROMAGNA,whole,,248,SANTARCANGELO DI ROMAGNA,1.0
camera-mattarellum-1993-corrected,EMILIA-ROMAGNA,1,TORRIANA,whole,,248,TORRIANA,1.0
camera-mattarellum-1993-corrected,EMILIA-ROMAGNA,1,VERUCCHIO,whole,,248,VERUCCHIQ,0.889
camera-mattarellum-1993-corrected,EMILIA-ROMAGNA,2,CATTOLICA,whole,,248,CATTOLICA,1.0
camera-mattarellum-1993-corrected,EMILIA-ROMAGNA,2,CORIANO,whole,,248,CORTANO,0.857
camera-mattarellum-1993-corrected,EMILIA-ROMAGNA,2,GEMMANO,whole,,248,GE MMANO,1.0
camera-mattarellum-1993-corrected,EMILIA-ROMAGNA,2,MISANO ADRIATICO,whole,,248,MISANO ADRIATICO,1.0
camera-mattarellum-1993-corrected,EMILIA-ROMAGNA,2,MONDAINO,whole,,248,HONDA TINO,0.889
camera-mattarellum-1993-corrected,EMILIA-ROMAGNA,2,MONTE COLOMBO,whole,,248,HONTE COLGHBO,0.917
camera-mattarellum-1993-corrected,EMILIA-ROMAGNA,2,MONTEFIORE CONCA,whole,,248,HONTEFIORE CONCA,1.0
camera-mattarellum-1993-corrected,EMILIA-ROMAGNA,2,MONTEGRIDOLFO,whole,,248,MONTEGR 1DOLFO,1.0
camera-mattarellum-1993-corrected,EMILIA-ROMAGNA,2,MONTESCUDO,whole,,248,HQNTE SCUDO,0.9
camera-mattarellum-1993-corrected,EMILIA-ROMAGNA,2,MORCIANO DI ROMAGNA,whole,,248,HORCIANO DI ROMAGNA,1.0
camera-mattarellum-1993-corrected,EMILIA-ROMAGNA,2,RICCIONE,whole,,248,RICCIONE,1.0
camera-mattarellum-1993-corrected,EMILIA-ROMAGNA,2,RIMINI,zone,BELLARIVA - MIRAMARE,248,RN € BELLARIVA - MIRAMARE ),1.0
camera-mattarellum-1993-corrected,EMILIA-ROMAGNA,2,RIMINI,zone,AUSA - GROTTA ROSSA - GAGLIOFANA,248,€ AUSA - GROTTA ROSSA - GAGLIOFANA),1.0
camera-mattarellum-1993-corrected,EMILIA-ROMAGNA,2,SALUDECIO,whole,,248,SALUDECIO,1.0
camera-mattarellum-1993-corrected,EMILIA-ROMAGNA,2,SAN CLEMENTE,whole,,248,SAN CLENENTE,0.909
camera-mattarellum-1993-corrected,EMILIA-ROMAGNA,2,SAN GIOVANNI IN MARIGNANO,whole,,248,SAN GIOVANNI IN HARIGNARNO,0.957
camera-mattarellum-1993-corrected,EMILIA-ROMAGNA,3,FORLI',whole,,248,FORLI*,1.0
camera-mattarellum-1993-corrected,EMILIA-ROMAGNA,3,FORLIMPOPOLI,whole,,248,FORLIMPOPOLI,1.0
camera-mattarellum-1993-corrected,EMILIA-ROMAGNA,4,CESENA,whole,,248,CESENA,1.0
camera-mattarellum-1993-corrected,EMILIA-ROMAGNA,4,CESENATICO,whole,,248,CESENATICO,1.0
camera-mattarellum-1993-corrected,EMILIA-ROMAGNA,4,GATTEO,whole,,248,GATTEO,1.0
camera-mattarellum-1993-corrected,EMILIA-ROMAGNA,5,BAGNO DI ROMAGNA,whole,,248,BAGNO DI ROMAGNA,1.0
camera-mattarellum-1993-corrected,EMILIA-ROMAGNA,5,BERTINORO,whole,,248,BERTINORO,1.0
camera-mattarellum-1993-corrected,EMILIA-ROMAGNA,5,BORGHI,whole,,248,BORGHI,1.0
camera-mattarellum-1993-corrected,EMILIA-ROMAGNA,5,CASTROCARO TERME E TERRA DEL SOLE,whole,,248,CASTROCARO TERME E TERRA DEL SOLE,1.0
camera-mattarellum-1993-corrected,EMILIA-ROMAGNA,5,CIVITELLA DI ROMAGNA,whole,,248,CIVITELLA DI ROMAGNA,1.0
camera-mattarellum-1993-corrected,EMILIA-ROMAGNA,5,DOVADOLA,whole,,248,BOVADOLA,0.875
camera-mattarellum-1993-corrected,EMILIA-ROMAGNA,5,GALEATA,whole,,248,GALEATA,1.0
camera-mattarellum-1993-corrected,EMILIA-ROMAGNA,5,GAMBETTOLA,whole,,248,GAMBE TTOLA,1.0
camera-mattarellum-1993-corrected,EMILIA-ROMAGNA,5,LONGIANO,whole,,248,LONGIANO,1.0
camera-mattarellum-1993-corrected,EMILIA-ROMAGNA,5,MELDOLA,whole,,248,MELDOLA,1.0
camera-mattarellum-1993-corrected,EMILIA-ROMAGNA,5,MERCATO SARACENO,whole,,248,MERCATO SARACENO,1.0
camera-mattarellum-1993-corrected,EMILIA-ROMAGNA,5,MODIGLIANA,whole,,248,MODIGLIANA,1.0
camera-mattarellum-1993-corrected,EMILIA-ROMAGNA,5,MONTIANO,whole,,248,MONTIANO,1.0
camera-mattarellum-1993-corrected,EMILIA-ROMAGNA,5,PORTICO E SAN BENEDETTO,whole,,248,PORTICO E SAN BENEDETTO,1.0
camera-mattarellum-1993-corrected,EMILIA-ROMAGNA,5,PREDAPPIO,whole,,248,PREDAPPIO,1.0
camera-mattarellum-1993-corrected,EMILIA-ROMAGNA,5,PREMILCUORE,whole,,248,PREMILCUORE,1.0
camera-mattarellum-1993-corrected,EMILIA-ROMAGNA,5,ROCCA SAN CASCIANO,whole,,248,ROCCA SAN CASCIANO,1.0
camera-mattarellum-1993-corrected,EMILIA-ROMAGNA,5,RONCOFREDDO,whole,,248,RONCOFREQDO,0.909
camera-mattarellum-1993-corrected,EMILIA-ROMAGNA,5,SAN MAURO PASCOLI,whole,,248,SAN MAURO PASCOLI,1.0
camera-mattarellum-1993-corrected,EMILIA-ROMAGNA,5,SANTA SOFIA,whole,,248,SANTA SOFIA,1.0
camera-mattarellum-1993-corrected,EMILIA-ROMAGNA,5,SARSINA,whole,,249,SARSINA,1.0
camera-mattarellum-1993-corrected,EMILIA-ROMAGNA,5,SAVIGNANO SUL RUBICONE,whole,,249,SAVIGNANO SUL RUBICONE,1.0
camera-mattarellum-1993-corrected,EMILIA-ROMAGNA,5,SOGLIANO AL RUBICONE,whole,,249,SOGLIANO AL RUBICONE,1.0
camera-mattarellum-1993-corrected,EMILIA-ROMAGNA,5,TREDOZIO,whole,,249,TREDOZIO,1.0
camera-mattarellum-1993-corrected,EMILIA-ROMAGNA,5,VERGHERETO,whole,,249,VERGHERETO,1.0
camera-mattarellum-1993-corrected,EMILIA-ROMAGNA,6,CERVIA,whole,,249,CERVIA,1.0
camera-mattarellum-1993-corrected,EMILIA-ROMAGNA,6,RAVENNA,zone,CENTRO STORICO ò,249,( RA-CENTRO STORICO ò,1.0
camera-mattarellum-1993-corrected,EMILIA-ROMAGNA,6,RAVENNA,zone,S.BZIAGIO,249,{ RA-S.BZIAGIO 3,1.0
camera-mattarellum-1993-corrected,EMILIA-ROMAGNA,6,RAVENNA,zone,PORTA NUOVA-FIUMI U,249,( RA-PORTA NUOVA-FIUMI U },1.0
camera-mattarellum-1993-corrected,EMILIA-ROMAGNA,6,RAVENNA,zone,DARSCNA,249,T RA-DARSCNA 3,1.0
camera-mattarellum-1993-corrected,EMILIA-ROMAGNA,6,RAVENNA,zone,ANIC-S.VITTORE,249,( RA-ANIC-S.VITTORE ),1.0
camera-mattarellum-1993-corrected,EMILIA-ROMAGNA,6,RAVENNA,zone,CASTIGLIONE »?,249,(€ RA-CASTIGLIONE »?,1.0
camera-mattarellum-1993-corrected,EMILIA-ROMAGNA,6,RAVENNA,zone,MARINA DI RAVENNA,249,{ RA-MARINA DI RAVENNA ),1.0
camera-mattarellum-1993-corrected,EMILIA-ROMAGNA,7,BAGNACAVALLO,whole,,249,BAGNACAVALLO,1.0
camera-mattarellum-1993-corrected,EMILIA-ROMAGNA,7,BAGNARA DI ROMAGNA,whole,,249,BAGNARA DI ROMAGNA,1.0
camera-mattarellum-1993-corrected,EMILIA-ROMAGNA,7,BRISIGHELLA,whole,,249,BRISIGHELLA,1.0
camera-mattarellum-1993-corrected,EMILIA-ROMAGNA,7,CASOLA VALSENIO,whole,,249,CASOLA VALSENIO,1.0
camera-mattarellum-1993-corrected,EMILIA-ROMAGNA,7,CASTEL BOLOGNESE,whole,,249,CASTEL BOLOGNESE,1.0
camera-mattarellum-1993-corrected,EMILIA-ROMAGNA,7,COTIGNOLA,whole,,249,COTI1GNOLA,0.9
camera-mattarellum-1993-corrected,EMILIA-ROMAGNA,7,FAENZA,whole,,249,FAENZA,1.0
camera-mattarellum-1993-corrected,EMILIA-ROMAGNA,7,RIOLO TERME,whole,,249,RIOLO TERME,1.0
camera-mattarellum-1993-corrected,EMILIA-ROMAGNA,7,RUSSI,whole,,249,RUSSI,1.0
camera-mattarellum-1993-corrected,EMILIA-ROMAGNA,7,SOLAROLO,whole,,249,SOLAROLO,1.0
camera-mattarellum-1993-corrected,EMILIA-ROMAGNA,8,ALFONSINE,whole,,249,ALFONSINE,1.0
camera-mattarellum-1993-corrected,EMILIA-ROMAGNA,8,CONSELICE,whole,,249,CONSEL ICE,1.0
camera-mattarellum-1993-corrected,EMILIA-ROMAGNA,8,FUSIGNANO,whole,,249,FUSIGNANO,1.0
camera-mattarellum-1993-corrected,EMILIA-ROMAGNA,8,LUGO,whole,,249,LUSO,0.75
camera-mattarellum-1993-corrected,EMILIA-ROMAGNA,8,MASSA LOMBARDA,whole,,249,HASSA LOMBARDA,1.0
camera-mattarellum-1993-corrected,EMILIA-ROMAGNA,8,RAVENNA,zone,S.ROCCO MONTONE,249,€ RA-S.ROCCO MONTONE 3,1.0
camera-mattarellum-1993-corrected,EMILIA-ROMAGNA,8,RAVENNA,zone,S.ALBERTO,249,{ RA-S.ALBERTO ),1.0
camera-mattarellum-1993-corrected,EMILIA-ROMAGNA,8,RAVENNA,zone,MEZZANO,249,{ RA-MEZZANO ?,1.0
camera-mattarellum-1993-corrected,EMILIA-ROMAGNA,8,RAVENNA,zone,PIANGIPANE,249,{ RA-PIANGIPANE },1.0
camera-mattarellum-1993-corrected,EMILIA-ROMAGNA,8,RAVENNA,zone,RONCALCECI,249,{ RA-RONCALCECI }ì,1.0
camera-mattarellum-1993-corrected,EMILIA-ROMAGNA,8,RAVENNA,zone,S.PIETRO IN VINCOLI,249,{ RA-S.PIETRO IN VINCOLI ),1.0
camera-mattarellum-1993-corrected,EMILIA-ROMAGNA,8,SANT'AGATA SUL SANTERNO,whole,,249,SANT'AGATA SUL SANTERNO,1.0
camera-mattarellum-1993-corrected,EMILIA-ROMAGNA,9,FERRARA,zone,CENTRO CITTADINO,249,(€ FE-CENTRO CITTADINO ),1.0
camera-mattarellum-1993-corrected,EMILIA-ROMAGNA,9,FERRARA,zone,GIARDINO-ARITANUOVA,249,€ FE-GIARDINO-ARITANUOVA- ),1.0
camera-mattarellum-1993-corrected,EMILIA-ROMAGNA,9,FERRARA,zone,VIA BOLOGNA,249,{( FE-VIA BOLOGNA ),1.0
camera-mattarellum-1993-corrected,EMILIA-ROMAGNA,9,FERRARA,zone,ZONA NORD-OVEST,249,( FE-ZONA NORD-OVEST ),1.0
camera-mattarellum-1993-corrected,EMILIA-ROMAGNA,9,FERRARA,zone,ZONA NORD,249,{ FE-ZONA NORD ),1.0
camera-mattarellum-1993-corrected,EMILIA-ROMAGNA,9,FERRARA,zone,20NA EST,249,€ FE-20NA EST ),1.0
camera-mattarellum-1993-corrected,EMILIA-ROMAGNA,9,FERRARA,zone,ZONA NORD-EST,249,{ FE-ZONA NORD-EST,1.0
camera-mattarellum-1993-corrected,EMILIA-ROMAGNA,10,BERRA,whole,,249,BERRA,1.0
camera-mattarellum-1993-corrected,EMILIA-ROMAGNA,10,CODIGORO,whole,,249,CODIGORO,1.0
camera-mattarellum-1993-corrected,EMILIA-ROMAGNA,10,COMACCHIO,whole,,249,COMACCHIO,1.0
camera-mattarellum-1993-corrected,EMILIA-ROMAGNA,10,COPPARO,whole,,249,COPPARO,1.0
camera-mattarellum-1993-corrected,EMILIA-ROMAGNA,10,FORMIGNANA,whole,,249,FORMIGNANA,1.0
camera-mattarellum-1993-corrected,EMILIA-ROMAGNA,10,IOLANDA DI SAVOIA,whole,,249,JOLANDA DI SAVOIA,0.933
camera-mattarellum-1993-corrected,EMILIA-ROMAGNA,10,LAGOSANTO,whole,,249,LAGOSANTO,1.0
camera-mattarellum-1993-corrected,EMILIA-ROMAGNA,10,MASI TORELLO,whole,,249,HASI TUORELLO,0.917
camera-mattarellum-1993-corrected,EMILIA-ROMAGNA,10,MASSAFISCAGLIA,whole,,249,MASSA FISCAGLIA,1.0
camera-mattarellum-1993-corrected,EMILIA-ROMAGNA,10,MESOLA,whole,,249,MESOLA,1.0
camera-mattarellum-1993-corrected,EMILIA-ROMAGNA,10,MIGLIARINO,whole,,249,NMNIGLIARINO,0.833
camera-mattarellum-1993-corrected,EMILIA-ROMAGNA,10,OSTELLATO,whole,,249,OSTELLATO,1.0
camera-mattarellum-1993-corrected,EMILIA-ROMAGNA,10,,whole,,250,RO,0.5
camera-mattarellum-1993-corrected,EMILIA-ROMAGNA,10,TRESIGALLO,whole,,250,TRESIGALLO,1.0
camera-mattarellum-1993-corrected,EMILIA-ROMAGNA,10,GORO,whole,,250,GORO,1.0
camera-mattarellum-1993-corrected,EMILIA-ROMAGNA,10,MIGLIARO,whole,,250,MIGLIARO,1.0
camera-mattarellum-1993-corrected,EMILIA-ROMAGNA,11,ARGENTA,whole,,250,ARGENTA,1.0
camera-mattarellum-1993-corrected,EMILIA-ROMAGNA,11,BONDENO,whole,,250,BONDENO,1.0
camera-mattarellum-1993-corrected,EMILIA-ROMAGNA,11,CENTO,whole,,250,CENTO,1.0
camera-mattarellum-1993-corrected,EMILIA-ROMAGNA,11,FERRARA,zone,ZONA SUD,250,{ FE-ZONA SUD ),1.0
camera-mattarellum-1993-corrected,EMILIA-ROMAGNA,11,MIRABELLO,whole,,250,MIRABELLO,1.0
camera-mattarellum-1993-corrected,EMILIA-ROMAGNA,11,POGGIO RENATICO,whole,,250,POGGIO RENATICO,1.0
camera-mattarellum-1993-corrected,EMILIA-ROMAGNA,11,PORTOMAGGIORE,whole,,250,PORTOMAGGIORE,1.0
camera-mattarellum-1993-corrected,EMILIA-ROMAGNA,11,SANT'AGOSTINO,whole,,250,SANT'AGOSTINO,1.0
camera-mattarellum-1993-corrected,EMILIA-ROMAGNA,11,VIGARANO MAINARDA,whole,,250,VIGARANO NMAINARDA,0.941
camera-mattarellum-1993-corrected,EMILIA-ROMAGNA,11,VOGHIERA,whole,,250,VYVOGHIERA,0.8
camera-mattarellum-1993-corrected,EMILIA-ROMAGNA,12,BOLOGNA,zone,G GALVANI,250,{ BO-G GALVANI ),1.0
camera-mattarellum-1993-corrected,EMILIA-ROMAGNA,12,BOLOGNA,zone,O MURRI,250,{ BO-O MURRI ),1.0
camera-mattarellum-1993-corrected,EMILIA-ROMAGNA,12,BOLOGNA,zone,T SAN VITALE,250,{ BO-T SAN VITALE 3,1.0
camera-mattarellum-1993-corrected,EMILIA-ROMAGNA,12,BOLOGNA,zone,N MAZZINI,250,{ BO-N MAZZINI >),1.0
camera-mattarellum-1993-corrected,EMILIA-ROMAGNA,13,BOLOGNA,zone,B BOLOGNINA,250,( BO-B BOLOGNINA >,1.0
camera-mattarellum-1993-corrected,EMILIA-ROMAGNA,13,BOLOGNA,zone,H4 MARCONI,250,€ BO-H4 MARCONI è,1.0
camera-mattarellum-1993-corrected,EMILIA-ROMAGNA,13,BOLOGNA,zone,Q SAN DONATO,250,{ BO-Q SAN DONATO >),1.0
camera-mattarellum-1993-corrected,EMILIA-ROMAGNA,13,BOLOGNA,zone,H IRNERIO,250,( 80-H IRNERIO >,1.0
camera-mattarellum-1993-corrected,EMILIA-ROMAGNA,13,BOLOGNA,zone,L MALPIGHI,250,€ BO-L MALPIGHI >,1.0
camera-mattarellum-1993-corrected,EMILIA-ROMAGNA,14,BOLOGNA,zone,C BORGO PANIGALE,250,CU BO-C BORGO PANIGALE >,1.0
camera-mattarellum-1993-corrected,EMILIA-ROMAGNA,14,BOLOGNA,zone,BO-£ CORTICELLA,250,{ BO-£ CORTICELLA ),1.0
camera-mattarellum-1993-corrected,EMILIA-ROMAGNA,14,BOLOGNA,zone,C BO-Î LAME,250,C BO-Î LAME >,1.0
camera-mattarellum-1993-corrected,EMILIA-ROMAGNA,14,BOLOGNA,zone,P SAFFI,250,( BO-P SAFFI ),1.0
camera-mattarellum-1993-corrected,EMILIA-ROMAGNA,14,BOLOGNA,zone,A BARCA,250,{ 80-A BARCA ),1.0
camera-mattarellum-1993-corrected,EMILIA-ROMAGNA,14,BOLOGNA,zone,S SANTA VIDLA,250,{ BO-S SANTA VIDLA ),1.0
camera-mattarellum-1993-corrected,EMILIA-ROMAGNA,15,BORGO TOSSIGNANO,whole,,250,BORGO TOSSITGNANO,0.938
camera-mattarellum-1993-corrected,EMILIA-ROMAGNA,15,CASALFIUMANESE,whole,,250,CASALF IUMANESE,1.0
camera-mattarellum-1993-corrected,EMILIA-ROMAGNA,15,CASTEL DEL RIO,whole,,250,CASTEL DEL RIO,1.0
camera-mattarellum-1993-corrected,EMILIA-ROMAGNA,15,CASTEL GUELFO DI BOLOGNA,whole,,250,CASTEL GUELFO DI BOLOGNA,1.0
camera-mattarellum-1993-corrected,EMILIA-ROMAGNA,15,CASTEL SAN PIETRO TERME,whole,,250,CASTEL SAN PIETRO TERME,1.0
camera-mattarellum-1993-corrected,EMILIA-ROMAGNA,15,DOZZA,whole,,250,DOZZA,1.0
camera-mattarellum-1993-corrected,EMILIA-ROMAGNA,15,FONTANELICE,whole,,250,FONTANEL ICE,1.0
camera-mattarellum-1993-corrected,EMILIA-ROMAGNA,15,IMOLA,whole,,250,IMOLA,1.0
camera-mattarellum-1993-corrected,EMILIA-ROMAGNA,15,MEDICINA,whole,,250,MEDICINA,1.0
camera-mattarellum-1993-corrected,EMILIA-ROMAGNA,15,MORDANO,whole,,250,BORDANO,0.857
camera-mattarellum-1993-corrected,EMILIA-ROMAGNA,16,BOLOGNA,zone,D COLLI 5,250,{ 80-D COLLI 5,1.0
camera-mattarellum-1993-corrected,EMILIA-ROMAGNA,16,BOLOGNA,zone,F COSTA-SARAGOZZA,250,{ 80-F COSTA-SARAGOZZA 2},1.0
camera-mattarellum-1993-corrected,EMILIA-ROMAGNA,16,BOLOGNA,zone,R SAN RUFFILLO,250,€ BO-R SAN RUFFILLO 2,1.0
camera-mattarellum-1993-corrected,EMILIA-ROMAGNA,16,CAMUGNANO,whole,,250,CAMUGNANO,1.0
camera-mattarellum-1993-corrected,EMILIA-ROMAGNA,16,CASTIGLIONE DEI PEPOLI,whole,,250,CASTIGLIONE DEI PEPOLI,1.0
camera-mattarellum-1993-corrected,EMILIA-ROMAGNA,16,GRIZZANA MORANDI,whole,,250,GRIZZANA MORANDI,1.0
camera-mattarellum-1993-corrected,EMILIA-ROMAGNA,16,LOIANO,whole,,250,LOTANO,0.833
camera-mattarellum-1993-corrected,EMILIA-ROMAGNA,16,MARZABOTTO,whole,,250,MARZABOTTO,1.0
camera-mattarellum-1993-corrected,EMILIA-ROMAGNA,16,MONZUNO,whole,,250,HONZUNO,1.0
camera-mattarellum-1993-corrected,EMILIA-ROMAGNA,16,PIANORO,whole,,250,PIANORO,1.0
camera-mattarellum-1993-corrected,EMILIA-ROMAGNA,16,SAN BENEDETTO VAL DI SAMBRO,whole,,250,SAN BENEDETTO VAL DI SAMBRO,1.0
camera-mattarellum-1993-corrected,EMILIA-ROMAGNA,16,SASSO MARCONI,whole,,250,SASSO MARCONI,1.0
camera-mattarellum-1993-corrected,EMILIA-ROMAGNA,17,ANZOLA DELL'EMILIA,whole,,251,ANZOLA DELL'EMILIA,1.0
camera-mattarellum-1993-corrected,EMILIA-ROMAGNA,17,BAZZANO,whole,,251,BAZZANO,1.0
camera-mattarellum-1993-corrected,EMILIA-ROMAGNA,17,CASALECCHIO DI RENO,whole,,251,CASALECCHIO DI RENO,1.0
camera-mattarellum-1993-corrected,EMILIA-ROMAGNA,17,CASTEL D'AIANO,whole,,251,CASTEL D'AIANO,1.0
camera-mattarellum-1993-corrected,EMILIA-ROMAGNA,17,CASTEL DI CASIO,whole,,251,CASTEL DI CASIO,1.0
camera-mattarellum-1993-corrected,EMILIA-ROMAGNA,17,CASTELLO DI SERRAVALLE,whole,,251,CASTELLO DI SERRAVALLE,1.0
camera-mattarellum-1993-corrected,EMILIA-ROMAGNA,17,CRESPELLANO,whole,,251,CRESPELLANO,1.0
camera-mattarellum-1993-corrected,EMILIA-ROMAGNA,17,GAGGIO MONTANO,whole,,251,GAGGIO MONTANO,1.0
camera-mattarellum-1993-corrected,EMILIA-ROMAGNA,17,GRANAGLIONE,whole,,251,GRANAGL 3 ONE,0.909
camera-mattarellum-1993-corrected,EMILIA-ROMAGNA,17,LIZZANO IN BELVEDERE,whole,,251,LIZZANO IN BELVEDERE,1.0
camera-mattarellum-1993-corrected,EMILIA-ROMAGNA,17,MONTE SAN PIETRO,whole,,251,MONTE SAN PIETRO,1.0
camera-mattarellum-1993-corrected,EMILIA-ROMAGNA,17,MONTEVEGLIO,whole,,251,MONTEVEGL IO,1.0
camera-mattarellum-1993-corrected,EMILIA-ROMAGNA,17,PORRETTA TERME,whole,,251,FORRETTA TERME,0.923
camera-mattarellum-1993-corrected,EMILIA-ROMAGNA,17,SAVIGNO,whole,,251,SAVIGNO,1.0
camera-mattarellum-1993-corrected,EMILIA-ROMAGNA,17,VERGATO,whole,,251,VERGATO,1.0
camera-mattarellum-1993-corrected,EMILIA-ROMAGNA,17,ZOLA PREDOSA,whole,,251,ZOLA PRE DOSA,1.0
camera-mattarellum-1993-corrected,EMILIA-ROMAGNA,18,ARGELATO,whole,,251,ARGELATO,1.0
camera-mattarellum-1993-corrected,EMILIA-ROMAGNA,18,BENTIVOGLIO,whole,,251,BENTIVOGLIO,1.0
camera-mattarellum-1993-corrected,EMILIA-ROMAGNA,18,CALDERARA DI RENO,whole,,251,CALDERARA DI RENO,1.0
camera-mattarellum-1993-corrected,EMILIA-ROMAGNA,18,CASTELLO D'ARGILE,whole,,251,CASTELLO D'ARGILE,1.0
camera-mattarellum-1993-corrected,EMILIA-ROMAGNA,18,CASTEL MAGGIORE,whole,,251,CASTEL MAGGIORE,1.0
camera-mattarellum-1993-corrected,EMILIA-ROMAGNA,18,CREVALCORE,whole,,251,CREVALCORE,1.0
camera-mattarellum-1993-corrected,EMILIA-ROMAGNA,18,GALLIERA,whole,,251,GALLIERA,1.0
camera-mattarellum-1993-corrected,EMILIA-ROMAGNA,18,PIEVE DI CENTO,whole,,251,PIEVE DI CENTO,1.0
camera-mattarellum-1993-corrected,EMILIA-ROMAGNA,18,SALA BOLOGNESE,whole,,251,SALA BOLOGNESE,1.0
camera-mattarellum-1993-corrected,EMILIA-ROMAGNA,18,SAN GIORGIO DI PIANO,whole,,251,SAN GIORGIO DI PIANO,1.0
camera-mattarellum-1993-corrected,EMILIA-ROMAGNA,18,SAN GIOVANNI IN PERSICETO,whole,,251,SAN GIOVANNI IN PERSICETO,1.0
camera-mattarellum-1993-corrected,EMILIA-ROMAGNA,18,SAN PIETRO IN CASALE,whole,,251,SAN PIETRO IN CASALE,1.0
camera-mattarellum-1993-corrected,EMILIA-ROMAGNA,18,SANT'AGATA BOLOGNESE,whole,,251,SANT'AGATA BOLOGNESE,1.0
camera-mattarellum-1993-corrected,EMILIA-ROMAGNA,19,BARICELLA,whole,,251,BARICELLA,1.0
camera-mattarellum-1993-corrected,EMILIA-ROMAGNA,19,BUDRIO,whole,,251,BUDRIO,1.0
camera-mattarellum-1993-corrected,EMILIA-ROMAGNA,19,CASTENASO,whole,,251,CASTENASO,1.0
camera-mattarellum-1993-corrected,EMILIA-ROMAGNA,19,GRANAROLO DELL'EMILIA,whole,,251,GRANAROULO DELL'EMILIA,0.95
camera-mattarellum-1993-corrected,EMILIA-ROMAGNA,19,MALALBERGO,whole,,251,MALAL BERGO,1.0
camera-mattarellum-1993-corrected,EMILIA-ROMAGNA,19,MINERBIO,whole,,251,MINERBIO,1.0
camera-mattarellum-1993-corrected,EMILIA-ROMAGNA,19,MOLINELLA,whole,,251,MOL INELLA,1.0
camera-mattarellum-1993-corrected,EMILIA-ROMAGNA,19,MONGHIDORO,whole,,251,MHONGHIDORO,0.909
camera-mattarellum-1993-corrected,EMILIA-ROMAGNA,19,MONTERENZIO,whole,,251,MONTERENZIO,1.0
camera-mattarellum-1993-corrected,EMILIA-ROMAGNA,19,OZZANO DELL'EMILIA,whole,,251,OZZANO DELL'EMILIA,1.0
camera-mattarellum-1993-corrected,EMILIA-ROMAGNA,19,SAN LAZZARO DI SAVENA,whole,,251,SAN LAZZARO DI SAVENA,1.0
camera-mattarellum-1993-corrected,EMILIA-ROMAGNA,20,MODENA,zone,CIRC.1,251,( MODENA-CIRC.1 }ì,1.0
camera-mattarellum-1993-corrected,EMILIA-ROMAGNA,20,MODENA,zone,CIRC.3,251,{ MODENA-CIRC.3 ),1.0
camera-mattarellum-1993-corrected,EMILIA-ROMAGNA,20,MODENA,zone,CIRC.4,251,{ MODENA-CIRC.4 },1.0
camera-mattarellum-1993-corrected,EMILIA-ROMAGNA,20,MODENA,zone,CIRC.5,251,CC MODENA-CIRC.5 ),1.0
camera-mattarellum-1993-corrected,EMILIA-ROMAGNA,20,MODENA,zone,CIRC.6,251,( MODENA-CIRC.6 I,1.0
camera-mattarellum-1993-corrected,EMILIA-ROMAGNA,21,BASTIGLIA,whole,,251,BASTIGLIA,1.0
camera-mattarellum-1993-corrected,EMILIA-ROMAGNA,21,BOMPORTO,whole,,251,BOMPORTO,1.0
camera-mattarellum-1993-corrected,EMILIA-ROMAGNA,21,CAMPOSANTO,whole,,251,CAMPOSANTO,1.0
camera-mattarellum-1993-corrected,EMILIA-ROMAGNA,21,CASTELFRANCO EMILIA,whole,,251,CASTELFRANCO EMILIA,1.0
camera-mattarellum-1993-corrected,EMILIA-ROMAGNA,21,CONCORDIA SULLA SECCHIA,whole,,251,CONCORDIA SULLA SECCHIA,1.0
camera-mattarellum-1993-corrected,EMILIA-ROMAGNA,21,FINALE EMILIA,whole,,251,FINALE EMILIA,1.0
camera-mattarellum-1993-corrected,EMILIA-ROMAGNA,21,MEDOLLA,whole,,251,MEDOLLA,1.0
camera-mattarellum-1993-corrected,EMILIA-ROMAGNA,21,MIRANDOLA,whole,,251,HIRANDULA,0.889
camera-mattarellum-1993-corrected,EMILIA-ROMAGNA,21,NONANTOLA,whole,,251,NONANTOLA,1.0
camera-mattarellum-1993-corrected,EMILIA-ROMAGNA,21,RAVARINO,whole,,251,RAVAR TINO,0.889
camera-mattarellum-1993-corrected,EMILIA-ROMAGNA,21,SAN CESARIO SUL PANARO,whole,,251,SAN CESARITO SUL PANARO,0.95
camera-mattarellum-1993-corrected,EMILIA-ROMAGNA,21,SAN FELICE SUL PANARO,whole,,251,SAN FELICE SUL PANARO,1.0
camera-mattarellum-1993-corrected,EMILIA-ROMAGNA,21,SAN POSSIDONIO,whole,,252,SAN POSSIDONIO,1.0
camera-mattarellum-1993-corrected,EMILIA-ROMAGNA,21,SAN PROSPERO,whole,,252,SAN PROSPERO,1.0
camera-mattarellum-1993-corrected,EMILIA-ROMAGNA,22,CASTELNUOVO RANGONE,whole,,252,CASTELNUOVO RANGONE,1.0
camera-mattarellum-1993-corrected,EMILIA-ROMAGNA,22,CASTELVETRO DI MODENA,whole,,252,CASTELVETRO DI MODENA,1.0
camera-mattarellum-1993-corrected,EMILIA-ROMAGNA,22,FANANO,whole,,252,F ANANO,1.0
camera-mattarellum-1993-corrected,EMILIA-ROMAGNA,22,FIUMALBO,whole,,252,FIUMALBO,1.0
camera-mattarellum-1993-corrected,EMILIA-ROMAGNA,22,FRASSINORO,whole,,252,FRASSINORO,1.0
camera-mattarellum-1993-corrected,EMILIA-ROMAGNA,22,GUIGLIA,whole,,252,GSUIGLIA,0.875
camera-mattarellum-1993-corrected,EMILIA-ROMAGNA,22,LAMA MOCOGNO,whole,,252,LAMA MOCOGNO,1.0
camera-mattarellum-1993-corrected,EMILIA-ROMAGNA,22,MARANELLO,whole,,252,MARANELLO,1.0
camera-mattarellum-1993-corrected,EMILIA-ROMAGNA,22,MARANO SUL PANARO,whole,,252,MARANO SUL PANARU,0.933
camera-mattarellum-1993-corrected,EMILIA-ROMAGNA,22,MONTECRETO,whole,,252,HONTECRE TO,1.0
camera-mattarellum-1993-corrected,EMILIA-ROMAGNA,22,MONTEFIORINO,whole,,252,MONTEF IO0RINO,0.923
camera-mattarellum-1993-corrected,EMILIA-ROMAGNA,22,MONTESE,whole,,252,HMONTESE,0.875
camera-mattarellum-1993-corrected,EMILIA-ROMAGNA,22,PALAGANO,whole,,252,PALAGANO,1.0
camera-mattarellum-1993-corrected,EMILIA-ROMAGNA,22,PAVULLO NEL FRIGNANO,whole,,252,PAVULLO NEL FRIGNANO,1.0
camera-mattarellum-1993-corrected,EMILIA-ROMAGNA,22,PIEVEPELAGO,whole,,252,PIEVEPELAGO,1.0
camera-mattarellum-1993-corrected,EMILIA-ROMAGNA,22,POLINAGO,whole,,252,POLINAGO,1.0
camera-mattarellum-1993-corrected,EMILIA-ROMAGNA,22,PRIGNANO SULLA SECCHIA,whole,,252,PRIGNANO SULLA SECCHIA,1.0
camera-mattarellum-1993-corrected,EMILIA-ROMAGNA,22,RIOLUNATO,whole,,252,RIOLUNATO,1.0
camera-mattarellum-1993-corrected,EMILIA-ROMAGNA,22,SAVIGNANO SUL PANARO,whole,,252,SAVIGNANO SUL PANARO,1.0
camera-mattarellum-1993-corrected,EMILIA-ROMAGNA,22,SERRAMAZZONI,whole,,252,SERRAMAZZONI,1.0
camera-mattarellum-1993-corrected,EMILIA-ROMAGNA,22,SESTOLA,whole,,252,SESTOLA,1.0
camera-mattarellum-1993-corrected,EMILIA-ROMAGNA,22,SPILAMBERTO,whole,,252,SPILAMBERTO,1.0
camera-mattarellum-1993-corrected,EMILIA-ROMAGNA,22,VIGNOLA,whole,,252,VIGNOLA,1.0
camera-mattarellum-1993-corrected,EMILIA-ROMAGNA,22,ZOCCA,whole,,252,ZOCCA,1.0
camera-mattarellum-1993-corrected,EMILIA-ROMAGNA,23,FIORANO MODENESE,whole,,252,FIORANO HODENESE,1.0
camera-mattarellum-1993-corrected,EMILIA-ROMAGNA,23,FORMIGINE,whole,,252,FORMIGINE,1.0
camera-mattarellum-1993-corrected,EMILIA-ROMAGNA,23,MODENA,zone,CIRC.2,252,€ MODENA-CIRC.2 },1.0
camera-mattarellum-1993-corrected,EMILIA-ROMAGNA,23,MODENA,zone,CIRC.7,252,€ MODENA-CIRC.7 },1.0
camera-mattarellum-1993-corrected,EMILIA-ROMAGNA,23,SASSUOLO,whole,,252,SASSUOLO,1.0
camera-mattarellum-1993-corrected,EMILIA-ROMAGNA,24,CORREGGIO,whole,,252,CORREGGIO,1.0
camera-mattarellum-1993-corrected,EMILIA-ROMAGNA,24,RUBIERA,whole,,252,RUBIERA,1.0
camera-mattarellum-1993-corrected,EMILIA-ROMAGNA,24,SAN MARTINO IN RIO,whole,,252,SAN MARTINO IN Rio,1.0
camera-mattarellum-1993-corrected,EMILIA-ROMAGNA,24,CAMPOGALLIANO,whole,,252,CAMPOGALLIANO,1.0
camera-mattarellum-1993-corrected,EMILIA-ROMAGNA,24,CARPI,whole,,252,CARPI,1.0
camera-mattarellum-1993-corrected,EMILIA-ROMAGNA,24,CAVEZZO,whole,,252,CAVEZZO,1.0
camera-mattarellum-1993-corrected,EMILIA-ROMAGNA,24,NOVI DI MODENA,whole,,252,NOVI DI HODENA,1.0
camera-mattarellum-1993-corrected,EMILIA-ROMAGNA,24,SOLIERA,whole,,252,SOL TERA,0.857
camera-mattarellum-1993-corrected,EMILIA-ROMAGNA,25,REGGIO NELL'EMILIA,whole,,252,REGGIO NELL'EMILIA,1.0
camera-mattarellum-1993-corrected,EMILIA-ROMAGNA,26,BAGNOLO IN PIANO,whole,,252,BAGNOLO IN PIANO,1.0
camera-mattarellum-1993-corrected,EMILIA-ROMAGNA,26,BORETTO,whole,,252,BORETTO,1.0
camera-mattarellum-1993-corrected,EMILIA-ROMAGNA,26,BRESCELLO,whole,,252,BRESCELLO,1.0
camera-mattarellum-1993-corrected,EMILIA-ROMAGNA,26,CADELBOSCO DI SOPRA,whole,,252,CADELBOSCO DI SOPRA,1.0
camera-mattarellum-1993-corrected,EMILIA-ROMAGNA,26,CAMPAGNOLA EMILIA,whole,,252,CAMPAGNOLA EMILIA,1.0
camera-mattarellum-1993-corrected,EMILIA-ROMAGNA,26,CAMPEGINE,whole,,252,CAHPEGINE,1.0
camera-mattarellum-1993-corrected,EMILIA-ROMAGNA,26,CASTELNOVO DI SOTTO,whole,,252,CASTELNOVO DI SOTTO,1.0
camera-mattarellum-1993-corrected,EMILIA-ROMAGNA,26,FABBRICO,whole,,252,FABBRICO,1.0
camera-mattarellum-1993-corrected,EMILIA-ROMAGNA,26,GATTATICO,whole,,252,SATTATICO,0.889
camera-mattarellum-1993-corrected,EMILIA-ROMAGNA,26,GUALTIERI,whole,,252,GUALTIERI,1.0
camera-mattarellum-1993-corrected,EMILIA-ROMAGNA,26,GUASTALLA,whole,,252,GUASTALLA,1.0
camera-mattarellum-1993-corrected,EMILIA-ROMAGNA,26,LUZZARA,whole,,252,LUZZARA,1.0
camera-mattarellum-1993-corrected,EMILIA-ROMAGNA,26,MONTECCHIO EMILIA,whole,,252,NONTECCHIO EMILIA,0.938
camera-mattarellum-1993-corrected,EMILIA-ROMAGNA,26,NOVELLARA,whole,,252,NOVELLARA,1.0
camera-mattarellum-1993-corrected,EMILIA-ROMAGNA,26,POVIGLIO,whole,,253,POVIGLIO,1.0
camera-mattarellum-1993-corrected,EMILIA-ROMAGNA,26,REGGIOLO,whole,,253,REGGIOLO,1.0
camera-mattarellum-1993-corrected,EMILIA-ROMAGNA,26,RIO SALICETO,whole,,253,RIO SALICETO,1.0
camera-mattarellum-1993-corrected,EMILIA-ROMAGNA,26,ROLO,whole,,253,ROLO,1.0
camera-mattarellum-1993-corrected,EMILIA-ROMAGNA,26,SANT'ILARIO D'ENZA,whole,,253,SANT'ILARIO D'ENZA,1.0
camera-mattarellum-1993-corrected,EMILIA-ROMAGNA,27,ALBINEA,whole,,253,ALBINEA,1.0
camera-mattarellum-1993-corrected,EMILIA-ROMAGNA,27,BAISO,whole,,253,BAISO,1.0
camera-mattarellum-1993-corrected,EMILIA-ROMAGNA,27,BIBBIANO,whole,,253,B1BBIANO,1.0
camera-mattarellum-1993-corrected,EMILIA-ROMAGNA,27,BUSANA,whole,,253,BUSANA,1.0
camera-mattarellum-1993-corrected,EMILIA-ROMAGNA,27,CARPINETI,whole,,253,CARPINETI,1.0
camera-mattarellum-1993-corrected,EMILIA-ROMAGNA,27,CASALGRANDE,whole,,253,CASAL GRANDE,1.0
camera-mattarellum-1993-corrected,EMILIA-ROMAGNA,27,CASINA,whole,,253,CASINA,1.0
camera-mattarellum-1993-corrected,EMILIA-ROMAGNA,27,CASTELLARANO,whole,,253,CASTELLARANO,1.0
camera-mattarellum-1993-corrected,EMILIA-ROMAGNA,27,CASTELNOVO NE' MONTI,whole,,253,CASTELNOYO NE *NMONTI,0.889
camera-mattarellum-1993-corrected,EMILIA-ROMAGNA,27,CAVRIAGO,whole,,253,CAVRIAGO,1.0
camera-mattarellum-1993-corrected,EMILIA-ROMAGNA,27,CANOSSA,whole,,253,CANOSSA,1.0
camera-mattarellum-1993-corrected,EMILIA-ROMAGNA,27,COLLAGNA,whole,,253,COLLAGNA,1.0
camera-mattarellum-1993-corrected,EMILIA-ROMAGNA,27,LIGONCHIO,whole,,253,LIGONCHIO,1.0
camera-mattarellum-1993-corrected,EMILIA-ROMAGNA,27,QUATTRO CASTELLA,whole,,253,QUATTRO CASTELLA,1.0
camera-mattarellum-1993-corrected,EMILIA-ROMAGNA,27,RAMISETO,whole,,253,RAMISE TO,1.0
camera-mattarellum-1993-corrected,EMILIA-ROMAGNA,27,SAN POLO D'ENZA,whole,,253,SAN POLO OD'ENZA,0.923
camera-mattarellum-1993-corrected,EMILIA-ROMAGNA,27,SCANDIANO,whole,,253,SCANDIANO,1.0
camera-mattarellum-1993-corrected,EMILIA-ROMAGNA,27,TOANO,whole,,253,TOANO,1.0
camera-mattarellum-1993-corrected,EMILIA-ROMAGNA,27,VETTO,whole,,253,VETTO,1.0
camera-mattarellum-1993-corrected,EMILIA-ROMAGNA,27,VEZZANO SUL CROSTOLO,whole,,253,VEZZANO SUL CROSTOLO,1.0
camera-mattarellum-1993-corrected,EMILIA-ROMAGNA,27,VIANO,whole,,253,VIANO,1.0
camera-mattarellum-1993-corrected,EMILIA-ROMAGNA,27,VILLA MINOZZO,whole,,253,VILLA MINOZZO,1.0
camera-mattarellum-1993-corrected,EMILIA-ROMAGNA,28,PARMA,zone,CIRC.1,253,{ PARMA-CIRC.1 ),1.0
camera-mattarellum-1993-corrected,EMILIA-ROMAGNA,28,PARMA,zone,CIRC.2,253,( PARMA-CIRC.2 ),1.0
camera-mattarellum-1993-corrected,EMILIA-ROMAGNA,28,PARMA,zone,CIRC.3,253,{€ PARMA-CIRC.3 ),1.0
camera-mattarellum-1993-corrected,EMILIA-ROMAGNA,28,PARMA,zone,"CIRC,.G4",253,"{ PARMA-CIRC,.G4 )",1.0
camera-mattarellum-1993-corrected,EMILIA-ROMAGNA,28,PARMA,zone,CIRC.5,253,€ PARMA-CIRC.5 ),1.0
camera-mattarellum-1993-corrected,EMILIA-ROMAGNA,29,ALBARETO,whole,,253,AL BARE TO,1.0
camera-mattarellum-1993-corrected,EMILIA-ROMAGNA,29,BEDONIA,whole,,253,BEDONIA,1.0
camera-mattarellum-1993-corrected,EMILIA-ROMAGNA,29,BERCETO,whole,,253,BERCE TO,1.0
camera-mattarellum-1993-corrected,EMILIA-ROMAGNA,29,BORGO VAL DI TARO,whole,,253,BORGO VAL DI TARO,1.0
camera-mattarellum-1993-corrected,EMILIA-ROMAGNA,29,CALESTANO,whole,,253,CALESTANO,1.0
camera-mattarellum-1993-corrected,EMILIA-ROMAGNA,29,COLLECCHIO,whole,,253,COLLECCHIO,1.0
camera-mattarellum-1993-corrected,EMILIA-ROMAGNA,29,COMPIANO,whole,,253,COMP TANO,0.875
camera-mattarellum-1993-corrected,EMILIA-ROMAGNA,29,CORNIGLIO,whole,,253,CORNIGLIO,1.0
camera-mattarellum-1993-corrected,EMILIA-ROMAGNA,29,FELINO,whole,,253,FELINO,1.0
camera-mattarellum-1993-corrected,EMILIA-ROMAGNA,29,FORNOVO DI TARO,whole,,253,FORNOVO DI TARO,1.0
camera-mattarellum-1993-corrected,EMILIA-ROMAGNA,29,LANGHIRANO,whole,,253,LANGHIRANO,1.0
camera-mattarellum-1993-corrected,EMILIA-ROMAGNA,29,LESIGNANO DE' BAGNI,whole,,253,LESIGNANO DE * BAGNI,1.0
camera-mattarellum-1993-corrected,EMILIA-ROMAGNA,29,MONCHIO DELLE CORTI,whole,,253,MONCHIO DELLE CORTI,1.0
camera-mattarellum-1993-corrected,EMILIA-ROMAGNA,29,MONTECHIARUGOLO,whole,,253,HONTECHIARUGOLO,1.0
camera-mattarellum-1993-corrected,EMILIA-ROMAGNA,29,NEVIANO DEGLI ARDUINI,whole,,253,NEVIANO DEGLI ARDUINI,1.0
camera-mattarellum-1993-corrected,EMILIA-ROMAGNA,29,PALANZANO,whole,,253,PALANZANO,1.0
camera-mattarellum-1993-corrected,EMILIA-ROMAGNA,29,PARMA,zone,CIRC.é6 +,253,€ PARMA-CIRC.é6 +),1.0
camera-mattarellum-1993-corrected,EMILIA-ROMAGNA,29,PARMA,zone,CIRC.7,253,{( PARMA-CIRC.7 ),1.0
camera-mattarellum-1993-corrected,EMILIA-ROMAGNA,29,SALA BAGANZA,whole,,253,SALA BAGANZA,1.0
camera-mattarellum-1993-corrected,EMILIA-ROMAGNA,29,SOLIGNANO,whole,,253,SOL ÎGNANO,0.889
camera-mattarellum-1993-corrected,EMILIA-ROMAGNA,29,TERENZO,whole,,253,TERENZO,1.0
camera-mattarellum-1993-corrected,EMILIA-ROMAGNA,29,TIZZANO VAL PARMA,whole,,253,TIZZANO VAL PARMA,1.0
camera-mattarellum-1993-corrected,EMILIA-ROMAGNA,29,TORNOLO,whole,,253,TORNOLO,1.0
camera-mattarellum-1993-corrected,EMILIA-ROMAGNA,29,TRAVERSETOLO,whole,,253,TRAVERSETOLO,1.0
camera-mattarellum-1993-corrected,EMILIA-ROMAGNA,29,VALMOZZOLA,whole,,253,VALMOZZOLA,1.0
camera-mattarellum-1993-corrected,EMILIA-ROMAGNA,30,BARDI,whole,,254,BARDI,1.0
camera-mattarellum-1993-corrected,EMILIA-ROMAGNA,30,BORE,whole,,254,BORE,1.0
camera-mattarellum-1993-corrected,EMILIA-ROMAGNA,30,BUSSETO,whole,,254,BUSSETO,1.0
camera-mattarellum-1993-corrected,EMILIA-ROMAGNA,30,COLORNO,whole,,254,COLORNO,1.0
camera-mattarellum-1993-corrected,EMILIA-ROMAGNA,30,FIDENZA,whole,,254,FIDENZA,1.0
camera-mattarellum-1993-corrected,EMILIA-ROMAGNA,30,FONTANELLATO,whole,,254,FONTANELLATO,1.0
camera-mattarellum-1993-corrected,EMILIA-ROMAGNA,30,FONTEVIVO,whole,,254,FONTEVIVO,1.0
camera-mattarellum-1993-corrected,EMILIA-ROMAGNA,30,MEDESANO,whole,,254,ME DE SANO,1.0
camera-mattarellum-1993-corrected,EMILIA-ROMAGNA,30,MEZZANI,whole,,254,MEZZANI,1.0
camera-mattarellum-1993-corrected,EMILIA-ROMAGNA,30,NOCETO,whole,,254,NOCE TO,1.0
camera-mattarellum-1993-corrected,EMILIA-ROMAGNA,30,PELLEGRINO PARMENSE,whole,,254,FELLEGRINO PARMENSE,0.944
camera-mattarellum-1993-corrected,EMILIA-ROMAGNA,30,POLESINE PARMENSE,whole,,254,POLESINE PARMENSE,1.0
camera-mattarellum-1993-corrected,EMILIA-ROMAGNA,30,ROCCABIANCA,whole,,254,ROCCARBITANCA,0.846
camera-mattarellum-1993-corrected,EMILIA-ROMAGNA,30,SALSOMAGGIORE TERME,whole,,254,SALSOMAGGIORE TERME,1.0
camera-mattarellum-1993-corrected,EMILIA-ROMAGNA,30,SAN SECONDO PARMENSE,whole,,254,SAN SECONDO PARMENSE,1.0
camera-mattarellum-1993-corrected,EMILIA-ROMAGNA,30,SISSA,whole,,254,SISSA,1.0
camera-mattarellum-1993-corrected,EMILIA-ROMAGNA,30,SORAGNA,whole,,254,SOR AGNA,1.0
camera-mattarellum-1993-corrected,EMILIA-ROMAGNA,30,SORBOLO,whole,,254,SORBOLO,1.0
camera-mattarellum-1993-corrected,EMILIA-ROMAGNA,30,TORRILE,whole,,254,TORRILE,1.0
camera-mattarellum-1993-corrected,EMILIA-ROMAGNA,30,TRECASALI,whole,,254,TRECASALI,1.0
camera-mattarellum-1993-corrected,EMILIA-ROMAGNA,30,VARANO DE' MELEGARI,whole,,254,VARANO DE'*MELEGARI,1.0
camera-mattarellum-1993-corrected,EMILIA-ROMAGNA,30,VARSI,whole,,254,VARSI,1.0
camera-mattarellum-1993-corrected,EMILIA-ROMAGNA,30,ZIBELLO,whole,,254,ZiBELLO,1.0
camera-mattarellum-1993-corrected,EMILIA-ROMAGNA,31,CAORSO,whole,,254,CAORSO,1.0
camera-mattarellum-1993-corrected,EMILIA-ROMAGNA,31,GOSSOLENGO,whole,,254,GOSSOQOLENGO,0.833
camera-mattarellum-1993-corrected,EMILIA-ROMAGNA,31,PIACENZA,whole,,254,PIACENZA,1.0
camera-mattarellum-1993-corrected,EMILIA-ROMAGNA,31,PODENZANO,whole,,254,PODENZANO,1.0
camera-mattarellum-1993-corrected,EMILIA-ROMAGNA,31,PONTENURE,whole,,254,PONTENURE,1.0
camera-mattarellum-1993-corrected,EMILIA-ROMAGNA,31,RIVERGARO,whole,,254,RIVERGARO,1.0
camera-mattarellum-1993-corrected,EMILIA-ROMAGNA,31,SAN GIORGIO PIACENTINO,whole,,254,SAN GIORGIO PIACENTINO,1.0
camera-mattarellum-1993-corrected,EMILIA-ROMAGNA,31,VIGOLZONE,whole,,254,V1GOL ZONE,1.0
camera-mattarellum-1993-corrected,EMILIA-ROMAGNA,32,AGAZZANO,whole,,254,AGAZZANO,1.0
camera-mattarellum-1993-corrected,EMILIA-ROMAGNA,32,ALSENO,whole,,254,ALSENO,1.0
camera-mattarellum-1993-corrected,EMILIA-ROMAGNA,32,BESENZONE,whole,,254,BE SENZONE,1.0
camera-mattarellum-1993-corrected,EMILIA-ROMAGNA,32,BETTOLA,whole,,254,BETTOLA,1.0
camera-mattarellum-1993-corrected,EMILIA-ROMAGNA,32,BOBBIO,whole,,254,BORBIO,0.833
camera-mattarellum-1993-corrected,EMILIA-ROMAGNA,32,BORGONOVO VAL TIDONE,whole,,254,BORGONOVO VAL 7iDONE,0.944
camera-mattarellum-1993-corrected,EMILIA-ROMAGNA,32,CADEO,whole,,254,CADE,0.8
camera-mattarellum-1993-corrected,EMILIA-ROMAGNA,32,CALENDASCO,whole,,254,CALENDASCO,1.0
camera-mattarellum-1993-corrected,EMILIA-ROMAGNA,32,CAMINATA,whole,,254,CAMMINATA,0.889
camera-mattarellum-1993-corrected,EMILIA-ROMAGNA,32,CARPANETO PIACENTINO,whole,,254,CARPANETO PIACENTINO,1.0
camera-mattarellum-1993-corrected,EMILIA-ROMAGNA,32,CASTELL'ARQUATO,whole,,254,CASTELL'ARQUATO,1.0
camera-mattarellum-1993-corrected,EMILIA-ROMAGNA,32,CASTEL SAN GIOVANNI,whole,,254,CASTEL SAN GSIOVANNI,0.944
camera-mattarellum-1993-corrected,EMILIA-ROMAGNA,32,CASTELVETRO PIACENTINO,whole,,254,CASTELVETRO PIACENTINO,1.0
camera-mattarellum-1993-corrected,EMILIA-ROMAGNA,32,CERIGNALE,whole,,254,CERIGNALE,1.0
camera-mattarellum-1993-corrected,EMILIA-ROMAGNA,32,COLI,whole,,254,COLI,1.0
camera-mattarellum-1993-corrected,EMILIA-ROMAGNA,32,CORTE BRUGNATELLA,whole,,254,CORTE BRUGNATELLA,1.0
camera-mattarellum-1993-corrected,EMILIA-ROMAGNA,32,CORTEMAGGIORE,whole,,254,CORTEMAGGIORE,1.0
camera-mattarellum-1993-corrected,EMILIA-ROMAGNA,32,FARINI,whole,,254,FARINI,1.0
camera-mattarellum-1993-corrected,EMILIA-ROMAGNA,32,FERRIERE,whole,,254,FERRIERE,1.0
camera-mattarellum-1993-corrected,EMILIA-ROMAGNA,32,FIORENZUOLA D'ARDA,whole,,254,FIORENZUOLA D'ARDA,1.0
camera-mattarellum-1993-corrected,EMILIA-ROMAGNA,32,GAZZOLA,whole,,254,GAZZOLA,1.0
camera-mattarellum-1993-corrected,EMILIA-ROMAGNA,32,GRAGNANO TREBBIENSE,whole,,254,GRAGNANO TREBBIENSE,1.0
camera-mattarellum-1993-corrected,EMILIA-ROMAGNA,32,GROPPARELLO,whole,,254,G6ROPPARELLO,1.0
camera-mattarellum-1993-corrected,EMILIA-ROMAGNA,32,LUGAGNANO VAL D'ARDA,whole,,254,LUGAGNANO VAL D'’ARDA,1.0
camera-mattarellum-1993-corrected,EMILIA-ROMAGNA,32,MONTICELLI D'ONGINA,whole,,254,MONTICELLI D'ONGINA,1.0
camera-mattarellum-1993-corrected,EMILIA-ROMAGNA,32,MORFASSO,whole,,254,MORFASSO,1.0
camera-mattarellum-1993-corrected,EMILIA-ROMAGNA,32,NIBBIANO,whole,,254,NIBBIANO,1.0
camera-mattarellum-1993-corrected,EMILIA-ROMAGNA,32,OTTONE,whole,,254,OTTONE,1.0
camera-mattarellum-1993-corrected,EMILIA-ROMAGNA,32,PECORARA,whole,,254,PECORARA,1.0
camera-mattarellum-1993-corrected,EMILIA-ROMAGNA,32,PIANELLO VAL TIDONE,whole,,254,PIANELLO VAL TIDONE,1.0
camera-mattarellum-1993-corrected,EMILIA-ROMAGNA,32,PIOZZANO,whole,,254,PIOZZANO,1.0
camera-mattarellum-1993-corrected,EMILIA-ROMAGNA,32,PONTE DELL'OLIO,whole,,254,PONTE DELL'OLIO,1.0
camera-mattarellum-1993-corrected,EMILIA-ROMAGNA,32,ROTTOFRENO,whole,,255,ROTTOFRENO,1.0
camera-mattarellum-1993-corrected,EMILIA-ROMAGNA,32,SAN PIETRO IN CERRO,whole,,255,SAN PIETRO IN CERRO,1.0
camera-mattarellum-1993-corrected,EMILIA-ROMAGNA,32,SARMATO,whole,,255,SARMATO,1.0
camera-mattarellum-1993-corrected,EMILIA-ROMAGNA,32,TRAVO,whole,,255,TRAYVO,0.833
camera-mattarellum-1993-corrected,EMILIA-ROMAGNA,32,VERNASCA,whole,,255,VERNASCA,1.0
camera-mattarellum-1993-corrected,EMILIA-ROMAGNA,32,VILLANOVA SULL'ARDA,whole,,255,VILLANOVA SULL'ARDA,1.0
camera-mattarellum-1993-corrected,EMILIA-ROMAGNA,32,ZERBA,whole,,255,ZERBA,1.0
camera-mattarellum-1993-corrected,EMILIA-ROMAGNA,32,ZIANO PIACENTINO,whole,,255,ZIANO PIACENTINO,1.0
camera-mattarellum-1993-corrected,TOSCANA,1,,whole,,256,C FI EX-QUART.1 è,0.273
camera-mattarellum-1993-corrected,TOSCANA,1,FIRENZE,zone,EX-QUART.11,256,{ FI EX-QUART.11 ),1.0
camera-mattarellum-1993-corrected,TOSCANA,1,FIRENZE,zone,EX-QUART.12,256,{ F1 EX-QUART.12 ),1.0
camera-mattarellum-1993-corrected,TOSCANA,1,FIRENZE,zone,EX-QUART.13,256,{ FI EX-QUART.13 }),1.0
camera-mattarellum-1993-corrected,TOSCANA,2,,whole,,256,{ Fi EX-QUART.2 ),0.222
camera-mattarellum-1993-corrected,TOSCANA,2,FIRENZE,zone,EX-QUART.3,256,€ FI] EX-QUART.3 è,1.0
camera-mattarellum-1993-corrected,TOSCANA,2,FIRENZE,zone,EX-QUART.4,256,€ FI EX-QUART.4 ),1.0
camera-mattarellum-1993-corrected,TOSCANA,2,FIRENZE,zone,EX-QUART.5,256,{€ FI EX-QUART.5 ),1.0
camera-mattarellum-1993-corrected,TOSCANA,3,FIRENZE,zone,EX-QUART.&6,256,{ FI EX-QUART.&6 ),1.0
camera-mattarellum-1993-corrected,TOSCANA,3,FIRENZE,zone,EX-QUART.?7,256,( F1 EX-QUART.?7 I,1.0
camera-mattarellum-1993-corrected,TOSCANA,3,FIRENZE,zone,EX-QUART.B8,256,{ FE EX-QUART.B8 },1.0
camera-mattarellum-1993-corrected,TOSCANA,3,FIRENZE,zone,FÌ EX-QUART.9,256,CU FÌ EX-QUART.9 ),1.0
camera-mattarellum-1993-corrected,TOSCANA,3,FIRENZE,zone,EX-QUART.10,256,€ FI EX-QUART.10 >,1.0
camera-mattarellum-1993-corrected,TOSCANA,4,CAPRAIA E LIMITE,whole,,256,CAPRAIA E LIMITE,1.0
camera-mattarellum-1993-corrected,TOSCANA,4,LASTRA A SIGNA,whole,,256,LASTRA A SIGNA,1.0
camera-mattarellum-1993-corrected,TOSCANA,4,MONTELUPO FIORENTINO,whole,,256,MONTELUPO FIORENTINO,1.0
camera-mattarellum-1993-corrected,TOSCANA,4,SCANDICCI,whole,,256,SCANDICCI,1.0
camera-mattarellum-1993-corrected,TOSCANA,4,SIGNA,whole,,256,SIGNA,1.0
camera-mattarellum-1993-corrected,TOSCANA,4,VINCI,whole,,256,VINCI,1.0
camera-mattarellum-1993-corrected,TOSCANA,5,BARBERINO DI MUGELLO,whole,,256,PBARBERINO DI MUGELLO,0.947
camera-mattarellum-1993-corrected,TOSCANA,5,CALENZANO,whole,,256,CALENZANO,1.0
camera-mattarellum-1993-corrected,TOSCANA,5,CAMPI BISENZIO,whole,,256,CAMPI BISENZIO,1.0
camera-mattarellum-1993-corrected,TOSCANA,5,SESTO FIORENTINO,whole,,256,SESTO FIORENTINO,1.0
camera-mattarellum-1993-corrected,TOSCANA,5,VAGLIA,whole,,256,YAGLIA,0.833
camera-mattarellum-1993-corrected,TOSCANA,6,BORGO SAN LORENZO,whole,,256,BORGO SAN LORENZO,1.0
camera-mattarellum-1993-corrected,TOSCANA,6,DICOMANO,whole,,256,DICOMANO,1.0
camera-mattarellum-1993-corrected,TOSCANA,6,FIESOLE,whole,,256,FIESOLE,1.0
camera-mattarellum-1993-corrected,TOSCANA,6,FIRENZE,zone,EX-QUART.iG,256,{ FI EX-QUART.iG 2?,1.0
camera-mattarellum-1993-corrected,TOSCANA,6,FIRENZUOLA,whole,,256,FIRENZUOLA,1.0
camera-mattarellum-1993-corrected,TOSCANA,6,LONDA,whole,,256,LONDA,1.0
camera-mattarellum-1993-corrected,TOSCANA,6,MARRADI,whole,,256,HARRADI,1.0
camera-mattarellum-1993-corrected,TOSCANA,6,PALAZZUOLO SUL SENIO,whole,,256,PALAZZUOLO SUL SENIO,1.0
camera-mattarellum-1993-corrected,TOSCANA,6,PELAGO,whole,,256,PELAGO,1.0
camera-mattarellum-1993-corrected,TOSCANA,6,PONTASSIEVE,whole,,256,PONTASSIEVE,1.0
camera-mattarellum-1993-corrected,TOSCANA,6,RUFINA,whole,,256,RUF INA,1.0
camera-mattarellum-1993-corrected,TOSCANA,6,SAN GODENZO,whole,,256,SAN GODENZO,1.0
camera-mattarellum-1993-corrected,TOSCANA,6,SAN PIERO A SIEVE,whole,,256,SAN PIERO A SIEVE,1.0
camera-mattarellum-1993-corrected,TOSCANA,6,SCARPERIA,whole,,256,SCARPERIA,1.0
camera-mattarellum-1993-corrected,TOSCANA,6,VICCHIO,whole,,256,VICCHIO,1.0
camera-mattarellum-1993-corrected,TOSCANA,7,CASTELFIORENTINO,whole,,256,CASTELFIORENTINO,1.0
camera-mattarellum-1993-corrected,TOSCANA,7,CERRETO GUIDI,whole,,256,CERRETO GUIDI,1.0
camera-mattarellum-1993-corrected,TOSCANA,7,CERTALDO,whole,,256,CERTALDO,1.0
camera-mattarellum-1993-corrected,TOSCANA,7,EMPOLI,whole,,256,EMPOLI,1.0
camera-mattarellum-1993-corrected,TOSCANA,7,FUCECCHIO,whole,,256,FUCECCHIO,1.0
camera-mattarellum-1993-corrected,TOSCANA,7,GAMBASSI TERME,whole,,256,GAMBASSI TERME,1.0
camera-mattarellum-1993-corrected,TOSCANA,7,MONTAIONE,whole,,256,MONTA IONE,1.0
camera-mattarellum-1993-corrected,TOSCANA,7,MONTESPERTOLI,whole,,256,RONTESPERTOLI,0.923
camera-mattarellum-1993-corrected,TOSCANA,8,BAGNO A RIPOLI,whole,,257,BAGNO A RIPOLI,1.0
camera-mattarellum-1993-corrected,TOSCANA,8,BARBERINO VAL D'ELSA,whole,,257,BARBERINO VAL D'ELSA,1.0
camera-mattarellum-1993-corrected,TOSCANA,8,FIGLINE VALDARNO,whole,,257,FIGLINE VALDARNO,1.0
camera-mattarellum-1993-corrected,TOSCANA,8,GREVE IN CHIANTI,whole,,257,GREVE IN CHIANTI,1.0
camera-mattarellum-1993-corrected,TOSCANA,8,IMPRUNETA,whole,,257,IMPRUNETA,1.0
camera-mattarellum-1993-corrected,TOSCANA,8,INCISA IN VAL D'ARNO,whole,,257,INCISA IN VAL D'ARNO,1.0
camera-mattarellum-1993-corrected,TOSCANA,8,REGGELLO,whole,,257,REGGELLO,1.0
camera-mattarellum-1993-corrected,TOSCANA,8,RIGNANO SULL'ARNO,whole,,257,RIGNANO SULL'ARNO,1.0
camera-mattarellum-1993-corrected,TOSCANA,8,SAN CASCIANO IN VAL DI PESA,whole,,257,SAN CASCIANO IN VAL DI PESA,1.0
camera-mattarellum-1993-corrected,TOSCANA,8,TAVARNELLE VAL DI PESA,whole,,257,TAVARNELLE VAL DI PESA,1.0
camera-mattarellum-1993-corrected,TOSCANA,9,AGLIANA,whole,,257,AGLIANA,1.0
camera-mattarellum-1993-corrected,TOSCANA,9,MONTALE,whole,,257,MONTALE,1.0
camera-mattarellum-1993-corrected,TOSCANA,9,CANTAGALLO,whole,,257,CANTAGALLO,1.0
camera-mattarellum-1993-corrected,TOSCANA,9,MONTEMURLO,whole,,257,MONTEMURLO,1.0
camera-mattarellum-1993-corrected,TOSCANA,9,PRATO,zone,CIRCOSCRIZIONE 1,257,CU PRATO-CIRCOSCRIZIONE 1 3),1.0
camera-mattarellum-1993-corrected,TOSCANA,9,PRATO,zone,CIRCOSCRIZIONE,257,{ PRATO-CIRCOSCRIZIONE 2 ),1.0
camera-mattarellum-1993-corrected,TOSCANA,9,PRATO,zone,CIRCOSCRIZIONE,257,{ PRATO-CIRCOSCRIZIONE 3 ),1.0
camera-mattarellum-1993-corrected,TOSCANA,9,PRATO,zone,CIRCOSCRIZIONE 6,257,( PRATO-CIRCOSCRIZIONE 6 3),1.0
camera-mattarellum-1993-corrected,TOSCANA,9,PRATO,zone,CIRCOSCRIZIONE 7,257,€ PRATO-CIRCOSCRIZIONE 7 ),1.0
camera-mattarellum-1993-corrected,TOSCANA,9,VAIANO,whole,,257,VATANO,0.833
camera-mattarellum-1993-corrected,TOSCANA,9,VERNIO,whole,,257,VERNIO,1.0
camera-mattarellum-1993-corrected,TOSCANA,10,CARMIGNANO,whole,,257,CARMIGNANO,1.0
camera-mattarellum-1993-corrected,TOSCANA,10,POGGIO A CAIANO,whole,,257,POGGIO A CAIANO,1.0
camera-mattarellum-1993-corrected,TOSCANA,10,PRATO,zone,CIRCOSCRIZIONE 4,257,{ PRATO-CIRCOSCRIZIONE 4 ),1.0
camera-mattarellum-1993-corrected,TOSCANA,10,PRATO,zone,CIRCOSCRIZIONE 5,257,{ PRATO-CIRCOSCRIZIONE 5 ),1.0
camera-mattarellum-1993-corrected,TOSCANA,10,PRATO,zone,CIRCOSCRIZIONE 8,257,( PRATO-CIRCOSCRIZIONE 8 ),1.0
camera-mattarellum-1993-corrected,TOSCANA,10,PRATO,zone,CIRCOSCRIZIONE 9,257,{ PRATO-CIRCOSCRIZIONE 9 ),1.0
camera-mattarellum-1993-corrected,TOSCANA,10,PRATO,zone,CIRCOSCRIZIONE 10,257,€ PRATO-CIRCOSCRIZIONE 10 ?,1.0
camera-mattarellum-1993-corrected,TOSCANA,10,,whole,,257,( PRATU-CIRCOSCRIZIONE 11 >,0.0
camera-mattarellum-1993-corrected,TOSCANA,11,ABETONE,whole,,257,ABETONE,1.0
camera-mattarellum-1993-corrected,TOSCANA,11,CUTIGLIANO,whole,,257,CUTI1GLIANO,0.909
camera-mattarellum-1993-corrected,TOSCANA,11,PISTOIA,whole,,257,PISTOIA,1.0
camera-mattarellum-1993-corrected,TOSCANA,11,PITEGLIO,whole,,257,PFITEGLIO,0.889
camera-mattarellum-1993-corrected,TOSCANA,11,QUARRATA,whole,,257,QUARRATA,1.0
camera-mattarellum-1993-corrected,TOSCANA,11,SAMBUCA PISTOIESE,whole,,257,SAMBUCA PISTOIESE,1.0
camera-mattarellum-1993-corrected,TOSCANA,11,SAN MARCELLO PISTOIESE,whole,,257,SAN MARCELLO PISTOIESE,1.0
camera-mattarellum-1993-corrected,TOSCANA,11,SERRAVALLE PISTOIESE,whole,,257,SERRAVALLE PISTOIESE,1.0
camera-mattarellum-1993-corrected,TOSCANA,12,BUGGIANO,whole,,257,BUGGIANO,1.0
camera-mattarellum-1993-corrected,TOSCANA,12,LAMPORECCHIO,whole,,257,LAMPORECCHIO,1.0
camera-mattarellum-1993-corrected,TOSCANA,12,LARCIANO,whole,,257,LARCIANO,1.0
camera-mattarellum-1993-corrected,TOSCANA,12,MARLIANA,whole,,257,MARLIANA,1.0
camera-mattarellum-1993-corrected,TOSCANA,12,MASSA E COZZILE,whole,,257,MASSA E COZZILE,1.0
camera-mattarellum-1993-corrected,TOSCANA,12,MONSUMMANO TERME,whole,,257,HONSUMMANO TERME,1.0
camera-mattarellum-1993-corrected,TOSCANA,12,MONTECATINI-TERME,whole,,257,HONTECATINI- TERME,1.0
camera-mattarellum-1993-corrected,TOSCANA,12,PESCIA,whole,,257,PESCIA,1.0
camera-mattarellum-1993-corrected,TOSCANA,12,PIEVE A NIEVOLE,whole,,257,PIEVE A NIEVOLE,1.0
camera-mattarellum-1993-corrected,TOSCANA,12,PONTE BUGGIANESE,whole,,257,PONTE BUGGIANESE,1.0
camera-mattarellum-1993-corrected,TOSCANA,12,UZZANO,whole,,257,UZZANO,1.0
camera-mattarellum-1993-corrected,TOSCANA,12,CHIESINA UZZANESE,whole,,257,CHIESINA UZZANESE,1.0
camera-mattarellum-1993-corrected,TOSCANA,13,BIBBIENA,whole,,257,BIBBIENA,1.0
camera-mattarellum-1993-corrected,TOSCANA,13,BUCINE,whole,,257,BUCINE,1.0
camera-mattarellum-1993-corrected,TOSCANA,13,CASTEL FOCOGNANO,whole,,257,CASTEL FOCOGNANO,1.0
camera-mattarellum-1993-corrected,TOSCANA,13,CASTELFRANCO DI SOPRA,whole,,257,CASTELFRANCO DI SOPRA,1.0
camera-mattarellum-1993-corrected,TOSCANA,13,CASTEL SAN NICCOLO',whole,,257,CASTEL SAN NICCOLO’,1.0
camera-mattarellum-1993-corrected,TOSCANA,13,CAVRIGLIA,whole,,258,CAYVRIGLIA,0.9
camera-mattarellum-1993-corrected,TOSCANA,13,CHITIGNANO,whole,,258,CHITIGNANO,1.0
camera-mattarellum-1993-corrected,TOSCANA,13,CHIUSI DELLA VERNA,whole,,258,CHIUSI DELLA YERNA,0.938
camera-mattarellum-1993-corrected,TOSCANA,13,LATERINA,whole,,258,LATERINA,1.0
camera-mattarellum-1993-corrected,TOSCANA,13,LORO CIUFFENNA,whole,,258,LORO CIUFFENNA,1.0
camera-mattarellum-1993-corrected,TOSCANA,13,MONTEMIGNAIO,whole,,258,MONTEMIGNA LO,0.917
camera-mattarellum-1993-corrected,TOSCANA,13,MONTEVARCHI,whole,,258,MONTEVARCTHI,0.917
camera-mattarellum-1993-corrected,TOSCANA,13,ORTIGNANO RAGGIOLO,whole,,258,ORTIGNANO RAGGIOLO,1.0
camera-mattarellum-1993-corrected,TOSCANA,13,PERGINE VALDARNO,whole,,258,PERGINE VALDARNO,1.0
camera-mattarellum-1993-corrected,TOSCANA,13,PIAN DI SCO,whole,,258,PIAN DI SCQ,0.889
camera-mattarellum-1993-corrected,TOSCANA,13,POPPI,whole,,258,POPPI,1.0
camera-mattarellum-1993-corrected,TOSCANA,13,PRATOVECCHIO,whole,,258,PRATOVECCHIO,1.0
camera-mattarellum-1993-corrected,TOSCANA,13,SAN GIOVANNI VALDARNO,whole,,258,SAN GIOVANNI VALDARNO,1.0
camera-mattarellum-1993-corrected,TOSCANA,13,STIA,whole,,258,STIA,1.0
camera-mattarellum-1993-corrected,TOSCANA,13,TALLA,whole,,258,TALLA,1.0
camera-mattarellum-1993-corrected,TOSCANA,13,TERRANUOVA BRACCIOLINI,whole,,258,TERRANUOVA BRACCIOLINI,1.0
camera-mattarellum-1993-corrected,TOSCANA,14,ANGHIARI,whole,,258,ANGHIARI,1.0
camera-mattarellum-1993-corrected,TOSCANA,14,AREZZO,whole,,258,AREZZO,1.0
camera-mattarellum-1993-corrected,TOSCANA,14,BADIA TEDALDA,whole,,258,BADTA TEDAL DA,0.917
camera-mattarellum-1993-corrected,TOSCANA,14,CAPOLONA,whole,,258,CAPOL ONA,1.0
camera-mattarellum-1993-corrected,TOSCANA,14,CAPRESE MICHELANGELO,whole,,258,CAPRESE MICHELANGELO,1.0
camera-mattarellum-1993-corrected,TOSCANA,14,CASTIGLION FIBOCCHI,whole,,258,CASTIGLION FIBOCCHE,0.944
camera-mattarellum-1993-corrected,TOSCANA,14,MONTERCHI,whole,,258,MONTERCHI,1.0
camera-mattarellum-1993-corrected,TOSCANA,14,PIEVE SANTO STEFANO,whole,,258,PIEVE SANTO STEFANO,1.0
camera-mattarellum-1993-corrected,TOSCANA,14,SANSEPOLCRO,whole,,258,SANSEPOLCRO,1.0
camera-mattarellum-1993-corrected,TOSCANA,14,SESTINO,whole,,258,SESTINO,1.0
camera-mattarellum-1993-corrected,TOSCANA,14,SUBBIANO,whole,,258,SUBBILANO,0.889
camera-mattarellum-1993-corrected,TOSCANA,15,CASTIGLION FIORENTINO,whole,,258,CASTIGLION FIGRENTINO,0.95
camera-mattarellum-1993-corrected,TOSCANA,15,CIVITELLA IN VAL DI CHIANA,whole,,258,CIVITELLA IN VAL DI CHIANA,1.0
camera-mattarellum-1993-corrected,TOSCANA,15,CORTONA,whole,,258,CORTONA,1.0
camera-mattarellum-1993-corrected,TOSCANA,15,FOIANO DELLA CHIANA,whole,,258,FOIANO DELLA CHIANA,1.0
camera-mattarellum-1993-corrected,TOSCANA,15,LUCIGNANO,whole,,258,LUCIGNANO,1.0
camera-mattarellum-1993-corrected,TOSCANA,15,MARCIANO DELLA CHIANA,whole,,258,MARCIANO DELLA CHIANA,1.0
camera-mattarellum-1993-corrected,TOSCANA,15,MONTE SAN SAVINO,whole,,258,MONTE SAN SAVINO,1.0
camera-mattarellum-1993-corrected,TOSCANA,15,CETONA,whole,,258,CETONA,1.0
camera-mattarellum-1993-corrected,TOSCANA,15,CHIANCIANO TERME,whole,,258,CHIANCIANO TERME,1.0
camera-mattarellum-1993-corrected,TOSCANA,15,CHIUSI,whole,,258,CHIUSI,1.0
camera-mattarellum-1993-corrected,TOSCANA,15,MONTEPULCIANO,whole,,258,MONTEPULCIANO,1.0
camera-mattarellum-1993-corrected,TOSCANA,15,PIENZA,whole,,258,PiIENZA,0.857
camera-mattarellum-1993-corrected,TOSCANA,15,RAPOLANO TERME,whole,,258,RAPOLANO TERME,1.0
camera-mattarellum-1993-corrected,TOSCANA,15,SAN CASCIANO DEI BAGNI,whole,,258,SAN CASCIANO DE1 BAGNI,1.0
camera-mattarellum-1993-corrected,TOSCANA,15,SARTEANO,whole,,258,SARTE ANO,1.0
camera-mattarellum-1993-corrected,TOSCANA,15,SINALUNGA,whole,,258,SINALUNGA,1.0
camera-mattarellum-1993-corrected,TOSCANA,15,TORRITA DI SIENA,whole,,258,TORRITA DI SIENA,1.0
camera-mattarellum-1993-corrected,TOSCANA,15,TREQUANDA,whole,,258,TREQUANDA,1.0
camera-mattarellum-1993-corrected,TOSCANA,16,CASOLE D'ELSA,whole,,258,CASOLE D'ELSA,1.0
camera-mattarellum-1993-corrected,TOSCANA,16,CASTELLINA IN CHIANTI,whole,,258,CASTELLINA IN CHIANTI,1.0
camera-mattarellum-1993-corrected,TOSCANA,16,CASTELNUOVO BERARDENGA,whole,,258,CASTELNUOVO BERARDENGA,1.0
camera-mattarellum-1993-corrected,TOSCANA,16,COLLE DI VAL D'ELSA,whole,,258,COLLE DI VAL D'ELSA,1.0
camera-mattarellum-1993-corrected,TOSCANA,16,GAIOLE IN CHIANTI,whole,,258,GAITOLE IN CHIANTI,0.938
camera-mattarellum-1993-corrected,TOSCANA,16,MONTERIGGIONI,whole,,258,MONTERIGGIONI,1.0
camera-mattarellum-1993-corrected,TOSCANA,16,POGGIBONSI,whole,,258,POGGIBONSI,1.0
camera-mattarellum-1993-corrected,TOSCANA,16,RADDA IN CHIANTI,whole,,258,RABDA IN CHIANTI,0.929
camera-mattarellum-1993-corrected,TOSCANA,16,RADICONDOLI,whole,,258,RADICONDOLI,1.0
camera-mattarellum-1993-corrected,TOSCANA,16,SAN GIMIGNANO,whole,,258,SAN GIMIGNANO,1.0
camera-mattarellum-1993-corrected,TOSCANA,16,SIENA,whole,,258,SITENA,0.833
camera-mattarellum-1993-corrected,TOSCANA,17,CAPANNOLI,whole,,258,CAPANNOLI,1.0
camera-mattarellum-1993-corrected,TOSCANA,17,CASALE MARITTIMO,whole,,258,CASALE MARITTIMO,1.0
camera-mattarellum-1993-corrected,TOSCANA,17,CASCIANA TERME,whole,,258,CASCIANA TERME,1.0
camera-mattarellum-1993-corrected,TOSCANA,17,CASTELLINA MARITTIMA,whole,,259,CASTELLINA MARITTIMA,1.0
camera-mattarellum-1993-corrected,TOSCANA,17,CASTELNUOVO DI VAL DI CECINA,whole,,259,CASTELNUOVO DI VAL BI CECINA,0.958
camera-mattarellum-1993-corrected,TOSCANA,17,CHIANNI,whole,,259,CHIANNI,1.0
camera-mattarellum-1993-corrected,TOSCANA,17,CRESPINA,whole,,259,CRESPINA,1.0
camera-mattarellum-1993-corrected,TOSCANA,17,FAUGLIA,whole,,259,FAUGLIA,1.0
camera-mattarellum-1993-corrected,TOSCANA,17,GUARDISTALLO,whole,,259,GUARDISTALLO,1.0
camera-mattarellum-1993-corrected,TOSCANA,17,LAJATICO,whole,,259,LAJATICO,1.0
camera-mattarellum-1993-corrected,TOSCANA,17,LARI,whole,,259,LARI,1.0
camera-mattarellum-1993-corrected,TOSCANA,17,LORENZANA,whole,,259,LORENZANA,1.0
camera-mattarellum-1993-corrected,TOSCANA,17,MONTECATINI VAL DI CECINA,whole,,259,MONTECATINI VAL DI CECINA,1.0
camera-mattarellum-1993-corrected,TOSCANA,17,MONTESCUDAIO,whole,,259,MONTESCUDA IO,1.0
camera-mattarellum-1993-corrected,TOSCANA,17,MONTEVERDI MARITTIMO,whole,,259,MONTEVERDI MARITTIMO,1.0
camera-mattarellum-1993-corrected,TOSCANA,17,ORCIANO PISANO,whole,,259,ORCIANO PISANO,1.0
camera-mattarellum-1993-corrected,TOSCANA,17,PALAIA,whole,,259,PALAIA,1.0
camera-mattarellum-1993-corrected,TOSCANA,17,PECCIOLI,whole,,259,PECCIOLI,1.0
camera-mattarellum-1993-corrected,TOSCANA,17,POMARANCE,whole,,259,POMARANCE,1.0
camera-mattarellum-1993-corrected,TOSCANA,17,PONSACCO,whole,,259,PONSACCO,1.0
camera-mattarellum-1993-corrected,TOSCANA,17,PONTEDERA,whole,,259,PONTEDERA,1.0
camera-mattarellum-1993-corrected,TOSCANA,17,RIPARBELLA,whole,,259,RIPARBELLA,1.0
camera-mattarellum-1993-corrected,TOSCANA,17,SANTA LUCE,whole,,259,SANTA LUCE,1.0
camera-mattarellum-1993-corrected,TOSCANA,17,TERRICCIOLA,whole,,259,TERRICCIOLA,1.0
camera-mattarellum-1993-corrected,TOSCANA,17,VOLTERRA,whole,,259,VOLTERRA,1.0
camera-mattarellum-1993-corrected,TOSCANA,18,ABBADIA SAN SALVATORE,whole,,259,ABBADIA SAN SALVATORE,1.0
camera-mattarellum-1993-corrected,TOSCANA,18,ASCIANO,whole,,259,ASCII ANO,0.875
camera-mattarellum-1993-corrected,TOSCANA,18,BUONCONVENTO,whole,,259,BUONCONVENTO,1.0
camera-mattarellum-1993-corrected,TOSCANA,18,CASTIGLIONE D'ORCIA,whole,,259,CASTIGLIONE D'ORCIA,1.0
camera-mattarellum-1993-corrected,TOSCANA,18,CHIUSDINO,whole,,259,CHIUSDING,0.889
camera-mattarellum-1993-corrected,TOSCANA,18,MONTALCINO,whole,,259,MONTALCINO,1.0
camera-mattarellum-1993-corrected,TOSCANA,18,MONTERONI D'ARBIA,whole,,259,MONTERONI D'ARBIA,1.0
camera-mattarellum-1993-corrected,TOSCANA,18,MONTICIANO,whole,,259,MONTICIANO,1.0
camera-mattarellum-1993-corrected,TOSCANA,18,MURLO,whole,,259,MURLO,1.0
camera-mattarellum-1993-corrected,TOSCANA,18,PIANCASTAGNAIO,whole,,259,PIANCASTAGNAIO,1.0
camera-mattarellum-1993-corrected,TOSCANA,18,RADICOFANI,whole,,259,RADICOFANI,1.0
camera-mattarellum-1993-corrected,TOSCANA,18,SAN GIOVANNI D'ASSO,whole,,259,SAN GIOVANNI D'ASSO,1.0
camera-mattarellum-1993-corrected,TOSCANA,18,SAN QUIRICO D'ORCIA,whole,,259,SAN QUIRICO D'ORCIA,1.0
camera-mattarellum-1993-corrected,TOSCANA,18,SOVICILLE,whole,,259,SOVICILLE,1.0
camera-mattarellum-1993-corrected,TOSCANA,18,ARCIDOSSO,whole,,259,ARCIDOSSO,1.0
camera-mattarellum-1993-corrected,TOSCANA,18,CAMPAGNATICO,whole,,259,CAMPAGNATICO,1.0
camera-mattarellum-1993-corrected,TOSCANA,18,CASTEL DEL PIANO,whole,,259,CASTEL BEL PIANO,0.929
camera-mattarellum-1993-corrected,TOSCANA,18,CASTELL'AZZARA,whole,,259,CASTELL'AZZARA,1.0
camera-mattarellum-1993-corrected,TOSCANA,18,CASTIGLIONE DELLA PESCAIA,whole,,259,CASTIGLIONE DELLA PESCAIA,1.0
camera-mattarellum-1993-corrected,TOSCANA,18,CINIGIANO,whole,,259,CINIGIANO,1.0
camera-mattarellum-1993-corrected,TOSCANA,18,CIVITELLA PAGANICO,whole,,259,CIVITELLA PAGANICO,1.0
camera-mattarellum-1993-corrected,TOSCANA,18,GAVORRANO,whole,,259,GAVORRANO,1.0
camera-mattarellum-1993-corrected,TOSCANA,18,MASSA MARITTIMA,whole,,259,MASSA MARITTIMA,1.0
camera-mattarellum-1993-corrected,TOSCANA,18,MONTIERI,whole,,259,HONTIERI,1.0
camera-mattarellum-1993-corrected,TOSCANA,18,ROCCALBEGNA,whole,,259,ROCCAL BEGNA,1.0
camera-mattarellum-1993-corrected,TOSCANA,18,ROCCASTRADA,whole,,259,ROCCASTRADA,1.0
camera-mattarellum-1993-corrected,TOSCANA,18,SANTA FIORA,whole,,259,SANTA FIORA,1.0
camera-mattarellum-1993-corrected,TOSCANA,18,SCARLINO,whole,,259,SCARLINO,1.0
camera-mattarellum-1993-corrected,TOSCANA,18,SEGGIANO,whole,,259,SEGGIANO,1.0
camera-mattarellum-1993-corrected,TOSCANA,18,MONTEROTONDO MARITTIMO,whole,,259,MUNTEROTONDO MARITTIMO,0.952
camera-mattarellum-1993-corrected,TOSCANA,18,SEMPRONIANO,whole,,259,SEMPRONI1ANO,0.917
camera-mattarellum-1993-corrected,TOSCANA,19,CAPALBIO,whole,,259,CAPALBIO,1.0
camera-mattarellum-1993-corrected,TOSCANA,19,GROSSETO,whole,,259,GROSSETO,1.0
camera-mattarellum-1993-corrected,TOSCANA,19,ISOLA DEL GIGLIO,whole,,259,ISOLA DEL GIGLIO,1.0
camera-mattarellum-1993-corrected,TOSCANA,19,MAGLIANO IN TOSCANA,whole,,259,MAGLIANO IN TOSCANA,1.0
camera-mattarellum-1993-corrected,TOSCANA,19,MANCIANO,whole,,259,MANCIANO,1.0
camera-mattarellum-1993-corrected,TOSCANA,19,MONTE ARGENTARIO,whole,,259,MONTE ARGENTARIO,1.0
camera-mattarellum-1993-corrected,TOSCANA,19,ORBETELLO,whole,,259,ORBETELLO,1.0
camera-mattarellum-1993-corrected,TOSCANA,19,PITIGLIANO,whole,,259,PITIGLIANO,1.0
camera-mattarellum-1993-corrected,TOSCANA,19,SCANSANO,whole,,259,SCANSANO,1.0
camera-mattarellum-1993-corrected,TOSCANA,19,SORANO,whole,,259,SORANO,1.0
camera-mattarellum-1993-corrected,TOSCANA,20,AULLA,whole,,260,AULLA,1.0
camera-mattarellum-1993-corrected,TOSCANA,20,BAGNONE,whole,,260,BAGNGNE,0.857
camera-mattarellum-1993-corrected,TOSCANA,20,CARRARA,whole,,260,CARRARA,1.0
camera-mattarellum-1993-corrected,TOSCANA,20,CASOLA IN LUNIGIANA,whole,,260,CASOLA IN LUNIGIANA,1.0
camera-mattarellum-1993-corrected,TOSCANA,20,COMANO,whole,,260,COMANO,1.0
camera-mattarellum-1993-corrected,TOSCANA,20,FILATTIERA,whole,,260,FILATTIERA,1.0
camera-mattarellum-1993-corrected,TOSCANA,20,FIVIZZANO,whole,,260,FIVIZZANO,1.0
camera-mattarellum-1993-corrected,TOSCANA,20,FOSDINOVO,whole,,260,FOSDINOVO,1.0
camera-mattarellum-1993-corrected,TOSCANA,20,LICCIANA NARDI,whole,,260,LICCIANA NARDI,1.0
camera-mattarellum-1993-corrected,TOSCANA,20,MULAZZO,whole,,260,HMULAZZO,0.875
camera-mattarellum-1993-corrected,TOSCANA,20,PODENZANA,whole,,260,PODENZANA,1.0
camera-mattarellum-1993-corrected,TOSCANA,20,PONTREMOLI,whole,,260,PONTREMOLI,1.0
camera-mattarellum-1993-corrected,TOSCANA,20,TRESANA,whole,,260,TRESANA,1.0
camera-mattarellum-1993-corrected,TOSCANA,20,VILLAFRANCA IN LUNIGIANA,whole,,260,VILLAFRANCA IN LUNIGIANA,1.0
camera-mattarellum-1993-corrected,TOSCANA,20,ZERI,whole,,260,ZERI,1.0
camera-mattarellum-1993-corrected,TOSCANA,21,MASSA,whole,,260,MASSA,1.0
camera-mattarellum-1993-corrected,TOSCANA,21,MONTIGNOSO,whole,,260,MONTIGNOSO,1.0
camera-mattarellum-1993-corrected,TOSCANA,21,FORTE DEI MARMI,whole,,260,FORTE DEI MARMI,1.0
camera-mattarellum-1993-corrected,TOSCANA,21,PIETRASANTA,whole,,260,PIETRASANTA,1.0
camera-mattarellum-1993-corrected,TOSCANA,22,CAMAIORE,whole,,260,CAMAIORE,1.0
camera-mattarellum-1993-corrected,TOSCANA,22,SERAVEZZA,whole,,260,SERAVEZZA,1.0
camera-mattarellum-1993-corrected,TOSCANA,22,STAZZEMA,whole,,260,STAZZEMA,1.0
camera-mattarellum-1993-corrected,TOSCANA,22,VIAREGGIO,whole,,260,VIAREGGIO,1.0
camera-mattarellum-1993-corrected,TOSCANA,22,VECCHIANO,whole,,260,VECCH1ANO,1.0
camera-mattarellum-1993-corrected,TOSCANA,23,LUCCA,whole,,260,LUCCA,1.0
camera-mattarellum-1993-corrected,TOSCANA,23,MASSAROSA,whole,,260,NASSAROSA,0.889
camera-mattarellum-1993-corrected,TOSCANA,23,PESCAGLIA,whole,,260,PESCAGLIA,1.0
camera-mattarellum-1993-corrected,TOSCANA,24,CALCI,whole,,260,CALCI,1.0
camera-mattarellum-1993-corrected,TOSCANA,24,PISA,whole,,260,PISA,1.0
camera-mattarellum-1993-corrected,TOSCANA,24,SAN GIULIANO TERME,whole,,260,SAN GIULIANO TERME,1.0
camera-mattarellum-1993-corrected,TOSCANA,25,ALTOPASCIO,whole,,260,ALTOPASCIO,1.0
camera-mattarellum-1993-corrected,TOSCANA,25,BAGNI DI LUCCA,whole,,260,BAGNI DI LUCCA,1.0
camera-mattarellum-1993-corrected,TOSCANA,25,BARGA,whole,,260,BARGA,1.0
camera-mattarellum-1993-corrected,TOSCANA,25,BORGO A MOZZANO,whole,,260,BORGO A MO2ZZANO,1.0
camera-mattarellum-1993-corrected,TOSCANA,25,CAMPORGIANO,whole,,260,CAMPORGI ANO,1.0
camera-mattarellum-1993-corrected,TOSCANA,25,CAPANNORI,whole,,260,CAPANNORI,1.0
camera-mattarellum-1993-corrected,TOSCANA,25,CAREGGINE,whole,,260,CAREGGINE,1.0
camera-mattarellum-1993-corrected,TOSCANA,25,CASTELNUOVO DI GARFAGNANA,whole,,260,CASTELNUOVO DI GARFAGNANA,1.0
camera-mattarellum-1993-corrected,TOSCANA,25,CASTIGLIONE DI GARFAGNANA,whole,,260,CASTIGLIONE DI GARFAGNANA,1.0
camera-mattarellum-1993-corrected,TOSCANA,25,COREGLIA ANTELMINELLI,whole,,260,COREGLIA ANTELMINELLI,1.0
camera-mattarellum-1993-corrected,TOSCANA,25,FABBRICHE DI VALLICO,whole,,260,FABBRICHE DI VALLICO,1.0
camera-mattarellum-1993-corrected,TOSCANA,25,FOSCIANDORA,whole,,260,FOSCIANDORA,1.0
camera-mattarellum-1993-corrected,TOSCANA,25,GALLICANO,whole,,260,GALLICANO,1.0
camera-mattarellum-1993-corrected,TOSCANA,25,GIUNCUGNANO,whole,,260,GIUNCUGNANO,1.0
camera-mattarellum-1993-corrected,TOSCANA,25,MINUCCIANO,whole,,260,MINUCCIANO,1.0
camera-mattarellum-1993-corrected,TOSCANA,25,MOLAZZANA,whole,,260,HOLAZZANA,1.0
camera-mattarellum-1993-corrected,TOSCANA,25,MONTECARLO,whole,,260,MONTECARLEGE,0.75
camera-mattarellum-1993-corrected,TOSCANA,25,PIAZZA AL SERCHIO,whole,,260,PIAZZA AL SERCHIO,1.0
camera-mattarellum-1993-corrected,TOSCANA,25,PIEVE FOSCIANA,whole,,260,PIEVE FOSCIANA,1.0
camera-mattarellum-1993-corrected,TOSCANA,25,PORCARI,whole,,260,PORCARI,1.0
camera-mattarellum-1993-corrected,TOSCANA,25,SAN ROMANO IN GARFAGNANA,whole,,260,SAN ROMANO IN GARFAGNANA,1.0
camera-mattarellum-1993-corrected,TOSCANA,25,SILLANO,whole,,260,STLLANO,0.857
camera-mattarellum-1993-corrected,TOSCANA,25,VAGLI SOTTO,whole,,260,VAGLI SOTTO,1.0
camera-mattarellum-1993-corrected,TOSCANA,25,VERGEMOLI,whole,,260,VERGEMOLI,1.0
camera-mattarellum-1993-corrected,TOSCANA,25,VILLA BASILICA,whole,,261,VILLA BASILICA,1.0
camera-mattarellum-1993-corrected,TOSCANA,25,VILLA COLLEMANDINA,whole,,261,VILLA COLLEMANDINA,1.0
camera-mattarellum-1993-corrected,TOSCANA,26,BIENTINA,whole,,261,BIENTINA,1.0
camera-mattarellum-1993-corrected,TOSCANA,26,BUTI,whole,,261,BUTI,1.0
camera-mattarellum-1993-corrected,TOSCANA,26,CALCINAIA,whole,,261,CALCINAIA,1.0
camera-mattarellum-1993-corrected,TOSCANA,26,CASCINA,whole,,261,CASCINA,1.0
camera-mattarellum-1993-corrected,TOSCANA,26,CASTELFRANCO DI SOTTO,whole,,261,CASTELFRANCO DI SOTTO,1.0
camera-mattarellum-1993-corrected,TOSCANA,26,MONTOPOLI IN VAL D'ARNO,whole,,261,MONTOPOLI IN VAL D'ARNO,1.0
camera-mattarellum-1993-corrected,TOSCANA,26,SAN MINIATO,whole,,261,SAN MINIATO,1.0
camera-mattarellum-1993-corrected,TOSCANA,26,SANTA CROCE SULL'ARNO,whole,,261,SANTA CROCE SULL'ARNO,1.0
camera-mattarellum-1993-corrected,TOSCANA,26,SANTA MARIA A MONTE,whole,,261,SANTA MARIA A MONTE,1.0
camera-mattarellum-1993-corrected,TOSCANA,26,VICOPISANO,whole,,261,VICOPISANO,1.0
camera-mattarellum-1993-corrected,TOSCANA,27,COLLESALVETTI,whole,,261,COLLESALVETTI,1.0
camera-mattarellum-1993-corrected,TOSCANA,27,LIVORNO,zone,CIRC.1,261,( LIVORNO-CIRC.1 ),1.0
camera-mattarellum-1993-corrected,TOSCANA,27,LIVORNO,zone,CIRC.2,261,{ LIVORNO-CIRC.2 ),1.0
camera-mattarellum-1993-corrected,TOSCANA,27,LIVORNO,zone,CERC.3,261,€ LIVORNO-CERC.3 ),1.0
camera-mattarellum-1993-corrected,TOSCANA,28,CECINA,whole,,261,CECINA,1.0
camera-mattarellum-1993-corrected,TOSCANA,28,LIVORNO,zone,CIRC.4,261,( LIVORNO-CIRC.4 },1.0
camera-mattarellum-1993-corrected,TOSCANA,28,LIVORNO,zone,CIRC.5,261,{ LIVORNO-CIRC.5 ì,1.0
camera-mattarellum-1993-corrected,TOSCANA,28,ROSIGNANO MARITTIMO,whole,,261,ROSIGNANO MARITTIMO,1.0
camera-mattarellum-1993-corrected,TOSCANA,29,BIBBONA,whole,,261,BIBBOHA,0.857
camera-mattarellum-1993-corrected,TOSCANA,29,CAMPIGLIA MARITTIMA,whole,,261,CAMPIGLIA MARITTIMA,1.0
camera-mattarellum-1993-corrected,TOSCANA,29,CAMPO NELL'ELBA,whole,,261,CAMPO NELL'ELBA,1.0
camera-mattarellum-1993-corrected,TOSCANA,29,CAPOLIVERI,whole,,261,CAPOLIVERI,1.0
camera-mattarellum-1993-corrected,TOSCANA,29,CAPRAIA ISOLA,whole,,261,CAPRAIA ISOLA,1.0
camera-mattarellum-1993-corrected,TOSCANA,29,CASTAGNETO CARDUCCI,whole,,261,CASTAGNE TO CARDUCCI,1.0
camera-mattarellum-1993-corrected,TOSCANA,29,MARCIANA,whole,,261,MARCIANA,1.0
camera-mattarellum-1993-corrected,TOSCANA,29,MARCIANA MARINA,whole,,261,MARCIANA MARINA,1.0
camera-mattarellum-1993-corrected,TOSCANA,29,PIOMBINO,whole,,261,PIOMBINO,1.0
camera-mattarellum-1993-corrected,TOSCANA,29,PORTO AZZURRO,whole,,261,PORTO AZZURRO,1.0
camera-mattarellum-1993-corrected,TOSCANA,29,PORTOFERRAIO,whole,,261,PORTOFERRAIO,1.0
camera-mattarellum-1993-corrected,TOSCANA,29,RIO MARINA,whole,,261,RIO MARINA,1.0
camera-mattarellum-1993-corrected,TOSCANA,29,RIO NELL'ELBA,whole,,261,RIO NELL'ELBA,1.0
camera-mattarellum-1993-corrected,TOSCANA,29,SAN VINCENZO,whole,,261,SAN VINCENZO,1.0
camera-mattarellum-1993-corrected,TOSCANA,29,SASSETTA,whole,,261,SASSETTA,1.0
camera-mattarellum-1993-corrected,TOSCANA,29,SUVERETO,whole,,261,SUVERE TO,1.0
camera-mattarellum-1993-corrected,TOSCANA,29,FOLLONICA,whole,,261,FOLLONICA,1.0
camera-mattarellum-1993-corrected,UMBRIA,1,PERUGIA,zone,FRAZ.PERUGIA,262,{ PG-FRAZ.PERUGIA ),1.0
camera-mattarellum-1993-corrected,UMBRIA,1,PERUGIA,zone,FRAZ.FERRO DI CAVAL,262,( PG-FRAZ.FERRO DI CAVAL >),1.0
camera-mattarellum-1993-corrected,UMBRIA,1,PERUGIA,zone,FRAZ.S.LUCTA,262,( PG-FRAZ.S.LUCTA ),1.0
camera-mattarellum-1993-corrected,UMBRIA,1,PERUGIA,zone,FRAZ.S.MARCO,262,( PG-FRAZ.S.MARCO ),1.0
camera-mattarellum-1993-corrected,UMBRIA,1,PERUGIA,zone,FRAZ.CAVA OELLA BRE,262,{( PG-FRAZ.CAVA OELLA BRE ),1.0
camera-mattarellum-1993-corrected,UMBRIA,1,,whole,,262,C PE&-FRAZ.PISCILLE 3,0.4
camera-mattarellum-1993-corrected,UMBRIA,1,PERUGIA,zone,FRAZ.L'OLMO,262,( PG-FRAZ.L'OLMO ),1.0
camera-mattarellum-1993-corrected,UMBRIA,1,PERUGIA,zone,FRAZ.CENERENTE 1,262,( PG-FRAZ.CENERENTE 1},1.0
camera-mattarellum-1993-corrected,UMBRIA,1,PERUGIA,zone,FRAZ.COLLE UMBERTO,262,( PG-FRAZ.COLLE UMBERTO ),1.0
camera-mattarellum-1993-corrected,UMBRIA,1,PERUGIA,zone,FRAZ.MIGIANA DI MON,262,{ PG-FRAZ.MIGIANA DI MON ),1.0
camera-mattarellum-1993-corrected,UMBRIA,1,PERUGIA,zone,FRAZ.S.GIOVANNI DEL,262,( PG-FRAZ.S.GIOVANNI DEL },1.0
camera-mattarellum-1993-corrected,UMBRIA,1,PERUGIA,zone,FRAZ.LA BRUNA,262,{( PG-FRAZ.LA BRUNA ),1.0
camera-mattarellum-1993-corrected,UMBRIA,1,PERUGIA,zone,FRAZ.LA CINELLA,262,( PG-FRAZ.LA CINELLA ),1.0
camera-mattarellum-1993-corrected,UMBRIA,1,PERUGIA,zone,FRAZ.RANCOLFO,262,{ PG-FRAZ.RANCOLFO ),1.0
camera-mattarellum-1993-corrected,UMBRIA,1,PERUGIA,zone,FRAZ.SOLFAGNANO 1,262,€ PG-FRAZ.SOLFAGNANO 1},1.0
camera-mattarellum-1993-corrected,UMBRIA,1,PERUGIA,zone,FRAZ.CIVITELLA BENA,262,{( PG-FRAZ.CIVITELLA BENA ),1.0
camera-mattarellum-1993-corrected,UMBRIA,1,PERUGIA,zone,FRAZ.PONTE PATTOLI,262,(€ PG-FRAZ.PONTE PATTOLI 3,1.0
camera-mattarellum-1993-corrected,UMBRIA,1,PERUGIA,zone,FRAZ.RAMAZZANO,262,{ PG-FRAZ.RAMAZZANO ì,1.0
camera-mattarellum-1993-corrected,UMBRIA,1,PERUGIA,zone,FRAZ.COLOMBELLA,262,( PG-FRAZ.COLOMBELLA ì,1.0
camera-mattarellum-1993-corrected,UMBRIA,1,PERUGIA,zone,FRAZ.PICCIONE,262,( PG-FRAZ.PICCIONE 3,1.0
camera-mattarellum-1993-corrected,UMBRIA,1,PERUGIA,zone,FRAZ.FRATTFICIOLA SE,262,( PG-FRAZ.FRATTFICIOLA SE ),1.0
camera-mattarellum-1993-corrected,UMBRIA,1,PERUGIA,zone,FRAZ.PITANELLO,262,( PG-FRAZ.PITANELLO },1.0
camera-mattarellum-1993-corrected,UMBRIA,1,PERUGIA,zone,FRAZ.RIPA,262,{ PG-FRAZ.RIPA ),1.0
camera-mattarellum-1993-corrected,UMBRIA,1,PERUGIA,zone,FRAZ.BOSCO,262,€ PG-FRAZ.BOSCO 2,1.0
camera-mattarellum-1993-corrected,UMBRIA,1,PERUGIA,zone,FRAZ.VILLA PITIGNAN,262,(€ PG-FRAZ.VILLA PITIGNAN ),1.0
camera-mattarellum-1993-corrected,UMBRIA,1,PERUGIA,zone,FRAZ. PONTE FELCINGO,262,( PG-FRAZ. PONTE FELCINGO ),1.0
camera-mattarellum-1993-corrected,UMBRIA,1,PERUGIA,zone,FRAZ.PONTE R1iO,262,( PG-FRAZ.PONTE R1iO,1.0
camera-mattarellum-1993-corrected,UMBRIA,1,PERUGIA,zone,FRAZ.PRETOLA,262,{( PG-FRAZ.PRETOLA,1.0
camera-mattarellum-1993-corrected,UMBRIA,1,PERUGIA,zone,FRAZ.POMTE YVALLECEP,262,€( PG-FRAZ.POMTE YVALLECEP >,1.0
camera-mattarellum-1993-corrected,UMBRIA,1,PERUGIA,zone,FRAZ.S.EGIDIO,262,{ PG-FRAZ.S.EGIDIO 3,1.0
camera-mattarellum-1993-corrected,UMBRIA,1,PERUGIA,zone,FRAZ.COLLESTRADA,262,{ PG-FRAZ.COLLESTRADA 3,1.0
camera-mattarellum-1993-corrected,UMBRIA,1,PERUGIA,zone,FRAZ.PONTE S.GIOVAN,262,{ PG-FRAZ.PONTE S.GIOVAN ),1.0
camera-mattarellum-1993-corrected,UMBRIA,2,BETTONA,whole,,262,BETTONA,1.0
camera-mattarellum-1993-corrected,UMBRIA,2,COLLAZZONE,whole,,262,COLLAZZONE,1.0
camera-mattarellum-1993-corrected,UMBRIA,2,CORCIANO,whole,,262,CORCIANO,1.0
camera-mattarellum-1993-corrected,UMBRIA,2,DERUTA,whole,,262,DERUTA,1.0
camera-mattarellum-1993-corrected,UMBRIA,2,FRATTA TODINA,whole,,262,FRATTA TODINA,1.0
camera-mattarellum-1993-corrected,UMBRIA,2,GIANO DELL'UMBRIA,whole,,262,GIANO DELL'UMBRIA,1.0
camera-mattarellum-1993-corrected,UMBRIA,2,GUALDO CATTANEO,whole,,262,GUALDO CATTANEO,1.0
camera-mattarellum-1993-corrected,UMBRIA,2,MARSCIANO,whole,,262,MARSCIANO,1.0
camera-mattarellum-1993-corrected,UMBRIA,2,MASSA MARTANA,whole,,262,HASSA MARTANA,1.0
camera-mattarellum-1993-corrected,UMBRIA,2,MONTE CASTELLO DI VIBIO,whole,,262,MONTE CASTELLO DI VIBIO,1.0
camera-mattarellum-1993-corrected,UMBRIA,2,PERUGIA,zone,FRA2Z.FPREPO,262,{ PG-FRA2Z.FPREPO },1.0
camera-mattarellum-1993-corrected,UMBRIA,2,PERUGIA,zone,FRAZ.PONTE DELLA PI,262,{ PG-FRAZ.PONTE DELLA PI ),1.0
camera-mattarellum-1993-corrected,UMBRIA,2,PERUGIA,zone,P6E-FRAZ.S.SISTO,262,{ P6E-FRAZ.S.SISTO ),1.0
camera-mattarellum-1993-corrected,UMBRIA,2,PERUGIA,zone,FRAZ.LACUGNANO,262,{ PG-FRAZ.LACUGNANO },1.0
camera-mattarellum-1993-corrected,UMBRIA,2,PERUGIA,zone,FRAZ.MONTEBELLO,262,{ PG-FRAZ.MONTEBELLO 2,1.0
camera-mattarellum-1993-corrected,UMBRIA,2,PERUGIA,zone,FRAZ.S.FORTUNATO,262,{ PG-FRAZ.S.FORTUNATO ),1.0
camera-mattarellum-1993-corrected,UMBRIA,2,PERUGIA,zone,FRAZ.S.MARTINO IN,262,€ PG-FRAZ.S.MARTINO IN € ),1.0
camera-mattarellum-1993-corrected,UMBRIA,2,PERUGIA,zone,FRAZ.S.MARIA ROSSA,262,( PG-FRAZ.S.MARIA ROSSA },1.0
camera-mattarellum-1993-corrected,UMBRIA,2,PERUGIA,zone,FRAZ.S.MARTINO IN,262,€ PG-FRAZ.S.MARTINO IN € ),1.0
camera-mattarellum-1993-corrected,UMBRIA,2,PERUGIA,zone,FRAZ.S.ENEA,262,( PG-FRAZ.S.ENEA ),1.0
camera-mattarellum-1993-corrected,UMBRIA,2,PERUGIA,zone,FRA2Z.PILA,262,( PG-FRA2Z.PILA },1.0
camera-mattarellum-1993-corrected,UMBRIA,2,PERUGIA,zone,FRAZ.CASTEL DEL PIA,262,( PG-FRAZ.CASTEL DEL PIA ),1.0
camera-mattarellum-1993-corrected,UMBRIA,2,PERUGIA,zone,FRAZ.BAGNAIA,262,{( PG-FRAZ.BAGNAIA ),1.0
camera-mattarellum-1993-corrected,UMBRIA,2,PERUGIA,zone,FRAZ.CAPANNE,262,( PG-FRAZ.CAPANNE ),1.0
camera-mattarellum-1993-corrected,UMBRIA,2,PERUGIA,zone,FRAZ.PILONICO MATER,262,( PG-FRAZ.PILONICO MATER ),1.0
camera-mattarellum-1993-corrected,UMBRIA,2,PERUGIA,zone,FRAZ.POGGIO DELLE CC,262,€ PG-FRAZ.POGGIO DELLE CC),1.0
camera-mattarellum-1993-corrected,UMBRIA,2,PERUGIA,zone,FRAZ.S.NMNARTINO DEL,262,{ PG-FRAZ.S.NMNARTINO DEL ),1.0
camera-mattarellum-1993-corrected,UMBRIA,2,PERUGIA,zone,FRAZ.MUGNANO,262,{ PG-FRAZ.MUGNANO ),1.0
camera-mattarellum-1993-corrected,UMBRIA,2,PERUGIA,zone,FRAZ.FONTIGNANO,262,{ PG-FRAZ.FONTIGNANO ),1.0
camera-mattarellum-1993-corrected,UMBRIA,2,PERUGIA,zone,FRAZ.MONTEPETROLITIO,263,{ PG-FRAZ.MONTEPETROLITIO ),1.0
camera-mattarellum-1993-corrected,UMBRIA,2,TODI,whole,,263,TODI,1.0
camera-mattarellum-1993-corrected,UMBRIA,2,TORGIANO,whole,,263,TORGIANO,1.0
camera-mattarellum-1993-corrected,UMBRIA,3,CASTIGLIONE DEL LAGO,whole,,263,CASTIGLIONE DEL LAGO,1.0
camera-mattarellum-1993-corrected,UMBRIA,3,CITERNA,whole,,263,CITERNA,1.0
camera-mattarellum-1993-corrected,UMBRIA,3,CITTA' DI CASTELLO,whole,,263,CETTA* DI CASTELLO,0.933
camera-mattarellum-1993-corrected,UMBRIA,3,LISCIANO NICCONE,whole,,263,LISCIANO NICCONE,1.0
camera-mattarellum-1993-corrected,UMBRIA,3,MAGIONE,whole,,263,MAGIONE,1.0
camera-mattarellum-1993-corrected,UMBRIA,3,MONTE SANTA MARIA TIBERINA,whole,,263,MONTE SANTA MARIA TIBERINA,1.0
camera-mattarellum-1993-corrected,UMBRIA,3,MONTONE,whole,,263,MONTONE,1.0
camera-mattarellum-1993-corrected,UMBRIA,3,PACIANO,whole,,263,PACIANO,1.0
camera-mattarellum-1993-corrected,UMBRIA,3,PANICALE,whole,,263,PANICALE,1.0
camera-mattarellum-1993-corrected,UMBRIA,3,PASSIGNANO SUL TRASIMENO,whole,,263,PASSIGNANO SUL TRASIMENO,1.0
camera-mattarellum-1993-corrected,UMBRIA,3,PIEGARO,whole,,263,PIEGARO,1.0
camera-mattarellum-1993-corrected,UMBRIA,3,PIETRALUNGA,whole,,263,PIETRALUNGA,1.0
camera-mattarellum-1993-corrected,UMBRIA,3,SAN GIUSTINO,whole,,263,SAN GIUSTINO,1.0
camera-mattarellum-1993-corrected,UMBRIA,3,TUORO SUL TRASIMENO,whole,,263,TUORO SUL TRASIMENO,1.0
camera-mattarellum-1993-corrected,UMBRIA,3,UMBERTIDE,whole,,263,UMBERTIDE,1.0
camera-mattarellum-1993-corrected,UMBRIA,4,ASSISI,whole,,263,ASSISI,1.0
camera-mattarellum-1993-corrected,UMBRIA,4,,whole,,263,BASTIA,0.667
camera-mattarellum-1993-corrected,UMBRIA,4,CANNARA,whole,,263,CANNARA,1.0
camera-mattarellum-1993-corrected,UMBRIA,4,COSTACCIARO,whole,,263,COSTACCIARO,1.0
camera-mattarellum-1993-corrected,UMBRIA,4,FOSSATO DI VICO,whole,,263,FOSSATO DI VICO,1.0
camera-mattarellum-1993-corrected,UMBRIA,4,GUALDO TADINO,whole,,263,GUALDO TADINO,1.0
camera-mattarellum-1993-corrected,UMBRIA,4,GUBBIO,whole,,263,GUBBIO,1.0
camera-mattarellum-1993-corrected,UMBRIA,4,NOCERA UMBRA,whole,,263,NOCERA UMBRA,1.0
camera-mattarellum-1993-corrected,UMBRIA,4,SCHEGGIA E PASCELUPO,whole,,263,SCHEGGIA E PASCELUPO,1.0
camera-mattarellum-1993-corrected,UMBRIA,4,SIGILLO,whole,,263,SIGILLO,1.0
camera-mattarellum-1993-corrected,UMBRIA,4,SPELLO,whole,,263,SPELLO,1.0
camera-mattarellum-1993-corrected,UMBRIA,4,VALFABBRICA,whole,,263,VALFABBRICA,1.0
camera-mattarellum-1993-corrected,UMBRIA,4,VALTOPINA,whole,,263,VALTOPINA,1.0
camera-mattarellum-1993-corrected,UMBRIA,5,BEVAGNA,whole,,263,BEVAGNA,1.0
camera-mattarellum-1993-corrected,UMBRIA,5,CAMPELLO SUL CLITUNNO,whole,,263,CAMPELLO SUL CLITUNNO,1.0
camera-mattarellum-1993-corrected,UMBRIA,5,CASCIA,whole,,263,CASCIA,1.0
camera-mattarellum-1993-corrected,UMBRIA,5,CASTEL RITALDI,whole,,263,CASTEL RITALDI,1.0
camera-mattarellum-1993-corrected,UMBRIA,5,CERRETO DI SPOLETO,whole,,263,CERRETO DI SPOLETO,1.0
camera-mattarellum-1993-corrected,UMBRIA,5,FOLIGNO,whole,,263,FOLIGNO,1.0
camera-mattarellum-1993-corrected,UMBRIA,5,MONTEFALCO,whole,,263,MONTEFALCO,1.0
camera-mattarellum-1993-corrected,UMBRIA,5,MONTELEONE DI SPOLETO,whole,,263,MONTELEONE DI SPOLETO,1.0
camera-mattarellum-1993-corrected,UMBRIA,5,NORCIA,whole,,263,NORCIA,1.0
camera-mattarellum-1993-corrected,UMBRIA,5,POGGIODOMO,whole,,263,POGGIODONMO,0.909
camera-mattarellum-1993-corrected,UMBRIA,5,PRECI,whole,,263,PRECI,1.0
camera-mattarellum-1993-corrected,UMBRIA,5,SANT'ANATOLIA DI NARCO,whole,,263,SANT'ANATOLIA DI NARCO,1.0
camera-mattarellum-1993-corrected,UMBRIA,5,SCHEGGINO,whole,,263,SCHEGGINO,1.0
camera-mattarellum-1993-corrected,UMBRIA,5,SELLANO,whole,,263,SELLANO,1.0
camera-mattarellum-1993-corrected,UMBRIA,5,SPOLETO,whole,,263,SPOLETO,1.0
camera-mattarellum-1993-corrected,UMBRIA,5,TREVI,whole,,263,TREVI,1.0
camera-mattarellum-1993-corrected,UMBRIA,5,VALLO DI NERA,whole,,263,VALLO DI NERA,1.0
camera-mattarellum-1993-corrected,UMBRIA,6,ARRONE,whole,,263,ARRONE,1.0
camera-mattarellum-1993-corrected,UMBRIA,6,FERENTILLO,whole,,263,FERENTILLO,1.0
camera-mattarellum-1993-corrected,UMBRIA,6,MONTEFRANCO,whole,,263,MONTEFRANCO,1.0
camera-mattarellum-1993-corrected,UMBRIA,6,POLINO,whole,,264,POL INNO,0.857
camera-mattarellum-1993-corrected,UMBRIA,6,STRONCONE,whole,,264,STRONCONE,1.0
camera-mattarellum-1993-corrected,UMBRIA,6,TERNI,whole,,264,TERNI,1.0
camera-mattarellum-1993-corrected,UMBRIA,7,CITTA' DELLA PIEVE,whole,,264,CITTA! DELLA PIEVE,1.0
camera-mattarellum-1993-corrected,UMBRIA,7,ACQUASPARTA,whole,,264,ACQUASPARTA,1.0
camera-mattarellum-1993-corrected,UMBRIA,7,ALLERONA,whole,,264,ALLERONA,1.0
camera-mattarellum-1993-corrected,UMBRIA,7,ALVIANO,whole,,264,ALVIANO,1.0
camera-mattarellum-1993-corrected,UMBRIA,7,AMELIA,whole,,264,AMELIA,1.0
camera-mattarellum-1993-corrected,UMBRIA,7,ATTIGLIANO,whole,,264,ATTIGLIANO,1.0
camera-mattarellum-1993-corrected,UMBRIA,7,BASCHI,whole,,264,BASCHI,1.0
camera-mattarellum-1993-corrected,UMBRIA,7,CALVI DELL'UMBRIA,whole,,264,CALVI DELL'UMBRIA,1.0
camera-mattarellum-1993-corrected,UMBRIA,7,CASTEL GIORGIO,whole,,264,CASTEL GIORGIO,1.0
camera-mattarellum-1993-corrected,UMBRIA,7,CASTEL VISCARDO,whole,,264,CASTEL VISCARDO,1.0
camera-mattarellum-1993-corrected,UMBRIA,7,FABRO,whole,,264,FABRO,1.0
camera-mattarellum-1993-corrected,UMBRIA,7,FICULLE,whole,,264,FICULLE,1.0
camera-mattarellum-1993-corrected,UMBRIA,7,GIOVE,whole,,264,GIOVE,1.0
camera-mattarellum-1993-corrected,UMBRIA,7,GUARDEA,whole,,264,GUARDE A,1.0
camera-mattarellum-1993-corrected,UMBRIA,7,LUGNANO IN TEVERINA,whole,,264,LUGNANO IN TEVERINA,1.0
camera-mattarellum-1993-corrected,UMBRIA,7,MONTECASTRILLI,whole,,264,MONTECASTRILLI,1.0
camera-mattarellum-1993-corrected,UMBRIA,7,MONTECCHIO,whole,,264,MONTECCHIO,1.0
camera-mattarellum-1993-corrected,UMBRIA,7,MONTEGABBIONE,whole,,264,MONTEGABBSIONE,0.929
camera-mattarellum-1993-corrected,UMBRIA,7,MONTELEONE D'ORVIETO,whole,,264,MONTELEONE D'ORVIETO,1.0
camera-mattarellum-1993-corrected,UMBRIA,7,NARNI,whole,,264,NARNI,1.0
camera-mattarellum-1993-corrected,UMBRIA,7,ORVIETO,whole,,264,ORVIETO,1.0
camera-mattarellum-1993-corrected,UMBRIA,7,OTRICOLI,whole,,264,OTRiICOLI,0.889
camera-mattarellum-1993-corrected,UMBRIA,7,PARRANO,whole,,264,PARRANO,1.0
camera-mattarellum-1993-corrected,UMBRIA,7,PENNA IN TEVERINA,whole,,264,PENNA IN TEVERINA,1.0
camera-mattarellum-1993-corrected,UMBRIA,7,PORANO,whole,,264,PORANO,1.0
camera-mattarellum-1993-corrected,UMBRIA,7,SAN GEMINI,whole,,264,SAN GEMINI,1.0
camera-mattarellum-1993-corrected,UMBRIA,7,SAN VENANZO,whole,,264,SAN VENANZO,1.0
camera-mattarellum-1993-corrected,UMBRIA,7,AVIGLIANO UMBRO,whole,,264,AVIGLIANO UMBRO,1.0
camera-mattarellum-1993-corrected,MARCHE,1,ACQUASANTA TERME,whole,,265,ACQUASANTA TERME,1.0
camera-mattarellum-1993-corrected,MARCHE,1,AMANDOLA,whole,,265,AHANDOLA,1.0
camera-mattarellum-1993-corrected,MARCHE,1,APPIGNANO DEL TRONTO,whole,,265,APPIGNANO DEL TRONTO,1.0
camera-mattarellum-1993-corrected,MARCHE,1,ARQUATA DEL TRONTO,whole,,265,ARQUATA DEL TRONTO,1.0
camera-mattarellum-1993-corrected,MARCHE,1,ASCOLI PICENO,whole,,265,ASCOLI PICENO,1.0
camera-mattarellum-1993-corrected,MARCHE,1,CASTEL DI LAMA,whole,,265,CASTEL DI LAMA,1.0
camera-mattarellum-1993-corrected,MARCHE,1,CASTIGNANO,whole,,265,CASTIGNANO,1.0
camera-mattarellum-1993-corrected,MARCHE,1,CASTORANO,whole,,265,CASTORANG,0.889
camera-mattarellum-1993-corrected,MARCHE,1,COLLI DEL TRONTO,whole,,265,COLLI DEL TRONTO,1.0
camera-mattarellum-1993-corrected,MARCHE,1,COMUNANZA,whole,,265,COMUNANZA,1.0
camera-mattarellum-1993-corrected,MARCHE,1,FOLIGNANO,whole,,265,FUOL IGNANO,0.9
camera-mattarellum-1993-corrected,MARCHE,1,FORCE,whole,,265,FORCE,1.0
camera-mattarellum-1993-corrected,MARCHE,1,MALTIGNANO,whole,,265,MAL TIGNANO,1.0
camera-mattarellum-1993-corrected,MARCHE,1,MONTEFALCONE APPENNINO,whole,,265,MONTEFALCONE APPENNINO,1.0
camera-mattarellum-1993-corrected,MARCHE,1,MONTEFORTINO,whole,,265,MONTEFORTINO,1.0
camera-mattarellum-1993-corrected,MARCHE,1,MONTEGALLO,whole,,265,MONTEGALLO,1.0
camera-mattarellum-1993-corrected,MARCHE,1,MONTEMONACO,whole,,265,MONTEMONACO,1.0
camera-mattarellum-1993-corrected,MARCHE,1,OFFIDA,whole,,265,OFF IDA,1.0
camera-mattarellum-1993-corrected,MARCHE,1,PALMIANO,whole,,265,PALMIANO,1.0
camera-mattarellum-1993-corrected,MARCHE,1,ROCCAFLUVIONE,whole,,265,ROCCTAFLUVIONE,0.929
camera-mattarellum-1993-corrected,MARCHE,1,ROTELLA,whole,,265,ROTELLA,1.0
camera-mattarellum-1993-corrected,MARCHE,1,SANTA VITTORIA IN MATENANO,whole,,265,SANTA VITTORIA IN MATENANO,1.0
camera-mattarellum-1993-corrected,MARCHE,1,SMERILLO,whole,,265,SHERILLO,1.0
camera-mattarellum-1993-corrected,MARCHE,1,SPINETOLI,whole,,265,SPINE TOLTI,0.9
camera-mattarellum-1993-corrected,MARCHE,1,VENAROTTA,whole,,265,VENAROTTA,1.0
camera-mattarellum-1993-corrected,MARCHE,2,ACQUAVIVA PICENA,whole,,265,ACQUAVIVA PICENA,1.0
camera-mattarellum-1993-corrected,MARCHE,2,ALTIDONA,whole,,265,ALTIDONA,1.0
camera-mattarellum-1993-corrected,MARCHE,2,BELMONTE PICENO,whole,,265,BELMONTE PICENO,1.0
camera-mattarellum-1993-corrected,MARCHE,2,CAMPOFILONE,whole,,265,CAMPOF ILONE,1.0
camera-mattarellum-1993-corrected,MARCHE,2,CARASSAI,whole,,265,CARASSA1I,0.889
camera-mattarellum-1993-corrected,MARCHE,2,COSSIGNANO,whole,,265,COSSIGNANO,1.0
camera-mattarellum-1993-corrected,MARCHE,2,CUPRA MARITTIMA,whole,,265,CUPRA MARITTIMA,1.0
camera-mattarellum-1993-corrected,MARCHE,2,GROTTAMMARE,whole,,265,GROTTAMMARE,1.0
camera-mattarellum-1993-corrected,MARCHE,2,GROTTAZZOLINA,whole,,265,GROTTAZZOLINA,1.0
camera-mattarellum-1993-corrected,MARCHE,2,LAPEDONA,whole,,265,LAPEDONA,1.0
camera-mattarellum-1993-corrected,MARCHE,2,MAGLIANO DI TENNA,whole,,265,MAGLIANO DI TENNA,1.0
camera-mattarellum-1993-corrected,MARCHE,2,MASSIGNANO,whole,,265,MASSIGNANO,1.0
camera-mattarellum-1993-corrected,MARCHE,2,MONSAMPIETRO MORICO,whole,,265,MONSAMPIETRO MORICO,1.0
camera-mattarellum-1993-corrected,MARCHE,2,MONSAMPOLO DEL TRONTO,whole,,265,MONSAMPOLO DEL TRONTO,1.0
camera-mattarellum-1993-corrected,MARCHE,2,MONTALTO DELLE MARCHE,whole,,265,HMONTALTO DELLE MARCHE,0.95
camera-mattarellum-1993-corrected,MARCHE,2,MONTEDINOVE,whole,,265,MONTEDINOVE,1.0
camera-mattarellum-1993-corrected,MARCHE,2,MONTEFIORE DELL'ASO,whole,,265,MONTEFIORE DELL'ASO,1.0
camera-mattarellum-1993-corrected,MARCHE,2,MONTE GIBERTO,whole,,265,MONTE GIBERTO,1.0
camera-mattarellum-1993-corrected,MARCHE,2,MONTELEONE DI FERMO,whole,,265,MONTELEONE DI FERMO,1.0
camera-mattarellum-1993-corrected,MARCHE,2,MONTELPARO,whole,,265,MONTELPARO,1.0
camera-mattarellum-1993-corrected,MARCHE,2,MONTEPRANDONE,whole,,265,MONTEPRANDONE,1.0
camera-mattarellum-1993-corrected,MARCHE,2,MONTE RINALDO,whole,,265,MONTE RINALDO,1.0
camera-mattarellum-1993-corrected,MARCHE,2,MONTERUBBIANO,whole,,265,MONTERUVBBIANO,0.929
camera-mattarellum-1993-corrected,MARCHE,2,MONTE VIDON COMBATTE,whole,,265,MONTE VIDON COMBATTE,1.0
camera-mattarellum-1993-corrected,MARCHE,2,MONTOTTONE,whole,,265,HONTOFTONE,0.9
camera-mattarellum-1993-corrected,MARCHE,2,MORESCO,whole,,265,MORESCO,1.0
camera-mattarellum-1993-corrected,MARCHE,2,ORTEZZANO,whole,,265,ORTEZZANO,1.0
camera-mattarellum-1993-corrected,MARCHE,2,PEDASO,whole,,265,PEDASO,1.0
camera-mattarellum-1993-corrected,MARCHE,2,PETRITOLI,whole,,265,PETRITOLI,1.0
camera-mattarellum-1993-corrected,MARCHE,2,PONZANO DI FERMO,whole,,265,PONZANO DI FERMO,1.0
camera-mattarellum-1993-corrected,MARCHE,2,RIPATRANSONE,whole,,265,RIPATRANSONE,1.0
camera-mattarellum-1993-corrected,MARCHE,2,SAN BENEDETTO DEL TRONTO,whole,,265,SAN BENEDETTO DEL TRONTO,1.0
camera-mattarellum-1993-corrected,MARCHE,3,FALERONE,whole,,266,FALERONE,1.0
camera-mattarellum-1993-corrected,MARCHE,3,FERMO,whole,,266,FERMO,1.0
camera-mattarellum-1993-corrected,MARCHE,3,FRANCAVILLA D'ETE,whole,,266,FRANCAVILLA D'ETE,1.0
camera-mattarellum-1993-corrected,MARCHE,3,MASSA FERMANA,whole,,266,MASSA FERMANA,1.0
camera-mattarellum-1993-corrected,MARCHE,3,MONTAPPONE,whole,,266,MONTAPPONE,1.0
camera-mattarellum-1993-corrected,MARCHE,3,MONTEGIORGIO,whole,,266,MONTEGI ORGIO,1.0
camera-mattarellum-1993-corrected,MARCHE,3,MONTEGRANARO,whole,,266,MONTEGRANARO,1.0
camera-mattarellum-1993-corrected,MARCHE,3,MONTE SAN PIETRANGELI,whole,,266,MONTE SAN PIETRANGELI,1.0
camera-mattarellum-1993-corrected,MARCHE,3,MONTE URANO,whole,,266,MONTE URANO,1.0
camera-mattarellum-1993-corrected,MARCHE,3,MONTE VIDON CORRADO,whole,,266,MONTE VIDON CORRADO,1.0
camera-mattarellum-1993-corrected,MARCHE,3,PORTO SAN GIORGIO,whole,,266,PORTO SAN GIORGIO,1.0
camera-mattarellum-1993-corrected,MARCHE,3,PORTO SANT'ELPIDIO,whole,,266,PORTO SANT'ELPFIDIO,0.941
camera-mattarellum-1993-corrected,MARCHE,3,RAPAGNANO,whole,,266,RAPAGNANO,1.0
camera-mattarellum-1993-corrected,MARCHE,3,SANT'ELPIDIO A MARE,whole,,266,SANT'ELPIDIO A MARE,1.0
camera-mattarellum-1993-corrected,MARCHE,3,SERVIGLIANO,whole,,266,SERVIGLIANG,0.909
camera-mattarellum-1993-corrected,MARCHE,3,TORRE SAN PATRIZIO,whole,,266,TORRE SAN PATRIZIO,1.0
camera-mattarellum-1993-corrected,MARCHE,4,ACQUACANINA,whole,,266,ACQUACANINA,1.0
camera-mattarellum-1993-corrected,MARCHE,4,BELFORTE DEL CHIENTI,whole,,266,BELFORTE DEL CHIENTI,1.0
camera-mattarellum-1993-corrected,MARCHE,4,BOLOGNOLA,whole,,266,BOLOGNOLA,1.0
camera-mattarellum-1993-corrected,MARCHE,4,CALDAROLA,whole,,266,CALDARGLA,0.889
camera-mattarellum-1993-corrected,MARCHE,4,CAMERINO,whole,,266,CAMER 1NO,1.0
camera-mattarellum-1993-corrected,MARCHE,4,CAMPOROTONDO DI FIASTRONE,whole,,266,CAMPOROTONDO DI FIASTRONE,1.0
camera-mattarellum-1993-corrected,MARCHE,4,CASTELSANTANGELO SUL NERA,whole,,266,CASTELSANTANGELO SUL NERA,1.0
camera-mattarellum-1993-corrected,MARCHE,4,CESSAPALOMBO,whole,,266,CESSAPALOMBO,1.0
camera-mattarellum-1993-corrected,MARCHE,4,COLMURANO,whole,,266,COLMUR ANO,1.0
camera-mattarellum-1993-corrected,MARCHE,4,CORRIDONIA,whole,,266,CORRITODONITA,0.769
camera-mattarellum-1993-corrected,MARCHE,4,FIASTRA,whole,,266,FIASTRA,1.0
camera-mattarellum-1993-corrected,MARCHE,4,FIORDIMONTE,whole,,266,FI9ORDIMONTE,1.0
camera-mattarellum-1993-corrected,MARCHE,4,GUALDO,whole,,266,GUALDO,1.0
camera-mattarellum-1993-corrected,MARCHE,4,LORO PICENO,whole,,266,LORO PICENO,1.0
camera-mattarellum-1993-corrected,MARCHE,4,MACERATA,whole,,266,MACERATA,1.0
camera-mattarellum-1993-corrected,MARCHE,4,MOGLIANO,whole,,266,HOGL TANO,0.875
camera-mattarellum-1993-corrected,MARCHE,4,MONTE CAVALLO,whole,,266,MONTE CAVALLO,1.0
camera-mattarellum-1993-corrected,MARCHE,4,MONTE SAN MARTINO,whole,,266,MONTE SAN MARTINO,1.0
camera-mattarellum-1993-corrected,MARCHE,4,MUCCIA,whole,,266,HUCCTA,0.833
camera-mattarellum-1993-corrected,MARCHE,4,PENNA SAN GIOVANNI,whole,,266,PENNA SAN GIOVANNI,1.0
camera-mattarellum-1993-corrected,MARCHE,4,PETRIOLO,whole,,266,PETRFOLO,0.875
camera-mattarellum-1993-corrected,MARCHE,4,PIEVEBOVIGLIANA,whole,,266,PIEVEBOVIGLIANA,1.0
camera-mattarellum-1993-corrected,MARCHE,4,PIEVE TORINA,whole,,266,PIEVE TORINA,1.0
camera-mattarellum-1993-corrected,MARCHE,4,POLLENZA,whole,,266,POLLENZA,1.0
camera-mattarellum-1993-corrected,MARCHE,4,RIPE SAN GINESIO,whole,,266,RIPE SAN GINESIO,1.0
camera-mattarellum-1993-corrected,MARCHE,4,SAN GINESIO,whole,,266,SAN GINESIO,1.0
camera-mattarellum-1993-corrected,MARCHE,4,SANT'ANGELO IN PONTANO,whole,,266,SANT'ANGELO IN PONTANO,1.0
camera-mattarellum-1993-corrected,MARCHE,4,SARNANO,whole,,266,SARNANO,1.0
camera-mattarellum-1993-corrected,MARCHE,4,SERRAPETRONA,whole,,266,SERRAPETRONA,1.0
camera-mattarellum-1993-corrected,MARCHE,4,SERRAVALLE DI CHIENTI,whole,,266,SERRAVALLE DI CHIENTI,1.0
camera-mattarellum-1993-corrected,MARCHE,4,TOLENTINO,whole,,266,TOLENTINO,1.0
camera-mattarellum-1993-corrected,MARCHE,4,,whole,,266,URBIEISAGLÎA,0.727
camera-mattarellum-1993-corrected,MARCHE,4,USSITA,whole,,266,USSITA,1.0
camera-mattarellum-1993-corrected,MARCHE,5,LORETO,whole,,266,LORETO,1.0
camera-mattarellum-1993-corrected,MARCHE,5,CIVITANOVA MARCHE,whole,,266,CIVITANOVA MARCHE,1.0
camera-mattarellum-1993-corrected,MARCHE,5,MONTECOSARO,whole,,266,MONTE COSARO,1.0
camera-mattarellum-1993-corrected,MARCHE,5,MONTELUPONE,whole,,266,MONTE LUP ONE,1.0
camera-mattarellum-1993-corrected,MARCHE,5,MONTE SAN GIUSTO,whole,,266,MONTE SAN GIUSTO,1.0
camera-mattarellum-1993-corrected,MARCHE,5,MORROVALLE,whole,,266,MORROVALLE,1.0
camera-mattarellum-1993-corrected,MARCHE,5,PORTO RECANATI,whole,,266,PORTO RECANATI,1.0
camera-mattarellum-1993-corrected,MARCHE,5,POTENZA PICENA,whole,,266,POTENZA PICENA,1.0
camera-mattarellum-1993-corrected,MARCHE,5,RECANATI,whole,,266,RECANATI,1.0
camera-mattarellum-1993-corrected,MARCHE,6,CASTELFIDARDO,whole,,266,CASTELFIDARDO,1.0
camera-mattarellum-1993-corrected,MARCHE,6,FILOTTRANO,whole,,266,FILOTTRANO,1.0
camera-mattarellum-1993-corrected,MARCHE,6,OSIMO,whole,,267,0S17MO,1.0
camera-mattarellum-1993-corrected,MARCHE,6,APIRO,whole,,267,APIRO,1.0
camera-mattarellum-1993-corrected,MARCHE,6,APPIGNANO,whole,,267,APP IGNANO,1.0
camera-mattarellum-1993-corrected,MARCHE,6,CASTELRAIMONDO,whole,,267,CASTELRAI1MONDO,0.933
camera-mattarellum-1993-corrected,MARCHE,6,CINGOLI,whole,,267,CINGUOLIE,0.778
camera-mattarellum-1993-corrected,MARCHE,6,ESANATOGLIA,whole,,267,ESANATOGLIA,1.0
camera-mattarellum-1993-corrected,MARCHE,6,FIUMINATA,whole,,267,F1UMINATA,1.0
camera-mattarellum-1993-corrected,MARCHE,6,GAGLIOLE,whole,,267,GAGLIOLE,1.0
camera-mattarellum-1993-corrected,MARCHE,6,MATELICA,whole,,267,MATEL ICA,1.0
camera-mattarellum-1993-corrected,MARCHE,6,MONTECASSIANO,whole,,267,MONTECASSIANO,1.0
camera-mattarellum-1993-corrected,MARCHE,6,MONTEFANO,whole,,267,MONTEFANG,0.889
camera-mattarellum-1993-corrected,MARCHE,6,PIORACO,whole,,267,PIORACO,1.0
camera-mattarellum-1993-corrected,MARCHE,6,POGGIO SAN VICINO,whole,,267,POGGIO SAN VICINO,1.0
camera-mattarellum-1993-corrected,MARCHE,6,SAN SEVERINO MARCHE,whole,,267,SAN SEVERINO MARCHE,1.0
camera-mattarellum-1993-corrected,MARCHE,6,SEFRO,whole,,267,SEFRO,1.0
camera-mattarellum-1993-corrected,MARCHE,6,TREIA,whole,,267,TREIA,1.0
camera-mattarellum-1993-corrected,MARCHE,7,AGUGLIANO,whole,,267,AGUGL TANO,0.889
camera-mattarellum-1993-corrected,MARCHE,7,ANCONA,whole,,267,ANCONA,1.0
camera-mattarellum-1993-corrected,MARCHE,7,CAMERANO,whole,,267,CAMERANO,1.0
camera-mattarellum-1993-corrected,MARCHE,7,NUMANA,whole,,267,NUMANA,1.0
camera-mattarellum-1993-corrected,MARCHE,7,OFFAGNA,whole,,267,DFFAGNA,0.857
camera-mattarellum-1993-corrected,MARCHE,7,POLVERIGI,whole,,267,POLVERIGI,1.0
camera-mattarellum-1993-corrected,MARCHE,7,SIROLO,whole,,267,SIROLO,1.0
camera-mattarellum-1993-corrected,MARCHE,8,ARCEVIA,whole,,267,ARCEVIA,1.0
camera-mattarellum-1993-corrected,MARCHE,8,BELVEDERE OSTRENSE,whole,,267,BELVEDERE OSTRENSE,1.0
camera-mattarellum-1993-corrected,MARCHE,8,CAMERATA PICENA,whole,,267,CAMERATA PICENA,1.0
camera-mattarellum-1993-corrected,MARCHE,8,CASTELBELLINO,whole,,267,CASTELBELLINO,1.0
camera-mattarellum-1993-corrected,MARCHE,8,CASTELPLANIO,whole,,267,CASTELPLANIO,1.0
camera-mattarellum-1993-corrected,MARCHE,8,CERRETO D'ESI,whole,,267,CERRETO D'ESI,1.0
camera-mattarellum-1993-corrected,MARCHE,8,CUPRAMONTANA,whole,,267,CUPRAMUNTANA,0.917
camera-mattarellum-1993-corrected,MARCHE,8,FABRIANO,whole,,267,FABRIANO,1.0
camera-mattarellum-1993-corrected,MARCHE,8,GENGA,whole,,267,GENGA,1.0
camera-mattarellum-1993-corrected,MARCHE,8,JESI,whole,,267,JESI,1.0
camera-mattarellum-1993-corrected,MARCHE,8,MAIOLATI SPONTINI,whole,,267,MAIOLATI SPONTINI,1.0
camera-mattarellum-1993-corrected,MARCHE,8,MERGO,whole,,267,MERGO,1.0
camera-mattarellum-1993-corrected,MARCHE,8,MONSANO,whole,,267,MONSANO,1.0
camera-mattarellum-1993-corrected,MARCHE,8,MONTE ROBERTO,whole,,267,MONTE ROBERTO,1.0
camera-mattarellum-1993-corrected,MARCHE,8,MORRO D'ALBA,whole,,267,MORRO D'ALBA,1.0
camera-mattarellum-1993-corrected,MARCHE,8,POGGIO SAN MARCELLO,whole,,267,POGGIO SAN MARCELLO,1.0
camera-mattarellum-1993-corrected,MARCHE,8,ROSORA,whole,,267,ROSORA,1.0
camera-mattarellum-1993-corrected,MARCHE,8,SAN MARCELLO,whole,,267,SAN MARCELLO,1.0
camera-mattarellum-1993-corrected,MARCHE,8,SAN PAOLO DI JESI,whole,,267,SAN PAOLO DI JESI,1.0
camera-mattarellum-1993-corrected,MARCHE,8,SANTA MARIA NUOVA,whole,,267,SANTA MARIA NUOVA,1.0
camera-mattarellum-1993-corrected,MARCHE,8,SASSOFERRATO,whole,,267,SASSOFERRATO,1.0
camera-mattarellum-1993-corrected,MARCHE,8,SERRA SAN QUIRICO,whole,,267,SERRA SAN QUIRICO,1.0
camera-mattarellum-1993-corrected,MARCHE,8,STAFFOLO,whole,,267,STAFFOLO,1.0
camera-mattarellum-1993-corrected,MARCHE,9,BARBARA,whole,,267,BARBARA,1.0
camera-mattarellum-1993-corrected,MARCHE,9,CASTEL COLONNA,whole,,267,CASTEL COLONNA,1.0
camera-mattarellum-1993-corrected,MARCHE,9,CASTELLEONE DI SUASA,whole,,267,CASTELLEGNE DI SUASA,0.944
camera-mattarellum-1993-corrected,MARCHE,9,CHIARAVALLE,whole,,267,CHIARAVALLE,1.0
camera-mattarellum-1993-corrected,MARCHE,9,CORINALDO,whole,,267,CORINALDO,1.0
camera-mattarellum-1993-corrected,MARCHE,9,FALCONARA MARITTIMA,whole,,267,FALCONARA MARITTIMA,1.0
camera-mattarellum-1993-corrected,MARCHE,9,MONTECAROTTO,whole,,267,MONTECAROTTO,1.0
camera-mattarellum-1993-corrected,MARCHE,9,MONTEMARCIANO,whole,,267,HONTEMARCIANO,1.0
camera-mattarellum-1993-corrected,MARCHE,9,MONTERADO,whole,,267,MONTERADO,1.0
camera-mattarellum-1993-corrected,MARCHE,9,MONTE SAN VITO,whole,,267,MONTE SAN vITO,1.0
camera-mattarellum-1993-corrected,MARCHE,9,OSTRA,whole,,267,OSTRA,1.0
camera-mattarellum-1993-corrected,MARCHE,9,OSTRA VETERE,whole,,268,OSTRA VETERE,1.0
camera-mattarellum-1993-corrected,MARCHE,9,RIPE,whole,,268,RIPE,1.0
camera-mattarellum-1993-corrected,MARCHE,9,SENIGALLIA,whole,,268,SENIGALLIA,1.0
camera-mattarellum-1993-corrected,MARCHE,9,SERRA DE'CONTI,whole,,268,SERRA DE CONTI,1.0
camera-mattarellum-1993-corrected,MARCHE,10,COLBORDOLO,whole,,268,COL BORDOLO,1.0
camera-mattarellum-1993-corrected,MARCHE,10,GABICCE MARE,whole,,268,GABICCE MARE,1.0
camera-mattarellum-1993-corrected,MARCHE,10,GRADARA,whole,,268,GRADARA,1.0
camera-mattarellum-1993-corrected,MARCHE,10,MOMBAROCCIO,whole,,268,MOMBAROCCIO,1.0
camera-mattarellum-1993-corrected,MARCHE,10,MONTECICCARDO,whole,,268,MONTECICCARBO,0.923
camera-mattarellum-1993-corrected,MARCHE,10,MONTELABBATE,whole,,268,MONTELABBATE,1.0
camera-mattarellum-1993-corrected,MARCHE,10,PESARO,whole,,268,PESARO,1.0
camera-mattarellum-1993-corrected,MARCHE,10,SANT'ANGELO IN LIZZOLA,whole,,268,SANT'ANGELO IN LIZZOLA,1.0
camera-mattarellum-1993-corrected,MARCHE,10,TAVULLIA,whole,,268,TAVULLIA,1.0
camera-mattarellum-1993-corrected,MARCHE,11,ACQUALAGNA,whole,,268,ACQUALAGNA,1.0
camera-mattarellum-1993-corrected,MARCHE,11,APECCHIO,whole,,268,APECCHIO,1.0
camera-mattarellum-1993-corrected,MARCHE,11,AUDITORE,whole,,268,AUDITORE,1.0
camera-mattarellum-1993-corrected,MARCHE,11,BELFORTE ALL'ISAURO,whole,,268,BELFORTE ALL'ISAURO,1.0
camera-mattarellum-1993-corrected,MARCHE,11,BORGO PACE,whole,,268,BORGO PACE,1.0
camera-mattarellum-1993-corrected,MARCHE,11,CAGLI,whole,,268,CAGLI,1.0
camera-mattarellum-1993-corrected,MARCHE,11,CANTIANO,whole,,268,CANTFANO,0.875
camera-mattarellum-1993-corrected,MARCHE,11,CARPEGNA,whole,,268,CARPEGNA,1.0
camera-mattarellum-1993-corrected,MARCHE,11,CASTELDELCI,whole,,268,CASTELDELCI,1.0
camera-mattarellum-1993-corrected,MARCHE,11,FERMIGNANO,whole,,268,FERMIGNANO,1.0
camera-mattarellum-1993-corrected,MARCHE,11,FRATTE ROSA,whole,,268,FRATTE ROSA,1.0
camera-mattarellum-1993-corrected,MARCHE,11,FRONTINO,whole,,268,FRONTINO,1.0
camera-mattarellum-1993-corrected,MARCHE,11,FRONTONE,whole,,268,FRONTONE,1.0
camera-mattarellum-1993-corrected,MARCHE,11,LUNANO,whole,,268,LUNANO,1.0
camera-mattarellum-1993-corrected,MARCHE,11,MACERATA FELTRIA,whole,,268,MACERATA FELTRIA,1.0
camera-mattarellum-1993-corrected,MARCHE,11,MAIOLO,whole,,268,MAITOLO,0.857
camera-mattarellum-1993-corrected,MARCHE,11,MERCATELLO SUL METAURO,whole,,268,MERCATELLO SUL METAURO,1.0
camera-mattarellum-1993-corrected,MARCHE,11,MERCATINO CONCA,whole,,268,MERCATINO CONCA,1.0
camera-mattarellum-1993-corrected,MARCHE,11,MONTECALVO IN FOGLIA,whole,,268,MONTECALVO IN FOGLIA,1.0
camera-mattarellum-1993-corrected,MARCHE,11,MONTE CERIGNONE,whole,,268,MONTE CERIGNONE,1.0
camera-mattarellum-1993-corrected,MARCHE,11,MONTECOPIOLO,whole,,268,MONTECOPI1OLO,0.923
camera-mattarellum-1993-corrected,MARCHE,11,MONTE GRIMANO,whole,,268,HMONTEGR IMANO,0.923
camera-mattarellum-1993-corrected,MARCHE,11,NOVAFELTRIA,whole,,268,NOVAFELTRIA,1.0
camera-mattarellum-1993-corrected,MARCHE,11,PEGLIO,whole,,268,PEGLIO,1.0
camera-mattarellum-1993-corrected,MARCHE,11,PENNABILLI,whole,,268,PENNABILLI,1.0
camera-mattarellum-1993-corrected,MARCHE,11,PERGOLA,whole,,268,PERGOLA,1.0
camera-mattarellum-1993-corrected,MARCHE,11,PETRIANO,whole,,268,PETRITANO,0.889
camera-mattarellum-1993-corrected,MARCHE,11,PIANDIMELETO,whole,,268,PIANDIMELE TO,1.0
camera-mattarellum-1993-corrected,MARCHE,11,PIETRARUBBIA,whole,,268,PIETRARUBBIA,1.0
camera-mattarellum-1993-corrected,MARCHE,11,PIOBBICO,whole,,268,PIOBBICO,1.0
camera-mattarellum-1993-corrected,MARCHE,11,SAN LEO,whole,,268,SAN LEO,1.0
camera-mattarellum-1993-corrected,MARCHE,11,SAN LORENZO IN CAMPO,whole,,268,SAN LORENZO IN CAMPO,1.0
camera-mattarellum-1993-corrected,MARCHE,11,SANT'AGATA FELTRIA,whole,,268,SANT'AGATA FELTRIA,1.0
camera-mattarellum-1993-corrected,MARCHE,11,SANT'ANGELO IN VADO,whole,,268,SANT'ANGELO IN VADO,1.0
camera-mattarellum-1993-corrected,MARCHE,11,SASSOCORVARO,whole,,268,SASSOCORVARO,1.0
camera-mattarellum-1993-corrected,MARCHE,11,SASSOFELTRIO,whole,,268,SASSOFELTRIO,1.0
camera-mattarellum-1993-corrected,MARCHE,11,SERRA SANT'ABBONDIO,whole,,268,SERRA SANT'*ABBONDIO,1.0
camera-mattarellum-1993-corrected,MARCHE,11,TALAMELLO,whole,,268,TALAMELLO,1.0
camera-mattarellum-1993-corrected,MARCHE,11,TAVOLETO,whole,,268,TAVOLETO,1.0
camera-mattarellum-1993-corrected,MARCHE,11,URBANIA,whole,,268,URBANIA,1.0
camera-mattarellum-1993-corrected,MARCHE,11,URBINO,whole,,268,URB IND,0.833
camera-mattarellum-1993-corrected,MARCHE,12,BARCHI,whole,,268,BARCHI,1.0
camera-mattarellum-1993-corrected,MARCHE,12,CARTOCETO,whole,,268,CARTOCETO,1.0
camera-mattarellum-1993-corrected,MARCHE,12,FANO,whole,,268,FANO,1.0
camera-mattarellum-1993-corrected,MARCHE,12,FOSSOMBRONE,whole,,268,FOSSONBRONE,0.909
camera-mattarellum-1993-corrected,MARCHE,12,ISOLA DEL PIANO,whole,,268,ISOLA DEL PIANO,1.0
camera-mattarellum-1993-corrected,MARCHE,12,MONDAVIO,whole,,268,HMONDAVIO,0.889
camera-mattarellum-1993-corrected,MARCHE,12,MONDOLFO,whole,,269,MONDOLFO,1.0
camera-mattarellum-1993-corrected,MARCHE,12,MONTEFELCINO,whole,,269,MONTEFELCINO,1.0
camera-mattarellum-1993-corrected,MARCHE,12,MONTEMAGGIORE AL METAURO,whole,,269,MOUNTEMAGGIORE AL METAURO,0.957
camera-mattarellum-1993-corrected,MARCHE,12,MONTE PORZIO,whole,,269,HONTE PORZIO,1.0
camera-mattarellum-1993-corrected,MARCHE,12,ORCIANO DI PESARO,whole,,269,ORCIANO DI PESARO,1.0
camera-mattarellum-1993-corrected,MARCHE,12,PIAGGE,whole,,269,PIAGGE,1.0
camera-mattarellum-1993-corrected,MARCHE,12,SALTARA,whole,,269,SALTARA,1.0
camera-mattarellum-1993-corrected,MARCHE,12,SAN COSTANZO,whole,,269,SAN COSTANZO,1.0
camera-mattarellum-1993-corrected,MARCHE,12,SAN GIORGIO DI PESARO,whole,,269,SAN GIORGIO DI PESARO,1.0
camera-mattarellum-1993-corrected,MARCHE,12,SANT'IPPOLITO,whole,,269,SANT*1IPPOLI1TO,0.857
camera-mattarellum-1993-corrected,MARCHE,12,SERRUNGARINA,whole,,269,SERRUNGAR INA,1.0
camera-mattarellum-1993-corrected,LAZIO 1,1,ROMA,zone,RMN-MONTI,270,€ RMN-MONTI,1.0
camera-mattarellum-1993-corrected,LAZIO 1,1,ROMA,zone,TREVI,270,( RM-TREVI ),1.0
camera-mattarellum-1993-corrected,LAZIO 1,1,ROMA,zone,COLONNA,270,{ RM-COLONNA ),1.0
camera-mattarellum-1993-corrected,LAZIO 1,1,ROMA,zone,CAMPOÒ MARZIO,270,{( RH-CAMPOÒ MARZIO ),1.0
camera-mattarellum-1993-corrected,LAZIO 1,1,ROMA,zone,PONTE,270,{ RM-PONTE ),1.0
camera-mattarellum-1993-corrected,LAZIO 1,1,ROMA,zone,PARIONE,270,( RM-PARIONE 2,1.0
camera-mattarellum-1993-corrected,LAZIO 1,1,ROMA,zone,REGOLA,270,{ RM-REGOLA ),1.0
camera-mattarellum-1993-corrected,LAZIO 1,1,ROMA,zone,SANT EUSTACHIO,270,( RM-SANT*EUSTACHIO ),1.0
camera-mattarellum-1993-corrected,LAZIO 1,1,ROMA,zone,PIGNA,270,{ RM-PIGNA ),1.0
camera-mattarellum-1993-corrected,LAZIO 1,1,ROMA,zone,CAMPITELLI,270,{ RM-CAMPITELLI 2,1.0
camera-mattarellum-1993-corrected,LAZIO 1,1,ROMA,zone,SANT'ANGELO,270,{ RM-SANT'ANGELO 2,1.0
camera-mattarellum-1993-corrected,LAZIO 1,1,ROMA,zone,REPA,270,{ RM-REPA ),1.0
camera-mattarellum-1993-corrected,LAZIO 1,1,ROMA,zone,TRASTEVERE,270,C RM-TRASTEVERE 23,1.0
camera-mattarellum-1993-corrected,LAZIO 1,1,ROMA,zone,BORGO,270,{ RM-BORGO },1.0
camera-mattarellum-1993-corrected,LAZIO 1,1,ROMA,zone,ESQUILINO,270,€ RM-ESQUILINO I,1.0
camera-mattarellum-1993-corrected,LAZIO 1,1,ROMA,zone,LUDOVISI,270,{ RM-LUDOVISI I,1.0
camera-mattarellum-1993-corrected,LAZIO 1,1,ROMA,zone,SALLUSTIANO,270,{( RM-SALLUSTIANO è,1.0
camera-mattarellum-1993-corrected,LAZIO 1,1,ROMA,zone,CASTRO PRETORIO,270,{ RM-CASTRO PRETORIO ),1.0
camera-mattarellum-1993-corrected,LAZIO 1,1,ROMA,zone,CELIO,270,{ RM-CELIO >,1.0
camera-mattarellum-1993-corrected,LAZIO 1,1,ROMA,zone,SAN SABA,270,( RM-SAN SABA },1.0
camera-mattarellum-1993-corrected,LAZIO 1,2,ROMA,zone,RMH-PARIOLI,270,{ RMH-PARIOLI ),1.0
camera-mattarellum-1993-corrected,LAZIO 1,2,ROMA,zone,P1NCIANO,270,€ RM-P1NCIANO ),1.0
camera-mattarellum-1993-corrected,LAZIO 1,2,ROMA,zone,SALARIO,270,{ RM-SALARIO ),1.0
camera-mattarellum-1993-corrected,LAZIO 1,2,ROMA,zone,TRIESTE,270,€( RH-TRIESTE ?,1.0
camera-mattarellum-1993-corrected,LAZIO 1,3,ROMA,zone,SAN BASILIO,270,{ RM-SAN BASILIO ),1.0
camera-mattarellum-1993-corrected,LAZIO 1,3,ROMA,zone,YVAL HELAINA,270,{ RH-YVAL HELAINA ),1.0
camera-mattarellum-1993-corrected,LAZIO 1,3,ROMA,zone,CASTEL GIUBILEO,270,( RM-CASTEL GIUBILEO ),1.0
camera-mattarellum-1993-corrected,LAZIO 1,3,ROMA,zone,MARCIGLIANA,270,{ RH-MARCIGLIANA ),1.0
camera-mattarellum-1993-corrected,LAZIO 1,3,ROMA,zone,TOR SAN GIOVANNI,270,{ RM-TOR SAN GIOVANNI 3,1.0
camera-mattarellum-1993-corrected,LAZIO 1,3,ROMA,zone,SETTECAMINI,270,{ RM-SETTECAMINI },1.0
camera-mattarellum-1993-corrected,LAZIO 1,4,ROMA,zone,NOMENTANO,270,( RM-NOMENTANO ),1.0
camera-mattarellum-1993-corrected,LAZIO 1,4,ROMA,zone,MONTE SACRO,270,€ RM-MONTE SACRO 2?,1.0
camera-mattarellum-1993-corrected,LAZIO 1,5,ROMA,zone,PIETRALATA,270,{ RM-PIETRALATA },1.0
camera-mattarellum-1993-corrected,LAZIO 1,5,ROMA,zone,MONTE SACRO ALTO,270,( RM-MONTE SACRO ALTO è,1.0
camera-mattarellum-1993-corrected,LAZIO 1,5,ROMA,zone,PONTE MAMMOGLO,270,( RM-PONTE MAMMOGLO >),1.0
camera-mattarellum-1993-corrected,LAZIO 1,5,ROMA,zone,CASAL BOCCONE,270,{ RN-CASAL BOCCONE è,1.0
camera-mattarellum-1993-corrected,LAZIO 1,6,ROMA,zone,TI1IBURTINO,270,C( RM-TI1IBURTINO ),1.0
camera-mattarellum-1993-corrected,LAZIO 1,6,ROMA,zone,PRENESTINO-LABICANO,270,C RM-PRENESTINO-LABICANO,1.0
camera-mattarellum-1993-corrected,LAZIO 1,7,ROMA,zone,COLLATINO,270,€ RM-COLLATINO 3,1.0
camera-mattarellum-1993-corrected,LAZIO 1,7,ROMA,zone,TOR CERVARA,270,( RM-TOR CERVARA ),1.0
camera-mattarellum-1993-corrected,LAZIO 1,7,ROMA,zone,TOR SAPIENZA,270,€ RM-TOR SAPIENZA ),1.0
camera-mattarellum-1993-corrected,LAZIO 1,8,ROMA,zone,ACQUA VERGINE,271,( RM-ACQUA VERGINE ),1.0
camera-mattarellum-1993-corrected,LAZIO 1,8,ROMA,zone,LUNGHEZZA,271,€ RM-LUNGHEZZA },1.0
camera-mattarellum-1993-corrected,LAZIO 1,8,ROMA,zone,SAN VITTORINO,271,T RM-SAN VITTORINO ),1.0
camera-mattarellum-1993-corrected,LAZIO 1,8,ROMA,zone,TORRE ANGELA,271,( RM-TORRE ANGELA ),1.0
camera-mattarellum-1993-corrected,LAZIO 1,8,ROMA,zone,BORGHESIANA,271,{ RM-BORGHESIANA ),1.0
camera-mattarellum-1993-corrected,LAZIO 1,9,ROMA,zone,PRENESTINO-CENTOCEL,271,( RM-PRENESTINO-CENTOCEL ),1.0
camera-mattarellum-1993-corrected,LAZIO 1,9,ROMA,zone,ALESSANDRINO,271,{ RM-ALESSANDRINO >),1.0
camera-mattarellum-1993-corrected,LAZIO 1,9,ROMA,zone,TORRE SPACCATA,271,{( RM-TORRE SPACCATA ),1.0
camera-mattarellum-1993-corrected,LAZIO 1,10,ROMA,zone,TUSCOLANO,271,{ RM-TUSCOLANO ),1.0
camera-mattarellum-1993-corrected,LAZIO 1,11,ROMA,zone,DON BOSCO,271,( RM-DON BOSCO >),1.0
camera-mattarellum-1993-corrected,LAZIO 1,11,ROMA,zone,APPIO CLAUDIO,271,{ RM-APPIO CLAUDIO },1.0
camera-mattarellum-1993-corrected,LAZIO 1,11,ROMA,zone,CAPANNELLE,271,{( RM-CAPANNELLE ),1.0
camera-mattarellum-1993-corrected,LAZIO 1,12,ROMA,zone,TORRE MAURA,271,{ RM-TORRE MAURA },1.0
camera-mattarellum-1993-corrected,LAZIO 1,12,ROMA,zone,TORRENOVA,271,{ RM-TORRENOVA ),1.0
camera-mattarellum-1993-corrected,LAZIO 1,12,ROMA,zone,TORRE GAIA,271,{( RM-TORRE GAIA 3),1.0
camera-mattarellum-1993-corrected,LAZIO 1,12,ROMA,zone,CASAL MORENA,271,{ RM-CASAL MORENA ),1.0
camera-mattarellum-1993-corrected,LAZIO 1,12,ROMA,zone,AEREOPORTO DI CIAMP,271,{ RM-AEREOPORTO DI CIAMP ),1.0
camera-mattarellum-1993-corrected,LAZIO 1,12,CIAMPINO,whole,,271,CIAMPINO,1.0
camera-mattarellum-1993-corrected,LAZIO 1,13,ROMA,zone,APPIO-LATINO,271,C RM-APPIO-LATINO 3,1.0
camera-mattarellum-1993-corrected,LAZIO 1,13,ROMA,zone,APPIO-PIGNATELLI,271,CC RM-APPIO-PIGNATELLI ),1.0
camera-mattarellum-1993-corrected,LAZIO 1,13,ROMA,zone,TORRICOLA,271,C RM-TORRICOLA ),1.0
camera-mattarellum-1993-corrected,LAZIO 1,13,ROMA,zone,CECCHIGNOLA,271,{ RM-CECCHIGNOLA ),1.0
camera-mattarellum-1993-corrected,LAZIO 1,13,ROMA,zone,CASTEL DI LEVA,271,{ RM-CASTEL DI LEVA },1.0
camera-mattarellum-1993-corrected,LAZIO 1,13,ROMA,zone,VALLERANO,271,{ RM-VALLERANO ),1.0
camera-mattarellum-1993-corrected,LAZIO 1,13,ROMA,zone,TOR DE' CENCI,271,{ RM-TOR DE' CENCI 3),1.0
camera-mattarellum-1993-corrected,LAZIO 1,14,ROMA,zone,ARDEATINO,271,{ RM-ARDEATINO ),1.0
camera-mattarellum-1993-corrected,LAZIO 1,14,ROMA,zone,GIULITANO-DALMATA,271,{ RM-GIULITANO-DALMATA ),1.0
camera-mattarellum-1993-corrected,LAZIO 1,14,ROMA,zone,FONTE OSTIENSE,271,€ RM-FONTE OSTIENSE >,1.0
camera-mattarellum-1993-corrected,LAZIO 1,15,ROMA,zone,OSTIENSE,271,CU RM-OSTIENSE >,1.0
camera-mattarellum-1993-corrected,LAZIO 1,15,ROMA,zone,EUROPA E.U.R,271,( RM-EUROPA E.U.R. ),1.0
camera-mattarellum-1993-corrected,LAZIO 1,15,ROMA,zone,TORRINO,271,€ RM-TORRINO ),1.0
camera-mattarellum-1993-corrected,LAZIO 1,15,ROMA,zone,MEZZOCAMINO,271,{ RM-MEZZOCAMINO ),1.0
camera-mattarellum-1993-corrected,LAZIO 1,15,ROMA,zone,TOR DI VALLE,271,€ RM-TOR DI VALLE ),1.0
camera-mattarellum-1993-corrected,LAZIO 1,16,ROMA,zone,LIDO DI OSTIA PONEN,271,{ RM-LIDO DI OSTIA PONEN ),1.0
camera-mattarellum-1993-corrected,LAZIO 1,16,ROMA,zone,LIDU DI OSTIA LEVAN,271,{ RM-LIDU DI OSTIA LEVAN 3,1.0
camera-mattarellum-1993-corrected,LAZIO 1,16,ROMA,zone,LIDO DI CASTEL FUSA,271,{ RM-LIDO DI CASTEL FUSA ),1.0
camera-mattarellum-1993-corrected,LAZIO 1,16,ROMA,zone,CASTEL DI DECIMA,271,{ RM-CASTEL DI DECIMA ),1.0
camera-mattarellum-1993-corrected,LAZIO 1,16,ROMA,zone,CASTEL PORZIANO,271,{ RM-CASTEL PORZIANO ),1.0
camera-mattarellum-1993-corrected,LAZIO 1,16,ROMA,zone,CASTEL FUSANO,271,{ RM-CASTEL FUSANO ),1.0
camera-mattarellum-1993-corrected,LAZIO 1,16,ROMA,zone,CASAL PALOCCO,271,{ RM-CASAL PALOCCO ),1.0
camera-mattarellum-1993-corrected,LAZIO 1,17,ROMA,zone,ACILIA NORD,271,C( RM-ACILIA NORD,1.0
camera-mattarellum-1993-corrected,LAZIO 1,17,ROMA,zone,ACILIA SUD,271,€ RM-ACILIA SUD ),1.0
camera-mattarellum-1993-corrected,LAZIO 1,17,ROMA,zone,OSTIA ANTICA,272,{ RM-OSTIA ANTICA },1.0
camera-mattarellum-1993-corrected,LAZIO 1,17,ROMA,zone,1SOLA SACRA,272,{ RM-1SOLA SACRA },1.0
camera-mattarellum-1993-corrected,LAZIO 1,17,ROMA,zone,FIUMICINU,272,€ RM-FIUMICINU >),1.0
camera-mattarellum-1993-corrected,LAZIO 1,17,ROMA,zone,FREGENE,272,{ RM-FREGENE è},1.0
camera-mattarellum-1993-corrected,LAZIO 1,17,ROMA,zone,MAGLIANA VECCHIA,272,{ RM-MAGLIANA VECCHIA }ì,1.0
camera-mattarellum-1993-corrected,LAZIO 1,17,ROMA,zone,PONTE GALERIA,272,( RM-PONTE GALERIA ),1.0
camera-mattarellum-1993-corrected,LAZIO 1,17,ROMA,zone,MACCARESE SUD,272,C( RM-MACCARESE SUD },1.0
camera-mattarellum-1993-corrected,LAZIO 1,17,ROMA,zone,MACCARESE NORD,272,{ RM-MACCARESE NORD },1.0
camera-mattarellum-1993-corrected,LAZIO 1,17,ROMA,zone,LA PISANA,272,(€ RM-LA PISANA ),1.0
camera-mattarellum-1993-corrected,LAZIO 1,17,ROMA,zone,RMH-CASTEL DI GUIDO,272,{ RMH-CASTEL DI GUIDO I,1.0
camera-mattarellum-1993-corrected,LAZIO 1,17,ROMA,zone,TORRIMPIETRA,272,{ RM-TORRIMPIETRA },1.0
camera-mattarellum-1993-corrected,LAZIO 1,17,ROMA,zone,PALIBORO,272,{ RM-PALIBORO è,1.0
camera-mattarellum-1993-corrected,LAZIO 1,17,ROMA,zone,SANTA MARIA DI GALE,272,{ RM-SANTA MARIA DI GALE },1.0
camera-mattarellum-1993-corrected,LAZIO 1,18,ROMA,zone,TESTACCIO,272,{ RM-TESTACCIO 2,1.0
camera-mattarellum-1993-corrected,LAZIO 1,18,ROMA,zone,PORTUENSE,272,{ RM-PORTUENSE ),1.0
camera-mattarellum-1993-corrected,LAZIO 1,19,ROMA,zone,PORTUENSE,272,( RM-PORTUENSE ),1.0
camera-mattarellum-1993-corrected,LAZIO 1,19,ROMA,zone,GIANICOLENSE,272,{ RM-GIANICOLENSE ),1.0
camera-mattarellum-1993-corrected,LAZIO 1,19,ROMA,zone,AURELIO,272,€ RM-AURELIO },1.0
camera-mattarellum-1993-corrected,LAZIO 1,20,ROMA,zone,GIANICOLENSE,272,{ RH-GIANICOLENSE ),1.0
camera-mattarellum-1993-corrected,LAZIO 1,21,ROMA,zone,AURELIO,272,{ RM-AURELIO 2,1.0
camera-mattarellum-1993-corrected,LAZIO 1,21,ROMA,zone,TRIONFALE,272,{( RM-TRIONFALE ),1.0
camera-mattarellum-1993-corrected,LAZIO 1,22,ROMA,zone,T76R Di QUINTO,272,( RM-T76R Di QUINTO },1.0
camera-mattarellum-1993-corrected,LAZIO 1,22,ROMA,zone,CASALOTTI,272,{ RM-CASALOTTI >,1.0
camera-mattarellum-1993-corrected,LAZIO 1,22,ROMA,zone,LA STORTA,272,{ RM-LA STORTA },1.0
camera-mattarellum-1993-corrected,LAZIO 1,22,ROMA,zone,CESANO,272,( RM-CESANO >,1.0
camera-mattarellum-1993-corrected,LAZIO 1,22,ROMA,zone,TOMBA Di NERONE,272,{( RH-TOMBA Di NERONE ),1.0
camera-mattarellum-1993-corrected,LAZIO 1,22,ROMA,zone,LA GIUSTINIANA,272,{ RN-LA GIUSTINIANA ),1.0
camera-mattarellum-1993-corrected,LAZIO 1,22,ROMA,zone,1SO0LA FARNESE,272,{ RM-1SO0LA FARNESE 3),1.0
camera-mattarellum-1993-corrected,LAZIO 1,22,ROMA,zone,GROTTAROSSA,272,{ RM-GROTTAROSSA },1.0
camera-mattarellum-1993-corrected,LAZIO 1,22,ROMA,zone,LABARO,272,( RM-LABARO >),1.0
camera-mattarellum-1993-corrected,LAZIO 1,22,ROMA,zone,PRIMA PORTA,272,{ RM-PRIMA PORTA ),1.0
camera-mattarellum-1993-corrected,LAZIO 1,22,ROMA,zone,POLLINE-HARTIGNANO,272,( RM-POLLINE-HARTIGNANO ì,1.0
camera-mattarellum-1993-corrected,LAZIO 1,23,ROMA,zone,PRIMAVALLE,272,{ RM-PRIMAVALLE ),1.0
camera-mattarellum-1993-corrected,LAZIO 1,23,ROMA,zone,TRIONFALE,272,{ RM-TRIONFALE 2,1.0
camera-mattarellum-1993-corrected,LAZIO 1,23,ROMA,zone,OTTAVIA,272,{ RM-OTTAVIA ),1.0
camera-mattarellum-1993-corrected,LAZIO 1,24,ROMA,zone,PRATI,272,{ RM-PRATI 2},1.0
camera-mattarellum-1993-corrected,LAZIO 1,24,ROMA,zone,FLAMINIO,272,€ RM-FLAMINIO 3,1.0
camera-mattarellum-1993-corrected,LAZIO 1,24,ROMA,zone,DELLA VITTORIA,272,{ RM-DELLA VITTORIA 3),1.0
camera-mattarellum-1993-corrected,LAZIO 1,24,ROMA,zone,TOR DI QUINTO,272,{ RM-TOR DI QUINTO ),1.0
camera-mattarellum-1993-corrected,LAZIO 1,24,ROMA,zone,DELLA VITTORIA,272,{ RM-DELLA VITTORIA ),1.0
camera-mattarellum-1993-corrected,LAZIO 1,25,ALLUMIERE,whole,,272,ALLUMIERE,1.0
camera-mattarellum-1993-corrected,LAZIO 1,25,CANALE MONTERANO,whole,,272,CANALE MONTERANO,1.0
camera-mattarellum-1993-corrected,LAZIO 1,25,CERVETERI,whole,,272,CERVETERI,1.0
camera-mattarellum-1993-corrected,LAZIO 1,25,CIVITAVECCHIA,whole,,272,CIVITAVECCHIA,1.0
camera-mattarellum-1993-corrected,LAZIO 1,25,MANZIANA,whole,,273,MANZIANA,1.0
camera-mattarellum-1993-corrected,LAZIO 1,25,SANTA MARINELLA,whole,,273,SANTA MARINELLA,1.0
camera-mattarellum-1993-corrected,LAZIO 1,25,TOLFA,whole,,273,TOLFA,1.0
camera-mattarellum-1993-corrected,LAZIO 1,25,LADISPOLI,whole,,273,LADISPOLI,1.0
camera-mattarellum-1993-corrected,LAZIO 1,26,ANGUILLARA SABAZIA,whole,,273,ANGUILLARA SABAZIA,1.0
camera-mattarellum-1993-corrected,LAZIO 1,26,BRACCIANO,whole,,273,BRACCIANO,1.0
camera-mattarellum-1993-corrected,LAZIO 1,26,CAMPAGNANO DI ROMA,whole,,273,CAMPAGNANO DI ROMA,1.0
camera-mattarellum-1993-corrected,LAZIO 1,26,CAPENA,whole,,273,CAPENA,1.0
camera-mattarellum-1993-corrected,LAZIO 1,26,CASTELNUOVO DI PORTO,whole,,273,CASTELNUOVO DI PORTO,1.0
camera-mattarellum-1993-corrected,LAZIO 1,26,CIVITELLA SAN PAOLO,whole,,273,CIVITELLA SAN PAOLO,1.0
camera-mattarellum-1993-corrected,LAZIO 1,26,FIANO ROMANO,whole,,273,FIANO ROMANO,1.0
camera-mattarellum-1993-corrected,LAZIO 1,26,FILACCIANO,whole,,273,FILACCIANO,1.0
camera-mattarellum-1993-corrected,LAZIO 1,26,MAGLIANO ROMANO,whole,,273,MAGLIANO ROMANO,1.0
camera-mattarellum-1993-corrected,LAZIO 1,26,MAZZANO ROMANO,whole,,273,MAZZANO ROMANO,1.0
camera-mattarellum-1993-corrected,LAZIO 1,26,MONTEROTONDO,whole,,273,MONTEROTONDO,1.0
camera-mattarellum-1993-corrected,LAZIO 1,26,MORLUPO,whole,,273,MORLUPO,1.0
camera-mattarellum-1993-corrected,LAZIO 1,26,NAZZANO,whole,,273,NAZZANO,1.0
camera-mattarellum-1993-corrected,LAZIO 1,26,PONZANO ROMANO,whole,,273,PONZANO ROMANO,1.0
camera-mattarellum-1993-corrected,LAZIO 1,26,RIANO,whole,,273,RIANO,1.0
camera-mattarellum-1993-corrected,LAZIO 1,26,RIGNANO FLAMINIO,whole,,273,RIGNANO FLAMINIO,1.0
camera-mattarellum-1993-corrected,LAZIO 1,26,SACROFANO,whole,,273,SACROFANO,1.0
camera-mattarellum-1993-corrected,LAZIO 1,26,SANT'ORESTE,whole,,273,SANT'ORESTE,1.0
camera-mattarellum-1993-corrected,LAZIO 1,26,TORRITA TIBERINA,whole,,273,TORRITA TIBERINA,1.0
camera-mattarellum-1993-corrected,LAZIO 1,26,TREVIGNANO ROMANO,whole,,273,TREVIGNANO ROMANO,1.0
camera-mattarellum-1993-corrected,LAZIO 1,27,GUIDONIA MONTECELIO,whole,,273,GUIDONIA MONTECELIO,1.0
camera-mattarellum-1993-corrected,LAZIO 1,27,MARCELLINA,whole,,273,MARCELLINA,1.0
camera-mattarellum-1993-corrected,LAZIO 1,27,MENTANA,whole,,273,MENTANA,1.0
camera-mattarellum-1993-corrected,LAZIO 1,27,MONTEFLAVIO,whole,,273,MONTEFLAVIO,1.0
camera-mattarellum-1993-corrected,LAZIO 1,27,MONTELIBRETTI,whole,,273,MONTELIBRETTI,1.0
camera-mattarellum-1993-corrected,LAZIO 1,27,MONTORIO ROMANO,whole,,273,MONTORIO ROMANO,1.0
camera-mattarellum-1993-corrected,LAZIO 1,27,MORICONE,whole,,273,MORICTONE,0.889
camera-mattarellum-1993-corrected,LAZIO 1,27,NEROLA,whole,,273,NEROLA,1.0
camera-mattarellum-1993-corrected,LAZIO 1,27,PALOMBARA SABINA,whole,,273,PALOMBARA SABINA,1.0
camera-mattarellum-1993-corrected,LAZIO 1,27,SANT'ANGELO ROMANO,whole,,273,SANT'ANGELO ROMANO,1.0
camera-mattarellum-1993-corrected,LAZIO 1,28,AFFILE,whole,,273,AFFILE,1.0
camera-mattarellum-1993-corrected,LAZIO 1,28,AGOSTA,whole,,273,AGOSTA,1.0
camera-mattarellum-1993-corrected,LAZIO 1,28,ANTICOLI CORRADO,whole,,273,ANTICOLI CORRADO,1.0
camera-mattarellum-1993-corrected,LAZIO 1,28,ARCINAZZO ROMANO,whole,,273,ARCINAZZO ROMANO,1.0
camera-mattarellum-1993-corrected,LAZIO 1,28,ARSOLI,whole,,273,ARSOLI,1.0
camera-mattarellum-1993-corrected,LAZIO 1,28,BELLEGRA,whole,,273,BELLEGRA,1.0
camera-mattarellum-1993-corrected,LAZIO 1,28,CAMERATA NUOVA,whole,,273,CAMERATA NUOVA,1.0
camera-mattarellum-1993-corrected,LAZIO 1,28,CANTERANO,whole,,273,CANTERANO,1.0
camera-mattarellum-1993-corrected,LAZIO 1,28,CAPRANICA PRENESTINA,whole,,273,CAPRANICA PRENESTINA,1.0
camera-mattarellum-1993-corrected,LAZIO 1,28,CASAPE,whole,,273,CASAPE,1.0
camera-mattarellum-1993-corrected,LAZIO 1,28,CASTEL MADAMA,whole,,273,CASTEL MADAMA,1.0
camera-mattarellum-1993-corrected,LAZIO 1,28,CERRETO LAZIALE,whole,,273,CERRETO LAZIALE,1.0
camera-mattarellum-1993-corrected,LAZIO 1,28,CERVARA DI ROMA,whole,,273,CERVARA DI RUMA,0.923
camera-mattarellum-1993-corrected,LAZIO 1,28,CICILIANO,whole,,273,CICILIANO,1.0
camera-mattarellum-1993-corrected,LAZIO 1,28,CINETO ROMANO,whole,,273,CINETO ROMANO,1.0
camera-mattarellum-1993-corrected,LAZIO 1,28,GERANO,whole,,273,GERANO,1.0
camera-mattarellum-1993-corrected,LAZIO 1,28,JENNE,whole,,273,JENNE,1.0
camera-mattarellum-1993-corrected,LAZIO 1,28,LICENZA,whole,,273,LICENZA,1.0
camera-mattarellum-1993-corrected,LAZIO 1,28,MANDELA,whole,,273,MANDELA,1.0
camera-mattarellum-1993-corrected,LAZIO 1,28,MARANO EQUO,whole,,273,MARANO EQUO,1.0
camera-mattarellum-1993-corrected,LAZIO 1,28,OLEVANO ROMANO,whole,,273,ULEVANO ROMANO,0.923
camera-mattarellum-1993-corrected,LAZIO 1,28,PERCILE,whole,,273,PERCILE,1.0
camera-mattarellum-1993-corrected,LAZIO 1,28,PISONIANO,whole,,273,PISUNIANO,0.889
camera-mattarellum-1993-corrected,LAZIO 1,28,POLI,whole,,273,POLI,1.0
camera-mattarellum-1993-corrected,LAZIO 1,28,RIOFREDDO,whole,,273,RI10FREDDO,0.9
camera-mattarellum-1993-corrected,LAZIO 1,28,ROCCA CANTERANO,whole,,273,"""ROCCA CANTERANO",1.0
camera-mattarellum-1993-corrected,LAZIO 1,28,ROCCA DI CAVE,whole,,274,ROCCA DI CAVE,1.0
camera-mattarellum-1993-corrected,LAZIO 1,28,ROCCAGIOVINE,whole,,274,ROCCAGIOVINE,1.0
camera-mattarellum-1993-corrected,LAZIO 1,28,ROCCA SANTO STEFANO,whole,,274,ROCCA SANTO STEFANO,1.0
camera-mattarellum-1993-corrected,LAZIO 1,28,ROIATE,whole,,274,ROIATE,1.0
camera-mattarellum-1993-corrected,LAZIO 1,28,ROVIANO,whole,,274,ROVIANO,1.0
camera-mattarellum-1993-corrected,LAZIO 1,28,SAMBUCI,whole,,274,SAMBUCI,1.0
camera-mattarellum-1993-corrected,LAZIO 1,28,SAN GREGORIO DA SASSOLA,whole,,274,SAN GREGORIO DA SASSOLA,1.0
camera-mattarellum-1993-corrected,LAZIO 1,28,SAN POLO DEI CAVALIERI,whole,,274,SAN POLO DEI CAVALIERI,1.0
camera-mattarellum-1993-corrected,LAZIO 1,28,SAN VITO ROMANO,whole,,274,SAN VITO ROMANO,1.0
camera-mattarellum-1993-corrected,LAZIO 1,28,SARACINESCO,whole,,274,SARACINE SCO,1.0
camera-mattarellum-1993-corrected,LAZIO 1,28,SUBIACO,whole,,274,SUBIACO,1.0
camera-mattarellum-1993-corrected,LAZIO 1,28,TIVOLI,whole,,274,TIVOLI,1.0
camera-mattarellum-1993-corrected,LAZIO 1,28,VALLEPIETRA,whole,,274,VALLEPIETRA,1.0
camera-mattarellum-1993-corrected,LAZIO 1,28,VALLINFREDA,whole,,274,VALLINFREDA,1.0
camera-mattarellum-1993-corrected,LAZIO 1,28,VICOVARO,whole,,274,VICOVARO,1.0
camera-mattarellum-1993-corrected,LAZIO 1,28,VIVARO ROMANO,whole,,274,VIVARO ROMANO,1.0
camera-mattarellum-1993-corrected,LAZIO 1,29,ARTENA,whole,,274,ARTENA,1.0
camera-mattarellum-1993-corrected,LAZIO 1,29,CARPINETO ROMANO,whole,,274,CARPINETO ROMANO,1.0
camera-mattarellum-1993-corrected,LAZIO 1,29,CASTEL SAN PIETRO ROMANO,whole,,274,CASTEL SAN PIETRO ROMANO,1.0
camera-mattarellum-1993-corrected,LAZIO 1,29,CAVE,whole,,274,CAVE,1.0
camera-mattarellum-1993-corrected,LAZIO 1,29,COLLEFERRO,whole,,274,COLLEFERRO,1.0
camera-mattarellum-1993-corrected,LAZIO 1,29,GALLICANO NEL LAZIO,whole,,274,GALLICANO NEL LAZIO,1.0
camera-mattarellum-1993-corrected,LAZIO 1,29,GAVIGNANO,whole,,274,GAV ÎGNANO,0.889
camera-mattarellum-1993-corrected,LAZIO 1,29,GENAZZANO,whole,,274,GENAZZANO,1.0
camera-mattarellum-1993-corrected,LAZIO 1,29,GORGA,whole,,274,GGORGA,0.833
camera-mattarellum-1993-corrected,LAZIO 1,29,LABICO,whole,,274,LABI1CO,0.857
camera-mattarellum-1993-corrected,LAZIO 1,29,MONTELANICO,whole,,274,MONTELANICO,1.0
camera-mattarellum-1993-corrected,LAZIO 1,29,PALESTRINA,whole,,274,PALESTRINA,1.0
camera-mattarellum-1993-corrected,LAZIO 1,29,SEGNI,whole,,274,SEGNI,1.0
camera-mattarellum-1993-corrected,LAZIO 1,29,VALMONTONE,whole,,274,VALMONTONE,1.0
camera-mattarellum-1993-corrected,LAZIO 1,29,ZAGAROLO,whole,,274,ZAGAROLO,1.0
camera-mattarellum-1993-corrected,LAZIO 1,29,LARIANO,whole,,274,LARTANO,0.857
camera-mattarellum-1993-corrected,LAZIO 1,30,CASTEL GANDOLFO,whole,,274,CASTEL GANDOLFO,1.0
camera-mattarellum-1993-corrected,LAZIO 1,30,COLONNA,whole,,274,COLONNA,1.0
camera-mattarellum-1993-corrected,LAZIO 1,30,FRASCATI,whole,,274,FRASCATI,1.0
camera-mattarellum-1993-corrected,LAZIO 1,30,GROTTAFERRATA,whole,,274,GROTTAFERRATA,1.0
camera-mattarellum-1993-corrected,LAZIO 1,30,MARINO,whole,,274,MAR TINO,0.857
camera-mattarellum-1993-corrected,LAZIO 1,30,MONTECOMPATRI,whole,,274,MONTECOMPATRI,1.0
camera-mattarellum-1993-corrected,LAZIO 1,30,MONTE PORZIO CATONE,whole,,274,MONTE PORZIO CATONE,1.0
camera-mattarellum-1993-corrected,LAZIO 1,30,ROCCA DI PAPA,whole,,274,ROCCA DI PAPA,1.0
camera-mattarellum-1993-corrected,LAZIO 1,30,ROCCA PRIORA,whole,,274,ROCCA PRIORA,1.0
camera-mattarellum-1993-corrected,LAZIO 1,30,SAN CESAREO,whole,,274,SAN CESAREO,1.0
camera-mattarellum-1993-corrected,LAZIO 1,31,ALBANO LAZIALE,whole,,274,ALBANO LAZIALE,1.0
camera-mattarellum-1993-corrected,LAZIO 1,31,ARICCIA,whole,,274,ARICCIA,1.0
camera-mattarellum-1993-corrected,LAZIO 1,31,GENZANO DI ROMA,whole,,274,GENZANO DI ROMA,1.0
camera-mattarellum-1993-corrected,LAZIO 1,31,LANUVIO,whole,,274,LANUVIO,1.0
camera-mattarellum-1993-corrected,LAZIO 1,31,NEMI,whole,,274,NEMI,1.0
camera-mattarellum-1993-corrected,LAZIO 1,31,VELLETRI,whole,,274,VELLETRI,1.0
camera-mattarellum-1993-corrected,LAZIO 1,32,ANZIO,whole,,274,ANZIO,1.0
camera-mattarellum-1993-corrected,LAZIO 1,32,NETTUNO,whole,,274,NETTUNO,1.0
camera-mattarellum-1993-corrected,LAZIO 1,32,POMEZIA,whole,,274,POMEZIA,1.0
camera-mattarellum-1993-corrected,LAZIO 1,32,ARDEA,whole,,274,ARDEA,1.0
camera-mattarellum-1993-corrected,LAZIO 2,1,BASSANO IN TEVERINA,whole,,275,BASSANO IN TEVERINA,1.0
camera-mattarellum-1993-corrected,LAZIO 2,1,BOMARZO,whole,,275,BOMARZO,1.0
camera-mattarellum-1993-corrected,LAZIO 2,1,CALCATA,whole,,275,CALCATA,1.0
camera-mattarellum-1993-corrected,LAZIO 2,1,CANEPINA,whole,,275,CANEPINA,1.0
camera-mattarellum-1993-corrected,LAZIO 2,1,CAPRAROLA,whole,,275,CAPRAROLA,1.0
camera-mattarellum-1993-corrected,LAZIO 2,1,CARBOGNANO,whole,,275,CARBOGNANO,1.0
camera-mattarellum-1993-corrected,LAZIO 2,1,CASTEL SANT'ELIA,whole,,275,CASTEL SANTF'ELIA,0.933
camera-mattarellum-1993-corrected,LAZIO 2,1,CIVITA CASTELLANA,whole,,275,CIVITA CASTELLANA,1.0
camera-mattarellum-1993-corrected,LAZIO 2,1,CORCHIANO,whole,,275,CORCHIANU,0.889
camera-mattarellum-1993-corrected,LAZIO 2,1,FABRICA DI ROMA,whole,,275,FABRICA DI ROMA,1.0
camera-mattarellum-1993-corrected,LAZIO 2,1,FALERIA,whole,,275,FALERIA,1.0
camera-mattarellum-1993-corrected,LAZIO 2,1,GALLESE,whole,,275,GALLESE,1.0
camera-mattarellum-1993-corrected,LAZIO 2,1,NEPI,whole,,275,NEPI,1.0
camera-mattarellum-1993-corrected,LAZIO 2,1,ORTE,whole,,275,ORTE,1.0
camera-mattarellum-1993-corrected,LAZIO 2,1,RONCIGLIONE,whole,,275,RONCIGLIONE,1.0
camera-mattarellum-1993-corrected,LAZIO 2,1,SORIANO NEL CIMINO,whole,,275,SORIANO NEL CIMINO,1.0
camera-mattarellum-1993-corrected,LAZIO 2,1,VALLERANO,whole,,275,VALLERANO,1.0
camera-mattarellum-1993-corrected,LAZIO 2,1,VASANELLO,whole,,275,VASANELLO,1.0
camera-mattarellum-1993-corrected,LAZIO 2,1,VIGNANELLO,whole,,275,VIGNANELLO,1.0
camera-mattarellum-1993-corrected,LAZIO 2,1,VITERBO,whole,,275,VITERBO,1.0
camera-mattarellum-1993-corrected,LAZIO 2,1,VITORCHIANO,whole,,275,VITORCHIANO,1.0
camera-mattarellum-1993-corrected,LAZIO 2,2,ACQUAPENDENTE,whole,,275,ACQUAPENDENTE,1.0
camera-mattarellum-1993-corrected,LAZIO 2,2,ARLENA DI CASTRO,whole,,275,ARLENA DI CASTRO,1.0
camera-mattarellum-1993-corrected,LAZIO 2,2,BAGNOREGIO,whole,,275,BRAGNOREGIA,0.818
camera-mattarellum-1993-corrected,LAZIO 2,2,BARBARANO ROMANO,whole,,275,BARBARANO ROMANO,1.0
camera-mattarellum-1993-corrected,LAZIO 2,2,BASSANO ROMANO,whole,,275,BASSANO ROMANO,1.0
camera-mattarellum-1993-corrected,LAZIO 2,2,BLERA,whole,,275,BLERA,1.0
camera-mattarellum-1993-corrected,LAZIO 2,2,BOLSENA,whole,,275,BOLSENA,1.0
camera-mattarellum-1993-corrected,LAZIO 2,2,CANINO,whole,,275,CANINO,1.0
camera-mattarellum-1993-corrected,LAZIO 2,2,CAPODIMONTE,whole,,275,CAPODIMONTE,1.0
camera-mattarellum-1993-corrected,LAZIO 2,2,CAPRANICA,whole,,275,CAPRANICA,1.0
camera-mattarellum-1993-corrected,LAZIO 2,2,CASTIGLIONE IN TEVERINA,whole,,275,CASTIGLIONE IN TEVERINA,1.0
camera-mattarellum-1993-corrected,LAZIO 2,2,CELLENO,whole,,275,CELLENO,1.0
camera-mattarellum-1993-corrected,LAZIO 2,2,CELLERE,whole,,275,CELLERE,1.0
camera-mattarellum-1993-corrected,LAZIO 2,2,CIVITELLA D'AGLIANO,whole,,275,CIVITELLA D'AGL IANO,1.0
camera-mattarellum-1993-corrected,LAZIO 2,2,FARNESE,whole,,275,FARNESE,1.0
camera-mattarellum-1993-corrected,LAZIO 2,2,GRADOLI,whole,,275,GRADOL 1,1.0
camera-mattarellum-1993-corrected,LAZIO 2,2,GRAFFIGNANO,whole,,275,GRAFFIGNANO,1.0
camera-mattarellum-1993-corrected,LAZIO 2,2,GROTTE DI CASTRO,whole,,275,GROTTE DI CASTRO,1.0
camera-mattarellum-1993-corrected,LAZIO 2,2,ISCHIA DI CASTRO,whole,,275,ISCHIA DI CASTRO,1.0
camera-mattarellum-1993-corrected,LAZIO 2,2,LATERA,whole,,275,LATERA,1.0
camera-mattarellum-1993-corrected,LAZIO 2,2,LUBRIANO,whole,,275,LUBRIANO,1.0
camera-mattarellum-1993-corrected,LAZIO 2,2,MARTA,whole,,275,HARTA,1.0
camera-mattarellum-1993-corrected,LAZIO 2,2,MONTALTO DI CASTRO,whole,,275,HONTALTO DI CASTPFO,0.882
camera-mattarellum-1993-corrected,LAZIO 2,2,MONTEFIASCONE,whole,,275,MONTEF IASCONE,1.0
camera-mattarellum-1993-corrected,LAZIO 2,2,MONTE ROMANO,whole,,275,MONTE ROMANO,1.0
camera-mattarellum-1993-corrected,LAZIO 2,2,MONTEROSI,whole,,275,HONTEROSI,1.0
camera-mattarellum-1993-corrected,LAZIO 2,2,ONANO,whole,,275,ONANG,0.8
camera-mattarellum-1993-corrected,LAZIO 2,2,ORIOLO ROMANO,whole,,275,ORITOLO ROMANO,0.923
camera-mattarellum-1993-corrected,LAZIO 2,2,PIANSANO,whole,,275,PIANSANO,1.0
camera-mattarellum-1993-corrected,LAZIO 2,2,PROCENO,whole,,275,PROCENO,1.0
camera-mattarellum-1993-corrected,LAZIO 2,2,VILLA SAN GIOVANNI IN TUSCIA,whole,,275,VILLA SAN GIOVANNI IN TUSCIA,1.0
camera-mattarellum-1993-corrected,LAZIO 2,2,SAN LORENZO NUOVO,whole,,275,SAN LORENZO NUOVO,1.0
camera-mattarellum-1993-corrected,LAZIO 2,2,SUTRI,whole,,275,SUTRI,1.0
camera-mattarellum-1993-corrected,LAZIO 2,2,TARQUINIA,whole,,275,TARQUINIA,1.0
camera-mattarellum-1993-corrected,LAZIO 2,2,TESSENNANO,whole,,275,TESSENNANO,1.0
camera-mattarellum-1993-corrected,LAZIO 2,2,TUSCANIA,whole,,275,TUSCANIA,1.0
camera-mattarellum-1993-corrected,LAZIO 2,2,VALENTANO,whole,,275,VALENTANO,1.0
camera-mattarellum-1993-corrected,LAZIO 2,2,VEJANO,whole,,275,VE JANO,1.0
camera-mattarellum-1993-corrected,LAZIO 2,2,VETRALLA,whole,,275,VETRALLA,1.0
camera-mattarellum-1993-corrected,LAZIO 2,3,ACCUMOLI,whole,,276,ACCUMOL I,0.875
camera-mattarellum-1993-corrected,LAZIO 2,3,AMATRICE,whole,,276,AMATRICE,1.0
camera-mattarellum-1993-corrected,LAZIO 2,3,ANTRODOCO,whole,,276,ANTRODOBCO,0.9
camera-mattarellum-1993-corrected,LAZIO 2,3,ASCREA,whole,,276,ASCREA,1.0
camera-mattarellum-1993-corrected,LAZIO 2,3,BELMONTE IN SABINA,whole,,276,BELMONTE IN SABINA,1.0
camera-mattarellum-1993-corrected,LAZIO 2,3,BORBONA,whole,,276,BORBONA,1.0
camera-mattarellum-1993-corrected,LAZIO 2,3,BORGOROSE,whole,,276,BORGOROSE,1.0
camera-mattarellum-1993-corrected,LAZIO 2,3,BORGO VELINO,whole,,276,BORGA VEL INO,0.909
camera-mattarellum-1993-corrected,LAZIO 2,3,CANTALICE,whole,,276,CANTAL ICE,1.0
camera-mattarellum-1993-corrected,LAZIO 2,3,CANTALUPO IN SABINA,whole,,276,CANTALUPO IN SABINA,1.0
camera-mattarellum-1993-corrected,LAZIO 2,3,CASAPROTA,whole,,276,CASAPROTA,1.0
camera-mattarellum-1993-corrected,LAZIO 2,3,CASPERIA,whole,,276,CASPERITA,0.889
camera-mattarellum-1993-corrected,LAZIO 2,3,CASTEL DI TORA,whole,,276,CASTEL DI TORA,1.0
camera-mattarellum-1993-corrected,LAZIO 2,3,CASTELNUOVO DI FARFA,whole,,276,CASTELNUOVO DI FARFA,1.0
camera-mattarellum-1993-corrected,LAZIO 2,3,CASTEL SANT'ANGELO,whole,,276,CASTEL SANT'ANGELO,1.0
camera-mattarellum-1993-corrected,LAZIO 2,3,CITTADUCALE,whole,,276,CITTADUCALE,1.0
camera-mattarellum-1993-corrected,LAZIO 2,3,CITTAREALE,whole,,276,CITTAREALE,1.0
camera-mattarellum-1993-corrected,LAZIO 2,3,COLLALTO SABINO,whole,,276,COLLALTO SABINO,1.0
camera-mattarellum-1993-corrected,LAZIO 2,3,COLLE DI TORA,whole,,276,COLLE DI TORA,1.0
camera-mattarellum-1993-corrected,LAZIO 2,3,COLLEGIOVE,whole,,276,COLLEGIOVE,1.0
camera-mattarellum-1993-corrected,LAZIO 2,3,COLLEVECCHIO,whole,,276,COLLEVECCHIO,1.0
camera-mattarellum-1993-corrected,LAZIO 2,3,COLLI SUL VELINO,whole,,276,COLLI SUL VELINO,1.0
camera-mattarellum-1993-corrected,LAZIO 2,3,CONCERVIANO,whole,,276,CONCERV ANO,0.909
camera-mattarellum-1993-corrected,LAZIO 2,3,CONFIGNI,whole,,276,CONF IGNI,1.0
camera-mattarellum-1993-corrected,LAZIO 2,3,CONTIGLIANO,whole,,276,CONTFIGL TANO,0.833
camera-mattarellum-1993-corrected,LAZIO 2,3,COTTANELLO,whole,,276,COTTANELLO,1.0
camera-mattarellum-1993-corrected,LAZIO 2,3,FARA IN SABINA,whole,,276,FARA IN SABINA,1.0
camera-mattarellum-1993-corrected,LAZIO 2,3,FIAMIGNANO,whole,,276,FI1AMITGNANO,0.833
camera-mattarellum-1993-corrected,LAZIO 2,3,FORANO,whole,,276,FORANO,1.0
camera-mattarellum-1993-corrected,LAZIO 2,3,FRASSO SABINO,whole,,276,FRASSO SABINO,1.0
camera-mattarellum-1993-corrected,LAZIO 2,3,GRECCIO,whole,,276,GRECCIO,1.0
camera-mattarellum-1993-corrected,LAZIO 2,3,LABRO,whole,,276,LABRO,1.0
camera-mattarellum-1993-corrected,LAZIO 2,3,LEONESSA,whole,,276,LEONESSA,1.0
camera-mattarellum-1993-corrected,LAZIO 2,3,LONGONE SABINO,whole,,276,LONGONE SABINO,1.0
camera-mattarellum-1993-corrected,LAZIO 2,3,MAGLIANO SABINA,whole,,276,HAGLIANO SABINA,1.0
camera-mattarellum-1993-corrected,LAZIO 2,3,MARCETELLI,whole,,276,MARCETELLI,1.0
camera-mattarellum-1993-corrected,LAZIO 2,3,MICIGLIANO,whole,,276,MICIGLIANO,1.0
camera-mattarellum-1993-corrected,LAZIO 2,3,MOMPEO,whole,,276,MOMPEO,1.0
camera-mattarellum-1993-corrected,LAZIO 2,3,MONTASOLA,whole,,276,MONTASOLA,1.0
camera-mattarellum-1993-corrected,LAZIO 2,3,MONTEBUONO,whole,,276,MONTE BUONO,1.0
camera-mattarellum-1993-corrected,LAZIO 2,3,MONTELEONE SABINO,whole,,276,HONTELEONE SABINO,1.0
camera-mattarellum-1993-corrected,LAZIO 2,3,MONTENERO SABINO,whole,,276,HONTENERO SABINO,1.0
camera-mattarellum-1993-corrected,LAZIO 2,3,MONTE SAN GIOVANNI IN SABINA,whole,,276,HONTE SAN GIOVANNI IN SABINA,1.0
camera-mattarellum-1993-corrected,LAZIO 2,3,MONTOPOLI DI SABINA,whole,,276,MONTOPOLI DI SABINA,1.0
camera-mattarellum-1993-corrected,LAZIO 2,3,MORRO REATINO,whole,,276,HORRO REATINO,1.0
camera-mattarellum-1993-corrected,LAZIO 2,3,NESPOLO,whole,,276,NE SPOLO,1.0
camera-mattarellum-1993-corrected,LAZIO 2,3,ORVINIO,whole,,276,ORVINIO,1.0
camera-mattarellum-1993-corrected,LAZIO 2,3,,whole,,276,PAGANICO,0.571
camera-mattarellum-1993-corrected,LAZIO 2,3,PESCOROCCHIANO,whole,,276,PESCOROCCHI ANO,1.0
camera-mattarellum-1993-corrected,LAZIO 2,3,PETRELLA SALTO,whole,,276,PETRELLA SALTO,1.0
camera-mattarellum-1993-corrected,LAZIO 2,3,POGGIO BUSTONE,whole,,276,POGGIO BUSTONE,1.0
camera-mattarellum-1993-corrected,LAZIO 2,3,POGGIO CATINO,whole,,276,POGGIO CATINO,1.0
camera-mattarellum-1993-corrected,LAZIO 2,3,POGGIO MIRTETO,whole,,276,PAGGIO MIRTETO,0.923
camera-mattarellum-1993-corrected,LAZIO 2,3,POGGIO MOIANO,whole,,276,POGGIO MOIANO,1.0
camera-mattarellum-1993-corrected,LAZIO 2,3,POGGIO NATIVO,whole,,276,POGGIO NATIVO,1.0
camera-mattarellum-1993-corrected,LAZIO 2,3,POGGIO SAN LORENZO,whole,,276,POGGIO SAN LORENZO,1.0
camera-mattarellum-1993-corrected,LAZIO 2,3,POSTA,whole,,276,POSTA,1.0
camera-mattarellum-1993-corrected,LAZIO 2,3,POZZAGLIA SABINA,whole,,276,POZZAGLIA SABINA,1.0
camera-mattarellum-1993-corrected,LAZIO 2,3,RIETI,whole,,276,RIETI,1.0
camera-mattarellum-1993-corrected,LAZIO 2,3,RIVODUTRI,whole,,276,RIVODUTRI,1.0
camera-mattarellum-1993-corrected,LAZIO 2,3,ROCCANTICA,whole,,276,ROCCANTICA,1.0
camera-mattarellum-1993-corrected,LAZIO 2,3,ROCCA SINIBALDA,whole,,276,ROCCA SINIBALBDA,0.933
camera-mattarellum-1993-corrected,LAZIO 2,3,SALISANO,whole,,276,SAL ISANO,1.0
camera-mattarellum-1993-corrected,LAZIO 2,3,SCANDRIGLIA,whole,,276,SCANDRIGLIA,1.0
camera-mattarellum-1993-corrected,LAZIO 2,3,SELCI,whole,,276,SELCI,1.0
camera-mattarellum-1993-corrected,LAZIO 2,3,STIMIGLIANO,whole,,276,STIMIGLIANO,1.0
camera-mattarellum-1993-corrected,LAZIO 2,3,TARANO,whole,,276,TARANO,1.0
camera-mattarellum-1993-corrected,LAZIO 2,3,TOFFIA,whole,,276,TYTOFFIA,0.75
camera-mattarellum-1993-corrected,LAZIO 2,3,TORRICELLA IN SABINA,whole,,276,TORRICELLA IN SABINA,1.0
camera-mattarellum-1993-corrected,LAZIO 2,3,TORRI IN SABINA,whole,,277,TORRI IN SABINA,1.0
camera-mattarellum-1993-corrected,LAZIO 2,3,TURANIA,whole,,277,TURANIA,1.0
camera-mattarellum-1993-corrected,LAZIO 2,3,VACONE,whole,,277,VACONE,1.0
camera-mattarellum-1993-corrected,LAZIO 2,3,VARCO SABINO,whole,,277,VARCO SABINO,1.0
camera-mattarellum-1993-corrected,LAZIO 2,4,AMASENO,whole,,277,AMASENO,1.0
camera-mattarellum-1993-corrected,LAZIO 2,4,ARNARA,whole,,277,ARNARA,1.0
camera-mattarellum-1993-corrected,LAZIO 2,4,BOVILLE ERNICA,whole,,277,BOVILLE ERNICA,1.0
camera-mattarellum-1993-corrected,LAZIO 2,4,CASTRO DEI VOLSCI,whole,,277,CASTRO DEI VOLSCI,1.0
camera-mattarellum-1993-corrected,LAZIO 2,4,CECCANO,whole,,277,CECCANO,1.0
camera-mattarellum-1993-corrected,LAZIO 2,4,FROSINONE,whole,,277,FRUOS1TNONE,0.818
camera-mattarellum-1993-corrected,LAZIO 2,4,GIULIANO DI ROMA,whole,,277,GIULIANO DI ROMA,1.0
camera-mattarellum-1993-corrected,LAZIO 2,4,POFI,whole,,277,POFI,1.0
camera-mattarellum-1993-corrected,LAZIO 2,4,RIPI,whole,,277,RIPI,1.0
camera-mattarellum-1993-corrected,LAZIO 2,4,TORRICE,whole,,277,TORRICE,1.0
camera-mattarellum-1993-corrected,LAZIO 2,4,VALLECORSA,whole,,277,VALLECORSA,1.0
camera-mattarellum-1993-corrected,LAZIO 2,4,VEROLI,whole,,277,VEROLI,1.0
camera-mattarellum-1993-corrected,LAZIO 2,4,VILLA SANTO STEFANO,whole,,277,VILLA SANTO STEFANO,1.0
camera-mattarellum-1993-corrected,LAZIO 2,5,ACUTO,whole,,277,ACUTO,1.0
camera-mattarellum-1993-corrected,LAZIO 2,5,ALATRI,whole,,277,ALATRI,1.0
camera-mattarellum-1993-corrected,LAZIO 2,5,ANAGNI,whole,,277,ANAGNI,1.0
camera-mattarellum-1993-corrected,LAZIO 2,5,COLLEPARDO,whole,,277,COLLEFPARDO,0.909
camera-mattarellum-1993-corrected,LAZIO 2,5,FERENTINO,whole,,277,FERENTINO,1.0
camera-mattarellum-1993-corrected,LAZIO 2,5,FILETTINO,whole,,277,FILETTINO,1.0
camera-mattarellum-1993-corrected,LAZIO 2,5,FIUGGI,whole,,277,FiUGGI,1.0
camera-mattarellum-1993-corrected,LAZIO 2,5,FUMONE,whole,,277,FUMONE,1.0
camera-mattarellum-1993-corrected,LAZIO 2,5,GUARCINO,whole,,277,GUARCINO,1.0
camera-mattarellum-1993-corrected,LAZIO 2,5,MOROLO,whole,,277,MOROLO,1.0
camera-mattarellum-1993-corrected,LAZIO 2,5,PALIANO,whole,,277,PAL TANO,0.857
camera-mattarellum-1993-corrected,LAZIO 2,5,PATRICA,whole,,277,PATRICA,1.0
camera-mattarellum-1993-corrected,LAZIO 2,5,PIGLIO,whole,,277,PIGLIO,1.0
camera-mattarellum-1993-corrected,LAZIO 2,5,SERRONE,whole,,277,SERRONE,1.0
camera-mattarellum-1993-corrected,LAZIO 2,5,SGURGOLA,whole,,277,SGURGOLA,1.0
camera-mattarellum-1993-corrected,LAZIO 2,5,SUPINO,whole,,277,SUP INO,1.0
camera-mattarellum-1993-corrected,LAZIO 2,5,TORRE CAJETANI,whole,,277,TORRE CAJETANI,1.0
camera-mattarellum-1993-corrected,LAZIO 2,5,TREVI NEL LAZIO,whole,,277,TREVI NEL LAZIO,1.0
camera-mattarellum-1993-corrected,LAZIO 2,5,TRIVIGLIANO,whole,,277,TRIVIGLIANO,1.0
camera-mattarellum-1993-corrected,LAZIO 2,5,VICO NEL LAZIO,whole,,277,VICO NEL LAZIO,1.0
camera-mattarellum-1993-corrected,LAZIO 2,6,ALVITO,whole,,277,ALVITO,1.0
camera-mattarellum-1993-corrected,LAZIO 2,6,ARCE,whole,,277,ARCE,1.0
camera-mattarellum-1993-corrected,LAZIO 2,6,ARPINO,whole,,277,ARPINO,1.0
camera-mattarellum-1993-corrected,LAZIO 2,6,ATINA,whole,,277,ATINA,1.0
camera-mattarellum-1993-corrected,LAZIO 2,6,BELMONTE CASTELLO,whole,,277,BELMONTE CASTELLO,1.0
camera-mattarellum-1993-corrected,LAZIO 2,6,BROCCOSTELLA,whole,,277,BROCCOSTELLA,1.0
camera-mattarellum-1993-corrected,LAZIO 2,6,CAMPOLI APPENNINO,whole,,277,CAMPOLI APPENNINO,1.0
camera-mattarellum-1993-corrected,LAZIO 2,6,CASALATTICO,whole,,277,CASALATTICO,1.0
camera-mattarellum-1993-corrected,LAZIO 2,6,CASALVIERI,whole,,277,CASALVIERI,1.0
camera-mattarellum-1993-corrected,LAZIO 2,6,CASTELLIRI,whole,,277,CASTELLIRI,1.0
camera-mattarellum-1993-corrected,LAZIO 2,6,CEPRANO,whole,,277,CEPRANO,1.0
camera-mattarellum-1993-corrected,LAZIO 2,6,COLFELICE,whole,,277,COLFELICE,1.0
camera-mattarellum-1993-corrected,LAZIO 2,6,FONTANA LIRI,whole,,277,FONTANA LIRI,1.0
camera-mattarellum-1993-corrected,LAZIO 2,6,FONTECHIARI,whole,,277,FONTECHIARI,1.0
camera-mattarellum-1993-corrected,LAZIO 2,6,GALLINARO,whole,,277,GALLINARO,1.0
camera-mattarellum-1993-corrected,LAZIO 2,6,ISOLA DEL LIRI,whole,,277,ISOLA DEL LIRI,1.0
camera-mattarellum-1993-corrected,LAZIO 2,6,MONTE SAN GIOVANNI CAMPANO,whole,,277,MONTE SAN GIOVANNI CAMPANO,1.0
camera-mattarellum-1993-corrected,LAZIO 2,6,PESCOSOLIDO,whole,,277,PESCOSOL IDO,1.0
camera-mattarellum-1993-corrected,LAZIO 2,6,PICINISCO,whole,,277,PICINISCO,1.0
camera-mattarellum-1993-corrected,LAZIO 2,6,POSTA FIBRENO,whole,,277,POSTA FIBRENO,1.0
camera-mattarellum-1993-corrected,LAZIO 2,6,ROCCA D'ARCE,whole,,277,ROCCA D'ARCE,1.0
camera-mattarellum-1993-corrected,LAZIO 2,6,SAN BIAGIO SARACINISCO,whole,,277,SAN BIAGIO SARACINISCO,1.0
camera-mattarellum-1993-corrected,LAZIO 2,6,SAN DONATO VAL DI COMINO,whole,,277,SAN DONATO VAL DI COMINO,1.0
camera-mattarellum-1993-corrected,LAZIO 2,6,SANTOPADRE,whole,,278,SANTOPADRE,1.0
camera-mattarellum-1993-corrected,LAZIO 2,6,SETTEFRATI,whole,,278,SETTEFRATI,1.0
camera-mattarellum-1993-corrected,LAZIO 2,6,SORA,whole,,278,SORA,1.0
camera-mattarellum-1993-corrected,LAZIO 2,6,STRANGOLAGALLI,whole,,278,STRANGOLAGALL i,1.0
camera-mattarellum-1993-corrected,LAZIO 2,6,VICALVI,whole,,278,VICALVI,1.0
camera-mattarellum-1993-corrected,LAZIO 2,6,VILLA LATINA,whole,,278,VILLA LATINA,1.0
camera-mattarellum-1993-corrected,LAZIO 2,7,ACQUAFONDATA,whole,,278,ACQUAF ONDATA,1.0
camera-mattarellum-1993-corrected,LAZIO 2,7,AQUINO,whole,,278,AQUINO,1.0
camera-mattarellum-1993-corrected,LAZIO 2,7,CASSINO,whole,,278,CASSINO,1.0
camera-mattarellum-1993-corrected,LAZIO 2,7,CASTROCIELO,whole,,278,CASTROCIELO,1.0
camera-mattarellum-1993-corrected,LAZIO 2,7,CERVARO,whole,,278,CERVARO,1.0
camera-mattarellum-1993-corrected,LAZIO 2,7,COLLE SAN MAGNO,whole,,278,COLLE SAN MAGNO,1.0
camera-mattarellum-1993-corrected,LAZIO 2,7,ESPERIA,whole,,278,ESPERIA,1.0
camera-mattarellum-1993-corrected,LAZIO 2,7,FALVATERRA,whole,,278,FALVATERRA,1.0
camera-mattarellum-1993-corrected,LAZIO 2,7,PASTENA,whole,,278,PASTENA,1.0
camera-mattarellum-1993-corrected,LAZIO 2,7,PICO,whole,,278,PICO,1.0
camera-mattarellum-1993-corrected,LAZIO 2,7,PIEDIMONTE SAN GERMANO,whole,,278,PIEDIMONTE SAN GERMANG,0.95
camera-mattarellum-1993-corrected,LAZIO 2,7,PIGNATARO INTERAMNA,whole,,278,PIGNATARO INTERAMNA,1.0
camera-mattarellum-1993-corrected,LAZIO 2,7,PONTECORVO,whole,,278,PONTECORVO,1.0
camera-mattarellum-1993-corrected,LAZIO 2,7,ROCCASECCA,whole,,278,ROCCASECCA,1.0
camera-mattarellum-1993-corrected,LAZIO 2,7,SAN GIORGIO A LIRI,whole,,278,SAN GIORGIO A LIRI,1.0
camera-mattarellum-1993-corrected,LAZIO 2,7,SAN GIOVANNI INCARICO,whole,,278,SAN GIOVANNI INCARICO,1.0
camera-mattarellum-1993-corrected,LAZIO 2,7,SANT'AMBROGIO SUL GARIGLIANO,whole,,278,SANT'AMBROGIO SUL GARIGLIANO,1.0
camera-mattarellum-1993-corrected,LAZIO 2,7,SANT'ANDREA DEL GARIGLIANO,whole,,278,SANT'ANDREA DEL GARIGL1ANO,1.0
camera-mattarellum-1993-corrected,LAZIO 2,7,SANT'APOLLINARE,whole,,278,SANT'*APFGLLINARE,0.867
camera-mattarellum-1993-corrected,LAZIO 2,7,SANT'ELIA FIUMERAPIDO,whole,,278,SANT'ELTA FIUMERAP IDO,0.947
camera-mattarellum-1993-corrected,LAZIO 2,7,SAN VITTORE DEL LAZIO,whole,,278,SAN VITTORE DEL LAZIO,1.0
camera-mattarellum-1993-corrected,LAZIO 2,7,TERELLE,whole,,278,TERELLE,1.0
camera-mattarellum-1993-corrected,LAZIO 2,7,VALLEMAIO,whole,,278,VALLEMAITO,0.9
camera-mattarellum-1993-corrected,LAZIO 2,7,VALLEROTONDA,whole,,278,VALLEROTONDA,1.0
camera-mattarellum-1993-corrected,LAZIO 2,7,VILLA SANTA LUCIA,whole,,278,VILLA SANTA LUCIA,1.0
camera-mattarellum-1993-corrected,LAZIO 2,7,VITICUSO,whole,,278,VITICUSO,1.0
camera-mattarellum-1993-corrected,LAZIO 2,8,LATINA,whole,,278,LATINA,1.0
camera-mattarellum-1993-corrected,LAZIO 2,8,PONTINIA,whole,,278,PONTINTA,0.875
camera-mattarellum-1993-corrected,LAZIO 2,8,SERMONETA,whole,,278,SERMONETA,1.0
camera-mattarellum-1993-corrected,LAZIO 2,9,APRILIA,whole,,278,APRILIA,1.0
camera-mattarellum-1993-corrected,LAZIO 2,9,BASSIANO,whole,,278,BASS IANO,1.0
camera-mattarellum-1993-corrected,LAZIO 2,9,CISTERNA DI LATINA,whole,,278,CISTERNA DI LATINA,1.0
camera-mattarellum-1993-corrected,LAZIO 2,9,CORI,whole,,278,CORE,0.75
camera-mattarellum-1993-corrected,LAZIO 2,9,MAENZA,whole,,278,HMAENZA,0.857
camera-mattarellum-1993-corrected,LAZIO 2,9,NORMA,whole,,278,NORMA,1.0
camera-mattarellum-1993-corrected,LAZIO 2,9,ROCCAGORGA,whole,,278,ROCCAGORGA,1.0
camera-mattarellum-1993-corrected,LAZIO 2,9,ROCCA MASSIMA,whole,,278,ROCCA MASSIMA,1.0
camera-mattarellum-1993-corrected,LAZIO 2,9,SEZZE,whole,,278,SEZZE,1.0
camera-mattarellum-1993-corrected,LAZIO 2,10,FONDI,whole,,278,FONDI,1.0
camera-mattarellum-1993-corrected,LAZIO 2,10,MONTE SAN BIAGIO,whole,,278,HONTE SAN BIAGIO,1.0
camera-mattarellum-1993-corrected,LAZIO 2,10,PRIVERNO,whole,,278,PRIVERNO,1.0
camera-mattarellum-1993-corrected,LAZIO 2,10,PROSSEDI,whole,,278,PROSSEDÌI,1.0
camera-mattarellum-1993-corrected,LAZIO 2,10,ROCCASECCA DEI VOLSCI,whole,,278,ROCCASECCA DEI VOLSCI,1.0
camera-mattarellum-1993-corrected,LAZIO 2,10,SABAUDIA,whole,,278,SABAUD A,0.875
camera-mattarellum-1993-corrected,LAZIO 2,10,SAN FELICE CIRCEO,whole,,278,SAN FELICE CIRCEO,1.0
camera-mattarellum-1993-corrected,LAZIO 2,10,SONNINO,whole,,278,SONNINO,1.0
camera-mattarellum-1993-corrected,LAZIO 2,10,TERRACINA,whole,,278,TERRACINA,1.0
camera-mattarellum-1993-corrected,LAZIO 2,11,CAMPODIMELE,whole,,278,CAHMPODIMELE,0.917
camera-mattarellum-1993-corrected,LAZIO 2,11,CASTELFORTE,whole,,278,CASTELFORTE,1.0
camera-mattarellum-1993-corrected,LAZIO 2,11,FORMIA,whole,,279,FORMIA,1.0
camera-mattarellum-1993-corrected,LAZIO 2,11,GAETA,whole,,279,GAETA,1.0
camera-mattarellum-1993-corrected,LAZIO 2,11,ITRI,whole,,279,ITRI,1.0
camera-mattarellum-1993-corrected,LAZIO 2,11,LENOLA,whole,,279,LENOLA,1.0
camera-mattarellum-1993-corrected,LAZIO 2,11,MINTURNO,whole,,279,MINTURNO,1.0
camera-mattarellum-1993-corrected,LAZIO 2,11,PONZA,whole,,279,PONZA,1.0
camera-mattarellum-1993-corrected,LAZIO 2,11,SANTI COSMA E DAMIANO,whole,,279,SANTI COSMA E DANIANO,0.944
camera-mattarellum-1993-corrected,LAZIO 2,11,SPERLONGA,whole,,279,SPERLONGA,1.0
camera-mattarellum-1993-corrected,LAZIO 2,11,SPIGNO SATURNIA,whole,,279,SPIGNO SATURNIA,1.0
camera-mattarellum-1993-corrected,LAZIO 2,11,VENTOTENE,whole,,279,VENTOTENE,1.0
camera-mattarellum-1993-corrected,LAZIO 2,11,AUSONIA,whole,,279,AUSONIA,1.0
camera-mattarellum-1993-corrected,LAZIO 2,11,CASTELNUOVO PARANO,whole,,279,CASTELNUOVO PARANO,1.0
camera-mattarellum-1993-corrected,LAZIO 2,11,CORENO AUSONIO,whole,,279,CORENO AUSONIO,1.0
camera-mattarellum-1993-corrected,ABRUZZI,1,ACCIANO,whole,,280,ACCIANO,1.0
camera-mattarellum-1993-corrected,ABRUZZI,1,BARETE,whole,,280,BARETE,1.0
camera-mattarellum-1993-corrected,ABRUZZI,1,BARISCIANO,whole,,280,BAR ISCIANO,1.0
camera-mattarellum-1993-corrected,ABRUZZI,1,CAGNANO AMITERNO,whole,,280,CAGNANO ANITERNO,0.933
camera-mattarellum-1993-corrected,ABRUZZI,1,CALASCIO,whole,,280,CALASCIO,1.0
camera-mattarellum-1993-corrected,ABRUZZI,1,CAMPOTOSTO,whole,,280,CAMPOTOSTO,1.0
camera-mattarellum-1993-corrected,ABRUZZI,1,CAPITIGNANO,whole,,280,CAPITIGNANO,1.0
camera-mattarellum-1993-corrected,ABRUZZI,1,CAPORCIANO,whole,,280,CAPORCIANO,1.0
camera-mattarellum-1993-corrected,ABRUZZI,1,CARAPELLE CALVISIO,whole,,280,CARAPELLE CALVISIO,1.0
camera-mattarellum-1993-corrected,ABRUZZI,1,CASTEL DEL MONTE,whole,,280,CASTEL DEL MONTE,1.0
camera-mattarellum-1993-corrected,ABRUZZI,1,CASTELVECCHIO CALVISIO,whole,,280,CASTELVECCHIO CALVISIO,1.0
camera-mattarellum-1993-corrected,ABRUZZI,1,COLLEPIETRO,whole,,280,COLLEPIETRO,1.0
camera-mattarellum-1993-corrected,ABRUZZI,1,FAGNANO ALTO,whole,,280,FAGNANO AL TO,1.0
camera-mattarellum-1993-corrected,ABRUZZI,1,FONTECCHIO,whole,,280,FONTECCHIO,1.0
camera-mattarellum-1993-corrected,ABRUZZI,1,FOSSA,whole,,280,FOSSA,1.0
camera-mattarellum-1993-corrected,ABRUZZI,1,L'AQUILA,whole,,280,L'AQUILA,1.0
camera-mattarellum-1993-corrected,ABRUZZI,1,LUCOLI,whole,,280,LUCOLI,1.0
camera-mattarellum-1993-corrected,ABRUZZI,1,MAGLIANO DE' MARSI,whole,,280,HAGLIANO DE'*' MARSI,1.0
camera-mattarellum-1993-corrected,ABRUZZI,1,MASSA D'ALBE,whole,,280,HASSA D'ALBE,1.0
camera-mattarellum-1993-corrected,ABRUZZI,1,MONTEREALE,whole,,280,MONTEREALE,1.0
camera-mattarellum-1993-corrected,ABRUZZI,1,NAVELLI,whole,,280,NAVELLI,1.0
camera-mattarellum-1993-corrected,ABRUZZI,1,OCRE,whole,,280,OCRE,1.0
camera-mattarellum-1993-corrected,ABRUZZI,1,OFENA,whole,,280,OFENA,1.0
camera-mattarellum-1993-corrected,ABRUZZI,1,OVINDOLI,whole,,280,OVINDOLI,1.0
camera-mattarellum-1993-corrected,ABRUZZI,1,PIZZOLI,whole,,280,PIZZOLI,1.0
camera-mattarellum-1993-corrected,ABRUZZI,1,POGGIO PICENZE,whole,,280,PUGGIO PICENZE,0.923
camera-mattarellum-1993-corrected,ABRUZZI,1,PRATA D'ANSIDONIA,whole,,280,PRATA D'ANSIDONIA,1.0
camera-mattarellum-1993-corrected,ABRUZZI,1,ROCCA DI CAMBIO,whole,,280,ROCCA DI CAMBIO,1.0
camera-mattarellum-1993-corrected,ABRUZZI,1,ROCCA DI MEZZO,whole,,280,ROCCA DI MEZZO,1.0
camera-mattarellum-1993-corrected,ABRUZZI,1,SAN BENEDETTO IN PERILLIS,whole,,280,SAN BENEDETTO IN PERILLIS,1.0
camera-mattarellum-1993-corrected,ABRUZZI,1,SAN DEMETRIO NE' VESTINI,whole,,280,SAN DEMETR10 NE' VESTINI,1.0
camera-mattarellum-1993-corrected,ABRUZZI,1,SAN PIO DELLE CAMERE,whole,,280,SAN PIO DELLE CAMERE,1.0
camera-mattarellum-1993-corrected,ABRUZZI,1,SANTE MARIE,whole,,280,SANTE MARIE,1.0
camera-mattarellum-1993-corrected,ABRUZZI,1,SANT'EUSANIO FORCONESE,whole,,280,SANT'EUSANIO FORCONESE,1.0
camera-mattarellum-1993-corrected,ABRUZZI,1,SANTO STEFANO DI SESSANIO,whole,,280,SANTO STEFANO DI SESSANIO,1.0
camera-mattarellum-1993-corrected,ABRUZZI,1,SCOPPITO,whole,,280,SCOPPITO,1.0
camera-mattarellum-1993-corrected,ABRUZZI,1,TORNIMPARTE,whole,,280,TORNIMPARTE,1.0
camera-mattarellum-1993-corrected,ABRUZZI,1,VILLA SANTA LUCIA DEGLI ABRUZZI,whole,,280,VILLA SANTA LUCIA DEGLI ABRUZZI,1.0
camera-mattarellum-1993-corrected,ABRUZZI,1,VILLA SANT'ANGELO,whole,,280,VILLA SANT'ANGELO,1.0
camera-mattarellum-1993-corrected,ABRUZZI,2,AIELLI,whole,,280,ATELLI,0.833
camera-mattarellum-1993-corrected,ABRUZZI,2,AVEZZANO,whole,,280,AVEZZANO,1.0
camera-mattarellum-1993-corrected,ABRUZZI,2,BALSORANO,whole,,280,BALSORANO,1.0
camera-mattarellum-1993-corrected,ABRUZZI,2,BISEGNA,whole,,280,BISEGNA,1.0
camera-mattarellum-1993-corrected,ABRUZZI,2,CANISTRO,whole,,280,CANISTRO,1.0
camera-mattarellum-1993-corrected,ABRUZZI,2,CAPISTRELLO,whole,,280,CAPISTRELLO,1.0
camera-mattarellum-1993-corrected,ABRUZZI,2,CAPPADOCIA,whole,,280,CAPPADOCIA,1.0
camera-mattarellum-1993-corrected,ABRUZZI,2,CARSOLI,whole,,280,CARSULI,0.857
camera-mattarellum-1993-corrected,ABRUZZI,2,CASTELLAFIUME,whole,,280,CASTELLAF IUME,1.0
camera-mattarellum-1993-corrected,ABRUZZI,2,CELANO,whole,,280,CELANO,1.0
camera-mattarellum-1993-corrected,ABRUZZI,2,CERCHIO,whole,,280,CERCHIO,1.0
camera-mattarellum-1993-corrected,ABRUZZI,2,CIVITA D'ANTINO,whole,,280,CIVITA D'ANTINO,1.0
camera-mattarellum-1993-corrected,ABRUZZI,2,CIVITELLA ROVETO,whole,,280,CIVITELLA ROVETO-,1.0
camera-mattarellum-1993-corrected,ABRUZZI,2,COLLARMELE,whole,,280,COLLARMELE,1.0
camera-mattarellum-1993-corrected,ABRUZZI,2,COLLELONGO,whole,,280,COLLEL ONGO,1.0
camera-mattarellum-1993-corrected,ABRUZZI,2,GIOIA DEI MARSI,whole,,280,GIOIA DEI MARSI,1.0
camera-mattarellum-1993-corrected,ABRUZZI,2,LECCE NEI MARSI,whole,,280,LECCE NEI MARSI,1.0
camera-mattarellum-1993-corrected,ABRUZZI,2,LUCO DEI MARSI,whole,,280,LUCO DEI MARSI,1.0
camera-mattarellum-1993-corrected,ABRUZZI,2,MORINO,whole,,280,MOR INO,1.0
camera-mattarellum-1993-corrected,ABRUZZI,2,OPI,whole,,280,OPI,1.0
camera-mattarellum-1993-corrected,ABRUZZI,2,ORICOLA,whole,,281,ORICOLA,1.0
camera-mattarellum-1993-corrected,ABRUZZI,2,ORTONA DEI MARSI,whole,,281,GRTONA DE1 MARSI,0.929
camera-mattarellum-1993-corrected,ABRUZZI,2,ORTUCCHIO,whole,,281,ORTUCCHIO,1.0
camera-mattarellum-1993-corrected,ABRUZZI,2,PERETO,whole,,281,PERE TO,1.0
camera-mattarellum-1993-corrected,ABRUZZI,2,PESCASSEROLI,whole,,281,PESCASSEROLI,1.0
camera-mattarellum-1993-corrected,ABRUZZI,2,PESCINA,whole,,281,PESCINA,1.0
camera-mattarellum-1993-corrected,ABRUZZI,2,ROCCA DI BOTTE,whole,,281,ROCCA DI BOTTE,1.0
camera-mattarellum-1993-corrected,ABRUZZI,2,SAN BENEDETTO DEI MARSI,whole,,281,SAN BENEDETTO DEI HARSI,1.0
camera-mattarellum-1993-corrected,ABRUZZI,2,SAN VINCENZO VALLE ROVETO,whole,,281,SAN VINCENZO VALLE RovETO,1.0
camera-mattarellum-1993-corrected,ABRUZZI,2,SCURCOLA MARSICANA,whole,,281,SCURCOLA MARSICANA,1.0
camera-mattarellum-1993-corrected,ABRUZZI,2,TAGLIACOZZO,whole,,281,TAGL 1ACUZZO,0.909
camera-mattarellum-1993-corrected,ABRUZZI,2,TRASACCO,whole,,281,TRASACCO,1.0
camera-mattarellum-1993-corrected,ABRUZZI,2,VILLAVALLELONGA,whole,,281,VILLAVALLELOUNGA,0.938
camera-mattarellum-1993-corrected,ABRUZZI,3,ALFEDENA,whole,,281,ALFEDENA,1.0
camera-mattarellum-1993-corrected,ABRUZZI,3,ANVERSA DEGLI ABRUZZI,whole,,281,ANVERSA DEGLI ABRUZZI,1.0
camera-mattarellum-1993-corrected,ABRUZZI,3,ATELETA,whole,,281,ATELETA,1.0
camera-mattarellum-1993-corrected,ABRUZZI,3,BARREA,whole,,281,BARREA,1.0
camera-mattarellum-1993-corrected,ABRUZZI,3,BUGNARA,whole,,281,BUGNARA,1.0
camera-mattarellum-1993-corrected,ABRUZZI,3,CAMPO DI GIOVE,whole,,281,CAMPO DI GIOVE,1.0
camera-mattarellum-1993-corrected,ABRUZZI,3,CANSANO,whole,,281,CANSANO,1.0
camera-mattarellum-1993-corrected,ABRUZZI,3,CAPESTRANO,whole,,281,CAPESTRANO,1.0
camera-mattarellum-1993-corrected,ABRUZZI,3,CASTEL DI IERI,whole,,281,CASTE% OI IERI,0.833
camera-mattarellum-1993-corrected,ABRUZZI,3,CASTEL DI SANGRO,whole,,281,CASTEL DI SANGRO,1.0
camera-mattarellum-1993-corrected,ABRUZZI,3,CASTELVECCHIO SUBEQUO,whole,,281,CASTELVECCHIO SUBEQUO,1.0
camera-mattarellum-1993-corrected,ABRUZZI,3,CIVITELLA ALFEDENA,whole,,281,CIVITELLA ALFEDENA,1.0
camera-mattarellum-1993-corrected,ABRUZZI,3,COCULLO,whole,,281,COCULLO,1.0
camera-mattarellum-1993-corrected,ABRUZZI,3,CORFINIO,whole,,281,CORF INI,0.875
camera-mattarellum-1993-corrected,ABRUZZI,3,GAGLIANO ATERNO,whole,,281,GAGL TANO ATFRNN,0.786
camera-mattarellum-1993-corrected,ABRUZZI,3,GORIANO SICOLI,whole,,281,GORITANO SICOLI,0.929
camera-mattarellum-1993-corrected,ABRUZZI,3,INTRODACQUA,whole,,281,INTRODACQUA,1.0
camera-mattarellum-1993-corrected,ABRUZZI,3,MOLINA ATERNO,whole,,281,MOLINA ATERNO,1.0
camera-mattarellum-1993-corrected,ABRUZZI,3,PACENTRO,whole,,281,PACENTRO,1.0
camera-mattarellum-1993-corrected,ABRUZZI,3,PESCOCOSTANZO,whole,,281,PESCOCOSTANZO,1.0
camera-mattarellum-1993-corrected,ABRUZZI,3,PETTORANO SUL GIZIO,whole,,281,PETTORANO SUL GI2ZIO,1.0
camera-mattarellum-1993-corrected,ABRUZZI,3,PRATOLA PELIGNA,whole,,281,PRATOLA PELIGNA,1.0
camera-mattarellum-1993-corrected,ABRUZZI,3,PREZZA,whole,,281,PREZZA,1.0
camera-mattarellum-1993-corrected,ABRUZZI,3,RAIANO,whole,,281,RAIANO,1.0
camera-mattarellum-1993-corrected,ABRUZZI,3,RIVISONDOLI,whole,,281,RIVISONDOLI,1.0
camera-mattarellum-1993-corrected,ABRUZZI,3,ROCCACASALE,whole,,281,ROCCACASALE,1.0
camera-mattarellum-1993-corrected,ABRUZZI,3,ROCCA PIA,whole,,281,ROCCA PIA,1.0
camera-mattarellum-1993-corrected,ABRUZZI,3,ROCCARASO,whole,,281,ROCCARASO,1.0
camera-mattarellum-1993-corrected,ABRUZZI,3,SCANNO,whole,,281,SCANNO,1.0
camera-mattarellum-1993-corrected,ABRUZZI,3,SCONTRONE,whole,,281,SCONTRONE,1.0
camera-mattarellum-1993-corrected,ABRUZZI,3,SECINARO,whole,,281,SECINARO,1.0
camera-mattarellum-1993-corrected,ABRUZZI,3,SULMONA,whole,,281,SULMONA,1.0
camera-mattarellum-1993-corrected,ABRUZZI,3,TIONE DEGLI ABRUZZI,whole,,281,TYTIONE DEGLI ABRUZZI,0.895
camera-mattarellum-1993-corrected,ABRUZZI,3,VILLALAGO,whole,,281,VILLALAGO,1.0
camera-mattarellum-1993-corrected,ABRUZZI,3,VILLETTA BARREA,whole,,281,VILLETTA BARREA,1.0
camera-mattarellum-1993-corrected,ABRUZZI,3,VITTORITO,whole,,281,VITTORITO,1.0
camera-mattarellum-1993-corrected,ABRUZZI,3,ABBATEGGIO,whole,,281,ABBATEGGIO,1.0
camera-mattarellum-1993-corrected,ABRUZZI,3,BOLOGNANO,whole,,281,BOLOGNANO,1.0
camera-mattarellum-1993-corrected,ABRUZZI,3,BRITTOLI,whole,,281,BRITTOLI,1.0
camera-mattarellum-1993-corrected,ABRUZZI,3,BUSSI SUL TIRINO,whole,,281,BUSSI SUL TIRINO,1.0
camera-mattarellum-1993-corrected,ABRUZZI,3,CARAMANICO TERME,whole,,281,CARAMANICO TERME,1.0
camera-mattarellum-1993-corrected,ABRUZZI,3,CARPINETO DELLA NORA,whole,,281,CARPINETO DELLA NORA,1.0
camera-mattarellum-1993-corrected,ABRUZZI,3,CASTIGLIONE A CASAURIA,whole,,281,CASTIGLIONE A CASAURIA,1.0
camera-mattarellum-1993-corrected,ABRUZZI,3,CIVITAQUANA,whole,,281,CIVITAQUANA,1.0
camera-mattarellum-1993-corrected,ABRUZZI,3,CIVITELLA CASANOVA,whole,,281,CIVITELLA CASANOVA,1.0
camera-mattarellum-1993-corrected,ABRUZZI,3,CORVARA,whole,,281,CORVARA,1.0
camera-mattarellum-1993-corrected,ABRUZZI,3,CUGNOLI,whole,,281,CUGNOLI,1.0
camera-mattarellum-1993-corrected,ABRUZZI,3,PESCOSANSONESCO,whole,,281,PESCOSANSONESCO,1.0
camera-mattarellum-1993-corrected,ABRUZZI,3,PIETRANICO,whole,,281,PIETRANICO,1.0
camera-mattarellum-1993-corrected,ABRUZZI,3,POPOLI,whole,,281,POPOLI,1.0
camera-mattarellum-1993-corrected,ABRUZZI,3,ROCCAMORICE,whole,,281,RUCCAMOR ICE,0.909
camera-mattarellum-1993-corrected,ABRUZZI,3,SALLE,whole,,281,SALLE,1.0
camera-mattarellum-1993-corrected,ABRUZZI,3,SANT'EUFEMIA A MAIELLA,whole,,281,SANT'EUFEMIA A MAIELLA,1.0
camera-mattarellum-1993-corrected,ABRUZZI,3,SAN VALENTINO IN ABRUZZO CITERIORE,whole,,282,SAN VALENTINO IN ABRUZZO CITERIORE,1.0
camera-mattarellum-1993-corrected,ABRUZZI,3,TOCCO DA CASAURIA,whole,,282,TOCCO DA CASAURIA,1.0
camera-mattarellum-1993-corrected,ABRUZZI,3,TORRE DE' PASSERI,whole,,282,TORRE DE' PASSERI,1.0
camera-mattarellum-1993-corrected,ABRUZZI,3,VICOLI,whole,,282,VICOLI,1.0
camera-mattarellum-1993-corrected,ABRUZZI,4,ANCARANO,whole,,282,ANCAR ANO,1.0
camera-mattarellum-1993-corrected,ABRUZZI,4,BASCIANO,whole,,282,BASCIANO,1.0
camera-mattarellum-1993-corrected,ABRUZZI,4,BISENTI,whole,,282,BILISENTI,0.778
camera-mattarellum-1993-corrected,ABRUZZI,4,CAMPLI,whole,,282,CAMPLI,1.0
camera-mattarellum-1993-corrected,ABRUZZI,4,CANZANO,whole,,282,CANZANO,1.0
camera-mattarellum-1993-corrected,ABRUZZI,4,CASTEL CASTAGNA,whole,,282,CASTEL CASTAGNA,1.0
camera-mattarellum-1993-corrected,ABRUZZI,4,CASTELLALTO,whole,,282,CASTELLAL TO,1.0
camera-mattarellum-1993-corrected,ABRUZZI,4,CASTELLI,whole,,282,CASTELLI,1.0
camera-mattarellum-1993-corrected,ABRUZZI,4,CELLINO ATTANASIO,whole,,282,CELLINO ATTANASIO,1.0
camera-mattarellum-1993-corrected,ABRUZZI,4,CERMIGNANO,whole,,282,CERMIGNANO,1.0
camera-mattarellum-1993-corrected,ABRUZZI,4,CIVITELLA DEL TRONTO,whole,,282,CIVITELLA DEL TRONTO,1.0
camera-mattarellum-1993-corrected,ABRUZZI,4,COLLEDARA,whole,,282,COLLEDARA,1.0
camera-mattarellum-1993-corrected,ABRUZZI,4,CONTROGUERRA,whole,,282,CONTROGUERRA,1.0
camera-mattarellum-1993-corrected,ABRUZZI,4,CORTINO,whole,,282,CORTINO,1.0
camera-mattarellum-1993-corrected,ABRUZZI,4,CROGNALETO,whole,,282,CROGNALETO,1.0
camera-mattarellum-1993-corrected,ABRUZZI,4,FANO ADRIANO,whole,,282,FANO ADR1ANO,1.0
camera-mattarellum-1993-corrected,ABRUZZI,4,ISOLA DEL GRAN SASSO D'ITALIA,whole,,282,ISOLA DEL GRAN SASSO D'ITALIA,1.0
camera-mattarellum-1993-corrected,ABRUZZI,4,MONTORIO AL VOMANO,whole,,282,MONTORIO AL VOMANO,1.0
camera-mattarellum-1993-corrected,ABRUZZI,4,PENNA SANT'ANDREA,whole,,282,PENNA SANT*ANDREA,1.0
camera-mattarellum-1993-corrected,ABRUZZI,4,PIETRACAMELA,whole,,282,PIETRACAMELA,1.0
camera-mattarellum-1993-corrected,ABRUZZI,4,ROCCA SANTA MARIA,whole,,282,ROCCA SANTA MARIA,1.0
camera-mattarellum-1993-corrected,ABRUZZI,4,SANT'EGIDIO ALLA VIBRATA,whole,,282,SANT'EG1D10 ALLA VIBRATA,1.0
camera-mattarellum-1993-corrected,ABRUZZI,4,TERAMO,whole,,282,TERAMO,1.0
camera-mattarellum-1993-corrected,ABRUZZI,4,TORRICELLA SICURA,whole,,282,TORRICELLA SICURA,1.0
camera-mattarellum-1993-corrected,ABRUZZI,4,TOSSICIA,whole,,282,TOSSICIA,1.0
camera-mattarellum-1993-corrected,ABRUZZI,4,VALLE CASTELLANA,whole,,282,VALLE CASTELLANA,1.0
camera-mattarellum-1993-corrected,ABRUZZI,5,ALBA ADRIATICA,whole,,282,ALBA ADRIATICA,1.0
camera-mattarellum-1993-corrected,ABRUZZI,5,ATRI,whole,,282,ATRI,1.0
camera-mattarellum-1993-corrected,ABRUZZI,5,BELLANTE,whole,,282,BELLANTE,1.0
camera-mattarellum-1993-corrected,ABRUZZI,5,COLONNELLA,whole,,282,COLONNELLA,1.0
camera-mattarellum-1993-corrected,ABRUZZI,5,CORROPOLI,whole,,282,CORROPOLI,1.0
camera-mattarellum-1993-corrected,ABRUZZI,5,GIULIANOVA,whole,,282,SIULIANOVA,0.9
camera-mattarellum-1993-corrected,ABRUZZI,5,MORRO D'ORO,whole,,282,HORRO D'ORO,1.0
camera-mattarellum-1993-corrected,ABRUZZI,5,MOSCIANO SANT'ANGELO,whole,,282,MOSCIANO SANT'ANGELO,1.0
camera-mattarellum-1993-corrected,ABRUZZI,5,NERETO,whole,,282,NERETO,1.0
camera-mattarellum-1993-corrected,ABRUZZI,5,NOTARESCO,whole,,282,NOTARE SCO,1.0
camera-mattarellum-1993-corrected,ABRUZZI,5,ROSETO DEGLI ABRUZZI,whole,,282,ROSETO DEGLI ABRUZZI,1.0
camera-mattarellum-1993-corrected,ABRUZZI,5,SANT'OMERO,whole,,282,SANTF*QMERO,0.8
camera-mattarellum-1993-corrected,ABRUZZI,5,TORANO NUOVO,whole,,282,TORANO NUQVO,0.909
camera-mattarellum-1993-corrected,ABRUZZI,5,TORTORETO,whole,,282,TORTORETO,1.0
camera-mattarellum-1993-corrected,ABRUZZI,5,MARTINSICURO,whole,,282,MARTINSICURO,1.0
camera-mattarellum-1993-corrected,ABRUZZI,6,BUCCHIANICO,whole,,282,BUCCHIANICO,1.0
camera-mattarellum-1993-corrected,ABRUZZI,6,CHIETI,whole,,282,CHIETI,1.0
camera-mattarellum-1993-corrected,ABRUZZI,6,FRANCAVILLA AL MARE,whole,,282,FRANCAVILLA AL MARE,1.0
camera-mattarellum-1993-corrected,ABRUZZI,6,GIULIANO TEATINO,whole,,282,GIULIANO TEATINO,1.0
camera-mattarellum-1993-corrected,ABRUZZI,6,MIGLIANICO,whole,,282,HIGLIANICO,1.0
camera-mattarellum-1993-corrected,ABRUZZI,6,RIPA TEATINA,whole,,282,RIPA TEATINA,1.0
camera-mattarellum-1993-corrected,ABRUZZI,6,SAN GIOVANNI TEATINO,whole,,282,SAN GIOVANNI TEATINO,1.0
camera-mattarellum-1993-corrected,ABRUZZI,6,TORREVECCHIA TEATINA,whole,,282,TORREVECCHIA TEATINA,1.0
camera-mattarellum-1993-corrected,ABRUZZI,6,VILLAMAGNA,whole,,282,VILLAMAGNA,1.0
camera-mattarellum-1993-corrected,ABRUZZI,7,ALTINO,whole,,282,ALTINO,1.0
camera-mattarellum-1993-corrected,ABRUZZI,7,ARCHI,whole,,282,ARCHI,1.0
camera-mattarellum-1993-corrected,ABRUZZI,7,ATESSA,whole,,282,ATESSA,1.0
camera-mattarellum-1993-corrected,ABRUZZI,7,BOMBA,whole,,283,BOHBA,1.0
camera-mattarellum-1993-corrected,ABRUZZI,7,BORRELLO,whole,,283,BORRELLO,1.0
camera-mattarellum-1993-corrected,ABRUZZI,7,MONTEBELLO SUL SANGRO,whole,,283,HONTEBELLO SUL SANGRO,1.0
camera-mattarellum-1993-corrected,ABRUZZI,7,CASOLI,whole,,283,CASOLE,0.833
camera-mattarellum-1993-corrected,ABRUZZI,7,CASTEL FRENTANO,whole,,283,CASTEL FRENTANO,1.0
camera-mattarellum-1993-corrected,ABRUZZI,7,CIVITALUPARELLA,whole,,283,CIVITALUPARELLA,1.0
camera-mattarellum-1993-corrected,ABRUZZI,7,CIVITELLA MESSER RAIMONDO,whole,,283,CIVITELLA NESSER RAIMONDO,0.957
camera-mattarellum-1993-corrected,ABRUZZI,7,COLLEDIMACINE,whole,,283,COLLEDIMACINE,1.0
camera-mattarellum-1993-corrected,ABRUZZI,7,FARA SAN MARTINO,whole,,283,FARA SAN MARTINO,1.0
camera-mattarellum-1993-corrected,ABRUZZI,7,FOSSACESIA,whole,,283,FOSSACESIA,1.0
camera-mattarellum-1993-corrected,ABRUZZI,7,FRISA,whole,,283,FRISA,1.0
camera-mattarellum-1993-corrected,ABRUZZI,7,GAMBERALE,whole,,283,GAMBERALE,1.0
camera-mattarellum-1993-corrected,ABRUZZI,7,GESSOPALENA,whole,,283,GESSUPALENA,0.909
camera-mattarellum-1993-corrected,ABRUZZI,7,LAMA DEI PELIGNI,whole,,283,LAMA DEI PELIGNI,1.0
camera-mattarellum-1993-corrected,ABRUZZI,7,LANCIANO,whole,,283,LANCIANO,1.0
camera-mattarellum-1993-corrected,ABRUZZI,7,LETTOPALENA,whole,,283,LETTOPALENA,1.0
camera-mattarellum-1993-corrected,ABRUZZI,7,MONTELAPIANO,whole,,283,MONTELAPIANO,1.0
camera-mattarellum-1993-corrected,ABRUZZI,7,MONTENERODOMO,whole,,283,MONTENERODO0OMO,0.867
camera-mattarellum-1993-corrected,ABRUZZI,7,MOZZAGROGNA,whole,,283,MOZZAGROGNA,1.0
camera-mattarellum-1993-corrected,ABRUZZI,7,PAGLIETA,whole,,283,PAGLIETA,1.0
camera-mattarellum-1993-corrected,ABRUZZI,7,PALENA,whole,,283,PALENA,1.0
camera-mattarellum-1993-corrected,ABRUZZI,7,PALOMBARO,whole,,283,PALOMBARO,1.0
camera-mattarellum-1993-corrected,ABRUZZI,7,PENNADOMO,whole,,283,PENNADOMO,1.0
camera-mattarellum-1993-corrected,ABRUZZI,7,PENNAPIEDIMONTE,whole,,283,PENNAPIEDIMONTE,1.0
camera-mattarellum-1993-corrected,ABRUZZI,7,PERANO,whole,,283,PERANGO,0.857
camera-mattarellum-1993-corrected,ABRUZZI,7,PIZZOFERRATO,whole,,283,PIZZOFERRATO,1.0
camera-mattarellum-1993-corrected,ABRUZZI,7,QUADRI,whole,,283,QUADRI,1.0
camera-mattarellum-1993-corrected,ABRUZZI,7,ROCCA SAN GIOVANNI,whole,,283,ROCCA SAN GIOVANNI,1.0
camera-mattarellum-1993-corrected,ABRUZZI,7,ROCCASCALEGNA,whole,,283,ROCCASCALEGNA,1.0
camera-mattarellum-1993-corrected,ABRUZZI,7,SANTA MARIA IMBARO,whole,,283,SANTA HARIA IMBARO,1.0
camera-mattarellum-1993-corrected,ABRUZZI,7,SANT'EUSANIO DEL SANGRO,whole,,283,SANT'EUSANIO DEL SANCRO,0.95
camera-mattarellum-1993-corrected,ABRUZZI,7,SAN VITO CHIETINO,whole,,283,SAN VITO CHIETINO,1.0
camera-mattarellum-1993-corrected,ABRUZZI,7,TARANTA PELIGNA,whole,,283,TARANTA PELIGNA,1.0
camera-mattarellum-1993-corrected,ABRUZZI,7,TORRICELLA PELIGNA,whole,,283,TORRICELLA PELIGNA,1.0
camera-mattarellum-1993-corrected,ABRUZZI,7,TREGLIO,whole,,283,TREGLIO,1.0
camera-mattarellum-1993-corrected,ABRUZZI,7,VILLA SANTA MARIA,whole,,283,VILLA SANTA MARIA,1.0
camera-mattarellum-1993-corrected,ABRUZZI,7,FALLO,whole,,283,FALLO,1.0
camera-mattarellum-1993-corrected,ABRUZZI,8,ALANNO,whole,,283,ALANNO,1.0
camera-mattarellum-1993-corrected,ABRUZZI,8,CATIGNANO,whole,,283,CATIGNANO,1.0
camera-mattarellum-1993-corrected,ABRUZZI,8,CEPAGATTI,whole,,283,CEPFAGATTI,0.9
camera-mattarellum-1993-corrected,ABRUZZI,8,LETTOMANOPPELLO,whole,,283,LETTOMANOPPELLO,1.0
camera-mattarellum-1993-corrected,ABRUZZI,8,MANOPPELLO,whole,,283,MANOPPELLO,1.0
camera-mattarellum-1993-corrected,ABRUZZI,8,MOSCUFO,whole,,283,MOSCUFO,1.0
camera-mattarellum-1993-corrected,ABRUZZI,8,NOCCIANO,whole,,283,NOCCIANO,1.0
camera-mattarellum-1993-corrected,ABRUZZI,8,PIANELLA,whole,,283,PIANELLA,1.0
camera-mattarellum-1993-corrected,ABRUZZI,8,ROSCIANO,whole,,283,ROSCIANO,1.0
camera-mattarellum-1993-corrected,ABRUZZI,8,SCAFA,whole,,283,SCAFA,1.0
camera-mattarellum-1993-corrected,ABRUZZI,8,SERRAMONACESCA,whole,,283,SERRAMONACE SCA,1.0
camera-mattarellum-1993-corrected,ABRUZZI,8,TURRIVALIGNANI,whole,,283,TURRIVALIGNANI,1.0
camera-mattarellum-1993-corrected,ABRUZZI,8,ARI,whole,,283,ARI,1.0
camera-mattarellum-1993-corrected,ABRUZZI,8,ARIELLI,whole,,283,ARITELLI,0.875
camera-mattarellum-1993-corrected,ABRUZZI,8,CANOSA SANNITA,whole,,283,CANOSA SANNITA,1.0
camera-mattarellum-1993-corrected,ABRUZZI,8,CASACANDITELLA,whole,,283,CASACANDITELLA,1.0
camera-mattarellum-1993-corrected,ABRUZZI,8,CASALINCONTRADA,whole,,283,CASAL INCONTRADA,1.0
camera-mattarellum-1993-corrected,ABRUZZI,8,CRECCHIO,whole,,283,CRECCHIO,1.0
camera-mattarellum-1993-corrected,ABRUZZI,8,FARA FILIORUM PETRI,whole,,283,FARA FILIORUM PETRI,1.0
camera-mattarellum-1993-corrected,ABRUZZI,8,FILETTO,whole,,283,FILETTO,1.0
camera-mattarellum-1993-corrected,ABRUZZI,8,GUARDIAGRELE,whole,,283,GUARDIAGRELE,1.0
camera-mattarellum-1993-corrected,ABRUZZI,8,ORSOGNA,whole,,283,ORSOGNA,1.0
camera-mattarellum-1993-corrected,ABRUZZI,8,ORTONA,whole,,283,DRTONA,0.833
camera-mattarellum-1993-corrected,ABRUZZI,8,POGGIOFIORITO,whole,,283,POGGIOFIORITO,1.0
camera-mattarellum-1993-corrected,ABRUZZI,8,PRETORO,whole,,283,PRETORO,1.0
camera-mattarellum-1993-corrected,ABRUZZI,8,RAPINO,whole,,283,RAPINO,1.0
camera-mattarellum-1993-corrected,ABRUZZI,8,ROCCAMONTEPIANO,whole,,283,ROCCAMONTEPFIANO,0.938
camera-mattarellum-1993-corrected,ABRUZZI,8,SAN MARTINO SULLA MARRUCINA,whole,,283,SAN MARTINO SULLA MARRUCINA,1.0
camera-mattarellum-1993-corrected,ABRUZZI,8,TOLLO,whole,,283,TOLLO,1.0
camera-mattarellum-1993-corrected,ABRUZZI,8,VACRI,whole,,283,YACRI,0.8
camera-mattarellum-1993-corrected,ABRUZZI,9,CARPINETO SINELLO,whole,,284,CARPINETO SINELLO,1.0
camera-mattarellum-1993-corrected,ABRUZZI,9,CARUNCHIO,whole,,284,CARUNCHiO,1.0
camera-mattarellum-1993-corrected,ABRUZZI,9,CASALANGUIDA,whole,,284,CASALANGUIDA,1.0
camera-mattarellum-1993-corrected,ABRUZZI,9,CASALBORDINO,whole,,284,CASAL BORDINO,1.0
camera-mattarellum-1993-corrected,ABRUZZI,9,CASTELGUIDONE,whole,,284,CASTEL GUY IDONE,0.929
camera-mattarellum-1993-corrected,ABRUZZI,9,CASTIGLIONE MESSER MARINO,whole,,284,CASTIGLIONE MESSER MARINO,1.0
camera-mattarellum-1993-corrected,ABRUZZI,9,CELENZA SUL TRIGNO,whole,,284,CELENZA SUL TR1GNO,1.0
camera-mattarellum-1993-corrected,ABRUZZI,9,COLLEDIMEZZO,whole,,284,COLLEDINMEZZO,0.923
camera-mattarellum-1993-corrected,ABRUZZI,9,CUPELLO,whole,,284,CUPELLO,1.0
camera-mattarellum-1993-corrected,ABRUZZI,9,DOGLIOLA,whole,,284,DOGLIOLA,1.0
camera-mattarellum-1993-corrected,ABRUZZI,9,FRAINE,whole,,284,FRAINE,1.0
camera-mattarellum-1993-corrected,ABRUZZI,9,FRESAGRANDINARIA,whole,,284,FRESAGRANDINARIA,1.0
camera-mattarellum-1993-corrected,ABRUZZI,9,FURCI,whole,,284,FURCI,1.0
camera-mattarellum-1993-corrected,ABRUZZI,9,GISSI,whole,,284,GISSI,1.0
camera-mattarellum-1993-corrected,ABRUZZI,9,GUILMI,whole,,284,GUILMI,1.0
camera-mattarellum-1993-corrected,ABRUZZI,9,LENTELLA,whole,,284,LENTELLA,1.0
camera-mattarellum-1993-corrected,ABRUZZI,9,MONTAZZOLI,whole,,284,HONTAZZOLI,1.0
camera-mattarellum-1993-corrected,ABRUZZI,9,MONTEFERRANTE,whole,,284,MONTEFERRANTE,1.0
camera-mattarellum-1993-corrected,ABRUZZI,9,MONTEODORISIO,whole,,284,HONTEODGRISTIOQ,0.8
camera-mattarellum-1993-corrected,ABRUZZI,9,PALMOLI,whole,,284,PALMOLI,1.0
camera-mattarellum-1993-corrected,ABRUZZI,9,POLLUTRI,whole,,284,POLLUTRI,1.0
camera-mattarellum-1993-corrected,ABRUZZI,9,ROCCASPINALVETI,whole,,284,ROCCASPINALVETI,1.0
camera-mattarellum-1993-corrected,ABRUZZI,9,ROIO DEL SANGRO,whole,,284,ROIO DEL SANGRO,1.0
camera-mattarellum-1993-corrected,ABRUZZI,9,ROSELLO,whole,,284,ROSELLO,1.0
camera-mattarellum-1993-corrected,ABRUZZI,9,SAN BUONO,whole,,284,SAN BUONO,1.0
camera-mattarellum-1993-corrected,ABRUZZI,9,SAN GIOVANNI LIPIONI,whole,,284,SAN GIOVANNI LIPIONE,0.944
camera-mattarellum-1993-corrected,ABRUZZI,9,SAN SALVO,whole,,284,SAN SALVO,1.0
camera-mattarellum-1993-corrected,ABRUZZI,9,SCERNI,whole,,284,SCERNI,1.0
camera-mattarellum-1993-corrected,ABRUZZI,9,SCHIAVI DI ABRUZZO,whole,,284,SCHIAVI DI ABRUZZO,1.0
camera-mattarellum-1993-corrected,ABRUZZI,9,TORINO DI SANGRO,whole,,284,TORINO DI SANGRO,1.0
camera-mattarellum-1993-corrected,ABRUZZI,9,TORNARECCIO,whole,,284,TORNARECCIO,1.0
camera-mattarellum-1993-corrected,ABRUZZI,9,TORREBRUNA,whole,,284,TORRE BRUNA,1.0
camera-mattarellum-1993-corrected,ABRUZZI,9,TUFILLO,whole,,284,TUF iLLO,1.0
camera-mattarellum-1993-corrected,ABRUZZI,9,VASTO,whole,,284,YASTO,0.8
camera-mattarellum-1993-corrected,ABRUZZI,9,VILLALFONSINA,whole,,284,VILLALFONSINA,1.0
camera-mattarellum-1993-corrected,ABRUZZI,9,PIETRAFERRAZZANA,whole,,284,PIETRAFERRAZZANA,1.0
camera-mattarellum-1993-corrected,ABRUZZI,10,PESCARA,whole,,284,PESCARA,1.0
camera-mattarellum-1993-corrected,ABRUZZI,11,ARSITA,whole,,284,ARSITA,1.0
camera-mattarellum-1993-corrected,ABRUZZI,11,CASTIGLIONE MESSER RAIMONDO,whole,,284,CASTIGLIONE MESSER RAIMONDO,1.0
camera-mattarellum-1993-corrected,ABRUZZI,11,CASTILENTI,whole,,284,CASTFTILENTI,0.833
camera-mattarellum-1993-corrected,ABRUZZI,11,MONTEFINO,whole,,284,NMONTEF TINO,0.818
camera-mattarellum-1993-corrected,ABRUZZI,11,PINETO,whole,,284,PINETO,1.0
camera-mattarellum-1993-corrected,ABRUZZI,11,SILVI,whole,,284,SILVI,1.0
camera-mattarellum-1993-corrected,ABRUZZI,11,CAPPELLE SUL TAVO,whole,,284,CAPPELLE SUL TAVO,1.0
camera-mattarellum-1993-corrected,ABRUZZI,11,CITTA' SANT'ANGELO,whole,,284,CITTA* SANT'ANGELO,1.0
camera-mattarellum-1993-corrected,ABRUZZI,11,COLLECORVINO,whole,,284,COLLECORYVINO,0.923
camera-mattarellum-1993-corrected,ABRUZZI,11,ELICE,whole,,284,ELICE,1.0
camera-mattarellum-1993-corrected,ABRUZZI,11,FARINDOLA,whole,,284,FARITINDOLA,0.818
camera-mattarellum-1993-corrected,ABRUZZI,11,LORETO APRUTINO,whole,,284,LORETO APRUTINO,1.0
camera-mattarellum-1993-corrected,ABRUZZI,11,MONTEBELLO DI BERTONA,whole,,284,MONTEBELLO DI BERTONA,1.0
camera-mattarellum-1993-corrected,ABRUZZI,11,MONTESILVANO,whole,,284,MONTESIL VANO,1.0
camera-mattarellum-1993-corrected,ABRUZZI,11,PENNE,whole,,284,PENNE,1.0
camera-mattarellum-1993-corrected,ABRUZZI,11,PICCIANO,whole,,284,PICCIANO,1.0
camera-mattarellum-1993-corrected,ABRUZZI,11,SPOLTORE,whole,,284,SPOL TORE,1.0
camera-mattarellum-1993-corrected,ABRUZZI,11,VILLA CELIERA,whole,,284,VILLA CELIERA,1.0
camera-mattarellum-1993-corrected,MOLISE,1,BOJANO,whole,,285,BOJANO,1.0
camera-mattarellum-1993-corrected,MOLISE,1,COLLE D'ANCHISE,whole,,285,COLLE D'ANCHISE,1.0
camera-mattarellum-1993-corrected,MOLISE,1,SAN MASSIMO,whole,,285,SAN MASSIMO,1.0
camera-mattarellum-1993-corrected,MOLISE,1,SAN POLO MATESE,whole,,285,SAN PULO MATESE,0.923
camera-mattarellum-1993-corrected,MOLISE,1,SPINETE,whole,,285,SPINETE,1.0
camera-mattarellum-1993-corrected,MOLISE,1,ACQUAVIVA D'ISERNIA,whole,,285,ACQUAVIVA D'ISERNIA,1.0
camera-mattarellum-1993-corrected,MOLISE,1,AGNONE,whole,,285,AGNONE,1.0
camera-mattarellum-1993-corrected,MOLISE,1,BAGNOLI DEL TRIGNO,whole,,285,BAGNOLI DEL TRIGNO,1.0
camera-mattarellum-1993-corrected,MOLISE,1,BELMONTE DEL SANNIO,whole,,285,BELMONTE DEL SANNIO,1.0
camera-mattarellum-1993-corrected,MOLISE,1,CANTALUPO NEL SANNIO,whole,,285,CANTALUPO NEL SANNIO,1.0
camera-mattarellum-1993-corrected,MOLISE,1,CAPRACOTTA,whole,,285,CAPRACOTTA,1.0
camera-mattarellum-1993-corrected,MOLISE,1,CAROVILLI,whole,,285,CAROVILLI,1.0
camera-mattarellum-1993-corrected,MOLISE,1,CARPINONE,whole,,285,CARPINONE,1.0
camera-mattarellum-1993-corrected,MOLISE,1,CASTEL DEL GIUDICE,whole,,285,CASTEL DEL GIUDICE,1.0
camera-mattarellum-1993-corrected,MOLISE,1,CASTELPETROSO,whole,,285,CASTELPETROSO,1.0
camera-mattarellum-1993-corrected,MOLISE,1,CASTELPIZZUTO,whole,,285,CASTELPIZZUTO,1.0
camera-mattarellum-1993-corrected,MOLISE,1,CASTEL SAN VINCENZO,whole,,285,CASTEL SAN VINCENZO,1.0
camera-mattarellum-1993-corrected,MOLISE,1,CASTELVERRINO,whole,,285,CASTELVERRINO,1.0
camera-mattarellum-1993-corrected,MOLISE,1,CERRO AL VOLTURNO,whole,,285,CERRO AL VOLTURNO,1.0
camera-mattarellum-1993-corrected,MOLISE,1,CHIAUCI,whole,,285,CHIAUCTI,0.875
camera-mattarellum-1993-corrected,MOLISE,1,CIVITANOVA DEL SANNIO,whole,,285,CIVITANOVA DEL SANNIO,1.0
camera-mattarellum-1993-corrected,MOLISE,1,COLLI A VOLTURNO,whole,,285,COLLI A VOLTURNO,1.0
camera-mattarellum-1993-corrected,MOLISE,1,CONCA CASALE,whole,,285,CONCA CASALE,1.0
camera-mattarellum-1993-corrected,MOLISE,1,FILIGNANO,whole,,285,FILIGNANO,1.0
camera-mattarellum-1993-corrected,MOLISE,1,FORLI' DEL SANNIO,whole,,285,FARLI' DEL SANNIO,0.929
camera-mattarellum-1993-corrected,MOLISE,1,FORNELLI,whole,,285,FORNELLI,1.0
camera-mattarellum-1993-corrected,MOLISE,1,FROSOLONE,whole,,285,FROSOL ONE,1.0
camera-mattarellum-1993-corrected,MOLISE,1,ISERNIA,whole,,285,ISERNIA,1.0
camera-mattarellum-1993-corrected,MOLISE,1,LONGANO,whole,,285,LONGANO,1.0
camera-mattarellum-1993-corrected,MOLISE,1,MACCHIA D'ISERNIA,whole,,285,MACCHIA D'ISERNIA,1.0
camera-mattarellum-1993-corrected,MOLISE,1,MACCHIAGODENA,whole,,285,MHACCHIAGODENA,0.929
camera-mattarellum-1993-corrected,MOLISE,1,MIRANDA,whole,,285,MIRANDA,1.0
camera-mattarellum-1993-corrected,MOLISE,1,MONTAQUILA,whole,,285,MONTAQUILA,1.0
camera-mattarellum-1993-corrected,MOLISE,1,MONTENERO VAL COCCHIARA,whole,,285,MONTENERO VAL COCCHIARA,1.0
camera-mattarellum-1993-corrected,MOLISE,1,MONTERODUNI,whole,,285,HONTERODUNI,1.0
camera-mattarellum-1993-corrected,MOLISE,1,PESCHE,whole,,285,PESCHE,1.0
camera-mattarellum-1993-corrected,MOLISE,1,PESCOLANCIANO,whole,,285,PESCOLANCI1ANO,0.929
camera-mattarellum-1993-corrected,MOLISE,1,PESCOPENNATARO,whole,,285,PESCOPENNATARO,1.0
camera-mattarellum-1993-corrected,MOLISE,1,PETTORANELLO DEL MOLISE,whole,,285,PETTORANELLO DEL MOLISE,1.0
camera-mattarellum-1993-corrected,MOLISE,1,PIETRABBONDANTE,whole,,285,PIETRABBONDANTE,1.0
camera-mattarellum-1993-corrected,MOLISE,1,PIZZONE,whole,,285,PIZZONE,1.0
camera-mattarellum-1993-corrected,MOLISE,1,POGGIO SANNITA,whole,,285,PGOGGIO SANNITA,0.929
camera-mattarellum-1993-corrected,MOLISE,1,POZZILLI,whole,,285,POZZILLI,1.0
camera-mattarellum-1993-corrected,MOLISE,1,RIONERO SANNITICO,whole,,285,RIONERO SANNITICO,1.0
camera-mattarellum-1993-corrected,MOLISE,1,ROCCAMANDOLFI,whole,,285,ROCCAMANDOLFI,1.0
camera-mattarellum-1993-corrected,MOLISE,1,ROCCASICURA,whole,,285,ROCCASICURA,1.0
camera-mattarellum-1993-corrected,MOLISE,1,ROCCHETTA A VOLTURNO,whole,,285,ROCCHETTA A VOLTURNO,1.0
camera-mattarellum-1993-corrected,MOLISE,1,SAN PIETRO AVELLANA,whole,,285,SAN PIETRO AVELLANA,1.0
camera-mattarellum-1993-corrected,MOLISE,1,SANT'AGAPITO,whole,,285,SANT'AGAPITO,1.0
camera-mattarellum-1993-corrected,MOLISE,1,SANTA MARIA DEL MOLISE,whole,,285,SANTA MARIA DEL MOLISE,1.0
camera-mattarellum-1993-corrected,MOLISE,1,SANT'ANGELO DEL PESCO,whole,,285,SANT'ANGELO DEL FESCO,0.944
camera-mattarellum-1993-corrected,MOLISE,1,SANT'ELENA SANNITA,whole,,285,SANT'ELENA SANNITA,1.0
camera-mattarellum-1993-corrected,MOLISE,1,SCAPOLI,whole,,285,SCAPOLI,1.0
camera-mattarellum-1993-corrected,MOLISE,1,SESSANO DEL MOLISE,whole,,285,SESSANO DEL MOLISE,1.0
camera-mattarellum-1993-corrected,MOLISE,1,SESTO CAMPANO,whole,,285,SESTO CAMPANO,1.0
camera-mattarellum-1993-corrected,MOLISE,1,VASTOGIRARDI,whole,,285,VASTOGIRARDI,1.0
camera-mattarellum-1993-corrected,MOLISE,1,VENAFRO,whole,,285,VENAFRO,1.0
camera-mattarellum-1993-corrected,MOLISE,2,BARANELLO,whole,,285,BARANELLO,1.0
camera-mattarellum-1993-corrected,MOLISE,2,BUSSO,whole,,285,BUSSO,1.0
camera-mattarellum-1993-corrected,MOLISE,2,CAMPOBASSO,whole,,285,CAMPOBASSO,1.0
camera-mattarellum-1993-corrected,MOLISE,2,CAMPOCHIARO,whole,,286,CAMPOCHIARO,1.0
camera-mattarellum-1993-corrected,MOLISE,2,CAMPODIPIETRA,whole,,286,CAMPODIPTETRA,0.923
camera-mattarellum-1993-corrected,MOLISE,2,CASALCIPRANO,whole,,286,CASALCIPRANO,1.0
camera-mattarellum-1993-corrected,MOLISE,2,CASTELBOTTACCIO,whole,,286,CASTELBOTTACCIO,1.0
camera-mattarellum-1993-corrected,MOLISE,2,CASTELLINO DEL BIFERNO,whole,,286,CASTELLINO DEL BIFERNO,1.0
camera-mattarellum-1993-corrected,MOLISE,2,CASTROPIGNANO,whole,,286,CASTROP 1GNANO,1.0
camera-mattarellum-1993-corrected,MOLISE,2,CERCEMAGGIORE,whole,,286,CERCEMAGGIGRE,0.923
camera-mattarellum-1993-corrected,MOLISE,2,CERCEPICCOLA,whole,,286,CERCEPFPICCOLA,0.857
camera-mattarellum-1993-corrected,MOLISE,2,DURONIA,whole,,286,BURONIA,0.857
camera-mattarellum-1993-corrected,MOLISE,2,FERRAZZANO,whole,,286,FERRAZZANO,1.0
camera-mattarellum-1993-corrected,MOLISE,2,FOSSALTO,whole,,286,FOSSALTO,1.0
camera-mattarellum-1993-corrected,MOLISE,2,GAMBATESA,whole,,286,GAMBATESA,1.0
camera-mattarellum-1993-corrected,MOLISE,2,GILDONE,whole,,286,GIL DONE,1.0
camera-mattarellum-1993-corrected,MOLISE,2,GUARDIAREGIA,whole,,286,GUARDIAREGIA,1.0
camera-mattarellum-1993-corrected,MOLISE,2,JELSI,whole,,286,JELSI,1.0
camera-mattarellum-1993-corrected,MOLISE,2,LIMOSANO,whole,,286,L1NMUSANO,0.778
camera-mattarellum-1993-corrected,MOLISE,2,LUCITO,whole,,286,LUCITO,1.0
camera-mattarellum-1993-corrected,MOLISE,2,MATRICE,whole,,286,MATRICE,1.0
camera-mattarellum-1993-corrected,MOLISE,2,MIRABELLO SANNITICO,whole,,286,MIRABELLO SANNITICO,1.0
camera-mattarellum-1993-corrected,MOLISE,2,MOLISE,whole,,286,HOL I SE,1.0
camera-mattarellum-1993-corrected,MOLISE,2,MONTAGANO,whole,,286,MONTAGANO,1.0
camera-mattarellum-1993-corrected,MOLISE,2,ORATINO,whole,,286,ORATINO,1.0
camera-mattarellum-1993-corrected,MOLISE,2,PETRELLA TIFERNINA,whole,,286,PETRELLA TFIFERNINA,0.944
camera-mattarellum-1993-corrected,MOLISE,2,PIETRACUPA,whole,,286,PIETRACUPA,1.0
camera-mattarellum-1993-corrected,MOLISE,2,RICCIA,whole,,286,RICCIA,1.0
camera-mattarellum-1993-corrected,MOLISE,2,RIPALIMOSANI,whole,,286,RIPALIMOSANI,1.0
camera-mattarellum-1993-corrected,MOLISE,2,ROCCAVIVARA,whole,,286,ROCCAVIVARA,1.0
camera-mattarellum-1993-corrected,MOLISE,2,SALCITO,whole,,286,SALCITO,1.0
camera-mattarellum-1993-corrected,MOLISE,2,SAN BIASE,whole,,286,SAN BIASE,1.0
camera-mattarellum-1993-corrected,MOLISE,2,SAN GIOVANNI IN GALDO,whole,,286,SAN GIOVANNI IN GALDO,1.0
camera-mattarellum-1993-corrected,MOLISE,2,SAN GIULIANO DEL SANNIO,whole,,286,SAN GIULIANO DEL SANNIO,1.0
camera-mattarellum-1993-corrected,MOLISE,2,SANT'ANGELO LIMOSANO,whole,,286,SANT'ANGELO LiIHOSANGO,0.9
camera-mattarellum-1993-corrected,MOLISE,2,SEPINO,whole,,286,SEP I1NO,0.857
camera-mattarellum-1993-corrected,MOLISE,2,TORELLA DEL SANNIO,whole,,286,TORELLA DEL SANNIO,1.0
camera-mattarellum-1993-corrected,MOLISE,2,TORO,whole,,286,TORO,1.0
camera-mattarellum-1993-corrected,MOLISE,2,TRIVENTO,whole,,286,TRAIVENTO,0.889
camera-mattarellum-1993-corrected,MOLISE,2,TUFARA,whole,,286,TUFARA,1.0
camera-mattarellum-1993-corrected,MOLISE,2,VINCHIATURO,whole,,286,VINCHIATURO,1.0
camera-mattarellum-1993-corrected,MOLISE,3,ACQUAVIVA COLLECROCE,whole,,286,ACQUAVIVA COLLECROCE,1.0
camera-mattarellum-1993-corrected,MOLISE,3,BONEFRO,whole,,286,BONEFRO,1.0
camera-mattarellum-1993-corrected,MOLISE,3,CAMPOLIETO,whole,,286,CAMPOLIETO,1.0
camera-mattarellum-1993-corrected,MOLISE,3,CAMPOMARINO,whole,,286,CAMPOMAR INO,1.0
camera-mattarellum-1993-corrected,MOLISE,3,CASACALENDA,whole,,286,CASACALENDA,1.0
camera-mattarellum-1993-corrected,MOLISE,3,CASTELMAURO,whole,,286,CASTELNMAURO,0.917
camera-mattarellum-1993-corrected,MOLISE,3,CIVITACAMPOMARANO,whole,,286,CIVITACAMPOMARANO,1.0
camera-mattarellum-1993-corrected,MOLISE,3,COLLETORTO,whole,,286,COLLETORTO,1.0
camera-mattarellum-1993-corrected,MOLISE,3,GUARDIALFIERA,whole,,286,GUARDIALFIERA,1.0
camera-mattarellum-1993-corrected,MOLISE,3,GUGLIONESI,whole,,286,GUGLIONESI,1.0
camera-mattarellum-1993-corrected,MOLISE,3,LARINO,whole,,286,LARITNO,0.857
camera-mattarellum-1993-corrected,MOLISE,3,LUPARA,whole,,286,LUPARA,1.0
camera-mattarellum-1993-corrected,MOLISE,3,MACCHIA VALFORTORE,whole,,286,MACCHIA VALFORTARE,0.941
camera-mattarellum-1993-corrected,MOLISE,3,MAFALDA,whole,,286,MAFALDA,1.0
camera-mattarellum-1993-corrected,MOLISE,3,MONACILIONI,whole,,286,HONACIL:IONI,1.0
camera-mattarellum-1993-corrected,MOLISE,3,MONTECILFONE,whole,,286,MONTECILFONE,1.0
camera-mattarellum-1993-corrected,MOLISE,3,MONTEFALCONE NEL SANNIO,whole,,286,HONTEFALCONE NEL SANNIO,1.0
camera-mattarellum-1993-corrected,MOLISE,3,MONTELONGO,whole,,286,HONTEL ONGO,1.0
camera-mattarellum-1993-corrected,MOLISE,3,MONTEMITRO,whole,,286,HONTEMITRO,1.0
camera-mattarellum-1993-corrected,MOLISE,3,MONTENERO DI BISACCIA,whole,,286,MONTENERO DI BISACCIA,1.0
camera-mattarellum-1993-corrected,MOLISE,3,MONTORIO NEI FRENTANI,whole,,286,MONTORIO NEI FRENTANI,1.0
camera-mattarellum-1993-corrected,MOLISE,3,MORRONE DEL SANNIO,whole,,286,MORRONE DEL SANNIO,1.0
camera-mattarellum-1993-corrected,MOLISE,3,PALATA,whole,,286,PALATA,1.0
camera-mattarellum-1993-corrected,MOLISE,3,PETACCIATO,whole,,286,PETACCIATO,1.0
camera-mattarellum-1993-corrected,MOLISE,3,PIETRACATELLA,whole,,286,PIETRACATELLA,1.0
camera-mattarellum-1993-corrected,MOLISE,3,PORTOCANNONE,whole,,286,POR TOCANNONE,1.0
camera-mattarellum-1993-corrected,MOLISE,3,PROVVIDENTI,whole,,286,PROVVIDENTI,1.0
camera-mattarellum-1993-corrected,MOLISE,3,RIPABOTTONI,whole,,286,RIPABOTTONI,1.0
camera-mattarellum-1993-corrected,MOLISE,3,ROTELLO,whole,,287,ROTELLO,1.0
camera-mattarellum-1993-corrected,MOLISE,3,SAN FELICE DEL MOLISE,whole,,287,SAN FELICE DEL MOLISE,1.0
camera-mattarellum-1993-corrected,MOLISE,3,SAN GIACOMO DEGLI SCHIAVONI,whole,,287,SAN GIACOMO DEGLI SCHIAVONI,1.0
camera-mattarellum-1993-corrected,MOLISE,3,SAN GIULIANO DI PUGLIA,whole,,287,SAN GIULTANO DI PUGLIA,0.947
camera-mattarellum-1993-corrected,MOLISE,3,SAN MARTINO IN PENSILIS,whole,,287,SAN MARTINO IN PENSILIS,1.0
camera-mattarellum-1993-corrected,MOLISE,3,SANTA CROCE DI MAGLIANO,whole,,287,SANTA CROCE BI MAGLIANO,0.95
camera-mattarellum-1993-corrected,MOLISE,3,SANT'ELIA A PIANISI,whole,,287,SANT'ELIA A PIANISI,1.0
camera-mattarellum-1993-corrected,MOLISE,3,TAVENNA,whole,,287,TAVENNA,1.0
camera-mattarellum-1993-corrected,MOLISE,3,TERMOLI,whole,,287,TERMOLI,1.0
camera-mattarellum-1993-corrected,MOLISE,3,URURI,whole,,287,URURI,1.0
camera-mattarellum-1993-corrected,CAMPANIA 1,1,BARANO D'ISCHIA,whole,,288,BARANO D'ISCHIA,1.0
camera-mattarellum-1993-corrected,CAMPANIA 1,1,CASAMICCIOLA TERME,whole,,288,CASAMICCIOLA TERME,1.0
camera-mattarellum-1993-corrected,CAMPANIA 1,1,FORIO,whole,,288,FORIO,1.0
camera-mattarellum-1993-corrected,CAMPANIA 1,1,ISCHIA,whole,,288,ISCHIA,1.0
camera-mattarellum-1993-corrected,CAMPANIA 1,1,LACCO AMENO,whole,,288,LACCO AMENO,1.0
camera-mattarellum-1993-corrected,CAMPANIA 1,1,NAPOLI,zone,S. FEROINANDO,288,{ NA-S. FEROINANDO ?,1.0
camera-mattarellum-1993-corrected,CAMPANIA 1,1,NAPOLI,zone,S. GIUSEPPE,288,{ NA-S. GIUSEPPE ),1.0
camera-mattarellum-1993-corrected,CAMPANIA 1,1,NAPOLI,zone,MONTECALVARIO 4,288,{ NA-MONTECALVARIO 4 2,1.0
camera-mattarellum-1993-corrected,CAMPANIA 1,1,NAPOLI,zone,MERCATO 10,288,{ NA-MERCATO 10 },1.0
camera-mattarellum-1993-corrected,CAMPANIA 1,1,NAPOLI,zone,PENDINO 211 à,288,€ NA-PENDINO 211 à,1.0
camera-mattarellum-1993-corrected,CAMPANIA 1,1,NAPOLI,zone,FQORTO 12,288,{ NA-FQORTO 12 3,1.0
camera-mattarellum-1993-corrected,CAMPANIA 1,1,SERRARA FONTANA,whole,,288,SERRARA FONTANA,1.0
camera-mattarellum-1993-corrected,CAMPANIA 1,2,NAPOLI,zone,CHIAIA 2 ò,288,( NA-CHIAIA 2 ò,1.0
camera-mattarellum-1993-corrected,CAMPANIA 1,2,NAPOLI,zone,VOMERO 13,288,€ NA-VOMERO 13 ),1.0
camera-mattarellum-1993-corrected,CAMPANIA 1,2,NAPOLI,zone,POSILLIPÒO 15,288,€ NA-POSILLIPÒO 15 >),1.0
camera-mattarellum-1993-corrected,CAMPANIA 1,3,NAPOLI,zone,BAGNOLI 7,288,€ NA-BAGNOLI 7 3,1.0
camera-mattarellum-1993-corrected,CAMPANIA 1,3,NAPOLI,zone,FUORIGROTTA 18,288,€ NA-FUORIGROTTA 18 ),1.0
camera-mattarellum-1993-corrected,CAMPANIA 1,4,NAPOLI,zone,SOCCAVO 19,288,{ NA-SOCCAVO 19 },1.0
camera-mattarellum-1993-corrected,CAMPANIA 1,4,NAPOLI,zone,PIANURA 28,288,{ NA-PIANURA 28 >,1.0
camera-mattarellum-1993-corrected,CAMPANIA 1,4,NAPOLI,zone,CHIAITANO 20,288,{ NA-CHIAITANO 20 ),1.0
camera-mattarellum-1993-corrected,CAMPANIA 1,5,NAPOLI,zone,AVVOCATA S,288,{ NA-AVVOCATA S >},1.0
camera-mattarellum-1993-corrected,CAMPANIA 1,5,NAPOLI,zone,ARENELLA ìi4,288,{ NA-ARENELLA ìi4 ),1.0
camera-mattarellum-1993-corrected,CAMPANIA 1,6,NAPOLI,zone,STELLA 6,288,{ NA-STELLA 6 ),1.0
camera-mattarellum-1993-corrected,CAMPANIA 1,6,NAPOLI,zone,VICARIA &,288,{ NA-VICARIA & è,1.0
camera-mattarellum-1993-corrected,CAMPANIA 1,6,NAPOLI,zone,S. LORENZO 9,288,{ NA-S. LORENZO 9 ),1.0
camera-mattarellum-1993-corrected,CAMPANIA 1,6,NAPOLI,zone,POGGIOREALE 16A,288,€ NA-POGGIOREALE 16A ),1.0
camera-mattarellum-1993-corrected,CAMPANIA 1,7,NAPOLI,zone,S. CARLO ARENA 7,288,{ NA-S. CARLO ARENA 7 ),1.0
camera-mattarellum-1993-corrected,CAMPANIA 1,7,NAPOLI,zone,MIANO,288,{ NA-MIANO 22 ),1.0
camera-mattarellum-1993-corrected,CAMPANIA 1,7,NAPOLI,zone,S. PIETRO 26,288,{€ NA-S. PIETRO 26 ),1.0
camera-mattarellum-1993-corrected,CAMPANIA 1,8,NAPOLI,zone,PISCINOLA 21,288,{ NA-PISCINOLA 21 ),1.0
camera-mattarellum-1993-corrected,CAMPANIA 1,8,NAPOLI,zone,SECONDIGLIANO 23,288,€ NA-SECONDIGLIANO 23 3),1.0
camera-mattarellum-1993-corrected,CAMPANIA 1,8,NAPOLI,zone,SCAMPIA 29,288,{ NA-SCAMPIA 29 ),1.0
camera-mattarellum-1993-corrected,CAMPANIA 1,9,NAPOLI,zone,ZONA INDUSTRIALE 16,288,{C NA-ZONA INDUSTRIALE 16 ),1.0
camera-mattarellum-1993-corrected,CAMPANIA 1,9,NAPOLI,zone,PONTICELLI 25,288,{ NA-PONTICELLI 25 },1.0
camera-mattarellum-1993-corrected,CAMPANIA 1,9,NAPOLI,zone,BARRA 26 4,288,{ NA-BARRA 26 4,1.0
camera-mattarellum-1993-corrected,CAMPANIA 1,9,NAPOLI,zone,S. GIOVANNI A TEDUC,288,{ NA-S. GIOVANNI A TEDUC ),1.0
camera-mattarellum-1993-corrected,CAMPANIA 1,10,BACOLI,whole,,289,BACOLI,1.0
camera-mattarellum-1993-corrected,CAMPANIA 1,10,MONTE DI PROCIDA,whole,,289,MONTE DI PROCIDA,1.0
camera-mattarellum-1993-corrected,CAMPANIA 1,10,POZZUOLI,whole,,289,POZZUOLI,1.0
camera-mattarellum-1993-corrected,CAMPANIA 1,10,PROCIDA,whole,,289,PROCIDA,1.0
camera-mattarellum-1993-corrected,CAMPANIA 1,11,GIUGLIANO IN CAMPANIA,whole,,289,GIUGLIANO IN CAMPANIA,1.0
camera-mattarellum-1993-corrected,CAMPANIA 1,11,QUARTO,whole,,289,QUARTO,1.0
camera-mattarellum-1993-corrected,CAMPANIA 1,11,VILLARICCA,whole,,289,VILLARICCA,1.0
camera-mattarellum-1993-corrected,CAMPANIA 1,12,CALVIZZANO,whole,,289,CAL VIZZANO,1.0
camera-mattarellum-1993-corrected,CAMPANIA 1,12,MARANO DI NAPOLI,whole,,289,MARANO DI NAPOLI,1.0
camera-mattarellum-1993-corrected,CAMPANIA 1,12,MELITO DI NAPOLI,whole,,289,HELITO DI NAPOLI,1.0
camera-mattarellum-1993-corrected,CAMPANIA 1,12,MUGNANO DI NAPOLI,whole,,289,MUGNANO DI NAPOLI,1.0
camera-mattarellum-1993-corrected,CAMPANIA 1,12,QUALIANO,whole,,289,QUAL TANO,0.875
camera-mattarellum-1993-corrected,CAMPANIA 1,13,ARZANO,whole,,289,ARZANO,1.0
camera-mattarellum-1993-corrected,CAMPANIA 1,13,CASANDRINO,whole,,289,CASANDR INO,1.0
camera-mattarellum-1993-corrected,CAMPANIA 1,13,CASAVATORE,whole,,289,CASAVATORE,1.0
camera-mattarellum-1993-corrected,CAMPANIA 1,13,GRUMO NEVANO,whole,,289,GRUMO NEVANO,1.0
camera-mattarellum-1993-corrected,CAMPANIA 1,13,SANT'ANTIMO,whole,,289,SANT*’ANTiMO,1.0
camera-mattarellum-1993-corrected,CAMPANIA 1,14,CASORIA,whole,,289,CASORTA,0.857
camera-mattarellum-1993-corrected,CAMPANIA 1,14,FRATTAMAGGIORE,whole,,289,FRATTAMAGGIURE,0.929
camera-mattarellum-1993-corrected,CAMPANIA 1,15,AFRAGOLA,whole,,289,AFRAGOLA,1.0
camera-mattarellum-1993-corrected,CAMPANIA 1,15,CARDITO,whole,,289,CARDITO,1.0
camera-mattarellum-1993-corrected,CAMPANIA 1,15,CASALNUOVO DI NAPOLI,whole,,289,CASALNUOVO DI NAPOLI,1.0
camera-mattarellum-1993-corrected,CAMPANIA 1,16,ACERRA,whole,,289,ACERRA,1.0
camera-mattarellum-1993-corrected,CAMPANIA 1,16,BRUSCIANO,whole,,289,BRUSCIANG,0.889
camera-mattarellum-1993-corrected,CAMPANIA 1,16,CAIVANO,whole,,289,CAIVANO,1.0
camera-mattarellum-1993-corrected,CAMPANIA 1,16,CRISPANO,whole,,289,CRISPAND,0.875
camera-mattarellum-1993-corrected,CAMPANIA 1,16,FRATTAMINORE,whole,,289,FRATTANINORE,0.917
camera-mattarellum-1993-corrected,CAMPANIA 1,17,CASTELLO DI CISTERNA,whole,,289,CASTELLO DI CISTERNA,1.0
camera-mattarellum-1993-corrected,CAMPANIA 1,17,POMIGLIANO D'ARCO,whole,,289,POMIGLIANO D'ARCO,1.0
camera-mattarellum-1993-corrected,CAMPANIA 1,17,SANT'ANASTASIA,whole,,289,SANT'ANASTASIA,1.0
camera-mattarellum-1993-corrected,CAMPANIA 1,17,SCISCIANO,whole,,289,SCISCITANO,0.9
camera-mattarellum-1993-corrected,CAMPANIA 1,17,SOMMA VESUVIANA,whole,,289,SOMMA VESUVIANA,1.0
camera-mattarellum-1993-corrected,CAMPANIA 1,18,CAMPOSANO,whole,,289,CAMPOSANO,1.0
camera-mattarellum-1993-corrected,CAMPANIA 1,18,CICCIANO,whole,,289,CICCIANO,1.0
camera-mattarellum-1993-corrected,CAMPANIA 1,18,CIMITILE,whole,,289,CIMITILE,1.0
camera-mattarellum-1993-corrected,CAMPANIA 1,18,COMIZIANO,whole,,289,CUNMIZIANO,0.8
camera-mattarellum-1993-corrected,CAMPANIA 1,18,MARIGLIANELLA,whole,,289,MARIGLTANELLA,0.923
camera-mattarellum-1993-corrected,CAMPANIA 1,18,MARIGLIANO,whole,,289,MAR I GL 1IANO,0.909
camera-mattarellum-1993-corrected,CAMPANIA 1,18,NOLA,whole,,289,NOLA,1.0
camera-mattarellum-1993-corrected,CAMPANIA 1,18,SAN VITALIANO,whole,,289,SAN VITALIANO,1.0
camera-mattarellum-1993-corrected,CAMPANIA 1,18,SAVIANO,whole,,289,SAVIANO,1.0
camera-mattarellum-1993-corrected,CAMPANIA 1,19,CARBONARA DI NOLA,whole,,289,CARBONARA DI NOLA,1.0
camera-mattarellum-1993-corrected,CAMPANIA 1,19,CASAMARCIANO,whole,,289,CASAMARCIANO,1.0
camera-mattarellum-1993-corrected,CAMPANIA 1,19,LIVERI,whole,,290,LIVERI,1.0
camera-mattarellum-1993-corrected,CAMPANIA 1,19,OTTAVIANO,whole,,290,UTTAVIANO,0.889
camera-mattarellum-1993-corrected,CAMPANIA 1,19,PALMA CAMPANIA,whole,,290,PALMA CAMPANIA,1.0
camera-mattarellum-1993-corrected,CAMPANIA 1,19,ROCCARAINOLA,whole,,290,ROCCARA1NOLA,1.0
camera-mattarellum-1993-corrected,CAMPANIA 1,19,SAN GENNARO VESUVIANO,whole,,290,SAN GENNARO VESUVIANO,1.0
camera-mattarellum-1993-corrected,CAMPANIA 1,19,SAN GIUSEPPE VESUVIANO,whole,,290,SAN GIUSEPPE VESUVIANO,1.0
camera-mattarellum-1993-corrected,CAMPANIA 1,19,SAN PAOLO BEL SITO,whole,,290,SAN PAOLO BEL SITO,1.0
camera-mattarellum-1993-corrected,CAMPANIA 1,19,STRIANO,whole,,290,STRIANO,1.0
camera-mattarellum-1993-corrected,CAMPANIA 1,19,TERZIGNO,whole,,290,TERZIGNO,1.0
camera-mattarellum-1993-corrected,CAMPANIA 1,19,TUFINO,whole,,290,TUF INO,1.0
camera-mattarellum-1993-corrected,CAMPANIA 1,19,VISCIANO,whole,,290,VISCIANO,1.0
camera-mattarellum-1993-corrected,CAMPANIA 1,20,BOSCOREALE,whole,,290,BOSCOREALE,1.0
camera-mattarellum-1993-corrected,CAMPANIA 1,20,BOSCOTRECASE,whole,,290,BOSCOTRECASE,1.0
camera-mattarellum-1993-corrected,CAMPANIA 1,20,POGGIOMARINO,whole,,290,POGGIOMARINO,1.0
camera-mattarellum-1993-corrected,CAMPANIA 1,20,TORRE ANNUNZIATA,whole,,290,TORRE ANNUNZIATA,1.0
camera-mattarellum-1993-corrected,CAMPANIA 1,21,CASOLA DI NAPOLI,whole,,290,CASOLA DI NAPOLI,1.0
camera-mattarellum-1993-corrected,CAMPANIA 1,21,CASTELLAMMARE DI STABIA,whole,,290,CASTELLAMMARE DI STABIA,1.0
camera-mattarellum-1993-corrected,CAMPANIA 1,21,LETTERE,whole,,290,LETTERE,1.0
camera-mattarellum-1993-corrected,CAMPANIA 1,21,POMPEI,whole,,290,POMPEI,1.0
camera-mattarellum-1993-corrected,CAMPANIA 1,21,SANT'ANTONIO ABATE,whole,,290,SANT'ANTONIO ABATE,1.0
camera-mattarellum-1993-corrected,CAMPANIA 1,21,SANTA MARIA LA CARITA',whole,,290,SANTA MARIA LA CARITA',1.0
camera-mattarellum-1993-corrected,CAMPANIA 1,22,AGEROLA,whole,,290,AGEROLA,1.0
camera-mattarellum-1993-corrected,CAMPANIA 1,22,ANACAPRI,whole,,290,ANACAPRI,1.0
camera-mattarellum-1993-corrected,CAMPANIA 1,22,CAPRI,whole,,290,CAPRI,1.0
camera-mattarellum-1993-corrected,CAMPANIA 1,22,GRAGNANO,whole,,290,GRAGNANO,1.0
camera-mattarellum-1993-corrected,CAMPANIA 1,22,MASSA LUBRENSE,whole,,290,MASSA LUBRENSE,1.0
camera-mattarellum-1993-corrected,CAMPANIA 1,22,META,whole,,290,META,1.0
camera-mattarellum-1993-corrected,CAMPANIA 1,22,PIANO DI SORRENTO,whole,,290,PIANO DI SURRENTO,0.933
camera-mattarellum-1993-corrected,CAMPANIA 1,22,PIMONTE,whole,,290,PIMONTE,1.0
camera-mattarellum-1993-corrected,CAMPANIA 1,22,SANT'AGNELLO,whole,,290,SANT*AGNELLO,1.0
camera-mattarellum-1993-corrected,CAMPANIA 1,22,SORRENTO,whole,,290,SORRENTO,1.0
camera-mattarellum-1993-corrected,CAMPANIA 1,22,VICO EQUENSE,whole,,290,VICO EQUENSE,1.0
camera-mattarellum-1993-corrected,CAMPANIA 1,23,TORRE DEL GRECO,whole,,290,TORRE DEL GRECO,1.0
camera-mattarellum-1993-corrected,CAMPANIA 1,23,TRECASE,whole,,290,TRECASE,1.0
camera-mattarellum-1993-corrected,CAMPANIA 1,24,PORTICI,whole,,290,PORTICE,0.857
camera-mattarellum-1993-corrected,CAMPANIA 1,24,ERCOLANO,whole,,290,ERCOLANO,1.0
camera-mattarellum-1993-corrected,CAMPANIA 1,25,CERCOLA,whole,,290,CERCOLA,1.0
camera-mattarellum-1993-corrected,CAMPANIA 1,25,POLLENA TROCCHIA,whole,,290,POLLENA TROCCHIA,1.0
camera-mattarellum-1993-corrected,CAMPANIA 1,25,SAN GIORGIO A CREMANO,whole,,290,SAN GIORGIO A CREMANO,1.0
camera-mattarellum-1993-corrected,CAMPANIA 1,25,SAN SEBASTIANO AL VESUVIO,whole,,290,SAN SEBASTIANO AL VESUVIO,1.0
camera-mattarellum-1993-corrected,CAMPANIA 1,25,VOLLA,whole,,290,VOLLA,1.0
camera-mattarellum-1993-corrected,CAMPANIA 1,25,MASSA DI SOMMA,whole,,290,MASSA DI SOMMA,1.0
camera-mattarellum-1993-corrected,CAMPANIA 2,1,CASAGIOVE,whole,,291,CASAGIOVE,1.0
camera-mattarellum-1993-corrected,CAMPANIA 2,1,CASERTA,whole,,291,CASERTA,1.0
camera-mattarellum-1993-corrected,CAMPANIA 2,1,CASTEL MORRONE,whole,,291,CASTEL MORRONE,1.0
camera-mattarellum-1993-corrected,CAMPANIA 2,1,RECALE,whole,,291,RECALE,1.0
camera-mattarellum-1993-corrected,CAMPANIA 2,1,SAN NICOLA LA STRADA,whole,,291,SAN NICOLA LA STRADA,1.0
camera-mattarellum-1993-corrected,CAMPANIA 2,2,ARIENZO,whole,,291,ARITENZO,0.875
camera-mattarellum-1993-corrected,CAMPANIA 2,2,CERVINO,whole,,291,CERVINO,1.0
camera-mattarellum-1993-corrected,CAMPANIA 2,2,MADDALONI,whole,,291,HADDAL UNI,0.889
camera-mattarellum-1993-corrected,CAMPANIA 2,2,MARCIANISE,whole,,291,MARCIANISE,1.0
camera-mattarellum-1993-corrected,CAMPANIA 2,2,SAN FELICE A CANCELLO,whole,,291,SAN FELICE A CANCELLO,1.0
camera-mattarellum-1993-corrected,CAMPANIA 2,2,SANTA MARIA A VICO,whole,,291,SANTA HARIA A VICO,1.0
camera-mattarellum-1993-corrected,CAMPANIA 2,2,VALLE DI MADDALONI,whole,,291,VALLE DI MADDALONI,1.0
camera-mattarellum-1993-corrected,CAMPANIA 2,2,SAN MARCO EVANGELISTA,whole,,291,SAN MARCO EVANGELISTA,1.0
camera-mattarellum-1993-corrected,CAMPANIA 2,3,AVERSA,whole,,291,AVERSA,1.0
camera-mattarellum-1993-corrected,CAMPANIA 2,3,CARINARO,whole,,291,CAR TNARO,0.875
camera-mattarellum-1993-corrected,CAMPANIA 2,3,CESA,whole,,291,CESA,1.0
camera-mattarellum-1993-corrected,CAMPANIA 2,3,GRICIGNANO DI AVERSA,whole,,291,GRICIGNANO DI AVERSA,1.0
camera-mattarellum-1993-corrected,CAMPANIA 2,3,ORTA DI ATELLA,whole,,291,ORTA DI ATELLA,1.0
camera-mattarellum-1993-corrected,CAMPANIA 2,3,SANT'ARPINO,whole,,291,SANT'ARPFINO,0.909
camera-mattarellum-1993-corrected,CAMPANIA 2,3,SUCCIVO,whole,,291,SUCCIVO,1.0
camera-mattarellum-1993-corrected,CAMPANIA 2,3,TEVEROLA,whole,,291,TEVEROLA,1.0
camera-mattarellum-1993-corrected,CAMPANIA 2,4,CASAL DI PRINCIPE,whole,,291,CASAL DI PRINCIPE,1.0
camera-mattarellum-1993-corrected,CAMPANIA 2,4,CASALUCE,whole,,291,CASALUCE,1.0
camera-mattarellum-1993-corrected,CAMPANIA 2,4,FRIGNANO,whole,,291,FRIGNANO,1.0
camera-mattarellum-1993-corrected,CAMPANIA 2,4,LUSCIANO,whole,,291,LUSCIANO,1.0
camera-mattarellum-1993-corrected,CAMPANIA 2,4,PARETE,whole,,291,PARETE,1.0
camera-mattarellum-1993-corrected,CAMPANIA 2,4,SAN CIPRIANO D'AVERSA,whole,,291,SAN CIPRIANO D'AVERSA,1.0
camera-mattarellum-1993-corrected,CAMPANIA 2,4,SAN MARCELLINO,whole,,291,SAN HMARCELL ENO,0.857
camera-mattarellum-1993-corrected,CAMPANIA 2,4,TRENTOLA-DUCENTA,whole,,291,TRENTOLA-DUCENTA,1.0
camera-mattarellum-1993-corrected,CAMPANIA 2,4,VILLA DI BRIANO,whole,,291,VILLA DI BRIANO,1.0
camera-mattarellum-1993-corrected,CAMPANIA 2,4,VILLA LITERNO,whole,,291,VILLA LITFERNO,0.923
camera-mattarellum-1993-corrected,CAMPANIA 2,4,CASAPESENNA,whole,,291,CASAPE SENNA,1.0
camera-mattarellum-1993-corrected,CAMPANIA 2,5,CANCELLO ED ARNONE,whole,,291,CANCELLO ED ARNONE,1.0
camera-mattarellum-1993-corrected,CAMPANIA 2,5,CAPODRISE,whole,,291,CAPODR I SE,1.0
camera-mattarellum-1993-corrected,CAMPANIA 2,5,CASAPULLA,whole,,291,CASAPULLA,1.0
camera-mattarellum-1993-corrected,CAMPANIA 2,5,CASTEL VOLTURNO,whole,,291,CASTEL VOLTURNO,1.0
camera-mattarellum-1993-corrected,CAMPANIA 2,5,CURTI,whole,,291,CURTI,1.0
camera-mattarellum-1993-corrected,CAMPANIA 2,5,FRANCOLISE,whole,,291,FRANCOL I SE,1.0
camera-mattarellum-1993-corrected,CAMPANIA 2,5,GRAZZANISE,whole,,291,GRAZZANISE,1.0
camera-mattarellum-1993-corrected,CAMPANIA 2,5,MACERATA CAMPANIA,whole,,291,HACERATA CAMPANIA,1.0
camera-mattarellum-1993-corrected,CAMPANIA 2,5,PORTICO DI CASERTA,whole,,291,PORTICO DI CASERTA,1.0
camera-mattarellum-1993-corrected,CAMPANIA 2,5,SAN PRISCO,whole,,291,SAN PRISCO,1.0
camera-mattarellum-1993-corrected,CAMPANIA 2,5,SANTA MARIA CAPUA VETERE,whole,,291,SANTA MARIA CAPUA VETERE,1.0
camera-mattarellum-1993-corrected,CAMPANIA 2,5,SANTA MARIA LA FOSSA,whole,,291,SANTA MARIA LA FOSSA,1.0
camera-mattarellum-1993-corrected,CAMPANIA 2,5,SAN TAMMARO,whole,,291,SAN TAMMARO,1.0
camera-mattarellum-1993-corrected,CAMPANIA 2,6,CAIANELLO,whole,,291,CATANELLO,0.889
camera-mattarellum-1993-corrected,CAMPANIA 2,6,CARINOLA,whole,,291,CARINOLA,1.0
camera-mattarellum-1993-corrected,CAMPANIA 2,6,CONCA DELLA CAMPANIA,whole,,291,CONCA DELLA CAMPANIA,1.0
camera-mattarellum-1993-corrected,CAMPANIA 2,6,GALLUCCIO,whole,,292,GALLUCCIO,1.0
camera-mattarellum-1993-corrected,CAMPANIA 2,6,MARZANO APPIO,whole,,292,MARZANO APPIO,1.0
camera-mattarellum-1993-corrected,CAMPANIA 2,6,MIGNANO MONTE LUNGO,whole,,292,MIGNANO MONTE LUNGO,1.0
camera-mattarellum-1993-corrected,CAMPANIA 2,6,MONDRAGONE,whole,,292,MONDRAGONE,1.0
camera-mattarellum-1993-corrected,CAMPANIA 2,6,PIETRAMELARA,whole,,292,PIETRAMELARA,1.0
camera-mattarellum-1993-corrected,CAMPANIA 2,6,PIETRAVAIRANO,whole,,292,PIETRAVAIRANO,1.0
camera-mattarellum-1993-corrected,CAMPANIA 2,6,PRESENZANO,whole,,292,PRESENZANO,1.0
camera-mattarellum-1993-corrected,CAMPANIA 2,6,RIARDO,whole,,292,RIARBO,0.833
camera-mattarellum-1993-corrected,CAMPANIA 2,6,ROCCA D'EVANDRO,whole,,292,ROCCA D'EVANDRO,1.0
camera-mattarellum-1993-corrected,CAMPANIA 2,6,ROCCAMONFINA,whole,,292,ROCCAMONF INA,1.0
camera-mattarellum-1993-corrected,CAMPANIA 2,6,ROCCAROMANA,whole,,292,ROCCAROMANA,1.0
camera-mattarellum-1993-corrected,CAMPANIA 2,6,SAN PIETRO INFINE,whole,,292,SAN PIETRO INFINE,1.0
camera-mattarellum-1993-corrected,CAMPANIA 2,6,SESSA AURUNCA,whole,,292,SESSA AURUNCA,1.0
camera-mattarellum-1993-corrected,CAMPANIA 2,6,TEANO,whole,,292,TEANO,1.0
camera-mattarellum-1993-corrected,CAMPANIA 2,6,TORA E PICCILLI,whole,,292,TORA E PICCILLI,1.0
camera-mattarellum-1993-corrected,CAMPANIA 2,6,VAIRANO PATENORA,whole,,292,VAIRANO PATENGRA,0.933
camera-mattarellum-1993-corrected,CAMPANIA 2,6,FALCIANO DEL MASSICO,whole,,292,FALCIANO DEL MASSICO,1.0
camera-mattarellum-1993-corrected,CAMPANIA 2,6,CELLOLE,whole,,292,CELLOLE,1.0
camera-mattarellum-1993-corrected,CAMPANIA 2,7,AILANO,whole,,292,AILANO,1.0
camera-mattarellum-1993-corrected,CAMPANIA 2,7,ALIFE,whole,,292,ALIFE,1.0
camera-mattarellum-1993-corrected,CAMPANIA 2,7,ALVIGNANO,whole,,292,ALVIGNANO,1.0
camera-mattarellum-1993-corrected,CAMPANIA 2,7,BAIA E LATINA,whole,,292,BAIA E LATINA,1.0
camera-mattarellum-1993-corrected,CAMPANIA 2,7,BELLONA,whole,,292,BELLONA,1.0
camera-mattarellum-1993-corrected,CAMPANIA 2,7,CAIAZZO,whole,,292,CATAZZO,0.857
camera-mattarellum-1993-corrected,CAMPANIA 2,7,CALVI RISORTA,whole,,292,CALVI RISORTA,1.0
camera-mattarellum-1993-corrected,CAMPANIA 2,7,CAMIGLIANO,whole,,292,CANMIGL I ANO,0.909
camera-mattarellum-1993-corrected,CAMPANIA 2,7,CAPRIATI A VOLTURNO,whole,,292,CAPRIATI A VOLTURNO,1.0
camera-mattarellum-1993-corrected,CAMPANIA 2,7,CAPUA,whole,,292,CAPUA,1.0
camera-mattarellum-1993-corrected,CAMPANIA 2,7,CASTEL CAMPAGNANO,whole,,292,CASTEL CAMPAGNANO,1.0
camera-mattarellum-1993-corrected,CAMPANIA 2,7,CASTEL DI SASSO,whole,,292,CASTEL DI SASSO,1.0
camera-mattarellum-1993-corrected,CAMPANIA 2,7,CASTELLO DEL MATESE,whole,,292,CASTELLO DEL MATESE,1.0
camera-mattarellum-1993-corrected,CAMPANIA 2,7,CIORLANO,whole,,292,CIORLANO,1.0
camera-mattarellum-1993-corrected,CAMPANIA 2,7,DRAGONI,whole,,292,DRAGONI,1.0
camera-mattarellum-1993-corrected,CAMPANIA 2,7,FONTEGRECA,whole,,292,FONTEGRECA,1.0
camera-mattarellum-1993-corrected,CAMPANIA 2,7,FORMICOLA,whole,,292,FORMICOLA,1.0
camera-mattarellum-1993-corrected,CAMPANIA 2,7,GALLO MATESE,whole,,292,GALLO MATESE,1.0
camera-mattarellum-1993-corrected,CAMPANIA 2,7,GIANO VETUSTO,whole,,292,GIANO VETUSTO,1.0
camera-mattarellum-1993-corrected,CAMPANIA 2,7,GIOIA SANNITICA,whole,,292,GIOIA SANNITICA,1.0
camera-mattarellum-1993-corrected,CAMPANIA 2,7,LETINO,whole,,292,LETINO,1.0
camera-mattarellum-1993-corrected,CAMPANIA 2,7,LIBERI,whole,,292,LIBERI,1.0
camera-mattarellum-1993-corrected,CAMPANIA 2,7,PASTORANO,whole,,292,PASTORANO,1.0
camera-mattarellum-1993-corrected,CAMPANIA 2,7,PIANA DI MONTE VERNA,whole,,292,PIANA DI MONTE VERNA,1.0
camera-mattarellum-1993-corrected,CAMPANIA 2,7,PIEDIMONTE MATESE,whole,,292,FIEDIMONTE MATESE,0.938
camera-mattarellum-1993-corrected,CAMPANIA 2,7,PIGNATARO MAGGIORE,whole,,292,PIGNATARO MAGGIORE,1.0
camera-mattarellum-1993-corrected,CAMPANIA 2,7,PONTELATONE,whole,,292,PONTELATONE,1.0
camera-mattarellum-1993-corrected,CAMPANIA 2,7,PRATA SANNITA,whole,,292,PRATA SANNITA,1.0
camera-mattarellum-1993-corrected,CAMPANIA 2,7,PRATELLA,whole,,292,PRATELLA,1.0
camera-mattarellum-1993-corrected,CAMPANIA 2,7,RAVISCANINA,whole,,292,RAVISCANINA,1.0
camera-mattarellum-1993-corrected,CAMPANIA 2,7,ROCCHETTA E CROCE,whole,,292,ROCCHETTA E CROCE,1.0
camera-mattarellum-1993-corrected,CAMPANIA 2,7,RUVIANO,whole,,292,RUVIANO,1.0
camera-mattarellum-1993-corrected,CAMPANIA 2,7,SAN GREGORIO MATESE,whole,,292,SAN GREGORIO MATESE,1.0
camera-mattarellum-1993-corrected,CAMPANIA 2,7,SAN POTITO SANNITICO,whole,,292,SAN POTITO SANNITICO,1.0
camera-mattarellum-1993-corrected,CAMPANIA 2,7,SANT'ANGELO D'ALIFE,whole,,292,SANT'ANGELO D'ALIFE,1.0
camera-mattarellum-1993-corrected,CAMPANIA 2,7,SPARANISE,whole,,292,SPARANEISE,0.9
camera-mattarellum-1993-corrected,CAMPANIA 2,7,VALLE AGRICOLA,whole,,292,VALLE AGRICOLA,1.0
camera-mattarellum-1993-corrected,CAMPANIA 2,7,VITULAZIO,whole,,292,VITULAZIO,1.0
camera-mattarellum-1993-corrected,CAMPANIA 2,8,APOLLOSA,whole,,292,APOLLOSA,1.0
camera-mattarellum-1993-corrected,CAMPANIA 2,8,ARPAISE,whole,,292,ARPALSE,0.857
camera-mattarellum-1993-corrected,CAMPANIA 2,8,BENEVENTO,whole,,292,BENEVENTO,1.0
camera-mattarellum-1993-corrected,CAMPANIA 2,8,CAMPOLATTARO,whole,,292,CAMPOLATTARO,1.0
camera-mattarellum-1993-corrected,CAMPANIA 2,8,CASALDUNI,whole,,292,CASAL DUNI,1.0
camera-mattarellum-1993-corrected,CAMPANIA 2,8,CASTELPOTO,whole,,292,CASTELPOTO,1.0
camera-mattarellum-1993-corrected,CAMPANIA 2,8,CEPPALONI,whole,,292,CEPPALONI,1.0
camera-mattarellum-1993-corrected,CAMPANIA 2,8,FOGLIANISE,whole,,293,FOGLI1ANISE,0.909
camera-mattarellum-1993-corrected,CAMPANIA 2,8,FRAGNETO L'ABATE,whole,,293,FRAGNETO L'ABATE,1.0
camera-mattarellum-1993-corrected,CAMPANIA 2,8,FRAGNETO MONFORTE,whole,,293,FRAGNE TO MONFORTE,1.0
camera-mattarellum-1993-corrected,CAMPANIA 2,8,MORCONE,whole,,293,HORCONE,1.0
camera-mattarellum-1993-corrected,CAMPANIA 2,8,PADULI,whole,,293,PADULI,1.0
camera-mattarellum-1993-corrected,CAMPANIA 2,8,PIETRELCINA,whole,,293,PIETRELCINA,1.0
camera-mattarellum-1993-corrected,CAMPANIA 2,8,PONTE,whole,,293,PUNTE,0.8
camera-mattarellum-1993-corrected,CAMPANIA 2,8,PONTELANDOLFO,whole,,293,PUNTELANDOLFO,0.923
camera-mattarellum-1993-corrected,CAMPANIA 2,8,SAN LEUCIO DEL SANNIO,whole,,293,SAN LEUCIO DEL SANNIO,1.0
camera-mattarellum-1993-corrected,CAMPANIA 2,8,SAN NICOLA MANFREDI,whole,,293,SAN NICOLA MANFREDI,1.0
camera-mattarellum-1993-corrected,CAMPANIA 2,8,SANTA CROCE DEL SANNIO,whole,,293,SANTA CROCE DEL SANNIO,1.0
camera-mattarellum-1993-corrected,CAMPANIA 2,8,SANT'ANGELO A CUPOLO,whole,,293,SANT'ANGELO A CUPOLO,1.0
camera-mattarellum-1993-corrected,CAMPANIA 2,8,SASSINORO,whole,,293,SASSIiNURO,0.8
camera-mattarellum-1993-corrected,CAMPANIA 2,8,TORRECUSO,whole,,293,TORRECUSO,1.0
camera-mattarellum-1993-corrected,CAMPANIA 2,9,AIROLA,whole,,293,AIROLA,1.0
camera-mattarellum-1993-corrected,CAMPANIA 2,9,AMOROSI,whole,,293,AMOROSI,1.0
camera-mattarellum-1993-corrected,CAMPANIA 2,9,ARPAIA,whole,,293,ARPAIA,1.0
camera-mattarellum-1993-corrected,CAMPANIA 2,9,BONEA,whole,,293,BONE A,1.0
camera-mattarellum-1993-corrected,CAMPANIA 2,9,BUCCIANO,whole,,293,BUCCIANO,1.0
camera-mattarellum-1993-corrected,CAMPANIA 2,9,CAMPOLI DEL MONTE TABURNO,whole,,293,CAMPOLI DEL MONTE TABURNO,1.0
camera-mattarellum-1993-corrected,CAMPANIA 2,9,CASTELVENERE,whole,,293,CASTELVENERE,1.0
camera-mattarellum-1993-corrected,CAMPANIA 2,9,CAUTANO,whole,,293,CAUTANO,1.0
camera-mattarellum-1993-corrected,CAMPANIA 2,9,CERRETO SANNITA,whole,,293,CERRETO SANNITA,1.0
camera-mattarellum-1993-corrected,CAMPANIA 2,9,CUSANO MUTRI,whole,,293,CUSANO MUTRI,1.0
camera-mattarellum-1993-corrected,CAMPANIA 2,9,DUGENTA,whole,,293,DUGENTA,1.0
camera-mattarellum-1993-corrected,CAMPANIA 2,9,DURAZZANO,whole,,293,DURAZZANO,1.0
camera-mattarellum-1993-corrected,CAMPANIA 2,9,FAICCHIO,whole,,293,FAICCHID,0.875
camera-mattarellum-1993-corrected,CAMPANIA 2,9,FORCHIA,whole,,293,FORCHIA,1.0
camera-mattarellum-1993-corrected,CAMPANIA 2,9,FRASSO TELESINO,whole,,293,FRASSO TELESINO,1.0
camera-mattarellum-1993-corrected,CAMPANIA 2,9,GUARDIA SANFRAMONDI,whole,,293,GUARDIA SANFRAMONDI,1.0
camera-mattarellum-1993-corrected,CAMPANIA 2,9,LIMATOLA,whole,,293,LIMATOLA,1.0
camera-mattarellum-1993-corrected,CAMPANIA 2,9,MELIZZANO,whole,,293,MEL IZZANO,1.0
camera-mattarellum-1993-corrected,CAMPANIA 2,9,,whole,,293,MUIT1ANG,0.5
camera-mattarellum-1993-corrected,CAMPANIA 2,9,MONTESARCHIO,whole,,293,MONTESARCHIO,1.0
camera-mattarellum-1993-corrected,CAMPANIA 2,9,PAOLISI,whole,,293,PAOLEISI,0.875
camera-mattarellum-1993-corrected,CAMPANIA 2,9,PAUPISI,whole,,293,PAUPISI,1.0
camera-mattarellum-1993-corrected,CAMPANIA 2,9,PIETRAROJA,whole,,293,PIETRAROJA,1.0
camera-mattarellum-1993-corrected,CAMPANIA 2,9,PUGLIANELLO,whole,,293,PUGLFANELLO,0.909
camera-mattarellum-1993-corrected,CAMPANIA 2,9,SAN LORENZELLO,whole,,293,SAN LORENZELLO,1.0
camera-mattarellum-1993-corrected,CAMPANIA 2,9,SAN LORENZO MAGGIORE,whole,,293,SAN LORENZO MAGGIORE,1.0
camera-mattarellum-1993-corrected,CAMPANIA 2,9,SAN LUPO,whole,,293,SAN LUPO,1.0
camera-mattarellum-1993-corrected,CAMPANIA 2,9,SAN SALVATORE TELESINO,whole,,293,SAN SALVATORE TELESINO,1.0
camera-mattarellum-1993-corrected,CAMPANIA 2,9,SANT'AGATA DE' GOTI,whole,,293,SANT'AGATA DE' GOTI,1.0
camera-mattarellum-1993-corrected,CAMPANIA 2,9,SOLOPACA,whole,,293,SOL OPACA,1.0
camera-mattarellum-1993-corrected,CAMPANIA 2,9,TELESE TERME,whole,,293,TELESE TERME,1.0
camera-mattarellum-1993-corrected,CAMPANIA 2,9,TOCCO CAUDIO,whole,,293,TOCCO CAUDIO,1.0
camera-mattarellum-1993-corrected,CAMPANIA 2,9,VITULANO,whole,,293,VITULANO,1.0
camera-mattarellum-1993-corrected,CAMPANIA 2,10,APICE,whole,,293,APICE,1.0
camera-mattarellum-1993-corrected,CAMPANIA 2,10,BASELICE,whole,,293,BASEL ICE,1.0
camera-mattarellum-1993-corrected,CAMPANIA 2,10,BUONALBERGO,whole,,293,BUONAL BERGO,1.0
camera-mattarellum-1993-corrected,CAMPANIA 2,10,CALVI,whole,,293,CALVI,1.0
camera-mattarellum-1993-corrected,CAMPANIA 2,10,CASTELFRANCO IN MISCANO,whole,,293,CASTELFRANCO IN MISCANO,1.0
camera-mattarellum-1993-corrected,CAMPANIA 2,10,CASTELPAGANO,whole,,293,CASTELPAGANO,1.0
camera-mattarellum-1993-corrected,CAMPANIA 2,10,CASTELVETERE IN VAL FORTORE,whole,,293,CASTELVETERE IN VAL FURTORE,0.958
camera-mattarellum-1993-corrected,CAMPANIA 2,10,CIRCELLO,whole,,293,CIRCELLO,1.0
camera-mattarellum-1993-corrected,CAMPANIA 2,10,COLLE SANNITA,whole,,293,COLLE SANNITA,1.0
camera-mattarellum-1993-corrected,CAMPANIA 2,10,FOIANO DI VAL FORTORE,whole,,293,FOIANO DI VAL FORTORE,1.0
camera-mattarellum-1993-corrected,CAMPANIA 2,10,GINESTRA DEGLI SCHIAVONI,whole,,293,SINESTRA DEGLI SCHIAVONI,0.955
camera-mattarellum-1993-corrected,CAMPANIA 2,10,MOLINARA,whole,,293,MOL INARA,1.0
camera-mattarellum-1993-corrected,CAMPANIA 2,10,MONTEFALCONE DI VAL FORTORE,whole,,293,MONTEFALTCONE DI VAL FORTORE,0.96
camera-mattarellum-1993-corrected,CAMPANIA 2,10,PAGO VEIANO,whole,,293,PAGO VE IANO,1.0
camera-mattarellum-1993-corrected,CAMPANIA 2,10,PESCO SANNITA,whole,,293,PESCO SANNITA,1.0
camera-mattarellum-1993-corrected,CAMPANIA 2,10,,whole,,293,RE TINO,0.833
camera-mattarellum-1993-corrected,CAMPANIA 2,10,SAN BARTOLOMEO IN GALDO,whole,,294,SAN BARTOLOMEO IN GALDO,1.0
camera-mattarellum-1993-corrected,CAMPANIA 2,10,SAN GIORGIO DEL SANNIO,whole,,294,SAN GIORGIO DEL SANNIO,1.0
camera-mattarellum-1993-corrected,CAMPANIA 2,10,SAN GIORGIO LA MOLARA,whole,,294,SAN GIURGIO LA MOLARA,0.944
camera-mattarellum-1993-corrected,CAMPANIA 2,10,SAN MARCO DEI CAVOTI,whole,,294,SAN MARCO DEI CAVOTI,1.0
camera-mattarellum-1993-corrected,CAMPANIA 2,10,SAN MARTINO SANNITA,whole,,294,SAN MARTINO SANNITA,1.0
camera-mattarellum-1993-corrected,CAMPANIA 2,10,SAN NAZZARO,whole,,294,SAN NAZZARO,1.0
camera-mattarellum-1993-corrected,CAMPANIA 2,10,SANT'ARCANGELO TRIMONTE,whole,,294,SANT'ARCANGELO TRIMONTE,1.0
camera-mattarellum-1993-corrected,CAMPANIA 2,10,ARIANO IRPINO,whole,,294,ARTANO IRPINO,0.917
camera-mattarellum-1993-corrected,CAMPANIA 2,10,BONITO,whole,,294,BONITO,1.0
camera-mattarellum-1993-corrected,CAMPANIA 2,10,CASALBORE,whole,,294,CASAL BORE,1.0
camera-mattarellum-1993-corrected,CAMPANIA 2,10,FLUMERI,whole,,294,FLUMERI,1.0
camera-mattarellum-1993-corrected,CAMPANIA 2,10,GRECI,whole,,294,GRECI,1.0
camera-mattarellum-1993-corrected,CAMPANIA 2,10,GROTTAMINARDA,whole,,294,GROTTAMINARDA,1.0
camera-mattarellum-1993-corrected,CAMPANIA 2,10,MELITO IRPINO,whole,,294,MELITO IRPINO,1.0
camera-mattarellum-1993-corrected,CAMPANIA 2,10,MONTAGUTO,whole,,294,MONTAGUTO,1.0
camera-mattarellum-1993-corrected,CAMPANIA 2,10,MONTECALVO IRPINO,whole,,294,MONTECALVO IRPINO,1.0
camera-mattarellum-1993-corrected,CAMPANIA 2,10,SAVIGNANO IRPINO,whole,,294,SAVIGNANO IRPINO,1.0
camera-mattarellum-1993-corrected,CAMPANIA 2,10,VILLANOVA DEL BATTISTA,whole,,294,VILLANOVA DEL BATTISTA,1.0
camera-mattarellum-1993-corrected,CAMPANIA 2,10,ZUNGOLI,whole,,294,ZUNGOL I,0.857
camera-mattarellum-1993-corrected,CAMPANIA 2,11,ALTAVILLA IRPINA,whole,,294,ALTAYILLA IRPINA,0.933
camera-mattarellum-1993-corrected,CAMPANIA 2,11,AVELLINO,whole,,294,AVELLINO,1.0
camera-mattarellum-1993-corrected,CAMPANIA 2,11,CANDIDA,whole,,294,CANDIDA,1.0
camera-mattarellum-1993-corrected,CAMPANIA 2,11,CAPRIGLIA IRPINA,whole,,294,CAPRIGLIA IRPINA,1.0
camera-mattarellum-1993-corrected,CAMPANIA 2,11,CASTELVETERE SUL CALORE,whole,,294,CASTELVETERE SUL CALORE,1.0
camera-mattarellum-1993-corrected,CAMPANIA 2,11,CHIANCHE,whole,,294,CHIANCHE,1.0
camera-mattarellum-1993-corrected,CAMPANIA 2,11,CHIUSANO DI SAN DOMENICO,whole,,294,CHIUSANO DI SAN DOMENICO,1.0
camera-mattarellum-1993-corrected,CAMPANIA 2,11,GROTTOLELLA,whole,,294,GROTTOLELLA,1.0
camera-mattarellum-1993-corrected,CAMPANIA 2,11,LAPIO,whole,,294,LAPIO,1.0
camera-mattarellum-1993-corrected,CAMPANIA 2,11,MANOCALZATI,whole,,294,MANOCALZATI,1.0
camera-mattarellum-1993-corrected,CAMPANIA 2,11,MERCOGLIANO,whole,,294,HERCOGL TANO,0.909
camera-mattarellum-1993-corrected,CAMPANIA 2,11,MONTEFALCIONE,whole,,294,HONTEFALCIONE,1.0
camera-mattarellum-1993-corrected,CAMPANIA 2,11,MONTEFREDANE,whole,,294,HONTEFRE DANE,1.0
camera-mattarellum-1993-corrected,CAMPANIA 2,11,MONTEFUSCO,whole,,294,MONTEFUSCO,1.0
camera-mattarellum-1993-corrected,CAMPANIA 2,11,MONTEMILETTO,whole,,294,MONTEMILETTO,1.0
camera-mattarellum-1993-corrected,CAMPANIA 2,11,OSPEDALETTO D'ALPINOLO,whole,,294,OSPEDALETTO D'ALPINOLO,1.0
camera-mattarellum-1993-corrected,CAMPANIA 2,11,PAROLISE,whole,,294,PARQGLISE,0.778
camera-mattarellum-1993-corrected,CAMPANIA 2,11,PETRURO IRPINO,whole,,294,PETRURO IRPINO,1.0
camera-mattarellum-1993-corrected,CAMPANIA 2,11,PIETRADEFUSI,whole,,294,PIETRADEFUSI,1.0
camera-mattarellum-1993-corrected,CAMPANIA 2,11,PRATA DI PRINCIPATO ULTRA,whole,,294,PRATA DI PRINCIPATO ULTRA,1.0
camera-mattarellum-1993-corrected,CAMPANIA 2,11,PRATOLA SERRA,whole,,294,PRATOLA SERRA,1.0
camera-mattarellum-1993-corrected,CAMPANIA 2,11,SALZA IRPINA,whole,,294,SALZA IRPINA,1.0
camera-mattarellum-1993-corrected,CAMPANIA 2,11,SAN MANGO SUL CALORE,whole,,294,SAN MANGO SUL CALORE,1.0
camera-mattarellum-1993-corrected,CAMPANIA 2,11,SAN POTITO ULTRA,whole,,294,SAN POTITO ULTRA,1.0
camera-mattarellum-1993-corrected,CAMPANIA 2,11,SANT'ANGELO A SCALA,whole,,294,SANT'ANGELO A SCALA,1.0
camera-mattarellum-1993-corrected,CAMPANIA 2,11,SANTA PAOLINA,whole,,294,SANTA PAOLINA,1.0
camera-mattarellum-1993-corrected,CAMPANIA 2,11,SANTO STEFANO DEL SOLE,whole,,294,SANTO STEFANO DEL SOLE,1.0
camera-mattarellum-1993-corrected,CAMPANIA 2,11,SORBO SERPICO,whole,,294,SORBO SERPICO,1.0
camera-mattarellum-1993-corrected,CAMPANIA 2,11,SUMMONTE,whole,,294,SUMMONTE,1.0
camera-mattarellum-1993-corrected,CAMPANIA 2,11,TORRE LE NOCELLE,whole,,294,TORRE LE NOCELLE,1.0
camera-mattarellum-1993-corrected,CAMPANIA 2,11,TORRIONI,whole,,294,TORRIONI,1.0
camera-mattarellum-1993-corrected,CAMPANIA 2,11,TUFO,whole,,294,TUFO,1.0
camera-mattarellum-1993-corrected,CAMPANIA 2,11,VENTICANO,whole,,294,VENT1CANO,1.0
camera-mattarellum-1993-corrected,CAMPANIA 2,11,VOLTURARA IRPINA,whole,,294,VUOLTURARA IRPINA,0.938
camera-mattarellum-1993-corrected,CAMPANIA 2,12,PANNARANO,whole,,294,PANNARANO,1.0
camera-mattarellum-1993-corrected,CAMPANIA 2,12,AIELLO DEL SABATO,whole,,294,AIELLO DEL SABATO,1.0
camera-mattarellum-1993-corrected,CAMPANIA 2,12,ATRIPALDA,whole,,294,ATRIPALODA,0.9
camera-mattarellum-1993-corrected,CAMPANIA 2,12,AVELLA,whole,,294,AVELLA,1.0
camera-mattarellum-1993-corrected,CAMPANIA 2,12,BAIANO,whole,,294,BATANO,0.833
camera-mattarellum-1993-corrected,CAMPANIA 2,12,CERVINARA,whole,,294,CERVI NARA,1.0
camera-mattarellum-1993-corrected,CAMPANIA 2,12,CESINALI,whole,,294,CESINALI,1.0
camera-mattarellum-1993-corrected,CAMPANIA 2,12,CONTRADA,whole,,294,CONTRADA,1.0
camera-mattarellum-1993-corrected,CAMPANIA 2,12,DOMICELLA,whole,,294,DONMNICELLA,0.818
camera-mattarellum-1993-corrected,CAMPANIA 2,12,FORINO,whole,,294,FORINO,1.0
camera-mattarellum-1993-corrected,CAMPANIA 2,12,LAURO,whole,,295,LAURO,1.0
camera-mattarellum-1993-corrected,CAMPANIA 2,12,MARZANO DI NOLA,whole,,295,HARZANO DI NOLA,1.0
camera-mattarellum-1993-corrected,CAMPANIA 2,12,MONTEFORTE IRPINO,whole,,295,MONTEFORTE IRPINO,1.0
camera-mattarellum-1993-corrected,CAMPANIA 2,12,MONTORO INFERIORE,whole,,295,HONTORO INFERIORE,1.0
camera-mattarellum-1993-corrected,CAMPANIA 2,12,MONTORO SUPERIORE,whole,,295,HONTORO SUPERIORE,1.0
camera-mattarellum-1993-corrected,CAMPANIA 2,12,MOSCHIANO,whole,,295,HOSCHIANO,1.0
camera-mattarellum-1993-corrected,CAMPANIA 2,12,MUGNANO DEL CARDINALE,whole,,295,MUGNANO DEL CARDINALE,1.0
camera-mattarellum-1993-corrected,CAMPANIA 2,12,PAGO DEL VALLO DI LAURO,whole,,295,PAGO DEL VALLO DI LAURO,1.0
camera-mattarellum-1993-corrected,CAMPANIA 2,12,PIETRASTORNINA,whole,,295,PIETRASTORNINA,1.0
camera-mattarellum-1993-corrected,CAMPANIA 2,12,QUADRELLE,whole,,295,QUADRELLE,1.0
camera-mattarellum-1993-corrected,CAMPANIA 2,12,QUINDICI,whole,,295,QUINDICI,1.0
camera-mattarellum-1993-corrected,CAMPANIA 2,12,ROCCABASCERANA,whole,,295,ROCCABASCERANA,1.0
camera-mattarellum-1993-corrected,CAMPANIA 2,12,ROTONDI,whole,,295,ROTONDI,1.0
camera-mattarellum-1993-corrected,CAMPANIA 2,12,SAN MARTINO VALLE CAUDINA,whole,,295,SAN MARTINO VALLE CAUDINA,1.0
camera-mattarellum-1993-corrected,CAMPANIA 2,12,SAN MICHELE DI SERINO,whole,,295,SAN MICHELE DI SERINO,1.0
camera-mattarellum-1993-corrected,CAMPANIA 2,12,SANTA LUCIA DI SERINO,whole,,295,SANTA LUCIA DI SERINO,1.0
camera-mattarellum-1993-corrected,CAMPANIA 2,12,SERINO,whole,,295,SERINO,1.0
camera-mattarellum-1993-corrected,CAMPANIA 2,12,SIRIGNANO,whole,,295,SIRITGNANO,0.9
camera-mattarellum-1993-corrected,CAMPANIA 2,12,SOLOFRA,whole,,295,SOLOFRA,1.0
camera-mattarellum-1993-corrected,CAMPANIA 2,12,SPERONE,whole,,295,SPERUONE,0.875
camera-mattarellum-1993-corrected,CAMPANIA 2,12,TAURANO,whole,,295,TAURANO,1.0
camera-mattarellum-1993-corrected,CAMPANIA 2,13,ANDRETTA,whole,,295,ANDRETTA,1.0
camera-mattarellum-1993-corrected,CAMPANIA 2,13,AQUILONIA,whole,,295,AQUILONITIA,0.818
camera-mattarellum-1993-corrected,CAMPANIA 2,13,BAGNOLI IRPINO,whole,,295,BAGNOLI IRPINO,1.0
camera-mattarellum-1993-corrected,CAMPANIA 2,13,BISACCIA,whole,,295,BISACCIA,1.0
camera-mattarellum-1993-corrected,CAMPANIA 2,13,CAIRANO,whole,,295,CAIRANO,1.0
camera-mattarellum-1993-corrected,CAMPANIA 2,13,CALABRITTO,whole,,295,CALABRITTO,1.0
camera-mattarellum-1993-corrected,CAMPANIA 2,13,CALITRI,whole,,295,CALITRI,1.0
camera-mattarellum-1993-corrected,CAMPANIA 2,13,CAPOSELE,whole,,295,CAPOSELE,1.0
camera-mattarellum-1993-corrected,CAMPANIA 2,13,CARIFE,whole,,295,CARIFE,1.0
camera-mattarellum-1993-corrected,CAMPANIA 2,13,CASSANO IRPINO,whole,,295,CASSANO IRPINO,1.0
camera-mattarellum-1993-corrected,CAMPANIA 2,13,CASTEL BARONIA,whole,,295,CASTEL BARONIA,1.0
camera-mattarellum-1993-corrected,CAMPANIA 2,13,CASTELFRANCI,whole,,295,CASTELFRANCI,1.0
camera-mattarellum-1993-corrected,CAMPANIA 2,13,CONZA DELLA CAMPANIA,whole,,295,CONZA DELLA CAMPANIA,1.0
camera-mattarellum-1993-corrected,CAMPANIA 2,13,FONTANAROSA,whole,,295,FONTANAROSA,1.0
camera-mattarellum-1993-corrected,CAMPANIA 2,13,FRIGENTO,whole,,295,FRIGENTO,1.0
camera-mattarellum-1993-corrected,CAMPANIA 2,13,GESUALDO,whole,,295,GE SUAL DO,1.0
camera-mattarellum-1993-corrected,CAMPANIA 2,13,GUARDIA LOMBARDI,whole,,295,GUARDIA LOMBARDI,1.0
camera-mattarellum-1993-corrected,CAMPANIA 2,13,LACEDONIA,whole,,295,LACEDONIA,1.0
camera-mattarellum-1993-corrected,CAMPANIA 2,13,LIONI,whole,,295,LIONI,1.0
camera-mattarellum-1993-corrected,CAMPANIA 2,13,LUOGOSANO,whole,,295,LUOGOSANO,1.0
camera-mattarellum-1993-corrected,CAMPANIA 2,13,MIRABELLA ECLANO,whole,,295,MIRABELLA ECLANO,1.0
camera-mattarellum-1993-corrected,CAMPANIA 2,13,MONTELLA,whole,,295,MONTELLA,1.0
camera-mattarellum-1993-corrected,CAMPANIA 2,13,MONTEMARANO,whole,,295,MONTE MARANO,1.0
camera-mattarellum-1993-corrected,CAMPANIA 2,13,MONTEVERDE,whole,,295,HONTE VER DE,1.0
camera-mattarellum-1993-corrected,CAMPANIA 2,13,MORRA DE SANCTIS,whole,,295,MORRA DE SANCTIS,1.0
camera-mattarellum-1993-corrected,CAMPANIA 2,13,NUSCO,whole,,295,NUSCO,1.0
camera-mattarellum-1993-corrected,CAMPANIA 2,13,PATERNOPOLI,whole,,295,PATERNOPOL I,0.909
camera-mattarellum-1993-corrected,CAMPANIA 2,13,ROCCA SAN FELICE,whole,,295,ROCCA SAN FELICE,1.0
camera-mattarellum-1993-corrected,CAMPANIA 2,13,SAN NICOLA BARONIA,whole,,295,SAN NICOLA BARONIA,1.0
camera-mattarellum-1993-corrected,CAMPANIA 2,13,SAN SOSSIO BARONIA,whole,,295,SAN SOSSIO BARONIA,1.0
camera-mattarellum-1993-corrected,CAMPANIA 2,13,SANT'ANDREA DI CONZA,whole,,295,SANT'ANDREA DI CONZA,1.0
camera-mattarellum-1993-corrected,CAMPANIA 2,13,SANT'ANGELO ALL'ESCA,whole,,295,SANT'ANGELO ALL'ESCA,1.0
camera-mattarellum-1993-corrected,CAMPANIA 2,13,SANT'ANGELO DEI LOMBARDI,whole,,295,SANT'ANGELO DEI LOMBARDI,1.0
camera-mattarellum-1993-corrected,CAMPANIA 2,13,SCAMPITELLA,whole,,295,SCAMPITELLA,1.0
camera-mattarellum-1993-corrected,CAMPANIA 2,13,SENERCHIA,whole,,295,SENERCHIA,1.0
camera-mattarellum-1993-corrected,CAMPANIA 2,13,STURNO,whole,,295,STURNO,1.0
camera-mattarellum-1993-corrected,CAMPANIA 2,13,TAURASI,whole,,295,TAURASI,1.0
camera-mattarellum-1993-corrected,CAMPANIA 2,13,,whole,,295,ILORA,0.6
camera-mattarellum-1993-corrected,CAMPANIA 2,13,TORELLA DEI LOMBARDI,whole,,295,TORELLA DEI LOMBARDI,1.0
camera-mattarellum-1993-corrected,CAMPANIA 2,13,TREVICO,whole,,295,TREVICO,1.0
camera-mattarellum-1993-corrected,CAMPANIA 2,13,VALLATA,whole,,295,VALLATA,1.0
camera-mattarellum-1993-corrected,CAMPANIA 2,13,VALLESACCARDA,whole,,295,VALLESACCARDA,1.0
camera-mattarellum-1993-corrected,CAMPANIA 2,13,VILLAMAINA,whole,,295,VILLAMA1NA,1.0
camera-mattarellum-1993-corrected,CAMPANIA 2,14,SALERNO,described_part,"Comprende 1l comune di Salerno, fatta eccezione della parte di territorio analiticamente descritta nel collegio n. t5.",296,"Comprende 1l comune di Salerno,",1.0
camera-mattarellum-1993-corrected,CAMPANIA 2,15,BARONISSI,whole,,296,Baronissi,1.0
camera-mattarellum-1993-corrected,CAMPANIA 2,15,BRACIGLIANO,whole,,296,Bracigliano,1.0
camera-mattarellum-1993-corrected,CAMPANIA 2,15,CALVANICO,whole,,296,Calvanico,1.0
camera-mattarellum-1993-corrected,CAMPANIA 2,15,CASTIGLIONE DEL GENOVESI,whole,,296,Castiglione del Genovesi,1.0
camera-mattarellum-1993-corrected,CAMPANIA 2,15,FISCIANO,whole,,296,Fisciano,1.0
camera-mattarellum-1993-corrected,CAMPANIA 2,15,GIFFONI SEI CASALI,whole,,296,Giffoni Sei Casali,1.0
camera-mattarellum-1993-corrected,CAMPANIA 2,15,MERCATO SAN SEVERINO,whole,,296,Mercato San Severino,1.0
camera-mattarellum-1993-corrected,CAMPANIA 2,15,PELLEZZANO,whole,,296,Pellezzano,1.0
camera-mattarellum-1993-corrected,CAMPANIA 2,15,SAN CIPRIANO PICENTINO,whole,,296,San Cipriano Picentino,1.0
camera-mattarellum-1993-corrected,CAMPANIA 2,15,SAN MANGO PIEMONTE,whole,,296,San Mango Piemonte,1.0
camera-mattarellum-1993-corrected,CAMPANIA 2,15,SALERNO,described_part,"Comprende i seguenti comuni: Baronissi, Bracigliano, Calvanico, Castiglione del Genovesi, Fisciano, Giffoni Sei Casali, Mercato San Severino, Pellezzano, San Cipriano Picentino e San Mango Piemonte nonchè parte del territorio del comune di Salerno, delimitata come segue: confine del comune di Pellezzano, torrente Rafastia, via Michele Venieri inclusa, piazza Sedile di Porta Rotese esclusa, via Arce esclusa, via Generale Gonzaga esclusa, via dei Principati esclusa. via del Carmine esclusa, via Paolo De Granita esclusa, via Nizza esclusa, statale 88 esclusa, via Masso della Signora esclusa, via Vicinale del Pignolillo esclusa, a monte della frazione di Giovi, località Fontana Viva, sino ai confini dei comun: di San Cipriano Picentino, Baronissi e Pellezzano. Inctudendo le frazioni di Brignano Superiore e Inferiore, Matierno, Pastorano, Casa Roma, Oglhiara, Rufecti, S.Angelo, Sordine, Tuori, Cappelle Superiori e inferiori e Partecipazioni.",296,parte del territorio del comune di Salerno,1.0
camera-mattarellum-1993-corrected,CAMPANIA 2,16,AMALFI,whole,,296,AMALFI,1.0
camera-mattarellum-1993-corrected,CAMPANIA 2,16,ATRANI,whole,,296,ATRANI,1.0
camera-mattarellum-1993-corrected,CAMPANIA 2,16,CAVA DE' TIRRENI,whole,,296,CAVA DE* TIRRENI,1.0
camera-mattarellum-1993-corrected,CAMPANIA 2,16,CETARA,whole,,296,CETARA,1.0
camera-mattarellum-1993-corrected,CAMPANIA 2,16,CONCA DEI MARINI,whole,,296,CONCA DEI MARINI,1.0
camera-mattarellum-1993-corrected,CAMPANIA 2,16,FURORE,whole,,296,FURORE,1.0
camera-mattarellum-1993-corrected,CAMPANIA 2,16,,whole,,296,MATORTI,0.714
camera-mattarellum-1993-corrected,CAMPANIA 2,16,MINORI,whole,,296,MINORI,1.0
camera-mattarellum-1993-corrected,CAMPANIA 2,16,NOCERA SUPERIORE,whole,,296,NOCERA SUPERIORE,1.0
camera-mattarellum-1993-corrected,CAMPANIA 2,16,POSITANO,whole,,296,POSITANO,1.0
camera-mattarellum-1993-corrected,CAMPANIA 2,16,PRAIANO,whole,,296,PRATANO,0.857
camera-mattarellum-1993-corrected,CAMPANIA 2,16,RAVELLO,whole,,296,RAVELLO,1.0
camera-mattarellum-1993-corrected,CAMPANIA 2,16,ROCCAPIEMONTE,whole,,296,ROCCAPI EMHONTE,0.929
camera-mattarellum-1993-corrected,CAMPANIA 2,16,SCALA,whole,,296,SCALA,1.0
camera-mattarellum-1993-corrected,CAMPANIA 2,16,TRAMONTI,whole,,296,TRAMONTI,1.0
camera-mattarellum-1993-corrected,CAMPANIA 2,16,VIETRI SUL MARE,whole,,296,VIETRI SUL MARE,1.0
camera-mattarellum-1993-corrected,CAMPANIA 2,17,ANGRI,whole,,296,ANGRI,1.0
camera-mattarellum-1993-corrected,CAMPANIA 2,17,CORBARA,whole,,296,CORBARA,1.0
camera-mattarellum-1993-corrected,CAMPANIA 2,17,PAGANI,whole,,296,PAGANI,1.0
camera-mattarellum-1993-corrected,CAMPANIA 2,17,SANT'EGIDIO DEL MONTE ALBINO,whole,,296,SANT'EGIDIO DEL HONTE ALBINO,1.0
camera-mattarellum-1993-corrected,CAMPANIA 2,17,SCAFATI,whole,,296,SCAFATI,1.0
camera-mattarellum-1993-corrected,CAMPANIA 2,18,CASTEL SAN GIORGIO,whole,,296,CASTEL SAN GIORGIO,1.0
camera-mattarellum-1993-corrected,CAMPANIA 2,18,NOCERA INFERIORE,whole,,296,NOCERA INFERIORE,1.0
camera-mattarellum-1993-corrected,CAMPANIA 2,18,SAN MARZANO SUL SARNO,whole,,296,SAN MARZANO SUL SARNO,1.0
camera-mattarellum-1993-corrected,CAMPANIA 2,18,SAN VALENTINO TORIO,whole,,296,SAN VALENTINO TORTO,0.941
camera-mattarellum-1993-corrected,CAMPANIA 2,18,SARNO,whole,,296,SARNO,1.0
camera-mattarellum-1993-corrected,CAMPANIA 2,18,SIANO,whole,,296,S1ANO,1.0
camera-mattarellum-1993-corrected,CAMPANIA 2,19,ACERNO,whole,,296,ACERNO,1.0
camera-mattarellum-1993-corrected,CAMPANIA 2,19,BATTIPAGLIA,whole,,296,BATTIPAGLIA,1.0
camera-mattarellum-1993-corrected,CAMPANIA 2,19,GIFFONI VALLE PIANA,whole,,296,GIFFONI! VALLE PIANA,1.0
camera-mattarellum-1993-corrected,CAMPANIA 2,19,MONTECORVINO PUGLIANO,whole,,297,MONTECORVINO PUSGLIANO,0.952
camera-mattarellum-1993-corrected,CAMPANIA 2,19,MONTECORVINO ROVELLA,whole,,297,HONTECORVINO ROVELLA,1.0
camera-mattarellum-1993-corrected,CAMPANIA 2,19,OLEVANO SUL TUSCIANO,whole,,297,OLEVANO SUL TUSCIANO,1.0
camera-mattarellum-1993-corrected,CAMPANIA 2,19,PONTECAGNANO FAIANO,whole,,297,PONTECAGNANO FAIANO,1.0
camera-mattarellum-1993-corrected,CAMPANIA 2,19,BELLIZZI,whole,,297,BELLI1ZZI,0.889
camera-mattarellum-1993-corrected,CAMPANIA 2,20,AGROPOLI,whole,,297,AGROPOLT,0.875
camera-mattarellum-1993-corrected,CAMPANIA 2,20,ALBANELLA,whole,,297,AL BANELLA,1.0
camera-mattarellum-1993-corrected,CAMPANIA 2,20,ALTAVILLA SILENTINA,whole,,297,ALTAVILLA SILENTINA,1.0
camera-mattarellum-1993-corrected,CAMPANIA 2,20,CAMPAGNA,whole,,297,CAMPAGNA,1.0
camera-mattarellum-1993-corrected,CAMPANIA 2,20,CAPACCIO,whole,,297,CAPACCIO,1.0
camera-mattarellum-1993-corrected,CAMPANIA 2,20,CASTELCIVITA,whole,,297,CASTELCIVITA,1.0
camera-mattarellum-1993-corrected,CAMPANIA 2,20,CICERALE,whole,,297,CICERALE,1.0
camera-mattarellum-1993-corrected,CAMPANIA 2,20,CONTRONE,whole,,297,CUNTRONE,0.875
camera-mattarellum-1993-corrected,CAMPANIA 2,20,EBOLI,whole,,297,EBOLI,1.0
camera-mattarellum-1993-corrected,CAMPANIA 2,20,GIUNGANO,whole,,297,GIUNGANO,1.0
camera-mattarellum-1993-corrected,CAMPANIA 2,20,LAUREANA CILENTO,whole,,297,LAUREANA CILENTO,1.0
camera-mattarellum-1993-corrected,CAMPANIA 2,20,LUSTRA,whole,,297,LUSTRA,1.0
camera-mattarellum-1993-corrected,CAMPANIA 2,20,OGLIASTRO CILENTO,whole,,297,OGLIASTRO CILENTO,1.0
camera-mattarellum-1993-corrected,CAMPANIA 2,20,POSTIGLIONE,whole,,297,POSTIGLIONE,1.0
camera-mattarellum-1993-corrected,CAMPANIA 2,20,PRIGNANO CILENTO,whole,,297,PRIGNANO CILENTO,1.0
camera-mattarellum-1993-corrected,CAMPANIA 2,20,RUTINO,whole,,297,RUTINO,1.0
camera-mattarellum-1993-corrected,CAMPANIA 2,20,SERRE,whole,,297,SERRE,1.0
camera-mattarellum-1993-corrected,CAMPANIA 2,20,TORCHIARA,whole,,297,TORCHIARA,1.0
camera-mattarellum-1993-corrected,CAMPANIA 2,20,TRENTINARA,whole,,297,TRENTINARA,1.0
camera-mattarellum-1993-corrected,CAMPANIA 2,21,AQUARA,whole,,297,AQUARA,1.0
camera-mattarellum-1993-corrected,CAMPANIA 2,21,ATENA LUCANA,whole,,297,ATENA LUCANA,1.0
camera-mattarellum-1993-corrected,CAMPANIA 2,21,AULETTA,whole,,297,AULETFTA,0.875
camera-mattarellum-1993-corrected,CAMPANIA 2,21,BELLOSGUARDO,whole,,297,BELLOSGUARDO,1.0
camera-mattarellum-1993-corrected,CAMPANIA 2,21,BUCCINO,whole,,297,BUCCINO,1.0
camera-mattarellum-1993-corrected,CAMPANIA 2,21,BUONABITACOLO,whole,,297,BUONABITACOLO,1.0
camera-mattarellum-1993-corrected,CAMPANIA 2,21,CAGGIANO,whole,,297,CAGGIANO,1.0
camera-mattarellum-1993-corrected,CAMPANIA 2,21,CASALBUONO,whole,,297,CASAL BUONO,1.0
camera-mattarellum-1993-corrected,CAMPANIA 2,21,CASTELNUOVO DI CONZA,whole,,297,CASTELNUOVO DI CONZA,1.0
camera-mattarellum-1993-corrected,CAMPANIA 2,21,CASTEL SAN LORENZO,whole,,297,CASTEL SAN LORENZO,1.0
camera-mattarellum-1993-corrected,CAMPANIA 2,21,COLLIANO,whole,,297,COLLIANO,1.0
camera-mattarellum-1993-corrected,CAMPANIA 2,21,CONTURSI TERME,whole,,297,CONTURSI TERME,1.0
camera-mattarellum-1993-corrected,CAMPANIA 2,21,CORLETO MONFORTE,whole,,297,CORLETO MONFORTE,1.0
camera-mattarellum-1993-corrected,CAMPANIA 2,21,LAVIANO,whole,,297,LAVIANO,1.0
camera-mattarellum-1993-corrected,CAMPANIA 2,21,MONTE SAN GIACOMO,whole,,297,HONTE SAN GIACOMO,1.0
camera-mattarellum-1993-corrected,CAMPANIA 2,21,MONTESANO SULLA MARCELLANA,whole,,297,MONTESANO SULLA MARCELLANA,1.0
camera-mattarellum-1993-corrected,CAMPANIA 2,21,OLIVETO CITRA,whole,,297,OLIVETO CITRA,1.0
camera-mattarellum-1993-corrected,CAMPANIA 2,21,OTTATI,whole,,297,UTTATI,0.833
camera-mattarellum-1993-corrected,CAMPANIA 2,21,PADULA,whole,,297,PADULA,1.0
camera-mattarellum-1993-corrected,CAMPANIA 2,21,PALOMONTE,whole,,297,PAL OMONTE,1.0
camera-mattarellum-1993-corrected,CAMPANIA 2,21,PERTOSA,whole,,297,PERTOSA,1.0
camera-mattarellum-1993-corrected,CAMPANIA 2,21,PETINA,whole,,297,PETINA,1.0
camera-mattarellum-1993-corrected,CAMPANIA 2,21,POLLA,whole,,297,POLLA,1.0
camera-mattarellum-1993-corrected,CAMPANIA 2,21,RICIGLIANO,whole,,297,RICIGLIANO,1.0
camera-mattarellum-1993-corrected,CAMPANIA 2,21,ROCCADASPIDE,whole,,297,ROCCADASP IDE,1.0
camera-mattarellum-1993-corrected,CAMPANIA 2,21,ROMAGNANO AL MONTE,whole,,297,ROMAGNANO AL MONTE,1.0
camera-mattarellum-1993-corrected,CAMPANIA 2,21,ROSCIGNO,whole,,297,ROSCIGNO,1.0
camera-mattarellum-1993-corrected,CAMPANIA 2,21,SACCO,whole,,297,SACCO,1.0
camera-mattarellum-1993-corrected,CAMPANIA 2,21,SALA CONSILINA,whole,,297,SALA CUONSILINA,0.929
camera-mattarellum-1993-corrected,CAMPANIA 2,21,SALVITELLE,whole,,297,SALVITELLE,1.0
camera-mattarellum-1993-corrected,CAMPANIA 2,21,SAN GREGORIO MAGNO,whole,,297,SAN GREGORIO MAGNO,1.0
camera-mattarellum-1993-corrected,CAMPANIA 2,21,SAN PIETRO AL TANAGRO,whole,,297,SAN PIETRO AL TANAGRO,1.0
camera-mattarellum-1993-corrected,CAMPANIA 2,21,SAN RUFO,whole,,297,SAN RUFO,1.0
camera-mattarellum-1993-corrected,CAMPANIA 2,21,SANT'ANGELO A FASANELLA,whole,,297,SANT'ANGELO A FASANELLA,1.0
camera-mattarellum-1993-corrected,CAMPANIA 2,21,SANT'ARSENIO,whole,,297,SANT*ARSENI1O,0.917
camera-mattarellum-1993-corrected,CAMPANIA 2,21,SANTOMENNA,whole,,297,SANTOMENNA,1.0
camera-mattarellum-1993-corrected,CAMPANIA 2,21,SANZA,whole,,297,SANZA,1.0
camera-mattarellum-1993-corrected,CAMPANIA 2,21,SASSANO,whole,,297,SASSANO,1.0
camera-mattarellum-1993-corrected,CAMPANIA 2,21,SICIGNANO DEGLI ALBURNI,whole,,297,SICIGNANO DEGLI ALBURNI,1.0
camera-mattarellum-1993-corrected,CAMPANIA 2,21,TEGGIANO,whole,,298,TEGGIANO,1.0
camera-mattarellum-1993-corrected,CAMPANIA 2,21,VALVA,whole,,298,VALVA,1.0
camera-mattarellum-1993-corrected,CAMPANIA 2,22,ALFANO,whole,,298,ALFANO,1.0
camera-mattarellum-1993-corrected,CAMPANIA 2,22,ASCEA,whole,,298,ASCEA,1.0
camera-mattarellum-1993-corrected,CAMPANIA 2,22,CAMEROTA,whole,,298,CAMEROTA,1.0
camera-mattarellum-1993-corrected,CAMPANIA 2,22,CAMPORA,whole,,298,CAMPORA,1.0
camera-mattarellum-1993-corrected,CAMPANIA 2,22,CANNALONGA,whole,,298,CANNALONGA,1.0
camera-mattarellum-1993-corrected,CAMPANIA 2,22,CASALETTO SPARTANO,whole,,298,CASALETTO SPARTANO,1.0
camera-mattarellum-1993-corrected,CAMPANIA 2,22,CASAL VELINO,whole,,298,CASAL VELINO,1.0
camera-mattarellum-1993-corrected,CAMPANIA 2,22,CASELLE IN PITTARI,whole,,298,CASELLE IN PITTARI,1.0
camera-mattarellum-1993-corrected,CAMPANIA 2,22,CASTELLABATE,whole,,298,CASTELLABATE,1.0
camera-mattarellum-1993-corrected,CAMPANIA 2,22,CASTELNUOVO CILENTO,whole,,298,CASTELNUOVO CILENTO,1.0
camera-mattarellum-1993-corrected,CAMPANIA 2,22,CELLE DI BULGHERIA,whole,,298,CELLE 01 BULGHERIA,0.938
camera-mattarellum-1993-corrected,CAMPANIA 2,22,CENTOLA,whole,,298,CENTOLA,1.0
camera-mattarellum-1993-corrected,CAMPANIA 2,22,CERASO,whole,,298,CERASO,1.0
camera-mattarellum-1993-corrected,CAMPANIA 2,22,CUCCARO VETERE,whole,,298,CUCCARO VETERE,1.0
camera-mattarellum-1993-corrected,CAMPANIA 2,22,FELITTO,whole,,298,FELITTO,1.0
camera-mattarellum-1993-corrected,CAMPANIA 2,22,FUTANI,whole,,298,FUTANI,1.0
camera-mattarellum-1993-corrected,CAMPANIA 2,22,GIOI,whole,,298,GIOI,1.0
camera-mattarellum-1993-corrected,CAMPANIA 2,22,ISPANI,whole,,298,ISPANI,1.0
camera-mattarellum-1993-corrected,CAMPANIA 2,22,LAURINO,whole,,298,LAURINO,1.0
camera-mattarellum-1993-corrected,CAMPANIA 2,22,LAURITO,whole,,298,LAURITO,1.0
camera-mattarellum-1993-corrected,CAMPANIA 2,22,MAGLIANO VETERE,whole,,298,MAGLIANO VETERE,1.0
camera-mattarellum-1993-corrected,CAMPANIA 2,22,MOIO DELLA CIVITELLA,whole,,298,HOIO DELLA CIVITELLA,1.0
camera-mattarellum-1993-corrected,CAMPANIA 2,22,MONTANO ANTILIA,whole,,298,MONTANO ANTILIA,1.0
camera-mattarellum-1993-corrected,CAMPANIA 2,22,MONTECORICE,whole,,298,HONTECORICE,1.0
camera-mattarellum-1993-corrected,CAMPANIA 2,22,MONTEFORTE CILENTO,whole,,298,MONTEFORTE CILENTO,1.0
camera-mattarellum-1993-corrected,CAMPANIA 2,22,MORIGERATI,whole,,298,MOR IGERATI,1.0
camera-mattarellum-1993-corrected,CAMPANIA 2,22,NOVI VELIA,whole,,298,NQVI VELIA,0.889
camera-mattarellum-1993-corrected,CAMPANIA 2,22,OMIGNANO,whole,,298,ONIGNAND,0.75
camera-mattarellum-1993-corrected,CAMPANIA 2,22,ORRIA,whole,,298,ORRIA,1.0
camera-mattarellum-1993-corrected,CAMPANIA 2,22,PERDIFUMO,whole,,298,PERDIFUNMO,0.9
camera-mattarellum-1993-corrected,CAMPANIA 2,22,PERITO,whole,,298,PERITO,1.0
camera-mattarellum-1993-corrected,CAMPANIA 2,22,PIAGGINE,whole,,298,PIAGGINE,1.0
camera-mattarellum-1993-corrected,CAMPANIA 2,22,PISCIOTTA,whole,,298,PISCIOTTA,1.0
camera-mattarellum-1993-corrected,CAMPANIA 2,22,POLLICA,whole,,298,POLLICTA,0.875
camera-mattarellum-1993-corrected,CAMPANIA 2,22,ROCCAGLORIOSA,whole,,298,ROCCAGLORIOSA,1.0
camera-mattarellum-1993-corrected,CAMPANIA 2,22,ROFRANO,whole,,298,ROFRANO,1.0
camera-mattarellum-1993-corrected,CAMPANIA 2,22,SALENTO,whole,,298,SALENTO,1.0
camera-mattarellum-1993-corrected,CAMPANIA 2,22,SAN GIOVANNI A PIRO,whole,,298,SAN GIOVANNI A PIRO,1.0
camera-mattarellum-1993-corrected,CAMPANIA 2,22,SAN MAURO CILENTO,whole,,298,SAN MAURO CILENTO,1.0
camera-mattarellum-1993-corrected,CAMPANIA 2,22,SAN MAURO LA BRUCA,whole,,298,SAN MAURO LA BRUCA,1.0
camera-mattarellum-1993-corrected,CAMPANIA 2,22,SANTA MARINA,whole,,298,SANTA MARINA,1.0
camera-mattarellum-1993-corrected,CAMPANIA 2,22,SAPRI,whole,,298,SAPRI,1.0
camera-mattarellum-1993-corrected,CAMPANIA 2,22,SERRAMEZZANA,whole,,298,SERRAMEZZANA,1.0
camera-mattarellum-1993-corrected,CAMPANIA 2,22,SESSA CILENTO,whole,,298,SESSA CILENTO,1.0
camera-mattarellum-1993-corrected,CAMPANIA 2,22,STELLA CILENTO,whole,,298,STELLA CILENTO,1.0
camera-mattarellum-1993-corrected,CAMPANIA 2,22,STIO,whole,,298,STIO,1.0
camera-mattarellum-1993-corrected,CAMPANIA 2,22,TORRACA,whole,,298,TORRACA,1.0
camera-mattarellum-1993-corrected,CAMPANIA 2,22,TORRE ORSAIA,whole,,298,TORRE ORSAIA,1.0
camera-mattarellum-1993-corrected,CAMPANIA 2,22,TORTORELLA,whole,,298,TORTORELLA,1.0
camera-mattarellum-1993-corrected,CAMPANIA 2,22,VALLE DELL'ANGELO,whole,,298,VALLE DELL'ANGELO,1.0
camera-mattarellum-1993-corrected,CAMPANIA 2,22,VALLO DELLA LUCANIA,whole,,298,VALLO DELLA LUCANIA,1.0
camera-mattarellum-1993-corrected,CAMPANIA 2,22,VIBONATI,whole,,298,VIBONATI,1.0
camera-mattarellum-1993-corrected,PUGLIA,1,APRICENA,whole,,299,APRICENA,1.0
camera-mattarellum-1993-corrected,PUGLIA,1,CHIEUTI,whole,,299,CHIEUTI,1.0
camera-mattarellum-1993-corrected,PUGLIA,1,LESINA,whole,,299,LESINA,1.0
camera-mattarellum-1993-corrected,PUGLIA,1,POGGIO IMPERIALE,whole,,299,POGGIU IMPERIALE,0.933
camera-mattarellum-1993-corrected,PUGLIA,1,SAN PAOLO DI CIVITATE,whole,,299,SAN PAOLO DI CIVITATE,1.0
camera-mattarellum-1993-corrected,PUGLIA,1,SAN SEVERO,whole,,299,SAN SEVERO,1.0
camera-mattarellum-1993-corrected,PUGLIA,1,SERRACAPRIOLA,whole,,299,SERRACAPFPRIOLA,0.867
camera-mattarellum-1993-corrected,PUGLIA,1,TORREMAGGIORE,whole,,299,TORREMAGGIORE,1.0
camera-mattarellum-1993-corrected,PUGLIA,2,CAGNANO VARANO,whole,,299,CAGNANO VARANO,1.0
camera-mattarellum-1993-corrected,PUGLIA,2,CARPINO,whole,,299,CARPINO,1.0
camera-mattarellum-1993-corrected,PUGLIA,2,ISCHITELLA,whole,,299,I1SCHITELLA,0.909
camera-mattarellum-1993-corrected,PUGLIA,2,PESCHICI,whole,,299,PESCHICI,1.0
camera-mattarellum-1993-corrected,PUGLIA,2,RIGNANO GARGANICO,whole,,299,RIGNANO GARSANICO,0.938
camera-mattarellum-1993-corrected,PUGLIA,2,RODI GARGANICO,whole,,299,RODI GARGANICO,1.0
camera-mattarellum-1993-corrected,PUGLIA,2,SAN GIOVANNI ROTONDO,whole,,299,SAN SIOVANNI ROTONDO,0.944
camera-mattarellum-1993-corrected,PUGLIA,2,SAN MARCO IN LAMIS,whole,,299,SAN MARCU IN LAMIS,0.933
camera-mattarellum-1993-corrected,PUGLIA,2,SANNICANDRO GARGANICO,whole,,299,SANNICANDRO GARGANICO,1.0
camera-mattarellum-1993-corrected,PUGLIA,2,VICO DEL GARGANO,whole,,299,VICO DEL GARGANO,1.0
camera-mattarellum-1993-corrected,PUGLIA,2,VIESTE,whole,,299,VIESTE,1.0
camera-mattarellum-1993-corrected,PUGLIA,3,ALBERONA,whole,,299,ALBERONA,1.0
camera-mattarellum-1993-corrected,PUGLIA,3,BICCARI,whole,,299,BICCARI,1.0
camera-mattarellum-1993-corrected,PUGLIA,3,BOVINO,whole,,299,BOVINO,1.0
camera-mattarellum-1993-corrected,PUGLIA,3,CARLANTINO,whole,,299,CARLANTINO,1.0
camera-mattarellum-1993-corrected,PUGLIA,3,CASALNUOVO MONTEROTARO,whole,,299,CASALNUOVO HONTEROTARO,1.0
camera-mattarellum-1993-corrected,PUGLIA,3,CASALVECCHIO DI PUGLIA,whole,,299,CASALVECCHIO DI PUGLIA,1.0
camera-mattarellum-1993-corrected,PUGLIA,3,CASTELLUCCIO VALMAGGIORE,whole,,299,CASTELLUCCIO VALMAGGIORE,1.0
camera-mattarellum-1993-corrected,PUGLIA,3,CASTELNUOVO DELLA DAUNIA,whole,,299,CASTELNUOVO DELLA DAUNIA,1.0
camera-mattarellum-1993-corrected,PUGLIA,3,CELENZA VALFORTORE,whole,,299,CELENZA VALFURTORE,0.941
camera-mattarellum-1993-corrected,PUGLIA,3,CELLE DI SAN VITO,whole,,299,CELLE DI SAN VITO,1.0
camera-mattarellum-1993-corrected,PUGLIA,3,FAETO,whole,,299,FAETO,1.0
camera-mattarellum-1993-corrected,PUGLIA,3,FOGGIA,zone,RIONE DEI PRETI,299,€ FG-RIONE DEI PRETI 2,1.0
camera-mattarellum-1993-corrected,PUGLIA,3,LUCERA,whole,,299,LUCERA,1.0
camera-mattarellum-1993-corrected,PUGLIA,3,MOTTA MONTECORVINO,whole,,299,MOTTA MONTECORVINO,1.0
camera-mattarellum-1993-corrected,PUGLIA,3,ORSARA DI PUGLIA,whole,,299,ORSARA DI PUGLIA,1.0
camera-mattarellum-1993-corrected,PUGLIA,3,PANNI,whole,,299,PANNI,1.0
camera-mattarellum-1993-corrected,PUGLIA,3,PIETRAMONTECORVINO,whole,,299,PIETRAMONTECORVINO,1.0
camera-mattarellum-1993-corrected,PUGLIA,3,ROSETO VALFORTORE,whole,,299,ROSETO VALFORTORE,1.0
camera-mattarellum-1993-corrected,PUGLIA,3,SAN MARCO LA CATOLA,whole,,299,SAN MARCO LA CATOLA,1.0
camera-mattarellum-1993-corrected,PUGLIA,3,TROIA,whole,,299,TROIA,1.0
camera-mattarellum-1993-corrected,PUGLIA,3,VOLTURARA APPULA,whole,,299,VOLTURARA APPULA,1.0
camera-mattarellum-1993-corrected,PUGLIA,3,VOLTURINO,whole,,299,VOLTURINO,1.0
camera-mattarellum-1993-corrected,PUGLIA,4,FOGGIA,zone,CATTEDRALE,299,{ FG-CATTEDRALE ),1.0
camera-mattarellum-1993-corrected,PUGLIA,4,FOGGIA,zone,CENTRALE,299,{ FG-CENTRALE ),1.0
camera-mattarellum-1993-corrected,PUGLIA,4,FOGGIA,zone,FERROVIA,299,{ FG-FERROVIA ),1.0
camera-mattarellum-1993-corrected,PUGLIA,4,FOGGIA,zone,PUGLIE,299,{ FG-PUGLIE >,1.0
camera-mattarellum-1993-corrected,PUGLIA,4,FOGGIA,zone,MAZZINI,299,€ FG-MAZZINI ),1.0
camera-mattarellum-1993-corrected,PUGLIA,4,FOGGIA,zone,FG&-CL.E.P,299,( FG&-CL.E.P. ),1.0
camera-mattarellum-1993-corrected,PUGLIA,4,FOGGIA,zone,INCORONATA,299,€ FG-INCORONATA ),1.0
camera-mattarellum-1993-corrected,PUGLIA,5,ACCADIA,whole,,299,ACCADIA,1.0
camera-mattarellum-1993-corrected,PUGLIA,5,ANZANO DI PUGLIA,whole,,299,ANZANO DI PUGLIA,1.0
camera-mattarellum-1993-corrected,PUGLIA,5,ASCOLI SATRIANO,whole,,299,ASCOLI SATRIANO,1.0
camera-mattarellum-1993-corrected,PUGLIA,5,CANDELA,whole,,300,CANDELA,1.0
camera-mattarellum-1993-corrected,PUGLIA,5,CARAPELLE,whole,,300,CARAPELLE,1.0
camera-mattarellum-1993-corrected,PUGLIA,5,CASTELLUCCIO DEI SAURI,whole,,300,CASTELLUCCIO DEI SAURI,1.0
camera-mattarellum-1993-corrected,PUGLIA,5,CERIGNOLA,whole,,300,CERITIGNOLA,0.818
camera-mattarellum-1993-corrected,PUGLIA,5,DELICETO,whole,,300,DEL ICETO,1.0
camera-mattarellum-1993-corrected,PUGLIA,5,MONTELEONE DI PUGLIA,whole,,300,MONTELEONE DI PUGLIA,1.0
camera-mattarellum-1993-corrected,PUGLIA,5,ORTA NOVA,whole,,300,ORTA NOVA,1.0
camera-mattarellum-1993-corrected,PUGLIA,5,ROCCHETTA SANT'ANTONIO,whole,,300,ROCCHETTA SANT'ANTONIO,1.0
camera-mattarellum-1993-corrected,PUGLIA,5,SANT'AGATA DI PUGLIA,whole,,300,SANT'AGATA DI PUGLIA,1.0
camera-mattarellum-1993-corrected,PUGLIA,5,STORNARA,whole,,300,STORNARA,1.0
camera-mattarellum-1993-corrected,PUGLIA,5,STORNARELLA,whole,,300,STORNARELLA,1.0
camera-mattarellum-1993-corrected,PUGLIA,5,ORDONA,whole,,300,ORDONA,1.0
camera-mattarellum-1993-corrected,PUGLIA,6,ISOLE TREMITI,whole,,300,ISOLE TREMITI,1.0
camera-mattarellum-1993-corrected,PUGLIA,6,MANFREDONIA,whole,,300,MANFREDONIA,1.0
camera-mattarellum-1993-corrected,PUGLIA,6,MARGHERITA DI SAVOIA,whole,,300,MARGHERITA DI SAVOIA,1.0
camera-mattarellum-1993-corrected,PUGLIA,6,MATTINATA,whole,,300,MATTINATA,1.0
camera-mattarellum-1993-corrected,PUGLIA,6,MONTE SANT'ANGELO,whole,,300,MONTE SANT'ANGELO,1.0
camera-mattarellum-1993-corrected,PUGLIA,6,SAN FERDINANDO DI PUGLIA,whole,,300,SAN FERDINANDO DI PUGLIA,1.0
camera-mattarellum-1993-corrected,PUGLIA,6,TRINITAPOLI,whole,,300,TRINITAPOLI,1.0
camera-mattarellum-1993-corrected,PUGLIA,6,ZAPPONETA,whole,,300,ZAPPONE TA,1.0
camera-mattarellum-1993-corrected,PUGLIA,7,LECCE,whole,,300,LECCE,1.0
camera-mattarellum-1993-corrected,PUGLIA,7,SAN CESARIO DI LECCE,whole,,300,SAN CESARIO DI LECCE,1.0
camera-mattarellum-1993-corrected,PUGLIA,7,SURBO,whole,,300,SURBO,1.0
camera-mattarellum-1993-corrected,PUGLIA,8,ARNESANO,whole,,300,ARNE SANO,1.0
camera-mattarellum-1993-corrected,PUGLIA,8,CAMPI SALENTINA,whole,,300,CAMPI SALENTINA,1.0
camera-mattarellum-1993-corrected,PUGLIA,8,CARMIANO,whole,,300,CARMIANO,1.0
camera-mattarellum-1993-corrected,PUGLIA,8,GUAGNANO,whole,,300,GUAGNANO,1.0
camera-mattarellum-1993-corrected,PUGLIA,8,LEQUILE,whole,,300,LEQUILE,1.0
camera-mattarellum-1993-corrected,PUGLIA,8,MONTERONI DI LECCE,whole,,300,MONTERONI DI LECCE,1.0
camera-mattarellum-1993-corrected,PUGLIA,8,,whole,,300,NUVvVOLÎ,0.429
camera-mattarellum-1993-corrected,PUGLIA,8,SALICE SALENTINO,whole,,300,SALICE SALENTINO,1.0
camera-mattarellum-1993-corrected,PUGLIA,8,SAN PIETRO IN LAMA,whole,,300,SAN PIETRO IN LAMA,1.0
camera-mattarellum-1993-corrected,PUGLIA,8,SQUINZANO,whole,,300,SQUINZANO,1.0
camera-mattarellum-1993-corrected,PUGLIA,8,TREPUZZI,whole,,300,TREPUZZI,1.0
camera-mattarellum-1993-corrected,PUGLIA,8,VEGLIE,whole,,300,VEGLIE,1.0
camera-mattarellum-1993-corrected,PUGLIA,9,ACQUARICA DEL CAPO,whole,,300,ACQUARICA DEL CAPO,1.0
camera-mattarellum-1993-corrected,PUGLIA,9,ALESSANO,whole,,300,ALESSANO,1.0
camera-mattarellum-1993-corrected,PUGLIA,9,ANDRANO,whole,,300,ANDRANO,1.0
camera-mattarellum-1993-corrected,PUGLIA,9,CASTRIGNANO DEL CAPO,whole,,300,CASTRIGNANO DEL CAPO,1.0
camera-mattarellum-1993-corrected,PUGLIA,9,CORSANO,whole,,300,CORSANO,1.0
camera-mattarellum-1993-corrected,PUGLIA,9,GAGLIANO DEL CAPO,whole,,300,GAGL TANO DEL CAPO,0.933
camera-mattarellum-1993-corrected,PUGLIA,9,MIGGIANO,whole,,300,HISGIANO,0.875
camera-mattarellum-1993-corrected,PUGLIA,9,MONTESANO SALENTINO,whole,,300,MONTESANO SALENTINO,1.0
camera-mattarellum-1993-corrected,PUGLIA,9,MORCIANO DI LEUCA,whole,,300,HORCIANG DI LEUCA,0.933
camera-mattarellum-1993-corrected,PUGLIA,9,PATU',whole,,300,PATY',0.75
camera-mattarellum-1993-corrected,PUGLIA,9,PRESICCE,whole,,300,PRESICCE,1.0
camera-mattarellum-1993-corrected,PUGLIA,9,RUFFANO,whole,,300,RUFF ANG,0.857
camera-mattarellum-1993-corrected,PUGLIA,9,SALVE,whole,,300,SALVE,1.0
camera-mattarellum-1993-corrected,PUGLIA,9,SPECCHIA,whole,,300,SPECCHIA,1.0
camera-mattarellum-1993-corrected,PUGLIA,9,TAURISANO,whole,,300,TAURISANO,1.0
camera-mattarellum-1993-corrected,PUGLIA,9,TIGGIANO,whole,,300,TIGGIANO,1.0
camera-mattarellum-1993-corrected,PUGLIA,9,TRICASE,whole,,300,TRICASE,1.0
camera-mattarellum-1993-corrected,PUGLIA,9,UGENTO,whole,,300,UGENTO,1.0
camera-mattarellum-1993-corrected,PUGLIA,10,BAGNOLO DEL SALENTO,whole,,300,BAGNOLO DEL SALENTO,1.0
camera-mattarellum-1993-corrected,PUGLIA,10,BOTRUGNO,whole,,300,BOTRUGNO,1.0
camera-mattarellum-1993-corrected,PUGLIA,10,CANNOLE,whole,,301,CANNOLE,1.0
camera-mattarellum-1993-corrected,PUGLIA,10,CARPIGNANO SALENTINO,whole,,301,CARPIGNANO SALENTINO,1.0
camera-mattarellum-1993-corrected,PUGLIA,10,CURSI,whole,,301,CURSI,1.0
camera-mattarellum-1993-corrected,PUGLIA,10,GIUGGIANELLO,whole,,301,GIUGGIANELLO,1.0
camera-mattarellum-1993-corrected,PUGLIA,10,GIURDIGNANO,whole,,301,GIURDIGNANO,1.0
camera-mattarellum-1993-corrected,PUGLIA,10,MAGLIE,whole,,301,MAGLIE,1.0
camera-mattarellum-1993-corrected,PUGLIA,10,MARTANO,whole,,301,HARTANO,1.0
camera-mattarellum-1993-corrected,PUGLIA,10,MELENDUGNO,whole,,301,MELENDUGNO,1.0
camera-mattarellum-1993-corrected,PUGLIA,10,MELPIGNANO,whole,,301,MELPIGNANO,1.0
camera-mattarellum-1993-corrected,PUGLIA,10,MINERVINO DI LECCE,whole,,301,MINERVINO DI LECCE,1.0
camera-mattarellum-1993-corrected,PUGLIA,10,MURO LECCESE,whole,,301,MURO LECCESE,1.0
camera-mattarellum-1993-corrected,PUGLIA,10,NOCIGLIA,whole,,301,NOCIGLIA,1.0
camera-mattarellum-1993-corrected,PUGLIA,10,ORTELLE,whole,,301,ORTELLE,1.0
camera-mattarellum-1993-corrected,PUGLIA,10,OTRANTO,whole,,301,UTRANTO,0.857
camera-mattarellum-1993-corrected,PUGLIA,10,PALMARIGGI,whole,,301,PALMARIGGI,1.0
camera-mattarellum-1993-corrected,PUGLIA,10,POGGIARDO,whole,,301,POGGIARDO,1.0
camera-mattarellum-1993-corrected,PUGLIA,10,SANARICA,whole,,301,SANARICA,1.0
camera-mattarellum-1993-corrected,PUGLIA,10,SANTA CESAREA TERME,whole,,301,SANTA CESAREA TERME,1.0
camera-mattarellum-1993-corrected,PUGLIA,10,SCORRANO,whole,,301,SCORRANO,1.0
camera-mattarellum-1993-corrected,PUGLIA,10,SPONGANO,whole,,301,SPONGANO,1.0
camera-mattarellum-1993-corrected,PUGLIA,10,SURANO,whole,,301,SURANO,1.0
camera-mattarellum-1993-corrected,PUGLIA,10,UGGIANO LA CHIESA,whole,,301,UGGIANO LA CHIESA,1.0
camera-mattarellum-1993-corrected,PUGLIA,10,VERNOLE,whole,,301,VERNOLE,1.0
camera-mattarellum-1993-corrected,PUGLIA,10,SAN CASSIANO,whole,,301,SAN CASSIANO,1.0
camera-mattarellum-1993-corrected,PUGLIA,10,CASTRO,whole,,301,CASTRO,1.0
camera-mattarellum-1993-corrected,PUGLIA,11,ALEZIO,whole,,301,ALEZIO,1.0
camera-mattarellum-1993-corrected,PUGLIA,11,ALLISTE,whole,,301,ALLISTE,1.0
camera-mattarellum-1993-corrected,PUGLIA,11,CASARANO,whole,,301,CASARANO,1.0
camera-mattarellum-1993-corrected,PUGLIA,11,GALLIPOLI,whole,,301,GALLIPOLI,1.0
camera-mattarellum-1993-corrected,PUGLIA,11,MATINO,whole,,301,MATTINO,0.857
camera-mattarellum-1993-corrected,PUGLIA,11,MELISSANO,whole,,301,MEL ITSSANO,0.9
camera-mattarellum-1993-corrected,PUGLIA,11,PARABITA,whole,,301,PARABITA,1.0
camera-mattarellum-1993-corrected,PUGLIA,11,RACALE,whole,,301,RACALE,1.0
camera-mattarellum-1993-corrected,PUGLIA,11,SUPERSANO,whole,,301,SUPERSANO,1.0
camera-mattarellum-1993-corrected,PUGLIA,11,TAVIANO,whole,,301,TAVIANO,1.0
camera-mattarellum-1993-corrected,PUGLIA,11,TUGLIE,whole,,301,TUGLIE,1.0
camera-mattarellum-1993-corrected,PUGLIA,12,COLLEPASSO,whole,,301,COLLEPASSO,1.0
camera-mattarellum-1993-corrected,PUGLIA,12,COPERTINO,whole,,301,COPERTINO,1.0
camera-mattarellum-1993-corrected,PUGLIA,12,GALATONE,whole,,301,GAL ATONE,1.0
camera-mattarellum-1993-corrected,PUGLIA,12,LEVERANO,whole,,301,LEVERANO,1.0
camera-mattarellum-1993-corrected,PUGLIA,12,NARDO',whole,,301,NARDO?,1.0
camera-mattarellum-1993-corrected,PUGLIA,12,NEVIANO,whole,,301,NEVIANO,1.0
camera-mattarellum-1993-corrected,PUGLIA,12,SANNICOLA,whole,,301,SANNICOLA,1.0
camera-mattarellum-1993-corrected,PUGLIA,12,SECLI',whole,,301,SECLI?,1.0
camera-mattarellum-1993-corrected,PUGLIA,12,PORTO CESAREO,whole,,301,PORTO CESAREO,1.0
camera-mattarellum-1993-corrected,PUGLIA,13,ARADEO,whole,,301,ARADEO,1.0
camera-mattarellum-1993-corrected,PUGLIA,13,CALIMERA,whole,,301,CALIMERA,1.0
camera-mattarellum-1993-corrected,PUGLIA,13,CAPRARICA DI LECCE,whole,,301,CAPRARICA DI LECCE,1.0
camera-mattarellum-1993-corrected,PUGLIA,13,CASTRI DI LECCE,whole,,301,CASTRI DI LECCE,1.0
camera-mattarellum-1993-corrected,PUGLIA,13,CASTRIGNANO DE' GRECI,whole,,301,CASTRIGNANO DE' GRECI,1.0
camera-mattarellum-1993-corrected,PUGLIA,13,CAVALLINO,whole,,301,CAVALLINO,1.0
camera-mattarellum-1993-corrected,PUGLIA,13,CORIGLIANO D'OTRANTO,whole,,301,CORIGLIANO D'OTRANTO,1.0
camera-mattarellum-1993-corrected,PUGLIA,13,CUTROFIANO,whole,,301,CUTROF TANO,0.9
camera-mattarellum-1993-corrected,PUGLIA,13,GALATINA,whole,,301,GALATINA,1.0
camera-mattarellum-1993-corrected,PUGLIA,13,LIZZANELLO,whole,,301,LIZZANELLO,1.0
camera-mattarellum-1993-corrected,PUGLIA,13,MARTIGNANO,whole,,301,MARTIGNANO,1.0
camera-mattarellum-1993-corrected,PUGLIA,13,SAN DONATO DI LECCE,whole,,301,SAN DONATO DI LECCE,1.0
camera-mattarellum-1993-corrected,PUGLIA,13,SOGLIANO CAVOUR,whole,,301,SOGLIANO CAVOUR,1.0
camera-mattarellum-1993-corrected,PUGLIA,13,SOLETO,whole,,302,SOLETO,1.0
camera-mattarellum-1993-corrected,PUGLIA,13,STERNATIA,whole,,302,STERNATIA,1.0
camera-mattarellum-1993-corrected,PUGLIA,13,ZOLLINO,whole,,302,ZOLLINO,1.0
camera-mattarellum-1993-corrected,PUGLIA,14,STATTE,whole,,302,-STATTE,1.0
camera-mattarellum-1993-corrected,PUGLIA,14,TARANTO,zone,PAOLO VI,302,( TA-PAOLO VI ),1.0
camera-mattarellum-1993-corrected,PUGLIA,14,TARANTO,zone,TAMBURI-CROCE,302,( TA-TAMBURI-CROCE 2,1.0
camera-mattarellum-1993-corrected,PUGLIA,14,TARANTO,zone,ISOLA-PORTA NAPOLI,302,{ TA-ISOLA-PORTA NAPOLI ),1.0
camera-mattarellum-1993-corrected,PUGLIA,14,TARANTO,zone,SOLITO-CORVISEA à,302,{( TA-SOLITO-CORVISEA à,1.0
camera-mattarellum-1993-corrected,PUGLIA,14,TARANTO,zone,TALSANO-PALUMBO-S.D,302,{ TA-TALSANO-PALUMBO-S.D ),1.0
camera-mattarellum-1993-corrected,PUGLIA,14,TARANTO,zone,LAMA-S.VITO-CARELLI,302,{ TA-LAMA-S.VITO-CARELLI >,1.0
camera-mattarellum-1993-corrected,PUGLIA,14,TARANTO,zone,IS.AMMINISTRATIVE E,302,{ TA-IS.AMMINISTRATIVE E ),1.0
camera-mattarellum-1993-corrected,PUGLIA,15,TARANTO,zone,B80RGO,302,{( TA-B80RGO ),1.0
camera-mattarellum-1993-corrected,PUGLIA,15,TARANTO,zone,ITALIA-MONTE GRANAR,302,( TA-ITALIA-MONTE GRANAR ),1.0
camera-mattarellum-1993-corrected,PUGLIA,15,TARANTO,zone,TRE CARRARE-BATTIST,302,{ TA-TRE CARRARE-BATTIST ),1.0
camera-mattarellum-1993-corrected,PUGLIA,15,TARANTO,zone,SALINELLA,302,( TA-SALINELLA ),1.0
camera-mattarellum-1993-corrected,PUGLIA,16,AVETRANA,whole,,302,AVETRANA,1.0
camera-mattarellum-1993-corrected,PUGLIA,16,FAGGIANO,whole,,302,FAGGIANO,1.0
camera-mattarellum-1993-corrected,PUGLIA,16,FRAGAGNANO,whole,,302,FRAGAGNANO,1.0
camera-mattarellum-1993-corrected,PUGLIA,16,LEPORANO,whole,,302,LEPORANO,1.0
camera-mattarellum-1993-corrected,PUGLIA,16,LIZZANO,whole,,302,LIZZANO,1.0
camera-mattarellum-1993-corrected,PUGLIA,16,MANDURIA,whole,,302,HMANDURTA,0.778
camera-mattarellum-1993-corrected,PUGLIA,16,MARUGGIO,whole,,302,MARUGGIO,1.0
camera-mattarellum-1993-corrected,PUGLIA,16,PULSANO,whole,,302,PUL SANO,1.0
camera-mattarellum-1993-corrected,PUGLIA,16,SAN MARZANO DI SAN GIUSEPPE,whole,,302,SAN MARZANO DI SAN GIUSEPPE,1.0
camera-mattarellum-1993-corrected,PUGLIA,16,SAVA,whole,,302,SAVA,1.0
camera-mattarellum-1993-corrected,PUGLIA,16,TORRICELLA,whole,,302,TORRICELLA,1.0
camera-mattarellum-1993-corrected,PUGLIA,17,CAROSINO,whole,,302,CAROS TINO,0.889
camera-mattarellum-1993-corrected,PUGLIA,17,CRISPIANO,whole,,302,CRISPIANO,1.0
camera-mattarellum-1993-corrected,PUGLIA,17,GROTTAGLIE,whole,,302,GROTTAGLIE,1.0
camera-mattarellum-1993-corrected,PUGLIA,17,MARTINA FRANCA,whole,,302,MARTINA FRANCA,1.0
camera-mattarellum-1993-corrected,PUGLIA,17,MONTEIASI,whole,,302,MONTE IASI,1.0
camera-mattarellum-1993-corrected,PUGLIA,17,MONTEMESOLA,whole,,302,MONTEMESOLA,1.0
camera-mattarellum-1993-corrected,PUGLIA,17,MONTEPARANO,whole,,302,MONTEPARANO,1.0
camera-mattarellum-1993-corrected,PUGLIA,17,ROCCAFORZATA,whole,,302,ROCCAFORZATA,1.0
camera-mattarellum-1993-corrected,PUGLIA,17,SAN GIORGIO IONICO,whole,,302,SAN GIORGIO IONICO,1.0
camera-mattarellum-1993-corrected,PUGLIA,18,CASTELLANETA,whole,,302,CASTELLANETA,1.0
camera-mattarellum-1993-corrected,PUGLIA,18,GINOSA,whole,,302,GINOSA,1.0
camera-mattarellum-1993-corrected,PUGLIA,18,LATERZA,whole,,302,LATERZA,1.0
camera-mattarellum-1993-corrected,PUGLIA,18,MASSAFRA,whole,,302,MASSAFRA,1.0
camera-mattarellum-1993-corrected,PUGLIA,18,MOTTOLA,whole,,302,MOTTOLA,1.0
camera-mattarellum-1993-corrected,PUGLIA,18,PALAGIANELLO,whole,,302,PALAGIANELLO,1.0
camera-mattarellum-1993-corrected,PUGLIA,18,PALAGIANO,whole,,302,PALAGIANO,1.0
camera-mattarellum-1993-corrected,PUGLIA,19,BARI,zone,PALESE-S.SPIRITO,302,( BA-PALESE-S.SPIRITO ),1.0
camera-mattarellum-1993-corrected,PUGLIA,19,BARI,zone,S.PAOLO-STANIO,302,CU BA-S.PAOLO-STANIO ),1.0
camera-mattarellum-1993-corrected,PUGLIA,19,BARI,zone,CARBONARA-CEGLIE-LO,302,{ BA-CARBONARA-CEGLIE-LO ),1.0
camera-mattarellum-1993-corrected,PUGLIA,19,BARI,zone,S. PASQUALE,302,{ BA-S. PASQUALE 2),1.0
camera-mattarellum-1993-corrected,PUGLIA,20,BARI,zone,PICONE,302,€ BA-PICONE >,1.0
camera-mattarellum-1993-corrected,PUGLIA,20,BARI,zone,LIBERTA' MARCONI,302,{ BA-LIBERTA' MARCONI ),1.0
camera-mattarellum-1993-corrected,PUGLIA,20,BARI,zone,MURAT-S.NICOLA,303,{( BA-MURAT-S.NICOLA 3},1.0
camera-mattarellum-1993-corrected,PUGLIA,20,BARI,zone,POGGIOFRANCO,303,( BA-POGGIOFRANCO ),1.0
camera-mattarellum-1993-corrected,PUGLIA,21,BARI,zone,JAPIGIA-TORRE A MAR,303,( BA-JAPIGIA-TORRE A MAR >),1.0
camera-mattarellum-1993-corrected,PUGLIA,21,BARI,zone,CARRASSI,303,( BA-CARRASSI ),1.0
camera-mattarellum-1993-corrected,PUGLIA,21,BARI,zone,MADONNELLA,303,( BA-MADONNELLA ),1.0
camera-mattarellum-1993-corrected,PUGLIA,21,MOLA DI BARI,whole,,303,MOLA DI BARI,1.0
camera-mattarellum-1993-corrected,PUGLIA,22,BARLETTA,whole,,303,BARLETTA,1.0
camera-mattarellum-1993-corrected,PUGLIA,22,CANOSA DI PUGLIA,whole,,303,CANOSA DI PUGLIA,1.0
camera-mattarellum-1993-corrected,PUGLIA,23,ANDRIA,whole,,303,ANDRIA,1.0
camera-mattarellum-1993-corrected,PUGLIA,23,MINERVINO MURGE,whole,,303,HMINERVINO MURGE,0.933
camera-mattarellum-1993-corrected,PUGLIA,23,SPINAZZOLA,whole,,303,SPINAZZOLA,1.0
camera-mattarellum-1993-corrected,PUGLIA,24,CORATO,whole,,303,CORATO,1.0
camera-mattarellum-1993-corrected,PUGLIA,24,RUVO DI PUGLIA,whole,,303,RUVO DI PUGLIA,1.0
camera-mattarellum-1993-corrected,PUGLIA,24,TRANI,whole,,303,TRANI,1.0
camera-mattarellum-1993-corrected,PUGLIA,25,BISCEGLIE,whole,,303,BISCEGLIE,1.0
camera-mattarellum-1993-corrected,PUGLIA,25,MOLFETTA,whole,,303,MOLFETTA,1.0
camera-mattarellum-1993-corrected,PUGLIA,26,BITONTO,whole,,303,BITONTO,1.0
camera-mattarellum-1993-corrected,PUGLIA,26,GIOVINAZZO,whole,,303,GIOVINAZZO,1.0
camera-mattarellum-1993-corrected,PUGLIA,26,PALO DEL COLLE,whole,,303,PALO DEL COLLE,1.0
camera-mattarellum-1993-corrected,PUGLIA,26,TERLIZZI,whole,,303,TERLIZZI,1.0
camera-mattarellum-1993-corrected,PUGLIA,27,ALTAMURA,whole,,303,ALTAMURA,1.0
camera-mattarellum-1993-corrected,PUGLIA,27,GRAVINA IN PUGLIA,whole,,303,GRAVINA IN PUGLIA,1.0
camera-mattarellum-1993-corrected,PUGLIA,27,POGGIORSINI,whole,,303,POGGIORSINI,1.0
camera-mattarellum-1993-corrected,PUGLIA,27,SANTERAMO IN COLLE,whole,,303,SANTERAMO IN COLLE,1.0
camera-mattarellum-1993-corrected,PUGLIA,28,ADELFIA,whole,,303,ADELFIA,1.0
camera-mattarellum-1993-corrected,PUGLIA,28,BINETTO,whole,,303,BINETTO,1.0
camera-mattarellum-1993-corrected,PUGLIA,28,BITETTO,whole,,303,BITETTO,1.0
camera-mattarellum-1993-corrected,PUGLIA,28,BITRITTO,whole,,303,BITRITTO,1.0
camera-mattarellum-1993-corrected,PUGLIA,28,GRUMO APPULA,whole,,303,GRUMO APPULA,1.0
camera-mattarellum-1993-corrected,PUGLIA,28,MODUGNO,whole,,303,MUDUGNO,0.857
camera-mattarellum-1993-corrected,PUGLIA,28,SANNICANDRO DI BARI,whole,,303,SANNICANDRO DI BARI,1.0
camera-mattarellum-1993-corrected,PUGLIA,28,TORITTO,whole,,303,TORITTO,1.0
camera-mattarellum-1993-corrected,PUGLIA,28,VALENZANO,whole,,303,VALENZANO,1.0
camera-mattarellum-1993-corrected,PUGLIA,29,ACQUAVIVA DELLE FONTI,whole,,303,ACQUAVIVA DELLE FONTI,1.0
camera-mattarellum-1993-corrected,PUGLIA,29,CAPURSO,whole,,303,CAPURSO,1.0
camera-mattarellum-1993-corrected,PUGLIA,29,CASAMASSIMA,whole,,303,CASAMASSIMA,1.0
camera-mattarellum-1993-corrected,PUGLIA,29,CASSANO DELLE MURGE,whole,,303,CASSANO DELLE MURGE,1.0
camera-mattarellum-1993-corrected,PUGLIA,29,CELLAMARE,whole,,303,CELLAMARE,1.0
camera-mattarellum-1993-corrected,PUGLIA,29,NOICATTARO,whole,,303,NOICATTARO,1.0
camera-mattarellum-1993-corrected,PUGLIA,29,SAMMICHELE DI BARI,whole,,303,SAMMICHELE DI BARI,1.0
camera-mattarellum-1993-corrected,PUGLIA,29,TRIGGIANO,whole,,303,TRIGGIANO,1.0
camera-mattarellum-1993-corrected,PUGLIA,29,TURI,whole,,303,TURI,1.0
camera-mattarellum-1993-corrected,PUGLIA,30,CASTELLANA GROTTE,whole,,304,CASTELLANA GROTTE,1.0
camera-mattarellum-1993-corrected,PUGLIA,30,CONVERSANO,whole,,304,CUNVERSANO,0.9
camera-mattarellum-1993-corrected,PUGLIA,30,GIOIA DEL COLLE,whole,,304,GIOIA DEL COLLE,1.0
camera-mattarellum-1993-corrected,PUGLIA,30,POLIGNANO A MARE,whole,,304,POLIGNANO A MARE,1.0
camera-mattarellum-1993-corrected,PUGLIA,30,PUTIGNANO,whole,,304,PUTIGNANO,1.0
camera-mattarellum-1993-corrected,PUGLIA,30,RUTIGLIANO,whole,,304,RUTIGLIANO,1.0
camera-mattarellum-1993-corrected,PUGLIA,31,ALBEROBELLO,whole,,304,ALBEROBELLO,1.0
camera-mattarellum-1993-corrected,PUGLIA,31,LOCOROTONDO,whole,,304,LOCOROTANDO,0.909
camera-mattarellum-1993-corrected,PUGLIA,31,MONOPOLI,whole,,304,MONOPOLI,1.0
camera-mattarellum-1993-corrected,PUGLIA,31,NOCI,whole,,304,NOCI,1.0
camera-mattarellum-1993-corrected,PUGLIA,31,FASANO,whole,,304,FASANO,1.0
camera-mattarellum-1993-corrected,PUGLIA,32,BRINDISI,whole,,304,BRINDISI,1.0
camera-mattarellum-1993-corrected,PUGLIA,32,SAN PIETRO VERNOTICO,whole,,304,SAN PIETRO VERNOTICO,1.0
camera-mattarellum-1993-corrected,PUGLIA,32,TORCHIAROLO,whole,,304,TORCHIAROLO,1.0
camera-mattarellum-1993-corrected,PUGLIA,33,CELLINO SAN MARCO,whole,,304,CELLINO SAN MARCO,1.0
camera-mattarellum-1993-corrected,PUGLIA,33,ERCHIE,whole,,304,ERCHIE,1.0
camera-mattarellum-1993-corrected,PUGLIA,33,LATIANO,whole,,304,LATIANO,1.0
camera-mattarellum-1993-corrected,PUGLIA,33,MESAGNE,whole,,304,HE SAGNE,1.0
camera-mattarellum-1993-corrected,PUGLIA,33,ORIA,whole,,304,ORTA,0.75
camera-mattarellum-1993-corrected,PUGLIA,33,SAN DONACI,whole,,304,SAN DONACI,1.0
camera-mattarellum-1993-corrected,PUGLIA,33,SAN PANCRAZIO SALENTINO,whole,,304,SAN PANCRAZIO SALENTINO,1.0
camera-mattarellum-1993-corrected,PUGLIA,33,SAN VITO DEI NORMANNI,whole,,304,SAN VITO DEI NORMANNI,1.0
camera-mattarellum-1993-corrected,PUGLIA,33,TORRE SANTA SUSANNA,whole,,304,TORRE SANTA SUSANNA,1.0
camera-mattarellum-1993-corrected,PUGLIA,34,CAROVIGNO,whole,,304,CTAROVIGHNO,0.818
camera-mattarellum-1993-corrected,PUGLIA,34,CEGLIE MESSAPICA,whole,,304,CEGLIE MESSAPICA,1.0
camera-mattarellum-1993-corrected,PUGLIA,34,CISTERNINO,whole,,304,TISTERNINO,0.9
camera-mattarellum-1993-corrected,PUGLIA,34,FRANCAVILLA FONTANA,whole,,304,FRANCAVILLA FONTANA,1.0
camera-mattarellum-1993-corrected,PUGLIA,34,OSTUNI,whole,,304,OSTUNI,1.0
camera-mattarellum-1993-corrected,PUGLIA,34,SAN MICHELE SALENTINO,whole,,304,SAN MICHELE SALENTINO,1.0
camera-mattarellum-1993-corrected,PUGLIA,34,VILLA CASTELLI,whole,,304,ViLLA LASIELLI,0.846
camera-mattarellum-1993-corrected,BASILICATA,1,ABRIOLA,whole,,305,ABRIOLA,1.0
camera-mattarellum-1993-corrected,BASILICATA,1,ALBANO DI LUCANIA,whole,,305,ALBANO DI LUCANIA,1.0
camera-mattarellum-1993-corrected,BASILICATA,1,ANZI,whole,,305,ANZI,1.0
camera-mattarellum-1993-corrected,BASILICATA,1,AVIGLIANO,whole,,305,AVIGLIANO,1.0
camera-mattarellum-1993-corrected,BASILICATA,1,BALVANO,whole,,305,BALVANO,1.0
camera-mattarellum-1993-corrected,BASILICATA,1,BARAGIANO,whole,,305,BARAGIANO,1.0
camera-mattarellum-1993-corrected,BASILICATA,1,BELLA,whole,,305,BELLA,1.0
camera-mattarellum-1993-corrected,BASILICATA,1,BRINDISI MONTAGNA,whole,,305,BRINDISI MONTAGNA,1.0
camera-mattarellum-1993-corrected,BASILICATA,1,CAMPOMAGGIORE,whole,,305,CAMPOMAGGIORE,1.0
camera-mattarellum-1993-corrected,BASILICATA,1,CASTELMEZZANO,whole,,305,CASTELMEZZANO,1.0
camera-mattarellum-1993-corrected,BASILICATA,1,PICERNO,whole,,305,FPICERNO,0.875
camera-mattarellum-1993-corrected,BASILICATA,1,PIETRAPERTOSA,whole,,305,PIETRAPERTOSA,1.0
camera-mattarellum-1993-corrected,BASILICATA,1,PIGNOLA,whole,,305,PIGNOLA,1.0
camera-mattarellum-1993-corrected,BASILICATA,1,POTENZA,whole,,305,POTENZA,1.0
camera-mattarellum-1993-corrected,BASILICATA,1,RUOTI,whole,,305,RUOTI,1.0
camera-mattarellum-1993-corrected,BASILICATA,1,SAN CHIRICO NUOVO,whole,,305,SAN CHIRICO NUOVO,1.0
camera-mattarellum-1993-corrected,BASILICATA,1,SANT'ANGELO LE FRATTE,whole,,305,SANT'ANGELO LE FRATTE,1.0
camera-mattarellum-1993-corrected,BASILICATA,1,SAVOIA DI LUCANIA,whole,,305,SAVOTA DI LUCANIA,0.933
camera-mattarellum-1993-corrected,BASILICATA,1,TITO,whole,,305,TITO,1.0
camera-mattarellum-1993-corrected,BASILICATA,1,TOLVE,whole,,305,TOLVE,1.0
camera-mattarellum-1993-corrected,BASILICATA,1,TRIVIGNO,whole,,305,TRIVIGNO,1.0
camera-mattarellum-1993-corrected,BASILICATA,1,VAGLIO BASILICATA,whole,,305,VAGLIO BASILICATA,1.0
camera-mattarellum-1993-corrected,BASILICATA,1,VIETRI DI POTENZA,whole,,305,VIETRI DI POTENZA,1.0
camera-mattarellum-1993-corrected,BASILICATA,2,ACERENZA,whole,,305,ACERENZA,1.0
camera-mattarellum-1993-corrected,BASILICATA,2,ATELLA,whole,,305,ATELLA,1.0
camera-mattarellum-1993-corrected,BASILICATA,2,BANZI,whole,,305,BANZI,1.0
camera-mattarellum-1993-corrected,BASILICATA,2,BARILE,whole,,305,BARILE,1.0
camera-mattarellum-1993-corrected,BASILICATA,2,CANCELLARA,whole,,305,CANCELLARA,1.0
camera-mattarellum-1993-corrected,BASILICATA,2,CASTELGRANDE,whole,,305,CASTELGRANDE,1.0
camera-mattarellum-1993-corrected,BASILICATA,2,FILIANO,whole,,305,FILIANO,1.0
camera-mattarellum-1993-corrected,BASILICATA,2,FORENZA,whole,,305,FORENZA,1.0
camera-mattarellum-1993-corrected,BASILICATA,2,GENZANO DI LUCANIA,whole,,305,GENZANO DI LUCANIA,1.0
camera-mattarellum-1993-corrected,BASILICATA,2,LAVELLO,whole,,305,LAVELLO,1.0
camera-mattarellum-1993-corrected,BASILICATA,2,MASCHITO,whole,,305,MASCHITO,1.0
camera-mattarellum-1993-corrected,BASILICATA,2,MELFI,whole,,305,MELFI,1.0
camera-mattarellum-1993-corrected,BASILICATA,2,MONTEMILONE,whole,,305,MONTEMILONE,1.0
camera-mattarellum-1993-corrected,BASILICATA,2,MURO LUCANO,whole,,305,MURO LUCANO,1.0
camera-mattarellum-1993-corrected,BASILICATA,2,OPPIDO LUCANO,whole,,305,OPPIDO LUCANO,1.0
camera-mattarellum-1993-corrected,BASILICATA,2,PALAZZO SAN GERVASIO,whole,,305,PALAZZO SAN GERVASIO,1.0
camera-mattarellum-1993-corrected,BASILICATA,2,PESCOPAGANO,whole,,305,PESCOPAGANO,1.0
camera-mattarellum-1993-corrected,BASILICATA,2,PIETRAGALLA,whole,,305,PIETRAGALLA,1.0
camera-mattarellum-1993-corrected,BASILICATA,2,RAPOLLA,whole,,305,RAPOLLA,1.0
camera-mattarellum-1993-corrected,BASILICATA,2,RAPONE,whole,,305,RAPONE,1.0
camera-mattarellum-1993-corrected,BASILICATA,2,RIONERO IN VULTURE,whole,,305,RIONERO IN VULTURE,1.0
camera-mattarellum-1993-corrected,BASILICATA,2,RIPACANDIDA,whole,,305,RIPACANDIDA,1.0
camera-mattarellum-1993-corrected,BASILICATA,2,RUVO DEL MONTE,whole,,305,RUVO DEL MONTE,1.0
camera-mattarellum-1993-corrected,BASILICATA,2,SAN FELE,whole,,305,SAN FELE,1.0
camera-mattarellum-1993-corrected,BASILICATA,2,VENOSA,whole,,305,VENOSA,1.0
camera-mattarellum-1993-corrected,BASILICATA,2,GINESTRA,whole,,305,GINESTRA,1.0
camera-mattarellum-1993-corrected,BASILICATA,3,ACCETTURA,whole,,305,ACCETTURA,1.0
camera-mattarellum-1993-corrected,BASILICATA,3,CALCIANO,whole,,305,CALCIANO,1.0
camera-mattarellum-1993-corrected,BASILICATA,3,FERRANDINA,whole,,305,FERRANDINA,1.0
camera-mattarellum-1993-corrected,BASILICATA,3,GARAGUSO,whole,,305,GARAGUSO,1.0
camera-mattarellum-1993-corrected,BASILICATA,3,GRASSANO,whole,,305,GRASSANO,1.0
camera-mattarellum-1993-corrected,BASILICATA,3,GROTTOLE,whole,,305,GRUTTOLE,0.875
camera-mattarellum-1993-corrected,BASILICATA,3,IRSINA,whole,,305,IRSINA,1.0
camera-mattarellum-1993-corrected,BASILICATA,3,MATERA,whole,,305,HATERA,1.0
camera-mattarellum-1993-corrected,BASILICATA,3,MIGLIONICO,whole,,306,MIGLIONICO,1.0
camera-mattarellum-1993-corrected,BASILICATA,3,MONTESCAGLIOSO,whole,,306,MONTE SCAGLIOSO,1.0
camera-mattarellum-1993-corrected,BASILICATA,3,OLIVETO LUCANO,whole,,306,OLIVETO LUCANO,1.0
camera-mattarellum-1993-corrected,BASILICATA,3,POMARICO,whole,,306,POMAR I CO,1.0
camera-mattarellum-1993-corrected,BASILICATA,3,SALANDRA,whole,,306,SALANBORA,0.778
camera-mattarellum-1993-corrected,BASILICATA,3,SAN MAURO FORTE,whole,,306,SAN MAURO FORTE,1.0
camera-mattarellum-1993-corrected,BASILICATA,3,TRICARICO,whole,,306,TRICARICO,1.0
camera-mattarellum-1993-corrected,BASILICATA,4,CALVERA,whole,,306,CALVERA,1.0
camera-mattarellum-1993-corrected,BASILICATA,4,CARBONE,whole,,306,CAR BONE,1.0
camera-mattarellum-1993-corrected,BASILICATA,4,SAN PAOLO ALBANESE,whole,,306,SAN PABLO ALBANESE,0.938
camera-mattarellum-1993-corrected,BASILICATA,4,CASTRONUOVO DI SANT'ANDREA,whole,,306,CASTRONUOVO DI SANT'ANDREA,1.0
camera-mattarellum-1993-corrected,BASILICATA,4,CERSOSIMO,whole,,306,CERSOSIMO,1.0
camera-mattarellum-1993-corrected,BASILICATA,4,CHIAROMONTE,whole,,306,CHIARQHONTE,0.909
camera-mattarellum-1993-corrected,BASILICATA,4,FARDELLA,whole,,306,FARDELLA,1.0
camera-mattarellum-1993-corrected,BASILICATA,4,FRANCAVILLA IN SINNI,whole,,306,FRANCAVILLA IN SINNI,1.0
camera-mattarellum-1993-corrected,BASILICATA,4,NOEPOLI,whole,,306,NOEPOQLI,0.875
camera-mattarellum-1993-corrected,BASILICATA,4,SAN COSTANTINO ALBANESE,whole,,306,SAN COSTANTINO ALBANESE,1.0
camera-mattarellum-1993-corrected,BASILICATA,4,SAN SEVERINO LUCANO,whole,,306,SAN SEVERINO LUCANO,1.0
camera-mattarellum-1993-corrected,BASILICATA,4,SENISE,whole,,306,SENISE,1.0
camera-mattarellum-1993-corrected,BASILICATA,4,TEANA,whole,,306,TEANA,1.0
camera-mattarellum-1993-corrected,BASILICATA,4,TERRANOVA DI POLLINO,whole,,306,TERRANOVA DI POLLINO,1.0
camera-mattarellum-1993-corrected,BASILICATA,4,ALIANO,whole,,306,AL i ANO,1.0
camera-mattarellum-1993-corrected,BASILICATA,4,BERNALDA,whole,,306,BERNALDA,1.0
camera-mattarellum-1993-corrected,BASILICATA,4,CIRIGLIANO,whole,,306,CIRIGLIANO,1.0
camera-mattarellum-1993-corrected,BASILICATA,4,COLOBRARO,whole,,306,COLOBBRARO,0.9
camera-mattarellum-1993-corrected,BASILICATA,4,CRACO,whole,,306,CRACO,1.0
camera-mattarellum-1993-corrected,BASILICATA,4,GORGOGLIONE,whole,,306,GORGOGL Î ONE,0.909
camera-mattarellum-1993-corrected,BASILICATA,4,MONTALBANO JONICO,whole,,306,MONTALBANO JONICO,1.0
camera-mattarellum-1993-corrected,BASILICATA,4,NOVA SIRI,whole,,306,NOVA SIRI,1.0
camera-mattarellum-1993-corrected,BASILICATA,4,PISTICCI,whole,,306,PISTICCEI,0.889
camera-mattarellum-1993-corrected,BASILICATA,4,POLICORO,whole,,306,POLICORO,1.0
camera-mattarellum-1993-corrected,BASILICATA,4,ROTONDELLA,whole,,306,ROTONDELLA,1.0
camera-mattarellum-1993-corrected,BASILICATA,4,SAN GIORGIO LUCANO,whole,,306,SAN GIORGIO LUCANO,1.0
camera-mattarellum-1993-corrected,BASILICATA,4,STIGLIANO,whole,,306,STISGLIANO,0.9
camera-mattarellum-1993-corrected,BASILICATA,4,TURSI,whole,,306,TURSI,1.0
camera-mattarellum-1993-corrected,BASILICATA,4,VALSINNI,whole,,306,VALSINNI,1.0
camera-mattarellum-1993-corrected,BASILICATA,4,SCANZANO JONICO,whole,,306,SCANZANO JONICO,1.0
camera-mattarellum-1993-corrected,BASILICATA,5,ARMENTO,whole,,306,ARMENTO,1.0
camera-mattarellum-1993-corrected,BASILICATA,5,BRIENZA,whole,,306,BRIENZA,1.0
camera-mattarellum-1993-corrected,BASILICATA,5,CALVELLO,whole,,306,CALYVELLO,0.889
camera-mattarellum-1993-corrected,BASILICATA,5,CASTELLUCCIO INFERIORE,whole,,306,CASTELLUCCIO INFERIORE,1.0
camera-mattarellum-1993-corrected,BASILICATA,5,CASTELLUCCIO SUPERIORE,whole,,306,CASTELLUCCIO SUPERIORE,1.0
camera-mattarellum-1993-corrected,BASILICATA,5,CASTELSARACENO,whole,,306,CASTELSARACENO,1.0
camera-mattarellum-1993-corrected,BASILICATA,5,CORLETO PERTICARA,whole,,306,CORLETO PERTICARA,1.0
camera-mattarellum-1993-corrected,BASILICATA,5,EPISCOPIA,whole,,306,EPISCOPIA,1.0
camera-mattarellum-1993-corrected,BASILICATA,5,GALLICCHIO,whole,,306,GALLICCHIO,1.0
camera-mattarellum-1993-corrected,BASILICATA,5,GRUMENTO NOVA,whole,,306,GRUMENTO NOVA,1.0
camera-mattarellum-1993-corrected,BASILICATA,5,GUARDIA PERTICARA,whole,,306,GUARDIA PERTICARA,1.0
camera-mattarellum-1993-corrected,BASILICATA,5,LAGONEGRO,whole,,306,LAGONEGRO,1.0
camera-mattarellum-1993-corrected,BASILICATA,5,LATRONICO,whole,,306,LATRONICO,1.0
camera-mattarellum-1993-corrected,BASILICATA,5,LAURENZANA,whole,,306,LAURENZANA,1.0
camera-mattarellum-1993-corrected,BASILICATA,5,LAURIA,whole,,306,LAURIA,1.0
camera-mattarellum-1993-corrected,BASILICATA,5,MARATEA,whole,,306,MARATEA,1.0
camera-mattarellum-1993-corrected,BASILICATA,5,MARSICO NUOVO,whole,,306,MARSICO NUOVO,1.0
camera-mattarellum-1993-corrected,BASILICATA,5,MARSICOVETERE,whole,,306,MARSICTOVETERE,0.929
camera-mattarellum-1993-corrected,BASILICATA,5,MISSANELLO,whole,,306,MISSANELLO,1.0
camera-mattarellum-1993-corrected,BASILICATA,5,MOLITERNO,whole,,306,MOL ITTERNO,0.9
camera-mattarellum-1993-corrected,BASILICATA,5,MONTEMURRO,whole,,306,MONTE MURRO,1.0
camera-mattarellum-1993-corrected,BASILICATA,5,NEMOLI,whole,,306,NEMOLI,1.0
camera-mattarellum-1993-corrected,BASILICATA,5,RIVELLO,whole,,306,RIVELLO,1.0
camera-mattarellum-1993-corrected,BASILICATA,5,ROCCANOVA,whole,,306,ROCCANOYVA,0.9
camera-mattarellum-1993-corrected,BASILICATA,5,ROTONDA,whole,,306,ROTUNDA,0.857
camera-mattarellum-1993-corrected,BASILICATA,5,SAN CHIRICO RAPARO,whole,,306,SAN CHIRICO RAPARO,1.0
camera-mattarellum-1993-corrected,BASILICATA,5,SAN MARTINO D'AGRI,whole,,307,SAN MARTINO D'AGRI,1.0
camera-mattarellum-1993-corrected,BASILICATA,5,SANT'ARCANGELO,whole,,307,SANT'ARCANGELO,1.0
camera-mattarellum-1993-corrected,BASILICATA,5,SARCONI,whole,,307,SARCONI,1.0
camera-mattarellum-1993-corrected,BASILICATA,5,SASSO DI CASTALDA,whole,,307,SASSO DI CASTALDA,1.0
camera-mattarellum-1993-corrected,BASILICATA,5,SATRIANO DI LUCANIA,whole,,307,SATRIANO DI LUCANIA,1.0
camera-mattarellum-1993-corrected,BASILICATA,5,SPINOSO,whole,,307,SPINOSO,1.0
camera-mattarellum-1993-corrected,BASILICATA,5,TRAMUTOLA,whole,,307,TRAMUTOLA,1.0
camera-mattarellum-1993-corrected,BASILICATA,5,TRECCHINA,whole,,307,TRECCHINA,1.0
camera-mattarellum-1993-corrected,BASILICATA,5,VIGGIANELLO,whole,,307,VIGGIANELLO,1.0
camera-mattarellum-1993-corrected,BASILICATA,5,VIGGIANO,whole,,307,VIGGIANO,1.0
camera-mattarellum-1993-corrected,BASILICATA,5,PATERNO,whole,,307,PATERNO,1.0
camera-mattarellum-1993-corrected,CALABRIA,1,ACQUAPPESA,whole,,308,ACQUAPPESA,1.0
camera-mattarellum-1993-corrected,CALABRIA,1,AIETA,whole,,308,ALETA,0.8
camera-mattarellum-1993-corrected,CALABRIA,1,AMANTEA,whole,,308,AMANTEA,1.0
camera-mattarellum-1993-corrected,CALABRIA,1,BELMONTE CALABRO,whole,,308,BELMONTE CALABRO,1.0
camera-mattarellum-1993-corrected,CALABRIA,1,BELVEDERE MARITTIMO,whole,,308,BELVEDERE MARITTI1NMO,0.9
camera-mattarellum-1993-corrected,CALABRIA,1,BONIFATI,whole,,308,BONIFATI,1.0
camera-mattarellum-1993-corrected,CALABRIA,1,BUONVICINO,whole,,308,BUONVICINO,1.0
camera-mattarellum-1993-corrected,CALABRIA,1,CETRARO,whole,,308,CETRARO,1.0
camera-mattarellum-1993-corrected,CALABRIA,1,CLETO,whole,,308,CLETO,1.0
camera-mattarellum-1993-corrected,CALABRIA,1,DIAMANTE,whole,,308,DIAMANTE,1.0
camera-mattarellum-1993-corrected,CALABRIA,1,FALCONARA ALBANESE,whole,,308,FALCONARA ALBANESE,1.0
camera-mattarellum-1993-corrected,CALABRIA,1,FIUMEFREDDO BRUZIO,whole,,308,FIUMEFREDDO BRUZIO,1.0
camera-mattarellum-1993-corrected,CALABRIA,1,FUSCALDO,whole,,308,FUSCAL DO,1.0
camera-mattarellum-1993-corrected,CALABRIA,1,GRISOLIA,whole,,308,GRISOLIA,1.0
camera-mattarellum-1993-corrected,CALABRIA,1,GUARDIA PIEMONTESE,whole,,308,GUARDIA PIEMONTESE,1.0
camera-mattarellum-1993-corrected,CALABRIA,1,LONGOBARDI,whole,,308,LONGOBARDE,0.9
camera-mattarellum-1993-corrected,CALABRIA,1,MAIERA',whole,,308,"MATERA""",0.833
camera-mattarellum-1993-corrected,CALABRIA,1,ORSOMARSO,whole,,308,ORSOMARSO,1.0
camera-mattarellum-1993-corrected,CALABRIA,1,PAOLA,whole,,308,PAOLA,1.0
camera-mattarellum-1993-corrected,CALABRIA,1,PRAIA A MARE,whole,,308,PRAIA A HARE,1.0
camera-mattarellum-1993-corrected,CALABRIA,1,SANGINETO,whole,,308,SANGIME TO,0.889
camera-mattarellum-1993-corrected,CALABRIA,1,SAN LUCIDO,whole,,308,SAN LUCIDO,1.0
camera-mattarellum-1993-corrected,CALABRIA,1,SAN NICOLA ARCELLA,whole,,308,SAN NICOLA ARCELLA,1.0
camera-mattarellum-1993-corrected,CALABRIA,1,SAN PIETRO IN AMANTEA,whole,,308,SAN PIETRO IN AMANTEA,1.0
camera-mattarellum-1993-corrected,CALABRIA,1,SANTA DOMENICA TALAO,whole,,308,SANTA DOMENICA TALAO,1.0
camera-mattarellum-1993-corrected,CALABRIA,1,SANTA MARIA DEL CEDRO,whole,,308,SANTA MARIA DEL CEDRO,1.0
camera-mattarellum-1993-corrected,CALABRIA,1,SCALEA,whole,,308,SCALEA,1.0
camera-mattarellum-1993-corrected,CALABRIA,1,SERRA D'AIELLO,whole,,308,SERRA D'AIELLO,1.0
camera-mattarellum-1993-corrected,CALABRIA,1,TORTORA,whole,,308,TORTORA,1.0
camera-mattarellum-1993-corrected,CALABRIA,1,VERBICARO,whole,,308,VERBICARO,1.0
camera-mattarellum-1993-corrected,CALABRIA,2,ACQUAFORMOSA,whole,,308,ACQUAF ORMOSA,1.0
camera-mattarellum-1993-corrected,CALABRIA,2,ALTOMONTE,whole,,308,ALTOMONTE,1.0
camera-mattarellum-1993-corrected,CALABRIA,2,CASTROVILLARI,whole,,308,CASTROVILLARI,1.0
camera-mattarellum-1993-corrected,CALABRIA,2,CERVICATI,whole,,308,CERVICATI,1.0
camera-mattarellum-1993-corrected,CALABRIA,2,CERZETO,whole,,308,CERZE TO,1.0
camera-mattarellum-1993-corrected,CALABRIA,2,CIVITA,whole,,308,CIVITA,1.0
camera-mattarellum-1993-corrected,CALABRIA,2,FAGNANO CASTELLO,whole,,308,FAGNANO CASTELLO,1.0
camera-mattarellum-1993-corrected,CALABRIA,2,FIRMO,whole,,308,FIRMO,1.0
camera-mattarellum-1993-corrected,CALABRIA,2,FRASCINETO,whole,,308,FRASCINE TO,1.0
camera-mattarellum-1993-corrected,CALABRIA,2,LAINO BORGO,whole,,308,LAINO BORGO,1.0
camera-mattarellum-1993-corrected,CALABRIA,2,LAINO CASTELLO,whole,,308,LAINO CASTELLO,1.0
camera-mattarellum-1993-corrected,CALABRIA,2,LATTARICO,whole,,308,LATTARICO,1.0
camera-mattarellum-1993-corrected,CALABRIA,2,LUNGRO,whole,,308,LUNGRO,1.0
camera-mattarellum-1993-corrected,CALABRIA,2,MALVITO,whole,,308,HALVITO,1.0
camera-mattarellum-1993-corrected,CALABRIA,2,MONGRASSANO,whole,,308,MONGRASSANO,1.0
camera-mattarellum-1993-corrected,CALABRIA,2,MORANO CALABRO,whole,,308,MORANO CALABRO,1.0
camera-mattarellum-1993-corrected,CALABRIA,2,MORMANNO,whole,,308,MORNMANNO,0.889
camera-mattarellum-1993-corrected,CALABRIA,2,MOTTAFOLLONE,whole,,308,MOTTAFOLLONE,1.0
camera-mattarellum-1993-corrected,CALABRIA,2,PAPASIDERO,whole,,308,FAPASITDERO,0.818
camera-mattarellum-1993-corrected,CALABRIA,2,ROGGIANO GRAVINA,whole,,308,ROGGIANO GRAVINA,1.0
camera-mattarellum-1993-corrected,CALABRIA,2,ROTA GRECA,whole,,308,ROTA GRECA,1.0
camera-mattarellum-1993-corrected,CALABRIA,2,SAN BASILE,whole,,308,SAN BASILE,1.0
camera-mattarellum-1993-corrected,CALABRIA,2,SAN BENEDETTO ULLANO,whole,,308,SAN BENEDETTO ULLANO,1.0
camera-mattarellum-1993-corrected,CALABRIA,2,SAN DONATO DI NINEA,whole,,308,SAN DONATO DI NINEA,1.0
camera-mattarellum-1993-corrected,CALABRIA,2,SAN MARCO ARGENTANO,whole,,308,SAN MARCO ARGENTANO,1.0
camera-mattarellum-1993-corrected,CALABRIA,2,SAN MARTINO DI FINITA,whole,,308,SAN MARTINO DI FINITA,1.0
camera-mattarellum-1993-corrected,CALABRIA,2,SAN SOSTI,whole,,308,SAN SOSTI,1.0
camera-mattarellum-1993-corrected,CALABRIA,2,SANTA CATERINA ALBANESE,whole,,308,SANTA CATERINA ALBANESE,1.0
camera-mattarellum-1993-corrected,CALABRIA,2,SANT'AGATA DI ESARO,whole,,308,SANT'AGATA DI ESARO,1.0
camera-mattarellum-1993-corrected,CALABRIA,2,SARACENA,whole,,309,SARACENA,1.0
camera-mattarellum-1993-corrected,CALABRIA,2,TARSIA,whole,,309,TARSIA,1.0
camera-mattarellum-1993-corrected,CALABRIA,2,TORANO CASTELLO,whole,,309,TORANO CASTELLO,1.0
camera-mattarellum-1993-corrected,CALABRIA,3,ALBIDONA,whole,,309,ALBIDONA,1.0
camera-mattarellum-1993-corrected,CALABRIA,3,ALESSANDRIA DEL CARRETTO,whole,,309,ALESSANDRIA DEL CARRETTO,1.0
camera-mattarellum-1993-corrected,CALABRIA,3,AMENDOLARA,whole,,309,AMENDOLARA,1.0
camera-mattarellum-1993-corrected,CALABRIA,3,CANNA,whole,,309,CANNA,1.0
camera-mattarellum-1993-corrected,CALABRIA,3,CASSANO ALLO IONIO,whole,,309,CASSANO ALLO IONIO,1.0
camera-mattarellum-1993-corrected,CALABRIA,3,CASTROREGIO,whole,,309,CASTROREGIO,1.0
camera-mattarellum-1993-corrected,CALABRIA,3,CERCHIARA DI CALABRIA,whole,,309,CERCHIARA DUI CALABRIA,0.95
camera-mattarellum-1993-corrected,CALABRIA,3,CORIGLIANO CALABRO,whole,,309,CORIGLIANO CALABRO,1.0
camera-mattarellum-1993-corrected,CALABRIA,3,FRANCAVILLA MARITTIMA,whole,,309,FRANCAVILLA MARITTIMA,1.0
camera-mattarellum-1993-corrected,CALABRIA,3,MONTEGIORDANO,whole,,309,MONTEGIORDANO,1.0
camera-mattarellum-1993-corrected,CALABRIA,3,NOCARA,whole,,309,NOCARA,1.0
camera-mattarellum-1993-corrected,CALABRIA,3,ORIOLO,whole,,309,ORITOLO,0.857
camera-mattarellum-1993-corrected,CALABRIA,3,PLATACI,whole,,309,FLATALCI,0.75
camera-mattarellum-1993-corrected,CALABRIA,3,ROCCA IMPERIALE,whole,,309,ROCCA IMPERIALE,1.0
camera-mattarellum-1993-corrected,CALABRIA,3,ROSETO CAPO SPULICO,whole,,309,ROSETO CAPO SPULICO,1.0
camera-mattarellum-1993-corrected,CALABRIA,3,SAN COSMO ALBANESE,whole,,309,SAN COSMO ALBANESE,1.0
camera-mattarellum-1993-corrected,CALABRIA,3,SAN DEMETRIO CORONE,whole,,309,SAN DEMETRIO CORONE,1.0
camera-mattarellum-1993-corrected,CALABRIA,3,SAN GIORGIO ALBANESE,whole,,309,SAN GIORGIO ALBANESE,1.0
camera-mattarellum-1993-corrected,CALABRIA,3,SAN LORENZO BELLIZZI,whole,,309,SAN LORENZO BELLIZZI,1.0
camera-mattarellum-1993-corrected,CALABRIA,3,SAN LORENZO DEL VALLO,whole,,309,SAN LORENZO DEL VALLO,1.0
camera-mattarellum-1993-corrected,CALABRIA,3,SANTA SOFIA D'EPIRO,whole,,309,SANTA SOFIA D'EPIRO,1.0
camera-mattarellum-1993-corrected,CALABRIA,3,SPEZZANO ALBANESE,whole,,309,SPEZZANO ALBANESE,1.0
camera-mattarellum-1993-corrected,CALABRIA,3,TERRANOVA DA SIBARI,whole,,309,TERRANOVA DA SIBARI,1.0
camera-mattarellum-1993-corrected,CALABRIA,3,TREBISACCE,whole,,309,TREBISACCE,1.0
camera-mattarellum-1993-corrected,CALABRIA,3,VACCARIZZO ALBANESE,whole,,309,VACCARIZZO ALBANESE,1.0
camera-mattarellum-1993-corrected,CALABRIA,3,VILLAPIANA,whole,,309,VILLAPIANA,1.0
camera-mattarellum-1993-corrected,CALABRIA,4,ACRI,whole,,309,ACRT,0.75
camera-mattarellum-1993-corrected,CALABRIA,4,BOCCHIGLIERO,whole,,309,BOCCHIGLIERO,1.0
camera-mattarellum-1993-corrected,CALABRIA,4,CALOPEZZATI,whole,,309,CALOPEZZATI,1.0
camera-mattarellum-1993-corrected,CALABRIA,4,CALOVETO,whole,,309,CALOVE TO,1.0
camera-mattarellum-1993-corrected,CALABRIA,4,CAMPANA,whole,,309,CAMPANA,1.0
camera-mattarellum-1993-corrected,CALABRIA,4,CARIATI,whole,,309,CARIATI,1.0
camera-mattarellum-1993-corrected,CALABRIA,4,CROPALATI,whole,,309,CROPALATI,1.0
camera-mattarellum-1993-corrected,CALABRIA,4,CROSIA,whole,,309,CRUOSIA,0.857
camera-mattarellum-1993-corrected,CALABRIA,4,LONGOBUCCO,whole,,309,LONGOBUCCO,1.0
camera-mattarellum-1993-corrected,CALABRIA,4,MANDATORICCIO,whole,,309,MANDATORICCIO,1.0
camera-mattarellum-1993-corrected,CALABRIA,4,PALUDI,whole,,309,PALUDI,1.0
camera-mattarellum-1993-corrected,CALABRIA,4,PIETRAPAOLA,whole,,309,PIETRAPAOLA,1.0
camera-mattarellum-1993-corrected,CALABRIA,4,ROSSANO,whole,,309,ROSSANO,1.0
camera-mattarellum-1993-corrected,CALABRIA,4,SAN GIOVANNI IN FIORE,whole,,309,SAN GIOVANNI IN FIORE,1.0
camera-mattarellum-1993-corrected,CALABRIA,4,SCALA COELI,whole,,309,SCALA COELI,1.0
camera-mattarellum-1993-corrected,CALABRIA,4,TERRAVECCHIA,whole,,309,TERRAVECCHIA,1.0
camera-mattarellum-1993-corrected,CALABRIA,5,APRIGLIANO,whole,,309,APRIGLIANO,1.0
camera-mattarellum-1993-corrected,CALABRIA,5,CASOLE BRUZIO,whole,,309,CASOLE BRUZIO,1.0
camera-mattarellum-1993-corrected,CALABRIA,5,CASTIGLIONE COSENTINO,whole,,309,CASTIGLIONE COSENTINO,1.0
camera-mattarellum-1993-corrected,CALABRIA,5,CASTROLIBERO,whole,,309,CASTROLIBERO,1.0
camera-mattarellum-1993-corrected,CALABRIA,5,CELICO,whole,,309,CELICO,1.0
camera-mattarellum-1993-corrected,CALABRIA,5,CERISANO,whole,,309,CERISANO,1.0
camera-mattarellum-1993-corrected,CALABRIA,5,FIGLINE VEGLIATURO,whole,,309,FIGLINE VEGLIATURO,1.0
camera-mattarellum-1993-corrected,CALABRIA,5,LAPPANO,whole,,309,LAPPAHNO,0.875
camera-mattarellum-1993-corrected,CALABRIA,5,LUZZI,whole,,309,LUZZI,1.0
camera-mattarellum-1993-corrected,CALABRIA,5,MARANO MARCHESATO,whole,,309,MARANO MARCHESATO,1.0
camera-mattarellum-1993-corrected,CALABRIA,5,MARANO PRINCIPATO,whole,,309,MARANO PRINCIPATO,1.0
camera-mattarellum-1993-corrected,CALABRIA,5,MENDICINO,whole,,309,MENDICINO,1.0
camera-mattarellum-1993-corrected,CALABRIA,5,MONTALTO UFFUGO,whole,,309,MONTALTO UFFUGO,1.0
camera-mattarellum-1993-corrected,CALABRIA,5,PEDACE,whole,,309,PEDACE,1.0
camera-mattarellum-1993-corrected,CALABRIA,5,PIANE CRATI,whole,,309,PIANE CRATI,1.0
camera-mattarellum-1993-corrected,CALABRIA,5,PIETRAFITTA,whole,,310,PIETRAFITTA,1.0
camera-mattarellum-1993-corrected,CALABRIA,5,RENDE,whole,,310,RENDE,1.0
camera-mattarellum-1993-corrected,CALABRIA,5,ROSE,whole,,310,ROSE,1.0
camera-mattarellum-1993-corrected,CALABRIA,5,ROVITO,whole,,310,ROViTO,1.0
camera-mattarellum-1993-corrected,CALABRIA,5,SAN FILI,whole,,310,SAN FILI,1.0
camera-mattarellum-1993-corrected,CALABRIA,5,SAN PIETRO IN GUARANO,whole,,310,SAN PIETRO IN GUARANO,1.0
camera-mattarellum-1993-corrected,CALABRIA,5,SAN VINCENZO LA COSTA,whole,,310,SAN VINCENZO LA COSTA,1.0
camera-mattarellum-1993-corrected,CALABRIA,5,SERRA PEDACE,whole,,310,SERRA PEÉBDACE,0.917
camera-mattarellum-1993-corrected,CALABRIA,5,SPEZZANO DELLA SILA,whole,,310,SPEZZANO DELLA SILA,1.0
camera-mattarellum-1993-corrected,CALABRIA,5,SPEZZANO PICCOLO,whole,,310,SPEZZANO PICCOLO,1.0
camera-mattarellum-1993-corrected,CALABRIA,5,TRENTA,whole,,310,TRENTA,1.0
camera-mattarellum-1993-corrected,CALABRIA,5,ZUMPANO,whole,,310,ZUHP ANO,1.0
camera-mattarellum-1993-corrected,CALABRIA,6,AIELLO CALABRO,whole,,310,AIELLO CALABRO,1.0
camera-mattarellum-1993-corrected,CALABRIA,6,ALTILIA,whole,,310,ALTILIA,1.0
camera-mattarellum-1993-corrected,CALABRIA,6,BELSITO,whole,,310,BELSITO,1.0
camera-mattarellum-1993-corrected,CALABRIA,6,BIANCHI,whole,,310,BIANCHI,1.0
camera-mattarellum-1993-corrected,CALABRIA,6,CAROLEI,whole,,310,CAROLE i,1.0
camera-mattarellum-1993-corrected,CALABRIA,6,CARPANZANO,whole,,310,CARPANZANO,1.0
camera-mattarellum-1993-corrected,CALABRIA,6,CELLARA,whole,,310,CELLARA,1.0
camera-mattarellum-1993-corrected,CALABRIA,6,COLOSIMI,whole,,310,COLOSINI,0.875
camera-mattarellum-1993-corrected,CALABRIA,6,COSENZA,whole,,310,COSENZA,1.0
camera-mattarellum-1993-corrected,CALABRIA,6,DIPIGNANO,whole,,310,DIP IGNANO,1.0
camera-mattarellum-1993-corrected,CALABRIA,6,DOMANICO,whole,,310,DOMANITTO,0.778
camera-mattarellum-1993-corrected,CALABRIA,6,GRIMALDI,whole,,310,GRIMALDI,1.0
camera-mattarellum-1993-corrected,CALABRIA,6,LAGO,whole,,310,LAGO,1.0
camera-mattarellum-1993-corrected,CALABRIA,6,MALITO,whole,,310,MALITO,1.0
camera-mattarellum-1993-corrected,CALABRIA,6,MANGONE,whole,,310,MANGONE,1.0
camera-mattarellum-1993-corrected,CALABRIA,6,MARZI,whole,,310,MARZI,1.0
camera-mattarellum-1993-corrected,CALABRIA,6,PANETTIERI,whole,,310,PANE TTIERI,1.0
camera-mattarellum-1993-corrected,CALABRIA,6,PARENTI,whole,,310,PARENTI,1.0
camera-mattarellum-1993-corrected,CALABRIA,6,PATERNO CALABRO,whole,,310,PATERNO CALABRO,1.0
camera-mattarellum-1993-corrected,CALABRIA,6,PEDIVIGLIANO,whole,,310,PEDIVIGLI1ANO,0.923
camera-mattarellum-1993-corrected,CALABRIA,6,ROGLIANO,whole,,310,ROGL TANO,0.875
camera-mattarellum-1993-corrected,CALABRIA,6,SANTO STEFANO DI ROGLIANO,whole,,310,SANTO STEFANO DI ROGLIANO,1.0
camera-mattarellum-1993-corrected,CALABRIA,6,SCIGLIANO,whole,,310,SCIGL1ANO,1.0
camera-mattarellum-1993-corrected,CALABRIA,7,CONFLENTI,whole,,310,CONFLENTI,1.0
camera-mattarellum-1993-corrected,CALABRIA,7,CORTALE,whole,,310,CORTALE,1.0
camera-mattarellum-1993-corrected,CALABRIA,7,CURINGA,whole,,310,CURINGA,1.0
camera-mattarellum-1993-corrected,CALABRIA,7,DECOLLATURA,whole,,310,DECOLLATURA,1.0
camera-mattarellum-1993-corrected,CALABRIA,7,FALERNA,whole,,310,FALERNA,1.0
camera-mattarellum-1993-corrected,CALABRIA,7,FEROLETO ANTICO,whole,,310,FEROLETO ANTICO,1.0
camera-mattarellum-1993-corrected,CALABRIA,7,GIZZERIA,whole,,310,GIZZERIA,1.0
camera-mattarellum-1993-corrected,CALABRIA,7,JACURSO,whole,,310,JACURSOÒ,1.0
camera-mattarellum-1993-corrected,CALABRIA,7,MAIDA,whole,,310,MAIDA,1.0
camera-mattarellum-1993-corrected,CALABRIA,7,MARTIRANO,whole,,310,MNARTIRANO,0.9
camera-mattarellum-1993-corrected,CALABRIA,7,MARTIRANO LOMBARDO,whole,,310,NMNARTIRANO LOMBARDO,0.895
camera-mattarellum-1993-corrected,CALABRIA,7,MOTTA SANTA LUCIA,whole,,310,ROTTA SANTA LUCIA,0.933
camera-mattarellum-1993-corrected,CALABRIA,7,NOCERA TIRINESE,whole,,310,NOCERA TIRINESE,1.0
camera-mattarellum-1993-corrected,CALABRIA,7,PIANOPOLI,whole,,310,PIANDPOLI,0.889
camera-mattarellum-1993-corrected,CALABRIA,7,PLATANIA,whole,,310,PLATANIA,1.0
camera-mattarellum-1993-corrected,CALABRIA,7,SAN MANGO D'AQUINO,whole,,310,SAN HANGO D'AQUINO,1.0
camera-mattarellum-1993-corrected,CALABRIA,7,SAN PIETRO A MAIDA,whole,,310,SAN PIETRO A MAIDA,1.0
camera-mattarellum-1993-corrected,CALABRIA,7,SOVERIA MANNELLI,whole,,310,SOVERIA MANNELLI,1.0
camera-mattarellum-1993-corrected,CALABRIA,7,LAMEZIA TERME,whole,,310,LAMEZIA TERME,1.0
camera-mattarellum-1993-corrected,CALABRIA,8,AMARONI,whole,,310,AMARONI,1.0
camera-mattarellum-1993-corrected,CALABRIA,8,BORGIA,whole,,310,BORGIA,1.0
camera-mattarellum-1993-corrected,CALABRIA,8,CARAFFA DI CATANZARO,whole,,310,CARAFFA DI CATANZARO,1.0
camera-mattarellum-1993-corrected,CALABRIA,8,CATANZARO,whole,,310,CATANZARO,1.0
camera-mattarellum-1993-corrected,CALABRIA,8,GIRIFALCO,whole,,310,GIRIFALCO,1.0
camera-mattarellum-1993-corrected,CALABRIA,8,SAN FLORO,whole,,311,SAN FLORO,1.0
camera-mattarellum-1993-corrected,CALABRIA,8,SIMERI CRICHI,whole,,311,SIHERI CRICHI,1.0
camera-mattarellum-1993-corrected,CALABRIA,8,SOVERIA SIMERI,whole,,311,SOVERIA SIMERI,1.0
camera-mattarellum-1993-corrected,CALABRIA,8,SQUILLACE,whole,,311,SQUILLACE,1.0
camera-mattarellum-1993-corrected,CALABRIA,8,STALETTI,whole,,311,STALETTI,1.0
camera-mattarellum-1993-corrected,CALABRIA,9,ALBI,whole,,311,ALBI,1.0
camera-mattarellum-1993-corrected,CALABRIA,9,AMATO,whole,,311,AMATO,1.0
camera-mattarellum-1993-corrected,CALABRIA,9,ANDALI,whole,,311,ANDAL I,0.833
camera-mattarellum-1993-corrected,CALABRIA,9,BELCASTRO,whole,,311,BELCASTRO,1.0
camera-mattarellum-1993-corrected,CALABRIA,9,BOTRICELLO,whole,,311,BOTRICELLO,1.0
camera-mattarellum-1993-corrected,CALABRIA,9,CARLOPOLI,whole,,311,CARLOPGOLT,0.8
camera-mattarellum-1993-corrected,CALABRIA,9,CERVA,whole,,311,CERYA,0.8
camera-mattarellum-1993-corrected,CALABRIA,9,CICALA,whole,,311,CICALA,1.0
camera-mattarellum-1993-corrected,CALABRIA,9,CROPANI,whole,,311,CROPANI,1.0
camera-mattarellum-1993-corrected,CALABRIA,9,FOSSATO SERRALTA,whole,,311,FOSSATO SERRALTA,1.0
camera-mattarellum-1993-corrected,CALABRIA,9,GIMIGLIANO,whole,,311,GIMIGLIANO,1.0
camera-mattarellum-1993-corrected,CALABRIA,9,MAGISANO,whole,,311,MAGISANO,1.0
camera-mattarellum-1993-corrected,CALABRIA,9,MARCEDUSA,whole,,311,MARCE DUSA,1.0
camera-mattarellum-1993-corrected,CALABRIA,9,MARCELLINARA,whole,,311,MARCELLINARA,1.0
camera-mattarellum-1993-corrected,CALABRIA,9,MIGLIERINA,whole,,311,MIGLIERINA,1.0
camera-mattarellum-1993-corrected,CALABRIA,9,PENTONE,whole,,311,PENTONE,1.0
camera-mattarellum-1993-corrected,CALABRIA,9,PETRONA',whole,,311,PETRONA*!,1.0
camera-mattarellum-1993-corrected,CALABRIA,9,SAN PIETRO APOSTOLO,whole,,311,SAN PIETRO APOSTOLG,0.941
camera-mattarellum-1993-corrected,CALABRIA,9,SELLIA,whole,,311,SELLITIA,0.75
camera-mattarellum-1993-corrected,CALABRIA,9,SELLIA MARINA,whole,,311,SELLIA MARINA,1.0
camera-mattarellum-1993-corrected,CALABRIA,9,SERRASTRETTA,whole,,311,SERRASTRETTA,1.0
camera-mattarellum-1993-corrected,CALABRIA,9,SERSALE,whole,,311,SERSALE,1.0
camera-mattarellum-1993-corrected,CALABRIA,9,SETTINGIANO,whole,,311,SETTINGIANO,1.0
camera-mattarellum-1993-corrected,CALABRIA,9,SORBO SAN BASILE,whole,,311,SORBO SAN BASILE,1.0
camera-mattarellum-1993-corrected,CALABRIA,9,TAVERNA,whole,,311,TAVERNA,1.0
camera-mattarellum-1993-corrected,CALABRIA,9,TIRIOLO,whole,,311,TIRIOLO,1.0
camera-mattarellum-1993-corrected,CALABRIA,9,ZAGARISE,whole,,311,ZAGARISE,1.0
camera-mattarellum-1993-corrected,CALABRIA,9,COTRONEI,whole,,311,COTRONEL,0.875
camera-mattarellum-1993-corrected,CALABRIA,9,CUTRO,whole,,311,CUTRGO,0.833
camera-mattarellum-1993-corrected,CALABRIA,9,ISOLA DI CAPO RIZZUTO,whole,,311,ISOLA DI CAPO RIZZUTO,1.0
camera-mattarellum-1993-corrected,CALABRIA,9,MESORACA,whole,,311,MESORACA,1.0
camera-mattarellum-1993-corrected,CALABRIA,9,PETILIA POLICASTRO,whole,,311,PFPETILIA POLICASTRO,0.895
camera-mattarellum-1993-corrected,CALABRIA,9,ROCCABERNARDA,whole,,311,ROCCABERNARDA,1.0
camera-mattarellum-1993-corrected,CALABRIA,9,SAN MAURO MARCHESATO,whole,,311,SAN MAURO MARCHESATO,1.0
camera-mattarellum-1993-corrected,CALABRIA,9,SANTA SEVERINA,whole,,311,SANTA SEVERINA,1.0
camera-mattarellum-1993-corrected,CALABRIA,9,SCANDALE,whole,,311,SCANDALE,1.0
camera-mattarellum-1993-corrected,CALABRIA,10,BELVEDERE DI SPINELLO,whole,,311,BELVEDERE DI SPINELLO,1.0
camera-mattarellum-1993-corrected,CALABRIA,10,CACCURI,whole,,311,CACCURI,1.0
camera-mattarellum-1993-corrected,CALABRIA,10,CARFIZZI,whole,,311,CARFIZZI,1.0
camera-mattarellum-1993-corrected,CALABRIA,10,CASABONA,whole,,311,CASABONA,1.0
camera-mattarellum-1993-corrected,CALABRIA,10,CASTELSILANO,whole,,311,CASTELSILANO,1.0
camera-mattarellum-1993-corrected,CALABRIA,10,CERENZIA,whole,,311,CERENZIA,1.0
camera-mattarellum-1993-corrected,CALABRIA,10,CIRO',whole,,311,CIRO*,1.0
camera-mattarellum-1993-corrected,CALABRIA,10,CIRO' MARINA,whole,,311,CIRO! MARINA,1.0
camera-mattarellum-1993-corrected,CALABRIA,10,CROTONE,whole,,311,CROTONE,1.0
camera-mattarellum-1993-corrected,CALABRIA,10,CRUCOLI,whole,,311,CRUCOLIE,0.875
camera-mattarellum-1993-corrected,CALABRIA,10,MELISSA,whole,,311,MELISSA,1.0
camera-mattarellum-1993-corrected,CALABRIA,10,PALLAGORIO,whole,,311,PALLAGORIO,1.0
camera-mattarellum-1993-corrected,CALABRIA,10,ROCCA DI NETO,whole,,311,ROCCA DI NE TO,1.0
camera-mattarellum-1993-corrected,CALABRIA,10,SAN NICOLA DELL'ALTO,whole,,311,SAN NICOLA DELL'ALTO,1.0
camera-mattarellum-1993-corrected,CALABRIA,10,SAVELLI,whole,,311,SAVELLI,1.0
camera-mattarellum-1993-corrected,CALABRIA,10,STRONGOLI,whole,,311,STRONGOL I,0.889
camera-mattarellum-1993-corrected,CALABRIA,10,UMBRIATICO,whole,,311,UMBRIATICO,1.0
camera-mattarellum-1993-corrected,CALABRIA,10,VERZINO,whole,,311,VERZINO,1.0
camera-mattarellum-1993-corrected,CALABRIA,11,ACQUARO,whole,,311,ACQUARO,1.0
camera-mattarellum-1993-corrected,CALABRIA,11,BRIATICO,whole,,311,BRIATICO,1.0
camera-mattarellum-1993-corrected,CALABRIA,11,CESSANITI,whole,,312,CESSANITI,1.0
camera-mattarellum-1993-corrected,CALABRIA,11,DINAMI,whole,,312,DINAMI,1.0
camera-mattarellum-1993-corrected,CALABRIA,11,DRAPIA,whole,,312,DRAPIA,1.0
camera-mattarellum-1993-corrected,CALABRIA,11,FILANDARI,whole,,312,FI1ILANDARI,0.818
camera-mattarellum-1993-corrected,CALABRIA,11,FRANCICA,whole,,312,FRANCICA,1.0
camera-mattarellum-1993-corrected,CALABRIA,11,IONADI,whole,,312,TONADI,0.833
camera-mattarellum-1993-corrected,CALABRIA,11,JOPPOLO,whole,,312,JOPPOLO,1.0
camera-mattarellum-1993-corrected,CALABRIA,11,LIMBADI,whole,,312,LIMBADI,1.0
camera-mattarellum-1993-corrected,CALABRIA,11,MAIERATO,whole,,312,MHAIERATO,0.889
camera-mattarellum-1993-corrected,CALABRIA,11,MILETO,whole,,312,MILETO,1.0
camera-mattarellum-1993-corrected,CALABRIA,11,NICOTERA,whole,,312,NICOTERA,1.0
camera-mattarellum-1993-corrected,CALABRIA,11,PARGHELIA,whole,,312,PARGHEL IA,1.0
camera-mattarellum-1993-corrected,CALABRIA,11,PIZZO,whole,,312,PIZZO,1.0
camera-mattarellum-1993-corrected,CALABRIA,11,RICADI,whole,,312,RICABDI,0.857
camera-mattarellum-1993-corrected,CALABRIA,11,ROMBIOLO,whole,,312,ROMB1OLO,1.0
camera-mattarellum-1993-corrected,CALABRIA,11,SAN CALOGERO,whole,,312,SAN CALOGERO,1.0
camera-mattarellum-1993-corrected,CALABRIA,11,SAN COSTANTINO CALABRO,whole,,312,SAN COSTANTINO CALABRO,1.0
camera-mattarellum-1993-corrected,CALABRIA,11,SAN GREGORIO D'IPPONA,whole,,312,SAN GREGORIO D*'IPPONA,1.0
camera-mattarellum-1993-corrected,CALABRIA,11,SANT'ONOFRIO,whole,,312,SANT'ONOFRIO,1.0
camera-mattarellum-1993-corrected,CALABRIA,11,SPILINGA,whole,,312,SPILINGA,1.0
camera-mattarellum-1993-corrected,CALABRIA,11,STEFANACONI,whole,,312,STEFANACONI,1.0
camera-mattarellum-1993-corrected,CALABRIA,11,TROPEA,whole,,312,TROPEA,1.0
camera-mattarellum-1993-corrected,CALABRIA,11,VIBO VALENTIA,whole,,312,VIBO VALENTIA,1.0
camera-mattarellum-1993-corrected,CALABRIA,11,ZACCANOPOLI,whole,,312,ZACCANOPOLEI,0.917
camera-mattarellum-1993-corrected,CALABRIA,11,ZAMBRONE,whole,,312,ZAMBRONE,1.0
camera-mattarellum-1993-corrected,CALABRIA,11,ZUNGRI,whole,,312,ZUNGRI,1.0
camera-mattarellum-1993-corrected,CALABRIA,12,ARGUSTO,whole,,312,ARGUSTO,1.0
camera-mattarellum-1993-corrected,CALABRIA,12,BADOLATO,whole,,312,BADOLATO,1.0
camera-mattarellum-1993-corrected,CALABRIA,12,CARDINALE,whole,,312,CARDINALE,1.0
camera-mattarellum-1993-corrected,CALABRIA,12,CENADI,whole,,312,CENADI,1.0
camera-mattarellum-1993-corrected,CALABRIA,12,CENTRACHE,whole,,312,CENTRACHE,1.0
camera-mattarellum-1993-corrected,CALABRIA,12,CHIARAVALLE CENTRALE,whole,,312,CHIARAVALLE CENTRALE,1.0
camera-mattarellum-1993-corrected,CALABRIA,12,DAVOLI,whole,,312,DAVOLI,1.0
camera-mattarellum-1993-corrected,CALABRIA,12,GAGLIATO,whole,,312,GAGLIATO,1.0
camera-mattarellum-1993-corrected,CALABRIA,12,GASPERINA,whole,,312,GASPER INA,1.0
camera-mattarellum-1993-corrected,CALABRIA,12,GUARDAVALLE,whole,,312,GUARDAVALLE,1.0
camera-mattarellum-1993-corrected,CALABRIA,12,ISCA SULLO IONIO,whole,,312,ISCA SULLO IONTO,0.929
camera-mattarellum-1993-corrected,CALABRIA,12,MONTAURO,whole,,312,MONTAURO,1.0
camera-mattarellum-1993-corrected,CALABRIA,12,MONTEPAONE,whole,,312,MHMONTEPAONE,0.833
camera-mattarellum-1993-corrected,CALABRIA,12,OLIVADI,whole,,312,OL IVADI,1.0
camera-mattarellum-1993-corrected,CALABRIA,12,PALERMITI,whole,,312,PALERMITI,1.0
camera-mattarellum-1993-corrected,CALABRIA,12,PETRIZZI,whole,,312,PETRIZZI,1.0
camera-mattarellum-1993-corrected,CALABRIA,12,SAN SOSTENE,whole,,312,SAN SUOSTENE,0.909
camera-mattarellum-1993-corrected,CALABRIA,12,SANTA CATERINA DELLO IONIO,whole,,312,SANTA CATERINA DELLO IGNIO,0.957
camera-mattarellum-1993-corrected,CALABRIA,12,SANT'ANDREA APOSTOLO DELLO IONIO,whole,,312,SANT*ANDREA APOSTOLO DELLO IONIO,1.0
camera-mattarellum-1993-corrected,CALABRIA,12,SAN VITO SULLO IONIO,whole,,312,SAN VITO SULLO IONITO,0.944
camera-mattarellum-1993-corrected,CALABRIA,12,SATRIANO,whole,,312,SATRIANO,1.0
camera-mattarellum-1993-corrected,CALABRIA,12,SOVERATO,whole,,312,SOVERATO,1.0
camera-mattarellum-1993-corrected,CALABRIA,12,TORRE DI RUGGIERO,whole,,312,TORRE DI RUGGIERO,1.0
camera-mattarellum-1993-corrected,CALABRIA,12,VALLEFIORITA,whole,,312,VALLEFIORITA,1.0
camera-mattarellum-1993-corrected,CALABRIA,12,ARENA,whole,,312,ARENA,1.0
camera-mattarellum-1993-corrected,CALABRIA,12,BROGNATURO,whole,,312,BROGNATURO,1.0
camera-mattarellum-1993-corrected,CALABRIA,12,CAPISTRANO,whole,,312,CAPISTRANO,1.0
camera-mattarellum-1993-corrected,CALABRIA,12,DASA',whole,,312,DASA*',1.0
camera-mattarellum-1993-corrected,CALABRIA,12,FABRIZIA,whole,,312,FABRIZIA,1.0
camera-mattarellum-1993-corrected,CALABRIA,12,FILADELFIA,whole,,312,FILADELFIA,1.0
camera-mattarellum-1993-corrected,CALABRIA,12,FILOGASO,whole,,312,FIL OGASO,1.0
camera-mattarellum-1993-corrected,CALABRIA,12,FRANCAVILLA ANGITOLA,whole,,312,FRANCAVILLA ANGITOLA,1.0
camera-mattarellum-1993-corrected,CALABRIA,12,GEROCARNE,whole,,312,GEROCARNE,1.0
camera-mattarellum-1993-corrected,CALABRIA,12,MONGIANA,whole,,312,HONGIANA,1.0
camera-mattarellum-1993-corrected,CALABRIA,12,MONTEROSSO CALABRO,whole,,312,MONTEROSSO CALABRO,1.0
camera-mattarellum-1993-corrected,CALABRIA,12,NARDODIPACE,whole,,312,NARDODIPACE,1.0
camera-mattarellum-1993-corrected,CALABRIA,12,PIZZONI,whole,,312,PIZZONI,1.0
camera-mattarellum-1993-corrected,CALABRIA,12,POLIA,whole,,312,POLIA,1.0
camera-mattarellum-1993-corrected,CALABRIA,12,SAN NICOLA DA CRISSA,whole,,312,SAN NICOLA DA CRISSA,1.0
camera-mattarellum-1993-corrected,CALABRIA,12,SERRA SAN BRUNO,whole,,312,SERRA SAN BRUNO,1.0
camera-mattarellum-1993-corrected,CALABRIA,12,SIMBARIO,whole,,313,SIMBARI1O,0.889
camera-mattarellum-1993-corrected,CALABRIA,12,SORIANELLO,whole,,313,SORTANELLO,0.9
camera-mattarellum-1993-corrected,CALABRIA,12,SORIANO CALABRO,whole,,313,SORTANO CALABRO,0.929
camera-mattarellum-1993-corrected,CALABRIA,12,SPADOLA,whole,,313,SPADOLA,1.0
camera-mattarellum-1993-corrected,CALABRIA,12,VALLELONGA,whole,,313,VALLELONGA,1.0
camera-mattarellum-1993-corrected,CALABRIA,12,VAZZANO,whole,,313,VAZZANO,1.0
camera-mattarellum-1993-corrected,CALABRIA,13,AGNANA CALABRA,whole,,313,AGNANA CALABRA,1.0
camera-mattarellum-1993-corrected,CALABRIA,13,ANOIA,whole,,313,ANDOIA,0.833
camera-mattarellum-1993-corrected,CALABRIA,13,BIVONGI,whole,,313,BIVONGI,1.0
camera-mattarellum-1993-corrected,CALABRIA,13,CAMINI,whole,,313,CAMINI,1.0
camera-mattarellum-1993-corrected,CALABRIA,13,CANDIDONI,whole,,313,CANDIDONI,1.0
camera-mattarellum-1993-corrected,CALABRIA,13,CAULONIA,whole,,313,CAULUNIA,0.875
camera-mattarellum-1993-corrected,CALABRIA,13,CINQUEFRONDI,whole,,313,CINQUEFRONDI,1.0
camera-mattarellum-1993-corrected,CALABRIA,13,FEROLETO DELLA CHIESA,whole,,313,FEROLETO DELLA CHIESA,1.0
camera-mattarellum-1993-corrected,CALABRIA,13,GALATRO,whole,,313,GALATRO,1.0
camera-mattarellum-1993-corrected,CALABRIA,13,GIFFONE,whole,,313,GIFFONE,1.0
camera-mattarellum-1993-corrected,CALABRIA,13,GIOIOSA IONICA,whole,,313,GIOIOSA IONICA,1.0
camera-mattarellum-1993-corrected,CALABRIA,13,GROTTERIA,whole,,313,GROTTERIA,1.0
camera-mattarellum-1993-corrected,CALABRIA,13,LAUREANA DI BORRELLO,whole,,313,LAUREANA DI BORRELLO,1.0
camera-mattarellum-1993-corrected,CALABRIA,13,MAMMOLA,whole,,313,MAMMOLA,1.0
camera-mattarellum-1993-corrected,CALABRIA,13,MARINA DI GIOIOSA IONICA,whole,,313,MARINA DI GIOIOSA IONICA,1.0
camera-mattarellum-1993-corrected,CALABRIA,13,MAROPATI,whole,,313,MAROPATI,1.0
camera-mattarellum-1993-corrected,CALABRIA,13,MARTONE,whole,,313,HAR TONE,1.0
camera-mattarellum-1993-corrected,CALABRIA,13,MONASTERACE,whole,,313,MONASTERACE,1.0
camera-mattarellum-1993-corrected,CALABRIA,13,PAZZANO,whole,,313,PAZZANO,1.0
camera-mattarellum-1993-corrected,CALABRIA,13,PLACANICA,whole,,313,PLACANICA,1.0
camera-mattarellum-1993-corrected,CALABRIA,13,POLISTENA,whole,,313,POL ISTENA,1.0
camera-mattarellum-1993-corrected,CALABRIA,13,RIACE,whole,,313,RIACE,1.0
camera-mattarellum-1993-corrected,CALABRIA,13,ROCCELLA IONICA,whole,,313,ROCCELLA IONICA,1.0
camera-mattarellum-1993-corrected,CALABRIA,13,SAN GIOVANNI DI GERACE,whole,,313,SAN GIOVANNI DI GERACE,1.0
camera-mattarellum-1993-corrected,CALABRIA,13,SAN PIETRO DI CARIDA',whole,,313,SAN PIETRO DI CARIDA*,1.0
camera-mattarellum-1993-corrected,CALABRIA,13,SERRATA,whole,,313,SERRATA,1.0
camera-mattarellum-1993-corrected,CALABRIA,13,SIDERNO,whole,,313,SIDERNO,1.0
camera-mattarellum-1993-corrected,CALABRIA,13,STIGNANO,whole,,313,STIGNANO,1.0
camera-mattarellum-1993-corrected,CALABRIA,13,STILO,whole,,313,STILO,1.0
camera-mattarellum-1993-corrected,CALABRIA,14,AFRICO,whole,,313,AFRICO,1.0
camera-mattarellum-1993-corrected,CALABRIA,14,ANTONIMINA,whole,,313,ANTONIMINA,1.0
camera-mattarellum-1993-corrected,CALABRIA,14,ARDORE,whole,,313,ARDORE,1.0
camera-mattarellum-1993-corrected,CALABRIA,14,BAGALADI,whole,,313,BAGALADI,1.0
camera-mattarellum-1993-corrected,CALABRIA,14,BENESTARE,whole,,313,BENESTARE,1.0
camera-mattarellum-1993-corrected,CALABRIA,14,BIANCO,whole,,313,BIANCO,1.0
camera-mattarellum-1993-corrected,CALABRIA,14,BOVA,whole,,313,BOVA,1.0
camera-mattarellum-1993-corrected,CALABRIA,14,BOVALINO,whole,,313,BOVAL INO,1.0
camera-mattarellum-1993-corrected,CALABRIA,14,BOVA MARINA,whole,,313,BOVA MARINA,1.0
camera-mattarellum-1993-corrected,CALABRIA,14,BRANCALEONE,whole,,313,BRANCALEONE,1.0
camera-mattarellum-1993-corrected,CALABRIA,14,BRUZZANO ZEFFIRIO,whole,,313,BRUZZANO ZEFFIRIO,1.0
camera-mattarellum-1993-corrected,CALABRIA,14,CANOLO,whole,,313,CANOLO,1.0
camera-mattarellum-1993-corrected,CALABRIA,14,CARAFFA DEL BIANCO,whole,,313,CARAFFA DEL BIANCO,1.0
camera-mattarellum-1993-corrected,CALABRIA,14,CARDETO,whole,,313,CARDE TO,1.0
camera-mattarellum-1993-corrected,CALABRIA,14,CARERI,whole,,313,CARERI,1.0
camera-mattarellum-1993-corrected,CALABRIA,14,CASIGNANA,whole,,313,CASIGNANA,1.0
camera-mattarellum-1993-corrected,CALABRIA,14,CIMINA',whole,,313,CIMINA*,1.0
camera-mattarellum-1993-corrected,CALABRIA,14,CONDOFURI,whole,,313,CONDOFURI,1.0
camera-mattarellum-1993-corrected,CALABRIA,14,FERRUZZANO,whole,,313,FERRUZZANO,1.0
camera-mattarellum-1993-corrected,CALABRIA,14,GERACE,whole,,313,GERACE,1.0
camera-mattarellum-1993-corrected,CALABRIA,14,LOCRI,whole,,313,LOCRI,1.0
camera-mattarellum-1993-corrected,CALABRIA,14,MELITO DI PORTO SALVO,whole,,313,MELITO DI PORTO SALVO,1.0
camera-mattarellum-1993-corrected,CALABRIA,14,MONTEBELLO IONICO,whole,,313,MONTEBELLO IONICO,1.0
camera-mattarellum-1993-corrected,CALABRIA,14,MOTTA SAN GIOVANNI,whole,,313,MOTTA SAN GIOVANNI,1.0
camera-mattarellum-1993-corrected,CALABRIA,14,PALIZZI,whole,,313,PALIZZI,1.0
camera-mattarellum-1993-corrected,CALABRIA,14,PLATI',whole,,313,PLATI*,1.0
camera-mattarellum-1993-corrected,CALABRIA,14,PORTIGLIOLA,whole,,313,PORTIGLIOLA,1.0
camera-mattarellum-1993-corrected,CALABRIA,14,ROCCAFORTE DEL GRECO,whole,,313,RUCCAFGORTE DEL GRECO,0.895
camera-mattarellum-1993-corrected,CALABRIA,14,ROGHUDI,whole,,314,RUGHUDI,0.857
camera-mattarellum-1993-corrected,CALABRIA,14,SAMO,whole,,314,SAMO,1.0
camera-mattarellum-1993-corrected,CALABRIA,14,SAN LORENZO,whole,,314,SAN LORENZO,1.0
camera-mattarellum-1993-corrected,CALABRIA,14,SAN LUCA,whole,,314,SAN LUCA,1.0
camera-mattarellum-1993-corrected,CALABRIA,14,SANT'AGATA DEL BIANCO,whole,,314,SANT'AGATA DEL BIANCO,1.0
camera-mattarellum-1993-corrected,CALABRIA,14,SANT'ILARIO DELLO IONIO,whole,,314,SANT*1ILARIO DELLO ITONIO,0.909
camera-mattarellum-1993-corrected,CALABRIA,14,STAITI,whole,,314,STAILITI,0.75
camera-mattarellum-1993-corrected,CALABRIA,15,REGGIO CALABRIA,zone,CENTRO STORICO,314,{ RC-CENTRO STORICO 2,1.0
camera-mattarellum-1993-corrected,CALABRIA,15,REGGIO CALABRIA,zone,EREMO-TRE MOLINI-PI,314,( RC-EREMO-TRE MOLINI-PI,1.0
camera-mattarellum-1993-corrected,CALABRIA,15,REGGIO CALABRIA,zone,SANTA CATERINA-VITO,314,{( RC-SANTA CATERINA-VITO },1.0
camera-mattarellum-1993-corrected,CALABRIA,15,REGGIO CALABRIA,zone,CONDERA-TRABOCCHETT,314,{ RC-CONDERA-TRABOCCHETT >,1.0
camera-mattarellum-1993-corrected,CALABRIA,15,REGGIO CALABRIA,zone,SBARRE S7TADIO-GEBBI,314,{ RC-SBARRE S7TADIO-GEBBI è,1.0
camera-mattarellum-1993-corrected,CALABRIA,15,REGGIO CALABRIA,zone,SBARRE CENTRALI-LOR,314,C RC-SBARRE CENTRALI-LOR },1.0
camera-mattarellum-1993-corrected,CALABRIA,15,REGGIO CALABRIA,zone,MODENA-FOSPERATO-SA,314,{ RC-MODENA-FOSPERATO-SA ),1.0
camera-mattarellum-1993-corrected,CALABRIA,15,REGGIO CALABRIA,zone,ARCHI,314,CU RC-ARCHI },1.0
camera-mattarellum-1993-corrected,CALABRIA,16,BAGNARA CALABRA,whole,,314,BAGNARA CALABRA,1.0
camera-mattarellum-1993-corrected,CALABRIA,16,CALANNA,whole,,314,CALANNA,1.0
camera-mattarellum-1993-corrected,CALABRIA,16,CAMPO CALABRO,whole,,314,CAMPO CALABRO,1.0
camera-mattarellum-1993-corrected,CALABRIA,16,COSOLETO,whole,,314,COSOLE TO,1.0
camera-mattarellum-1993-corrected,CALABRIA,16,DELIANUOVA,whole,,314,DELITANUOVA,0.909
camera-mattarellum-1993-corrected,CALABRIA,16,FIUMARA,whole,,314,FIUMARA,1.0
camera-mattarellum-1993-corrected,CALABRIA,16,LAGANADI,whole,,314,LAGANADI,1.0
camera-mattarellum-1993-corrected,CALABRIA,16,MELICUCCA',whole,,314,MEL ICUCCA*,1.0
camera-mattarellum-1993-corrected,CALABRIA,16,REGGIO CALABRIA,zone,CATONA-ROSALI-VILLA,314,{ RC-CATONA-ROSALI-VILLA 2),1.0
camera-mattarellum-1993-corrected,CALABRIA,16,REGGIO CALABRIA,zone,GALLICO-SAMBATELLO,314,{ RC-GALLICO-SAMBATELLO- 2,1.0
camera-mattarellum-1993-corrected,CALABRIA,16,REGGIO CALABRIA,zone,TERRETI-OQORT1,314,"{ RC-TERRETI-OQORT1""",1.0
camera-mattarellum-1993-corrected,CALABRIA,16,REGGIO CALABRIA,zone,CANNAVO'-MOZZORROFA,314,( RC-CANNAVO'-MOZZORROFA ),1.0
camera-mattarellum-1993-corrected,CALABRIA,16,REGGIO CALABRIA,zone,RAVAGNESE,314,€ RC-RAVAGNESE ),1.0
camera-mattarellum-1993-corrected,CALABRIA,16,REGGIO CALABRIA,zone,GALLINA,314,{ RC-GALLINA ),1.0
camera-mattarellum-1993-corrected,CALABRIA,16,REGGIO CALABRIA,zone,PELLARO,314,{ RC-PELLARO ),1.0
camera-mattarellum-1993-corrected,CALABRIA,16,SAN PROCOPIO,whole,,314,SAN PROCCOPIO,0.917
camera-mattarellum-1993-corrected,CALABRIA,16,SAN ROBERTO,whole,,314,SAN ROBERTO,1.0
camera-mattarellum-1993-corrected,CALABRIA,16,SANT'ALESSIO IN ASPROMONTE,whole,,314,SANT'ALESSIO IN ASPROMONTE,1.0
camera-mattarellum-1993-corrected,CALABRIA,16,SANT'EUFEMIA D'ASPROMONTE,whole,,314,SANT'EUFENIA D'ASPROMONTE,0.955
camera-mattarellum-1993-corrected,CALABRIA,16,SANTO STEFANO IN ASPROMONTE,whole,,314,SANTO STEFANO IN ASPROMONTE,1.0
camera-mattarellum-1993-corrected,CALABRIA,16,SCILLA,whole,,314,SCILLA,1.0
camera-mattarellum-1993-corrected,CALABRIA,16,SEMINARA,whole,,314,SEMINARA,1.0
camera-mattarellum-1993-corrected,CALABRIA,16,SINOPOLI,whole,,314,SINOPOLI,1.0
camera-mattarellum-1993-corrected,CALABRIA,16,VILLA SAN GIOVANNI,whole,,314,VILLA SAN GIOVANNI,1.0
camera-mattarellum-1993-corrected,CALABRIA,17,CITTANOVA,whole,,314,CITTANOVA,1.0
camera-mattarellum-1993-corrected,CALABRIA,17,GIOIA TAURO,whole,,314,GIOIA TAURO,1.0
camera-mattarellum-1993-corrected,CALABRIA,17,MELICUCCO,whole,,314,MEL ICUCCO,1.0
camera-mattarellum-1993-corrected,CALABRIA,17,MOLOCHIO,whole,,314,MOLOCHIO,1.0
camera-mattarellum-1993-corrected,CALABRIA,17,OPPIDO MAMERTINA,whole,,314,DPPIDO MAMERTINA,0.933
camera-mattarellum-1993-corrected,CALABRIA,17,PALMI,whole,,314,PALMI,1.0
camera-mattarellum-1993-corrected,CALABRIA,17,RIZZICONI,whole,,314,RIZZICONI,1.0
camera-mattarellum-1993-corrected,CALABRIA,17,ROSARNO,whole,,314,ROSARNO,1.0
camera-mattarellum-1993-corrected,CALABRIA,17,SAN GIORGIO MORGETO,whole,,314,SAN GIORGIO MORGETO,1.0
camera-mattarellum-1993-corrected,CALABRIA,17,SANTA CRISTINA D'ASPROMONTE,whole,,314,SANTA CRISTINA D'ASPROMONTE,1.0
camera-mattarellum-1993-corrected,CALABRIA,17,SCIDO,whole,,314,SCIDO,1.0
camera-mattarellum-1993-corrected,CALABRIA,17,TAURIANOVA,whole,,314,TAURIANOVA,1.0
camera-mattarellum-1993-corrected,CALABRIA,17,TERRANOVA SAPPO MINULIO,whole,,314,TERRANOVA SAPPO MINULIO,1.0
camera-mattarellum-1993-corrected,CALABRIA,17,VARAPODIO,whole,,314,VARAPODITO,0.9
camera-mattarellum-1993-corrected,CALABRIA,17,SAN FERDINANDO,whole,,314,SAN FERDINANDO,1.0
camera-mattarellum-1993-corrected,SICILIA 1,1,ERICE,whole,,315,ERICE,1.0
camera-mattarellum-1993-corrected,SICILIA 1,1,FAVIGNANA,whole,,315,FAVIGNANA,1.0
camera-mattarellum-1993-corrected,SICILIA 1,1,PACECO,whole,,315,PACECO,1.0
camera-mattarellum-1993-corrected,SICILIA 1,1,TRAPANI,whole,,315,TRAPANI,1.0
camera-mattarellum-1993-corrected,SICILIA 1,2,MARSALA,whole,,315,MARSALA,1.0
camera-mattarellum-1993-corrected,SICILIA 1,2,PANTELLERIA,whole,,315,PANTELLERTA,0.909
camera-mattarellum-1993-corrected,SICILIA 1,2,SALEMI,whole,,315,SALEMI,1.0
camera-mattarellum-1993-corrected,SICILIA 1,2,VITA,whole,,315,VITA,1.0
camera-mattarellum-1993-corrected,SICILIA 1,2,PETROSINO,whole,,315,PETROSINO,1.0
camera-mattarellum-1993-corrected,SICILIA 1,3,CAMPOBELLO DI MAZARA,whole,,315,CAMPOBELLO DI MAZARA,1.0
camera-mattarellum-1993-corrected,SICILIA 1,3,CASTELVETRANO,whole,,315,CASTELVETRANO,1.0
camera-mattarellum-1993-corrected,SICILIA 1,3,MAZARA DEL VALLO,whole,,315,MAZARA DEL VALLO,1.0
camera-mattarellum-1993-corrected,SICILIA 1,3,PARTANNA,whole,,315,PARTANNA,1.0
camera-mattarellum-1993-corrected,SICILIA 1,3,MONTEVAGO,whole,,315,MONTEYVAGO,0.9
camera-mattarellum-1993-corrected,SICILIA 1,3,SANTA MARGHERITA DI BELICE,whole,,315,SANTA MARGHERITA DI BELICE,1.0
camera-mattarellum-1993-corrected,SICILIA 1,4,ALCAMO,whole,,315,ALCAMO,1.0
camera-mattarellum-1993-corrected,SICILIA 1,4,BUSETO PALIZZOLO,whole,,315,BUSETO PAL 1ZZOLO,1.0
camera-mattarellum-1993-corrected,SICILIA 1,4,CALATAFIMI,whole,,315,CALATAF IMI,1.0
camera-mattarellum-1993-corrected,SICILIA 1,4,CASTELLAMMARE DEL GOLFO,whole,,315,CASTELLAMMARE DEL GOLFO,1.0
camera-mattarellum-1993-corrected,SICILIA 1,4,CUSTONACI,whole,,315,CUSTONACI,1.0
camera-mattarellum-1993-corrected,SICILIA 1,4,GIBELLINA,whole,,315,GIBELLINA,1.0
camera-mattarellum-1993-corrected,SICILIA 1,4,POGGIOREALE,whole,,315,POGGIOREALE,1.0
camera-mattarellum-1993-corrected,SICILIA 1,4,SALAPARUTA,whole,,315,SALAPARUTA,1.0
camera-mattarellum-1993-corrected,SICILIA 1,4,SANTA NINFA,whole,,315,SANTA NINFA,1.0
camera-mattarellum-1993-corrected,SICILIA 1,4,SAN VITO LO CAPO,whole,,315,SAN VITO LO CAPO,1.0
camera-mattarellum-1993-corrected,SICILIA 1,4,VALDERICE,whole,,315,VALDERICE,1.0
camera-mattarellum-1993-corrected,SICILIA 1,4,BALESTRATE,whole,,315,BALESTRATE,1.0
camera-mattarellum-1993-corrected,SICILIA 1,4,CAMPOREALE,whole,,315,CAMPOREALE,1.0
camera-mattarellum-1993-corrected,SICILIA 1,4,TRAPPETO,whole,,315,TRAPPETO,1.0
camera-mattarellum-1993-corrected,SICILIA 1,5,ALIA,whole,,315,ALTA,0.75
camera-mattarellum-1993-corrected,SICILIA 1,5,ALIMENA,whole,,315,AL IMENA,1.0
camera-mattarellum-1993-corrected,SICILIA 1,5,ALIMINUSA,whole,,315,AL IMINUSA,1.0
camera-mattarellum-1993-corrected,SICILIA 1,5,BOMPIETRO,whole,,315,BOMPIE TRO,1.0
camera-mattarellum-1993-corrected,SICILIA 1,5,CALTAVUTURO,whole,,315,CALTAVUTURO,1.0
camera-mattarellum-1993-corrected,SICILIA 1,5,CAMPOFELICE DI ROCCELLA,whole,,315,CAMPOFELICE DI ROCCELLA,1.0
camera-mattarellum-1993-corrected,SICILIA 1,5,CASTELBUONO,whole,,315,CASTEL BUONO,1.0
camera-mattarellum-1993-corrected,SICILIA 1,5,CASTELLANA SICULA,whole,,315,CASTELLANA SICULA,1.0
camera-mattarellum-1993-corrected,SICILIA 1,5,CEFALU',whole,,315,CEFALU*,1.0
camera-mattarellum-1993-corrected,SICILIA 1,5,CERDA,whole,,315,CERDA,1.0
camera-mattarellum-1993-corrected,SICILIA 1,5,COLLESANO,whole,,315,COLLESANO,1.0
camera-mattarellum-1993-corrected,SICILIA 1,5,GANGI,whole,,315,GANGI,1.0
camera-mattarellum-1993-corrected,SICILIA 1,5,GERACI SICULO,whole,,315,GERACI SICULO,1.0
camera-mattarellum-1993-corrected,SICILIA 1,5,GRATTERI,whole,,315,GRATTERI,1.0
camera-mattarellum-1993-corrected,SICILIA 1,5,ISNELLO,whole,,315,ISNELLO,1.0
camera-mattarellum-1993-corrected,SICILIA 1,5,LASCARI,whole,,315,LASCARI,1.0
camera-mattarellum-1993-corrected,SICILIA 1,5,MONTEMAGGIORE BELSITO,whole,,315,MONTEMAGGIORE BELSITO,1.0
camera-mattarellum-1993-corrected,SICILIA 1,5,PETRALIA SOPRANA,whole,,315,PETRALIA SOPRANA,1.0
camera-mattarellum-1993-corrected,SICILIA 1,5,PETRALIA SOTTANA,whole,,315,PETRALIA SOTTANA,1.0
camera-mattarellum-1993-corrected,SICILIA 1,5,POLIZZI GENEROSA,whole,,315,POLIZZI GENERDSA,0.933
camera-mattarellum-1993-corrected,SICILIA 1,5,POLLINA,whole,,315,POLLINA,1.0
camera-mattarellum-1993-corrected,SICILIA 1,5,SAN MAURO CASTELVERDE,whole,,316,SAN MAURO CASTELVERDE,1.0
camera-mattarellum-1993-corrected,SICILIA 1,5,SCIARA,whole,,316,SCIARA,1.0
camera-mattarellum-1993-corrected,SICILIA 1,5,SCLAFANI BAGNI,whole,,316,SCLAFANI BAGNI,1.0
camera-mattarellum-1993-corrected,SICILIA 1,5,VALLEDOLMO,whole,,316,YALLEDOLMO,0.9
camera-mattarellum-1993-corrected,SICILIA 1,5,SCILLATO,whole,,316,SCILLATO,1.0
camera-mattarellum-1993-corrected,SICILIA 1,5,BLUFI,whole,,316,BLUFT,0.8
camera-mattarellum-1993-corrected,SICILIA 1,5,RESUTTANO,whole,,316,RESUTTANO,1.0
camera-mattarellum-1993-corrected,SICILIA 1,6,BAUCINA,whole,,316,BAUCINA,1.0
camera-mattarellum-1993-corrected,SICILIA 1,6,BISACQUINO,whole,,316,BISACQUINO,1.0
camera-mattarellum-1993-corrected,SICILIA 1,6,BOLOGNETTA,whole,,316,BOLOGNETTA,1.0
camera-mattarellum-1993-corrected,SICILIA 1,6,CACCAMO,whole,,316,CACCAMO,1.0
camera-mattarellum-1993-corrected,SICILIA 1,6,CAMPOFELICE DI FITALIA,whole,,316,CAMPOFELICE DI FITALIA,1.0
camera-mattarellum-1993-corrected,SICILIA 1,6,CAMPOFIORITO,whole,,316,CAMPOFIORITO,1.0
camera-mattarellum-1993-corrected,SICILIA 1,6,CASTRONUOVO DI SICILIA,whole,,316,CASTRUNUOVO DI SICILIA,0.95
camera-mattarellum-1993-corrected,SICILIA 1,6,CEFALA' DIANA,whole,,316,CEFALA* DIANA,1.0
camera-mattarellum-1993-corrected,SICILIA 1,6,CHIUSA SCLAFANI,whole,,316,CHIUSA SCLAFANI,1.0
camera-mattarellum-1993-corrected,SICILIA 1,6,CIMINNA,whole,,316,CIMINNA,1.0
camera-mattarellum-1993-corrected,SICILIA 1,6,CONTESSA ENTELLINA,whole,,316,CONTESSA ENTELLINA,1.0
camera-mattarellum-1993-corrected,SICILIA 1,6,CORLEONE,whole,,316,CORLEONE,1.0
camera-mattarellum-1993-corrected,SICILIA 1,6,GIULIANA,whole,,316,GIULIANA,1.0
camera-mattarellum-1993-corrected,SICILIA 1,6,GODRANO,whole,,316,GOBRANO,0.857
camera-mattarellum-1993-corrected,SICILIA 1,6,LERCARA FRIDDI,whole,,316,LERCARA FRIDBI,0.923
camera-mattarellum-1993-corrected,SICILIA 1,6,MARINEO,whole,,316,MARINE O,1.0
camera-mattarellum-1993-corrected,SICILIA 1,6,MEZZOJUSO,whole,,316,HEZZOJUSO,1.0
camera-mattarellum-1993-corrected,SICILIA 1,6,PALAZZO ADRIANO,whole,,316,PALAZZO ADRIANO,1.0
camera-mattarellum-1993-corrected,SICILIA 1,6,PIANA DEGLI ALBANESI,whole,,316,PIANA DEGLI ALBANESI,1.0
camera-mattarellum-1993-corrected,SICILIA 1,6,PRIZZI,whole,,316,PRIZZI,1.0
camera-mattarellum-1993-corrected,SICILIA 1,6,ROCCAMENA,whole,,316,ROCCAMENA,1.0
camera-mattarellum-1993-corrected,SICILIA 1,6,ROCCAPALUMBA,whole,,316,ROCCAPALUMBA,1.0
camera-mattarellum-1993-corrected,SICILIA 1,6,SANTA CRISTINA GELA,whole,,316,SANTA CRISTINA GELA,1.0
camera-mattarellum-1993-corrected,SICILIA 1,6,TERMINI IMERESE,whole,,316,TERMINI IMERESE,1.0
camera-mattarellum-1993-corrected,SICILIA 1,6,VENTIMIGLIA DI SICILIA,whole,,316,VENTIMIGLIA DI SICILIA,1.0
camera-mattarellum-1993-corrected,SICILIA 1,6,VICARI,whole,,316,VICARI,1.0
camera-mattarellum-1993-corrected,SICILIA 1,6,VILLAFRATI,whole,,316,VILLAFRATI,1.0
camera-mattarellum-1993-corrected,SICILIA 1,7,ALTAVILLA MILICIA,whole,,316,ALTAVILLA MILICIA,1.0
camera-mattarellum-1993-corrected,SICILIA 1,7,BAGHERIA,whole,,316,BAGHERIA,1.0
camera-mattarellum-1993-corrected,SICILIA 1,7,BELMONTE MEZZAGNO,whole,,316,BELMONTE MEZZAGNO,1.0
camera-mattarellum-1993-corrected,SICILIA 1,7,CASTELDACCIA,whole,,316,CASTELDACCIA,1.0
camera-mattarellum-1993-corrected,SICILIA 1,7,FICARAZZI,whole,,316,FICARAZZI,1.0
camera-mattarellum-1993-corrected,SICILIA 1,7,MISILMERI,whole,,316,MISILMERI,1.0
camera-mattarellum-1993-corrected,SICILIA 1,7,SANTA FLAVIA,whole,,316,SANTA FLAVIA,1.0
camera-mattarellum-1993-corrected,SICILIA 1,7,TRABIA,whole,,316,TRABIA,1.0
camera-mattarellum-1993-corrected,SICILIA 1,7,VILLABATE,whole,,316,VILLABATE,1.0
camera-mattarellum-1993-corrected,SICILIA 1,8,ALTOFONTE,whole,,316,ALTOFONTE,1.0
camera-mattarellum-1993-corrected,SICILIA 1,8,BORGETTO,whole,,316,BORGETTO,1.0
camera-mattarellum-1993-corrected,SICILIA 1,8,CARINI,whole,,316,CARINI,1.0
camera-mattarellum-1993-corrected,SICILIA 1,8,CINISI,whole,,316,CINISI,1.0
camera-mattarellum-1993-corrected,SICILIA 1,8,GIARDINELLO,whole,,316,GIARDINELLO,1.0
camera-mattarellum-1993-corrected,SICILIA 1,8,MONREALE,whole,,316,MONREALE,1.0
camera-mattarellum-1993-corrected,SICILIA 1,8,MONTELEPRE,whole,,316,HONTELEPRE,1.0
camera-mattarellum-1993-corrected,SICILIA 1,8,PARTINICO,whole,,316,PARTINICO,1.0
camera-mattarellum-1993-corrected,SICILIA 1,8,SAN CIPIRELLO,whole,,316,SAN CIPIRELLO,1.0
camera-mattarellum-1993-corrected,SICILIA 1,8,SAN GIUSEPPE JATO,whole,,316,SAN GIUSEPPE JATO,1.0
camera-mattarellum-1993-corrected,SICILIA 1,8,TERRASINI,whole,,316,TERRASINI,1.0
camera-mattarellum-1993-corrected,SICILIA 1,9,CAPACI,whole,,316,CAPACI,1.0
camera-mattarellum-1993-corrected,SICILIA 1,9,ISOLA DELLE FEMMINE,whole,,316,ISOLA DELLE FEMMINE,1.0
camera-mattarellum-1993-corrected,SICILIA 1,9,PALERMO,zone,YOMMASO NATALE-SFER,316,( PA-YOMMASO NATALE-SFER ),1.0
camera-mattarellum-1993-corrected,SICILIA 1,9,PALERMO,zone,PARTANNA-MONDELLO,317,( PA-PARTANNA-MONDELLO >),1.0
camera-mattarellum-1993-corrected,SICILIA 1,9,PALERMO,zone,PALLAVICIND,317,{ PA-PALLAVICIND ),1.0
camera-mattarellum-1993-corrected,SICILIA 1,9,PALERMO,zone,MONTE PELLEGRINO 5,317,CC FA-MONTE PELLEGRINO 5),1.0
camera-mattarellum-1993-corrected,SICILIA 1,9,PALERMO,zone,ARENELLA-VERGINE MA,317,( PA-ARENELLA-VERGINE MA ),1.0
camera-mattarellum-1993-corrected,SICILIA 1,9,TORRETTA,whole,,317,TORRETTA,1.0
camera-mattarellum-1993-corrected,SICILIA 1,9,USTICA,whole,,317,USTICA,1.0
camera-mattarellum-1993-corrected,SICILIA 1,10,PALERMO,zone,BOCCADIFALCO,317,( PA-BOCCADIFALCO ),1.0
camera-mattarellum-1993-corrected,SICILIA 1,10,PALERMO,zone,BORGO NUOVO,317,{ PA-BORGO NUOVO ),1.0
camera-mattarellum-1993-corrected,SICILIA 1,10,PALERMO,zone,CRUILLAS-C.E.P,317,{ PA-CRUILLAS-C.E.P. ),1.0
camera-mattarellum-1993-corrected,SICILIA 1,10,PALERMO,zone,RESUTTANA-S. LORENZO,317,© PA-RESUTTANA-S. LORENZO ),1.0
camera-mattarellum-1993-corrected,SICILIA 1,11,PALERMO,zone,ZISA,317,{ PA-ZISA ),1.0
camera-mattarellum-1993-corrected,SICILIA 1,11,PALERMO,zone,NOCE,317,( PA-NOCE },1.0
camera-mattarellum-1993-corrected,SICILIA 1,11,PALERMO,zone,ALTARELLO,317,( PA-ALTARELLO ),1.0
camera-mattarellum-1993-corrected,SICILIA 1,11,PALERMO,zone,UDITORE-PASSO DI Ri 1,317,{ PA-UDITORE-PASSO DI Ri 1,1.0
camera-mattarellum-1993-corrected,SICILIA 1,12,PALERMO,zone,TR BUNALI-CASTELLAM,317,( PA-TR]BUNALI-CASTELLAM ),1.0
camera-mattarellum-1993-corrected,SICILIA 1,12,PALERMO,zone,PALAZZU RELAE-MONTE,317,( PA-PALAZZU RELAE-MONTE ),1.0
camera-mattarellum-1993-corrected,SICILIA 1,12,PALERMO,zone,MALASPINA-PALAGONIA,317,( PA-MALASPINA-PALAGONIA ),1.0
camera-mattarellum-1993-corrected,SICILIA 1,12,PALERMO,zone,LIBERTA'!,317,( PA-LIBERTA'! ),1.0
camera-mattarellum-1993-corrected,SICILIA 1,12,PALERMO,zone,POLITEAMA,317,( PA-POLITEAMA ),1.0
camera-mattarellum-1993-corrected,SICILIA 1,13,PALERMO,zone,MONTEGRAPPA-S QOSAL,317,( PA-MONTEGRAPPA-S QOSAL,1.0
camera-mattarellum-1993-corrected,SICILIA 1,13,PALERMO,zone,CUBA-CALATAFIMI,317,( PA-CUBA-CALATAFIMI ),1.0
camera-mattarellum-1993-corrected,SICILIA 1,13,PALERMO,zone,VILLAGRAZIA-FALSOMI,317,( PA-VILLAGRAZIA-FALSOMI ),1.0
camera-mattarellum-1993-corrected,SICILIA 1,13,PALERMO,zone,MEZZOMONREALE- VILLA,317,( PA-MEZZOMONREALE- VILLA ),1.0
camera-mattarellum-1993-corrected,SICILIA 1,14,PALERMO,zone,ORETO-STAZIONE,317,{ PA-ORETO-STAZIONE,1.0
camera-mattarellum-1993-corrected,SICILIA 1,14,PALERMO,zone,SETTECANNOLI,317,( PA-SETTECANNOLI },1.0
camera-mattarellum-1993-corrected,SICILIA 1,14,PALERMO,zone,BRANCACCIO-CIACULLI,317,( PA-BRANCACCIO-CIACULLI ),1.0
camera-mattarellum-1993-corrected,SICILIA 1,15,BUTERA,whole,,317,BUTERA,1.0
camera-mattarellum-1993-corrected,SICILIA 1,15,GELA,whole,,317,GELA,1.0
camera-mattarellum-1993-corrected,SICILIA 1,15,MAZZARINO,whole,,317,MAZZARINO,1.0
camera-mattarellum-1993-corrected,SICILIA 1,15,NISCEMI,whole,,317,NI1ISCEMI,0.778
camera-mattarellum-1993-corrected,SICILIA 1,15,RIESI,whole,,317,RIESI,1.0
camera-mattarellum-1993-corrected,SICILIA 1,16,BOMPENSIERE,whole,,317,BOMPENSIERE,1.0
camera-mattarellum-1993-corrected,SICILIA 1,16,CALTANISSETTA,whole,,317,CALTANISSETTA,1.0
camera-mattarellum-1993-corrected,SICILIA 1,16,MARIANOPOLI,whole,,317,MARITANOPOLI,0.917
camera-mattarellum-1993-corrected,SICILIA 1,16,MILENA,whole,,317,MILENA,1.0
camera-mattarellum-1993-corrected,SICILIA 1,16,MONTEDORO,whole,,317,MONTEDORO,1.0
camera-mattarellum-1993-corrected,SICILIA 1,16,MUSSOMELI,whole,,317,MUSSONEL I,0.778
camera-mattarellum-1993-corrected,SICILIA 1,16,SAN CATALDO,whole,,317,SAN CATALDO,1.0
camera-mattarellum-1993-corrected,SICILIA 1,16,SANTA CATERINA VILLARMOSA,whole,,317,SANTA CATERINA VILLARMOSA,1.0
camera-mattarellum-1993-corrected,SICILIA 1,16,SERRADIFALCO,whole,,317,SERRADIFALCO,1.0
camera-mattarellum-1993-corrected,SICILIA 1,16,SUTERA,whole,,317,SUTERA,1.0
camera-mattarellum-1993-corrected,SICILIA 1,16,VALLELUNGA PRATAMENO,whole,,317,VALLELUNGA PRATAMENO,1.0
camera-mattarellum-1993-corrected,SICILIA 1,16,VILLALBA,whole,,317,VILLALBA,1.0
camera-mattarellum-1993-corrected,SICILIA 1,17,CAMASTRA,whole,,317,CAMASTRA,1.0
camera-mattarellum-1993-corrected,SICILIA 1,17,CAMPOBELLO DI LICATA,whole,,317,CAMPOBELLO DI LICATA,1.0
camera-mattarellum-1993-corrected,SICILIA 1,17,LICATA,whole,,317,LICATA,1.0
camera-mattarellum-1993-corrected,SICILIA 1,17,NARO,whole,,318,NARO,1.0
camera-mattarellum-1993-corrected,SICILIA 1,17,PALMA DI MONTECHIARO,whole,,318,PALMA DI MONTECHIARO,1.0
camera-mattarellum-1993-corrected,SICILIA 1,17,RAVANUSA,whole,,318,RAVANUSA,1.0
camera-mattarellum-1993-corrected,SICILIA 1,17,DELIA,whole,,318,DEL 1A,1.0
camera-mattarellum-1993-corrected,SICILIA 1,17,SOMMATINO,whole,,318,SOMMATINO,1.0
camera-mattarellum-1993-corrected,SICILIA 1,18,AGRIGENTO,whole,,318,AGRIGENTO,1.0
camera-mattarellum-1993-corrected,SICILIA 1,18,ARAGONA,whole,,318,ARAGONA,1.0
camera-mattarellum-1993-corrected,SICILIA 1,18,CATTOLICA ERACLEA,whole,,318,CATTOLICA ERACLEA,1.0
camera-mattarellum-1993-corrected,SICILIA 1,18,JOPPOLO GIANCAXIO,whole,,318,JOPPOLO GIANCAX IO,1.0
camera-mattarellum-1993-corrected,SICILIA 1,18,LAMPEDUSA E LINOSA,whole,,318,LAMPEDUSA E LINOSA,1.0
camera-mattarellum-1993-corrected,SICILIA 1,18,MONTALLEGRO,whole,,318,MONTALLEGRO .,1.0
camera-mattarellum-1993-corrected,SICILIA 1,18,PORTO EMPEDOCLE,whole,,318,PORTO EMPEDOCLE,1.0
camera-mattarellum-1993-corrected,SICILIA 1,18,RAFFADALI,whole,,318,RAFFADALI,1.0
camera-mattarellum-1993-corrected,SICILIA 1,18,REALMONTE,whole,,318,REALHONTE,1.0
camera-mattarellum-1993-corrected,SICILIA 1,18,SANTA ELISABETTA,whole,,318,SANTA ELISABETTA,1.0
camera-mattarellum-1993-corrected,SICILIA 1,18,SANT'ANGELO MUXARO,whole,,318,SANT'ANGELO MUXARO,1.0
camera-mattarellum-1993-corrected,SICILIA 1,18,SICULIANA,whole,,318,SICUL TANA,0.889
camera-mattarellum-1993-corrected,SICILIA 1,19,CAMMARATA,whole,,318,CAMMARATA,1.0
camera-mattarellum-1993-corrected,SICILIA 1,19,CANICATTI',whole,,318,CANICATTI*,1.0
camera-mattarellum-1993-corrected,SICILIA 1,19,CASTELTERMINI,whole,,318,CASTELTERMINI,1.0
camera-mattarellum-1993-corrected,SICILIA 1,19,CASTROFILIPPO,whole,,318,CASTROFILIPPO,1.0
camera-mattarellum-1993-corrected,SICILIA 1,19,COMITINI,whole,,318,CONITINI,0.875
camera-mattarellum-1993-corrected,SICILIA 1,19,FAVARA,whole,,318,FAVARA,1.0
camera-mattarellum-1993-corrected,SICILIA 1,19,GROTTE,whole,,318,GROTTE,1.0
camera-mattarellum-1993-corrected,SICILIA 1,19,RACALMUTO,whole,,318,RACALMUTO,1.0
camera-mattarellum-1993-corrected,SICILIA 1,19,SAN BIAGIO PLATANI,whole,,318,SAN BIAGIO PLATANI,1.0
camera-mattarellum-1993-corrected,SICILIA 1,19,SAN GIOVANNI GEMINI,whole,,318,SAN GIOVANNI GEMINI,1.0
camera-mattarellum-1993-corrected,SICILIA 1,19,ACQUAVIVA PLATANI,whole,,318,ACQUAVIVA PLATANI,1.0
camera-mattarellum-1993-corrected,SICILIA 1,19,CAMPOFRANCO,whole,,318,CAHMPOFRANCO,0.917
camera-mattarellum-1993-corrected,SICILIA 1,20,ALESSANDRIA DELLA ROCCA,whole,,318,ALESSANDRIA DELLA ROCCA,1.0
camera-mattarellum-1993-corrected,SICILIA 1,20,BIVONA,whole,,318,BIVONA,1.0
camera-mattarellum-1993-corrected,SICILIA 1,20,BURGIO,whole,,318,BURGIO,1.0
camera-mattarellum-1993-corrected,SICILIA 1,20,CALAMONACI,whole,,318,CALAMONACI,1.0
camera-mattarellum-1993-corrected,SICILIA 1,20,CALTABELLOTTA,whole,,318,CALTABELLOTTA,1.0
camera-mattarellum-1993-corrected,SICILIA 1,20,CIANCIANA,whole,,318,E IANCIANA,0.889
camera-mattarellum-1993-corrected,SICILIA 1,20,LUCCA SICULA,whole,,318,LUCCA SICULA,1.0
camera-mattarellum-1993-corrected,SICILIA 1,20,MENFI,whole,,318,MENFI,1.0
camera-mattarellum-1993-corrected,SICILIA 1,20,RIBERA,whole,,318,RIBERA,1.0
camera-mattarellum-1993-corrected,SICILIA 1,20,SAMBUCA DI SICILIA,whole,,318,SAMBUCA DI SICILIA,1.0
camera-mattarellum-1993-corrected,SICILIA 1,20,SANTO STEFANO QUISQUINA,whole,,318,SANTO STEFANO QUISQUINA,1.0
camera-mattarellum-1993-corrected,SICILIA 1,20,SCIACCA,whole,,318,SCIACCA,1.0
camera-mattarellum-1993-corrected,SICILIA 1,20,VILLAFRANCA SICULA,whole,,318,VILLAFRANCA SICULA,1.0
camera-mattarellum-1993-corrected,SICILIA 2,1,MESSINA,zone,Q. CASTEL GONZAGA,319,{ ME-Q. CASTEL GONZAGA },1.0
camera-mattarellum-1993-corrected,SICILIA 2,1,MESSINA,zone,Q. CENTRO STORICO,319,{ ME-Q. CENTRO STORICO ),1.0
camera-mattarellum-1993-corrected,SICILIA 2,1,MESSINA,zone,Q. SAN LEONE,319,{ ME-Q. SAN LEONE è,1.0
camera-mattarellum-1993-corrected,SICILIA 2,1,MESSINA,zone,Q. SAN SALVATORE 1,319,{ ME-Q. SAN SALVATORE 1),1.0
camera-mattarellum-1993-corrected,SICILIA 2,1,MESSINA,zone,Q. PELORO,319,{ ME-Q. PELORO 3,1.0
camera-mattarellum-1993-corrected,SICILIA 2,1,MESSINA,zone,Q. MUNIEMARE,319,{ ME-Q. MUNIEMARE 3,1.0
camera-mattarellum-1993-corrected,SICILIA 2,1,MESSINA,zone,Q. DEI BASILIANI,319,{ ME-Q. DEI BASILIANI 3,1.0
camera-mattarellum-1993-corrected,SICILIA 2,2,MESSINA,zone,Q. PILIERI,319,( ME-Q. PILIERI ),1.0
camera-mattarellum-1993-corrected,SICILIA 2,2,MESSINA,zone,"Q, SANTO STEFANO",319,"€ ME-Q, SANTO STEFANO )",1.0
camera-mattarellum-1993-corrected,SICILIA 2,2,MESSINA,zone,MNE-Q. NORMANNO,319,€ MNE-Q. NORMANNO 3),1.0
camera-mattarellum-1993-corrected,SICILIA 2,2,MESSINA,zone,Q. DELLA CALISPERA,319,( ME-Q. DELLA CALISPERA ì,1.0
camera-mattarellum-1993-corrected,SICILIA 2,2,MESSINA,zone,Q. GAZZI,319,{ ME-Q. GAZZI ),1.0
camera-mattarellum-1993-corrected,SICILIA 2,2,MESSINA,zone,Q. MATA E GRIFONE 1,319,{ HE-Q. MATA E GRIFONE 1},1.0
camera-mattarellum-1993-corrected,SICILIA 2,2,MESSINA,zone,Q. SAN PANTALEONE,319,C ME-Q. SAN PANTALEONE ),1.0
camera-mattarellum-1993-corrected,SICILIA 2,3,ALI',whole,,319,ALI*®,1.0
camera-mattarellum-1993-corrected,SICILIA 2,3,ALI' TERME,whole,,319,ALI' TERME,1.0
camera-mattarellum-1993-corrected,SICILIA 2,3,ANTILLO,whole,,319,ANTILLO,1.0
camera-mattarellum-1993-corrected,SICILIA 2,3,CASALVECCHIO SICULO,whole,,319,CASALVECCHIO SICULO,1.0
camera-mattarellum-1993-corrected,SICILIA 2,3,CASTELL'UMBERTO,whole,,319,CASTELL'UMBERTO,1.0
camera-mattarellum-1993-corrected,SICILIA 2,3,CASTELMOLA,whole,,319,CASTEL MOLA,1.0
camera-mattarellum-1993-corrected,SICILIA 2,3,CESARO',whole,,319,CESARO*,1.0
camera-mattarellum-1993-corrected,SICILIA 2,3,FIUMEDINISI,whole,,319,FIUMEDINISI,1.0
camera-mattarellum-1993-corrected,SICILIA 2,3,FLORESTA,whole,,319,FLORESTA,1.0
camera-mattarellum-1993-corrected,SICILIA 2,3,FONDACHELLI-FANTINA,whole,,319,FONDACHELLI-FANTINA,1.0
camera-mattarellum-1993-corrected,SICILIA 2,3,FORZA D'AGRO',whole,,319,FORZA D'AGRO*',1.0
camera-mattarellum-1993-corrected,SICILIA 2,3,FRANCAVILLA DI SICILIA,whole,,319,FRANCAVILLA DI SICILIA,1.0
camera-mattarellum-1993-corrected,SICILIA 2,3,FURCI SICULO,whole,,319,FURCI SICULO,1.0
camera-mattarellum-1993-corrected,SICILIA 2,3,GAGGI,whole,,319,GAGGI,1.0
camera-mattarellum-1993-corrected,SICILIA 2,3,GALATI MAMERTINO,whole,,319,GALATI MAMERTINO,1.0
camera-mattarellum-1993-corrected,SICILIA 2,3,GALLODORO,whole,,319,GALLODORO,1.0
camera-mattarellum-1993-corrected,SICILIA 2,3,GIARDINI NAXOS,whole,,319,GIARDINI - NAXOS,1.0
camera-mattarellum-1993-corrected,SICILIA 2,3,GRANITI,whole,,319,GRANITI,1.0
camera-mattarellum-1993-corrected,SICILIA 2,3,ITALA,whole,,319,ITALA,1.0
camera-mattarellum-1993-corrected,SICILIA 2,3,LETOJANNI,whole,,319,LETGJANNI,0.889
camera-mattarellum-1993-corrected,SICILIA 2,3,LIMINA,whole,,319,LIMINA,1.0
camera-mattarellum-1993-corrected,SICILIA 2,3,LONGI,whole,,319,LONGI,1.0
camera-mattarellum-1993-corrected,SICILIA 2,3,MALVAGNA,whole,,319,MAL VAGNA,1.0
camera-mattarellum-1993-corrected,SICILIA 2,3,MANDANICI,whole,,319,MANDANICI,1.0
camera-mattarellum-1993-corrected,SICILIA 2,3,MOIO ALCANTARA,whole,,319,MOIO ALCANTARA,1.0
camera-mattarellum-1993-corrected,SICILIA 2,3,MONGIUFFI MELIA,whole,,319,MONGIUFFI MELIA,1.0
camera-mattarellum-1993-corrected,SICILIA 2,3,MOTTA CAMASTRA,whole,,319,MOTTA CAMASTRA,1.0
camera-mattarellum-1993-corrected,SICILIA 2,3,NIZZA DI SICILIA,whole,,319,NIZZA DI SICILIA,1.0
camera-mattarellum-1993-corrected,SICILIA 2,3,PAGLIARA,whole,,319,PAGLIARA,1.0
camera-mattarellum-1993-corrected,SICILIA 2,3,RACCUJA,whole,,319,RACCUJA,1.0
camera-mattarellum-1993-corrected,SICILIA 2,3,ROCCAFIORITA,whole,,319,ROCCAFIORITA,1.0
camera-mattarellum-1993-corrected,SICILIA 2,3,ROCCALUMERA,whole,,319,ROCCALUMERA,1.0
camera-mattarellum-1993-corrected,SICILIA 2,3,ROCCELLA VALDEMONE,whole,,319,RUOCCELLA VALDEMONE,0.944
camera-mattarellum-1993-corrected,SICILIA 2,3,SAN PIERO PATTI,whole,,319,SAN PIERO PATTI,1.0
camera-mattarellum-1993-corrected,SICILIA 2,3,SAN SALVATORE DI FITALIA,whole,,319,SAN SALVATORE DI FITALIA,1.0
camera-mattarellum-1993-corrected,SICILIA 2,3,SANTA DOMENICA VITTORIA,whole,,319,SANTA DOMENICA VITTORIA,1.0
camera-mattarellum-1993-corrected,SICILIA 2,3,SANT'ALESSIO SICULO,whole,,319,SANT'ALESSIO SICULO,1.0
camera-mattarellum-1993-corrected,SICILIA 2,3,SANTA TERESA DI RIVA,whole,,319,SANTA TERESA DE RIVA,0.941
camera-mattarellum-1993-corrected,SICILIA 2,3,SAN TEODORO,whole,,319,SAN TEODORO,1.0
camera-mattarellum-1993-corrected,SICILIA 2,3,SAVOCA,whole,,319,SAVOCA,1.0
camera-mattarellum-1993-corrected,SICILIA 2,3,SCALETTA ZANCLEA,whole,,319,SCALETTA ZANCLEA,1.0
camera-mattarellum-1993-corrected,SICILIA 2,3,TAORMINA,whole,,319,TAORMINA,1.0
camera-mattarellum-1993-corrected,SICILIA 2,3,TORTORICI,whole,,319,TORTORICI,1.0
camera-mattarellum-1993-corrected,SICILIA 2,3,UCRIA,whole,,319,UCRIA,1.0
camera-mattarellum-1993-corrected,SICILIA 2,4,CASTROREALE,whole,,320,CASTROREALE,1.0
camera-mattarellum-1993-corrected,SICILIA 2,4,CONDRO',whole,,320,CONDRO',1.0
camera-mattarellum-1993-corrected,SICILIA 2,4,GUALTIERI SICAMINO',whole,,320,GUALTIERI SICAMINO'®,1.0
camera-mattarellum-1993-corrected,SICILIA 2,4,LENI,whole,,320,LENI,1.0
camera-mattarellum-1993-corrected,SICILIA 2,4,LIPARI,whole,,320,LIPARI,1.0
camera-mattarellum-1993-corrected,SICILIA 2,4,MALFA,whole,,320,HALFA,1.0
camera-mattarellum-1993-corrected,SICILIA 2,4,MERI',whole,,320,HERI*,1.0
camera-mattarellum-1993-corrected,SICILIA 2,4,MILAZZO,whole,,320,MIL AZ2ZO,1.0
camera-mattarellum-1993-corrected,SICILIA 2,4,MONFORTE SAN GIORGIO,whole,,320,MONFORTE SAN GIORGIO,1.0
camera-mattarellum-1993-corrected,SICILIA 2,4,PACE DEL MELA,whole,,320,PACE BEL MELA,0.909
camera-mattarellum-1993-corrected,SICILIA 2,4,ROCCAVALDINA,whole,,320,ROCCAVALDINA,1.0
camera-mattarellum-1993-corrected,SICILIA 2,4,ROMETTA,whole,,320,ROME TFTTA,0.778
camera-mattarellum-1993-corrected,SICILIA 2,4,SAN FILIPPO DEL MELA,whole,,320,SAN FILIPPO DEL MELA,1.0
camera-mattarellum-1993-corrected,SICILIA 2,4,SAN PIER NICETO,whole,,320,SAN PIER NICETO,1.0
camera-mattarellum-1993-corrected,SICILIA 2,4,SANTA LUCIA DEL MELA,whole,,320,SANTA LUCIA DEL MELA,1.0
camera-mattarellum-1993-corrected,SICILIA 2,4,SANTA MARINA SALINA,whole,,320,SANTA MARINA SAL INA,1.0
camera-mattarellum-1993-corrected,SICILIA 2,4,SAPONARA,whole,,320,SAPONARA,1.0
camera-mattarellum-1993-corrected,SICILIA 2,4,SPADAFORA,whole,,320,SPADAFORA,1.0
camera-mattarellum-1993-corrected,SICILIA 2,4,TORREGROTTA,whole,,320,TORREGROTTA,1.0
camera-mattarellum-1993-corrected,SICILIA 2,4,VALDINA,whole,,320,VALDINA,1.0
camera-mattarellum-1993-corrected,SICILIA 2,4,VENETICO,whole,,320,VENE TICO,1.0
camera-mattarellum-1993-corrected,SICILIA 2,4,VILLAFRANCA TIRRENA,whole,,320,VILLAFRANCA TIRRENA,1.0
camera-mattarellum-1993-corrected,SICILIA 2,5,BARCELLONA POZZO DI GOTTO,whole,,320,BARCELLONA POZZO DI GOTTO,1.0
camera-mattarellum-1993-corrected,SICILIA 2,5,BASICO',whole,,320,"BASICO""",1.0
camera-mattarellum-1993-corrected,SICILIA 2,5,BROLO,whole,,320,BROLO,1.0
camera-mattarellum-1993-corrected,SICILIA 2,5,FALCONE,whole,,320,FALCONE,1.0
camera-mattarellum-1993-corrected,SICILIA 2,5,FICARRA,whole,,320,FICARRA,1.0
camera-mattarellum-1993-corrected,SICILIA 2,5,FURNARI,whole,,320,FURNARI,1.0
camera-mattarellum-1993-corrected,SICILIA 2,5,GIOIOSA MAREA,whole,,320,GIOLTOSA MAREA,0.846
camera-mattarellum-1993-corrected,SICILIA 2,5,LIBRIZZI,whole,,320,LIBRIZZI,1.0
camera-mattarellum-1993-corrected,SICILIA 2,5,MAZZARRA' SANT'ANDREA,whole,,320,HAZZARRA' SANT'ANDREA,1.0
camera-mattarellum-1993-corrected,SICILIA 2,5,MONTAGNAREALE,whole,,320,HONTAGNAREALE,1.0
camera-mattarellum-1993-corrected,SICILIA 2,5,MONTALBANO ELICONA,whole,,320,NONTALBANGO ELICONA,0.889
camera-mattarellum-1993-corrected,SICILIA 2,5,NASO,whole,,320,NASO,1.0
camera-mattarellum-1993-corrected,SICILIA 2,5,NOVARA DI SICILIA,whole,,320,NOVARA DI SICILIA,1.0
camera-mattarellum-1993-corrected,SICILIA 2,5,OLIVERI,whole,,320,OLIVERI,1.0
camera-mattarellum-1993-corrected,SICILIA 2,5,PATTI,whole,,320,PATTI,1.0
camera-mattarellum-1993-corrected,SICILIA 2,5,PIRAINO,whole,,320,PIRATNO,0.857
camera-mattarellum-1993-corrected,SICILIA 2,5,RODI' MILICI,whole,,320,RODI1* MILICI,0.909
camera-mattarellum-1993-corrected,SICILIA 2,5,SANT'ANGELO DI BROLO,whole,,320,SANT'ANGELO DI BROLO,1.0
camera-mattarellum-1993-corrected,SICILIA 2,5,SINAGRA,whole,,320,STINAGRA,0.875
camera-mattarellum-1993-corrected,SICILIA 2,5,TRIPI,whole,,320,TRIPI,1.0
camera-mattarellum-1993-corrected,SICILIA 2,5,TERME VIGLIATORE,whole,,320,TERME VIGLIATORE,1.0
camera-mattarellum-1993-corrected,SICILIA 2,6,ALCARA LI FUSI,whole,,320,ALCARA LI FUSI,1.0
camera-mattarellum-1993-corrected,SICILIA 2,6,CAPIZZI,whole,,320,CAPIZZI,1.0
camera-mattarellum-1993-corrected,SICILIA 2,6,CAPO D'ORLANDO,whole,,320,CAPO 8'ORLANDO,0.917
camera-mattarellum-1993-corrected,SICILIA 2,6,CAPRI LEONE,whole,,320,CAPRI LEONE,1.0
camera-mattarellum-1993-corrected,SICILIA 2,6,CARONIA,whole,,320,CARONIA,1.0
camera-mattarellum-1993-corrected,SICILIA 2,6,CASTEL DI LUCIO,whole,,320,CASTEL GI LUCIO,0.923
camera-mattarellum-1993-corrected,SICILIA 2,6,FRAZZANO',whole,,320,"FRAZZANO'""",1.0
camera-mattarellum-1993-corrected,SICILIA 2,6,MILITELLO ROSMARINO,whole,,320,MILITITELLO ROSMARINO,0.9
camera-mattarellum-1993-corrected,SICILIA 2,6,MIRTO,whole,,320,MIRTO,1.0
camera-mattarellum-1993-corrected,SICILIA 2,6,MISTRETTA,whole,,320,HISTRETTA,1.0
camera-mattarellum-1993-corrected,SICILIA 2,6,MOTTA D'AFFERMO,whole,,320,MOTTA D'AFFERMO,1.0
camera-mattarellum-1993-corrected,SICILIA 2,6,PETTINEO,whole,,320,PETTINEO,1.0
camera-mattarellum-1993-corrected,SICILIA 2,6,REITANO,whole,,320,RE 1 TANO,1.0
camera-mattarellum-1993-corrected,SICILIA 2,6,SAN FRATELLO,whole,,320,SAN FRATELLO,1.0
camera-mattarellum-1993-corrected,SICILIA 2,6,SAN MARCO D'ALUNZIO,whole,,320,SAN MARCO D'ALUNZIO,1.0
camera-mattarellum-1993-corrected,SICILIA 2,6,SANT'AGATA DI MILITELLO,whole,,320,SANT'AGATA DI HILITELL!A,0.95
camera-mattarellum-1993-corrected,SICILIA 2,6,SANTO STEFANO DI CAMASTRA,whole,,320,SANTO STEFANO DI CAMASTRA,1.0
camera-mattarellum-1993-corrected,SICILIA 2,6,TUSA,whole,,320,TUSA,1.0
camera-mattarellum-1993-corrected,SICILIA 2,6,ACQUEDOLCI,whole,,320,ACQUEDOLCI,1.0
camera-mattarellum-1993-corrected,SICILIA 2,6,TORRENOVA,whole,,320,TORRENOYVA,0.9
camera-mattarellum-1993-corrected,SICILIA 2,6,CATENANUOVA,whole,,321,CATENANUOVA,1.0
camera-mattarellum-1993-corrected,SICILIA 2,6,CENTURIPE,whole,,321,CENTURIPE,1.0
camera-mattarellum-1993-corrected,SICILIA 2,6,CERAMI,whole,,321,CERAMI,1.0
camera-mattarellum-1993-corrected,SICILIA 2,6,GAGLIANO CASTELFERRATO,whole,,321,GAGLIANO CASTELFERRATO,1.0
camera-mattarellum-1993-corrected,SICILIA 2,6,NICOSIA,whole,,321,NICOSIA,1.0
camera-mattarellum-1993-corrected,SICILIA 2,6,REGALBUTO,whole,,321,REGAL BUTO,1.0
camera-mattarellum-1993-corrected,SICILIA 2,6,SPERLINGA,whole,,321,SPERLINGA,1.0
camera-mattarellum-1993-corrected,SICILIA 2,6,TROINA,whole,,321,TROINA,1.0
camera-mattarellum-1993-corrected,SICILIA 2,7,AGIRA,whole,,321,AGIRA,1.0
camera-mattarellum-1993-corrected,SICILIA 2,7,AIDONE,whole,,321,AIDONE,1.0
camera-mattarellum-1993-corrected,SICILIA 2,7,ASSORO,whole,,321,ASSORO,1.0
camera-mattarellum-1993-corrected,SICILIA 2,7,BARRAFRANCA,whole,,321,BARRAFRANCA,1.0
camera-mattarellum-1993-corrected,SICILIA 2,7,CALASCIBETTA,whole,,321,CALASCIBETTA,1.0
camera-mattarellum-1993-corrected,SICILIA 2,7,ENNA,whole,,321,ENNA,1.0
camera-mattarellum-1993-corrected,SICILIA 2,7,LEONFORTE,whole,,321,LEONFORTE,1.0
camera-mattarellum-1993-corrected,SICILIA 2,7,NISSORIA,whole,,321,NISSORIA,1.0
camera-mattarellum-1993-corrected,SICILIA 2,7,PIAZZA ARMERINA,whole,,321,PIAZZA ARMERINA,1.0
camera-mattarellum-1993-corrected,SICILIA 2,7,PIETRAPERZIA,whole,,321,PIETRAPERZIA,1.0
camera-mattarellum-1993-corrected,SICILIA 2,7,VALGUARNERA CAROPEPE,whole,,321,VALGUARNERA CAROPEPE,1.0
camera-mattarellum-1993-corrected,SICILIA 2,7,VILLAROSA,whole,,321,VILLAROSA,1.0
camera-mattarellum-1993-corrected,SICILIA 2,8,ADRANO,whole,,321,ADRANO,1.0
camera-mattarellum-1993-corrected,SICILIA 2,8,BELPASSO,whole,,321,BELPASSO,1.0
camera-mattarellum-1993-corrected,SICILIA 2,8,BIANCAVILLA,whole,,321,BIANCAVILLA,1.0
camera-mattarellum-1993-corrected,SICILIA 2,8,PATERNO',whole,,321,PATERNO*,1.0
camera-mattarellum-1993-corrected,SICILIA 2,8,SANTA MARIA DI LICODIA,whole,,321,SANTA MARIA ODI LICODIA,0.95
camera-mattarellum-1993-corrected,SICILIA 2,8,RAGALNA,whole,,321,RAGALNA,1.0
camera-mattarellum-1993-corrected,SICILIA 2,9,BRONTE,whole,,321,BRONTE,1.0
camera-mattarellum-1993-corrected,SICILIA 2,9,CALATABIANO,whole,,321,CALATABITANO,0.917
camera-mattarellum-1993-corrected,SICILIA 2,9,CASTIGLIONE DI SICILIA,whole,,321,CASTIGLIONE DI SICILIA,1.0
camera-mattarellum-1993-corrected,SICILIA 2,9,FIUMEFREDDO DI SICILIA,whole,,321,FIUNEFREDDO DI SICILIA,0.95
camera-mattarellum-1993-corrected,SICILIA 2,9,GIARRE,whole,,321,GIARRE,1.0
camera-mattarellum-1993-corrected,SICILIA 2,9,LINGUAGLOSSA,whole,,321,LINGUAGLOSSA,1.0
camera-mattarellum-1993-corrected,SICILIA 2,9,MALETTO,whole,,321,MALETTO,1.0
camera-mattarellum-1993-corrected,SICILIA 2,9,MASCALI,whole,,321,MASCALI,1.0
camera-mattarellum-1993-corrected,SICILIA 2,9,MILO,whole,,321,MILO,1.0
camera-mattarellum-1993-corrected,SICILIA 2,9,PIEDIMONTE ETNEO,whole,,321,PIEDIMONTE ETNEO,1.0
camera-mattarellum-1993-corrected,SICILIA 2,9,RANDAZZO,whole,,321,RANDAZZO,1.0
camera-mattarellum-1993-corrected,SICILIA 2,9,RIPOSTO,whole,,321,R1POSTU,0.857
camera-mattarellum-1993-corrected,SICILIA 2,9,SANT'ALFIO,whole,,321,SANT'ALFIO,1.0
camera-mattarellum-1993-corrected,SICILIA 2,9,MANIACE,whole,,321,MANIACE,1.0
camera-mattarellum-1993-corrected,SICILIA 2,10,ACI BONACCORSI,whole,,321,ACI BONACCORSI,1.0
camera-mattarellum-1993-corrected,SICILIA 2,10,ACI CATENA,whole,,321,ACI CATENA,1.0
camera-mattarellum-1993-corrected,SICILIA 2,10,ACIREALE,whole,,321,ACIREALE,1.0
camera-mattarellum-1993-corrected,SICILIA 2,10,ACI SANT'ANTONIO,whole,,321,ACI SANT'ANTONIO,1.0
camera-mattarellum-1993-corrected,SICILIA 2,10,NICOLOSI,whole,,321,NICOLOSI,1.0
camera-mattarellum-1993-corrected,SICILIA 2,10,PEDARA,whole,,321,PEDARA,1.0
camera-mattarellum-1993-corrected,SICILIA 2,10,SANTA VENERINA,whole,,321,SANTA VENERINA,1.0
camera-mattarellum-1993-corrected,SICILIA 2,10,TRECASTAGNI,whole,,321,TRECASTAGNI,1.0
camera-mattarellum-1993-corrected,SICILIA 2,10,VIAGRANDE,whole,,321,VI1AGRANDE,0.9
camera-mattarellum-1993-corrected,SICILIA 2,10,ZAFFERANA ETNEA,whole,,321,ZAFFERANA ETNEA,1.0
camera-mattarellum-1993-corrected,SICILIA 2,11,ACI CASTELLO,whole,,321,ACI CASTELLO,1.0
camera-mattarellum-1993-corrected,SICILIA 2,11,CAMPOROTONDO ETNEO,whole,,321,CAMPOROTONDO ETNEO,1.0
camera-mattarellum-1993-corrected,SICILIA 2,11,GRAVINA DI CATANIA,whole,,321,GRAVINA DI CATANIA,1.0
camera-mattarellum-1993-corrected,SICILIA 2,11,MASCALUCIA,whole,,321,MASCALUCIA,1.0
camera-mattarellum-1993-corrected,SICILIA 2,11,SAN GIOVANNI LA PUNTA,whole,,321,SAN GIOVANNI LA PUNTA,1.0
camera-mattarellum-1993-corrected,SICILIA 2,11,SAN GREGORIO DI CATANIA,whole,,322,SAN GREGORIO DI CATANIA,1.0
camera-mattarellum-1993-corrected,SICILIA 2,11,SAN PIETRO CLARENZA,whole,,322,SAN PIETRO CLARENZA,1.0
camera-mattarellum-1993-corrected,SICILIA 2,11,SANT'AGATA LI BATTIATI,whole,,322,SANT'AGATA LI BATTIATI,1.0
camera-mattarellum-1993-corrected,SICILIA 2,11,TREMESTIERI ETNEO,whole,,322,TREMESTIERI ETHNEO,0.941
camera-mattarellum-1993-corrected,SICILIA 2,11,VALVERDE,whole,,322,VALVERDE,1.0
camera-mattarellum-1993-corrected,SICILIA 2,12,CATANIA,zone,RAFFAELLO SANZIO,322,{ CT-RAFFAELLO SANZIO ),1.0
camera-mattarellum-1993-corrected,SICILIA 2,12,CATANIA,zone,BORGO,322,{( CT-BORGO ),1.0
camera-mattarellum-1993-corrected,SICILIA 2,12,CATANIA,zone,BELLINI,322,{ CT-BELLINI >,1.0
camera-mattarellum-1993-corrected,SICILIA 2,12,CATANIA,zone,PICANELLO-VILLAGGIO,322,{ CT-PICANELLO-VILLAGGIO 2,1.0
camera-mattarellum-1993-corrected,SICILIA 2,12,CATANIA,zone,RIVIERA-OGNINA,322,( CT-RIVIERA-OGNINA )ì,1.0
camera-mattarellum-1993-corrected,SICILIA 2,13,CATANIA,zone,CAPPUCCINI-CENTRO S,322,{ CT-CAPPUCCINI-CENTRO S ),1.0
camera-mattarellum-1993-corrected,SICILIA 2,13,CATANIA,zone,CIVITA-SS.ANGELI CU,322,{ CT-CIVITA-SS.ANGELI CU },1.0
camera-mattarellum-1993-corrected,SICILIA 2,13,,whole,,322,{ TCFT-SAN CRISTOFORO ),0.412
camera-mattarellum-1993-corrected,SICILIA 2,13,CATANIA,zone,VILLAGGIO SAN GIUSE,322,( CT-VILLAGGIO SAN GIUSE ),1.0
camera-mattarellum-1993-corrected,SICILIA 2,13,CATANIA,zone,CARDINALE,322,C CT-CARDINALE >},1.0
camera-mattarellum-1993-corrected,SICILIA 2,13,CATANIA,zone,SAN LEONE -NESIMA IN,322,{ CT-SAN LEONE -NESIMA IN >,1.0
camera-mattarellum-1993-corrected,SICILIA 2,13,CATANIA,zone,MONTE PO,322,( CT-MONTE PO ),1.0
camera-mattarellum-1993-corrected,SICILIA 2,14,CATANIA,zone,NESIMA SUPERIORE 4,322,{ CT-NESIMA SUPERIORE 4,1.0
camera-mattarellum-1993-corrected,SICILIA 2,14,CATANIA,zone,XXXi MAGGIO,322,{ CT-XXXi MAGGIO ?),1.0
camera-mattarellum-1993-corrected,SICILIA 2,14,CATANIA,zone,C1BAL -TRAPPETO-SAN,322,( CF-C1BAL {-TRAPPETO-SAN },1.0
camera-mattarellum-1993-corrected,SICILIA 2,14,CATANIA,zone,SAN GIOVANNI GALERM,322,{ CT-SAN GIOVANNI GALERM },1.0
camera-mattarellum-1993-corrected,SICILIA 2,14,CATANIA,zone,BARRIERA-CANALICCHI,322,( CT-BARRIERA-CANALICCHI },1.0
camera-mattarellum-1993-corrected,SICILIA 2,14,MISTERBIANCO,whole,,322,HISTERBIANCO,1.0
camera-mattarellum-1993-corrected,SICILIA 2,14,MOTTA SANT'ANASTASIA,whole,,322,MOTTA SANT'ANASTASIA,1.0
camera-mattarellum-1993-corrected,SICILIA 2,15,CALTAGIRONE,whole,,322,CALTAGIRONE,1.0
camera-mattarellum-1993-corrected,SICILIA 2,15,CASTEL DI IUDICA,whole,,322,CASTEL DI IUDICA,1.0
camera-mattarellum-1993-corrected,SICILIA 2,15,GRAMMICHELE,whole,,322,GRAMMICHELE,1.0
camera-mattarellum-1993-corrected,SICILIA 2,15,MINEO,whole,,322,MINEO,1.0
camera-mattarellum-1993-corrected,SICILIA 2,15,MIRABELLA IMBACCARI,whole,,322,MIRABELLA IMBACCARI,1.0
camera-mattarellum-1993-corrected,SICILIA 2,15,PALAGONIA,whole,,322,PALI AGONTA,0.8
camera-mattarellum-1993-corrected,SICILIA 2,15,RADDUSA,whole,,322,RADBDUSA,0.875
camera-mattarellum-1993-corrected,SICILIA 2,15,RAMACCA,whole,,322,RAMACCA,1.0
camera-mattarellum-1993-corrected,SICILIA 2,15,SAN CONO,whole,,322,SAN CONGO,0.875
camera-mattarellum-1993-corrected,SICILIA 2,15,SAN MICHELE DI GANZARIA,whole,,322,SAN MICHELE DI GANZARIA,1.0
camera-mattarellum-1993-corrected,SICILIA 2,15,MAZZARRONE,whole,,322,MAZZARRGNE,0.9
camera-mattarellum-1993-corrected,SICILIA 2,16,AUGUSTA,whole,,322,AUGUSTA,1.0
camera-mattarellum-1993-corrected,SICILIA 2,16,CARLENTINI,whole,,322,CARLENTINI,1.0
camera-mattarellum-1993-corrected,SICILIA 2,16,FRANCOFONTE,whole,,322,FRANCOFONTE,1.0
camera-mattarellum-1993-corrected,SICILIA 2,16,LENTINI,whole,,322,LENTINI,1.0
camera-mattarellum-1993-corrected,SICILIA 2,16,MELILLI,whole,,322,MEL ILLI,1.0
camera-mattarellum-1993-corrected,SICILIA 2,16,SORTINO,whole,,322,SORTINO,1.0
camera-mattarellum-1993-corrected,SICILIA 2,16,PRIOLO GARGALLO,whole,,322,PRIOLO GARGALLO,1.0
camera-mattarellum-1993-corrected,SICILIA 2,17,SIRACUSA,whole,,322,SIRACUSA,1.0
camera-mattarellum-1993-corrected,SICILIA 2,18,AVOLA,whole,,322,AVOLA,1.0
camera-mattarellum-1993-corrected,SICILIA 2,18,BUCCHERI,whole,,322,BUCCHER i,1.0
camera-mattarellum-1993-corrected,SICILIA 2,18,BUSCEMI,whole,,322,BUSCEMI,1.0
camera-mattarellum-1993-corrected,SICILIA 2,18,CANICATTINI BAGNI,whole,,322,CANICATTINI BAGNI,1.0
camera-mattarellum-1993-corrected,SICILIA 2,18,CASSARO,whole,,322,CASSARO,1.0
camera-mattarellum-1993-corrected,SICILIA 2,18,FERLA,whole,,323,FERLA,1.0
camera-mattarellum-1993-corrected,SICILIA 2,18,FLORIDIA,whole,,323,FLORIDIA,1.0
camera-mattarellum-1993-corrected,SICILIA 2,18,NOTO,whole,,323,NOTO,1.0
camera-mattarellum-1993-corrected,SICILIA 2,18,PACHINO,whole,,323,PACHINO,1.0
camera-mattarellum-1993-corrected,SICILIA 2,18,PALAZZOLO ACREIDE,whole,,323,PALAZZOLO ACREIDE,1.0
camera-mattarellum-1993-corrected,SICILIA 2,18,SOLARINO,whole,,323,SOLAR INO,1.0
camera-mattarellum-1993-corrected,SICILIA 2,18,PORTOPALO DI CAPO PASSERO,whole,,323,PORTOPALO DI CAPO PASSERO,1.0
camera-mattarellum-1993-corrected,SICILIA 2,19,ISPICA,whole,,323,ISPICA,1.0
camera-mattarellum-1993-corrected,SICILIA 2,19,MODICA,whole,,323,MODICA,1.0
camera-mattarellum-1993-corrected,SICILIA 2,19,POZZALLO,whole,,323,POZZALLO,1.0
camera-mattarellum-1993-corrected,SICILIA 2,19,SCICLI,whole,,323,SCICLI,1.0
camera-mattarellum-1993-corrected,SICILIA 2,19,ROSOLINI,whole,,323,ROSOLINI,1.0
camera-mattarellum-1993-corrected,SICILIA 2,20,COMISO,whole,,323,COMISO,1.0
camera-mattarellum-1993-corrected,SICILIA 2,20,GIARRATANA,whole,,323,GIARRATANA,1.0
camera-mattarellum-1993-corrected,SICILIA 2,20,MONTEROSSO ALMO,whole,,323,MONTEROSSO ALMO,1.0
camera-mattarellum-1993-corrected,SICILIA 2,20,RAGUSA,whole,,323,RAGUSA,1.0
camera-mattarellum-1993-corrected,SICILIA 2,20,SANTA CROCE CAMERINA,whole,,323,SANTA CROCE CAMERINA,1.0
camera-mattarellum-1993-corrected,SICILIA 2,21,LICODIA EUBEA,whole,,323,LICODIA EUBEA e,0.923
camera-mattarellum-1993-corrected,SICILIA 2,21,MILITELLO IN VAL DI CATANIA,whole,,323,MILITELLO IN VAL DI CATANIA,1.0
camera-mattarellum-1993-corrected,SICILIA 2,21,SCORDIA,whole,,323,SCURDIA,0.857
camera-mattarellum-1993-corrected,SICILIA 2,21,VIZZINI,whole,,323,VIZZINI,1.0
camera-mattarellum-1993-corrected,SICILIA 2,21,ACATE,whole,,323,ACATE,1.0
camera-mattarellum-1993-corrected,SICILIA 2,21,CHIARAMONTE GULFI,whole,,323,CHIARAMUNTE GULFI,0.938
camera-mattarellum-1993-corrected,SICILIA 2,21,VITTORIA,whole,,323,VITTORIA,1.0
camera-mattarellum-1993-corrected,SARDEGNA,1,SASSARI,whole,,324,SASSARI,1.0
camera-mattarellum-1993-corrected,SARDEGNA,1,STINTINO,whole,,324,STINTINO,1.0
camera-mattarellum-1993-corrected,SARDEGNA,2,ALGHERO,whole,,324,ALGHERO,1.0
camera-mattarellum-1993-corrected,SARDEGNA,2,ANELA,whole,,324,ANELA,1.0
camera-mattarellum-1993-corrected,SARDEGNA,2,BANARI,whole,,324,BANARI,1.0
camera-mattarellum-1993-corrected,SARDEGNA,2,BESSUDE,whole,,324,BÉ SSUDE,0.857
camera-mattarellum-1993-corrected,SARDEGNA,2,BONNANARO,whole,,324,BONNANARO,1.0
camera-mattarellum-1993-corrected,SARDEGNA,2,BONO,whole,,324,BONO,1.0
camera-mattarellum-1993-corrected,SARDEGNA,2,BONORVA,whole,,324,BONOR VA,1.0
camera-mattarellum-1993-corrected,SARDEGNA,2,BORUTTA,whole,,324,BORUTTA,1.0
camera-mattarellum-1993-corrected,SARDEGNA,2,BOTTIDDA,whole,,324,B0TT1D0OA,0.778
camera-mattarellum-1993-corrected,SARDEGNA,2,BURGOS,whole,,324,BURGOS,1.0
camera-mattarellum-1993-corrected,SARDEGNA,2,CARGEGHE,whole,,324,CARGE GHE,1.0
camera-mattarellum-1993-corrected,SARDEGNA,2,CHEREMULE,whole,,324,CHEREMULE,1.0
camera-mattarellum-1993-corrected,SARDEGNA,2,CODRONGIANOS,whole,,324,CODRONG 1 ANOS,1.0
camera-mattarellum-1993-corrected,SARDEGNA,2,COSSOINE,whole,,324,COSSO INE,1.0
camera-mattarellum-1993-corrected,SARDEGNA,2,ESPORLATU,whole,,324,ESPORLATYU,0.9
camera-mattarellum-1993-corrected,SARDEGNA,2,FLORINAS,whole,,324,FLORINAS,1.0
camera-mattarellum-1993-corrected,SARDEGNA,2,GIAVE,whole,,324,GIAVE,1.0
camera-mattarellum-1993-corrected,SARDEGNA,2,ILLORAI,whole,,324,ILLORAI,1.0
camera-mattarellum-1993-corrected,SARDEGNA,2,ITTIRI,whole,,324,ITTIRÌ,0.833
camera-mattarellum-1993-corrected,SARDEGNA,2,MARA,whole,,324,MARA,1.0
camera-mattarellum-1993-corrected,SARDEGNA,2,MONTELEONE ROCCA DORIA,whole,,324,MONTELEONE ROCCA DORIA,1.0
camera-mattarellum-1993-corrected,SARDEGNA,2,,whole,,324,HMURDS,0.667
camera-mattarellum-1993-corrected,SARDEGNA,2,OLMEDO,whole,,324,OLMEDO,1.0
camera-mattarellum-1993-corrected,SARDEGNA,2,OSSI,whole,,324,OSSI,1.0
camera-mattarellum-1993-corrected,SARDEGNA,2,PADRIA,whole,,324,PADRIA,1.0
camera-mattarellum-1993-corrected,SARDEGNA,2,PLOAGHE,whole,,324,PLOAGHE,1.0
camera-mattarellum-1993-corrected,SARDEGNA,2,POZZOMAGGIORE,whole,,324,POZZOMAGGIORE,1.0
camera-mattarellum-1993-corrected,SARDEGNA,2,PUTIFIGARI,whole,,324,PUTIF IGARI,1.0
camera-mattarellum-1993-corrected,SARDEGNA,2,ROMANA,whole,,324,ROMANA,1.0
camera-mattarellum-1993-corrected,SARDEGNA,2,SEMESTENE,whole,,324,SEMESTE NE,1.0
camera-mattarellum-1993-corrected,SARDEGNA,2,THIESI,whole,,324,THIESI,1.0
camera-mattarellum-1993-corrected,SARDEGNA,2,TISSI,whole,,324,TISSI,1.0
camera-mattarellum-1993-corrected,SARDEGNA,2,TORRALBA,whole,,324,TORRALBA,1.0
camera-mattarellum-1993-corrected,SARDEGNA,2,URI,whole,,324,URI,1.0
camera-mattarellum-1993-corrected,SARDEGNA,2,USINI,whole,,324,USEINI,0.833
camera-mattarellum-1993-corrected,SARDEGNA,2,VILLANOVA MONTELEONE,whole,,324,VILLANOVA MONTELEONE,1.0
camera-mattarellum-1993-corrected,SARDEGNA,3,ALA' DEI SARDI,whole,,324,ALA' DEI SARDI,1.0
camera-mattarellum-1993-corrected,SARDEGNA,3,ARDARA,whole,,324,ARDARA,1.0
camera-mattarellum-1993-corrected,SARDEGNA,3,BENETUTTI,whole,,324,BENETUTTI,1.0
camera-mattarellum-1993-corrected,SARDEGNA,3,BERCHIDDA,whole,,324,BERCHI1DDA,0.9
camera-mattarellum-1993-corrected,SARDEGNA,3,BUDDUSO',whole,,324,BUDDUSO*,1.0
camera-mattarellum-1993-corrected,SARDEGNA,3,BULTEI,whole,,324,BULTE I,0.833
camera-mattarellum-1993-corrected,SARDEGNA,3,BULZI,whole,,324,BULZI,1.0
camera-mattarellum-1993-corrected,SARDEGNA,3,CASTELSARDO,whole,,324,CASTELSARDO,1.0
camera-mattarellum-1993-corrected,SARDEGNA,3,CHIARAMONTI,whole,,324,CHIARAMONTI,1.0
camera-mattarellum-1993-corrected,SARDEGNA,3,ITTIREDDU,whole,,324,ITTIREDDU,1.0
camera-mattarellum-1993-corrected,SARDEGNA,3,LAERRU,whole,,324,LAERRU,1.0
camera-mattarellum-1993-corrected,SARDEGNA,3,MARTIS,whole,,324,MARTIS,1.0
camera-mattarellum-1993-corrected,SARDEGNA,3,MONTI,whole,,324,MONTI,1.0
camera-mattarellum-1993-corrected,SARDEGNA,3,MORES,whole,,324,MORES,1.0
camera-mattarellum-1993-corrected,SARDEGNA,3,NUGHEDU DI SAN NICOLO',whole,,324,NUGHEDU DI SAN NICOLO?,1.0
camera-mattarellum-1993-corrected,SARDEGNA,3,NULE,whole,,324,NULE,1.0
camera-mattarellum-1993-corrected,SARDEGNA,3,NULVI,whole,,324,NULVI,1.0
camera-mattarellum-1993-corrected,SARDEGNA,3,OSCHIRI,whole,,324,OSCHIRI,1.0
camera-mattarellum-1993-corrected,SARDEGNA,3,OSILO,whole,,325,OSILO,1.0
camera-mattarellum-1993-corrected,SARDEGNA,3,OZIERI,whole,,325,OZIERI,1.0
camera-mattarellum-1993-corrected,SARDEGNA,3,PATTADA,whole,,325,PATTADA,1.0
camera-mattarellum-1993-corrected,SARDEGNA,3,PERFUGAS,whole,,325,PFERFUGAS,0.889
camera-mattarellum-1993-corrected,SARDEGNA,3,PORTO TORRES,whole,,325,PORTO TORRES,1.0
camera-mattarellum-1993-corrected,SARDEGNA,3,SEDINI,whole,,325,SEDINI,1.0
camera-mattarellum-1993-corrected,SARDEGNA,3,SENNORI,whole,,325,SENNORI,1.0
camera-mattarellum-1993-corrected,SARDEGNA,3,SORSO,whole,,325,SORSO,1.0
camera-mattarellum-1993-corrected,SARDEGNA,3,TULA,whole,,325,TULA,1.0
camera-mattarellum-1993-corrected,SARDEGNA,3,VALLEDORIA,whole,,325,VALLEDORITA,0.909
camera-mattarellum-1993-corrected,SARDEGNA,3,TERGU,whole,,325,TERGU,1.0
camera-mattarellum-1993-corrected,SARDEGNA,3,SANTA MARIA COGHINAS,whole,,325,SANTA MARIA COGHINAS,1.0
camera-mattarellum-1993-corrected,SARDEGNA,3,ERULA,whole,,325,ERULA,1.0
camera-mattarellum-1993-corrected,SARDEGNA,4,AGGIUS,whole,,325,AGGIUS,1.0
camera-mattarellum-1993-corrected,SARDEGNA,4,ARZACHENA,whole,,325,ARZACHENA,1.0
camera-mattarellum-1993-corrected,SARDEGNA,4,BORTIGIADAS,whole,,325,BORTIGIADAS,1.0
camera-mattarellum-1993-corrected,SARDEGNA,4,CALANGIANUS,whole,,325,CALANGIANUS,1.0
camera-mattarellum-1993-corrected,SARDEGNA,4,LA MADDALENA,whole,,325,LA MADDALENA,1.0
camera-mattarellum-1993-corrected,SARDEGNA,4,LUOGOSANTO,whole,,325,LUOGOSANTO,1.0
camera-mattarellum-1993-corrected,SARDEGNA,4,LURAS,whole,,325,LURAS,1.0
camera-mattarellum-1993-corrected,SARDEGNA,4,OLBIA,whole,,325,OLBIA,1.0
camera-mattarellum-1993-corrected,SARDEGNA,4,PALAU,whole,,325,PALAU,1.0
camera-mattarellum-1993-corrected,SARDEGNA,4,AGLIENTU,whole,,325,AGLIENTUÙU,0.889
camera-mattarellum-1993-corrected,SARDEGNA,4,SANTA TERESA GALLURA,whole,,325,SANTA TERESA GALLURA,1.0
camera-mattarellum-1993-corrected,SARDEGNA,4,TEMPIO PAUSANIA,whole,,325,TEMPIO PAUSANIA,1.0
camera-mattarellum-1993-corrected,SARDEGNA,4,TRINITA' D'AGULTU E VIGNOLA,whole,,325,TRINITA D'AGULTU E VIGNOLA,1.0
camera-mattarellum-1993-corrected,SARDEGNA,4,TELTI,whole,,325,TELTI,1.0
camera-mattarellum-1993-corrected,SARDEGNA,4,BADESI,whole,,325,BADESI,1.0
camera-mattarellum-1993-corrected,SARDEGNA,4,VIDDALBA,whole,,325,VIDDAL BA,1.0
camera-mattarellum-1993-corrected,SARDEGNA,4,GOLFO ARANCI,whole,,325,GULFO ARANCI,0.909
camera-mattarellum-1993-corrected,SARDEGNA,4,LOIRI PORTO SAN PAOLO,whole,,325,LOIRI PORTO SAN PAOLO,1.0
camera-mattarellum-1993-corrected,SARDEGNA,4,SANT'ANTONIO DI GALLURA,whole,,325,SANT'ANTONIO DI SALLURA,0.95
camera-mattarellum-1993-corrected,SARDEGNA,5,BITTI,whole,,325,BITTI,1.0
camera-mattarellum-1993-corrected,SARDEGNA,5,BUDONI,whole,,325,BUDONI,1.0
camera-mattarellum-1993-corrected,SARDEGNA,5,DORGALI,whole,,325,DORGALI,1.0
camera-mattarellum-1993-corrected,SARDEGNA,5,FONNI,whole,,325,FONNI,1.0
camera-mattarellum-1993-corrected,SARDEGNA,5,GALTELLI,whole,,325,GALTELLI,1.0
camera-mattarellum-1993-corrected,SARDEGNA,5,IRGOLI,whole,,325,IRGOLI,1.0
camera-mattarellum-1993-corrected,SARDEGNA,5,LOCULI,whole,,325,LOCULI,1.0
camera-mattarellum-1993-corrected,SARDEGNA,5,LODE',whole,,325,LODE *,1.0
camera-mattarellum-1993-corrected,SARDEGNA,5,LULA,whole,,325,LULA,1.0
camera-mattarellum-1993-corrected,SARDEGNA,5,MAMOIADA,whole,,325,MAMOTADA,0.875
camera-mattarellum-1993-corrected,SARDEGNA,5,NUORO,whole,,325,NUORO,1.0
camera-mattarellum-1993-corrected,SARDEGNA,5,OLIENA,whole,,325,OLIENA,1.0
camera-mattarellum-1993-corrected,SARDEGNA,5,ONANI,whole,,325,ONANI,1.0
camera-mattarellum-1993-corrected,SARDEGNA,5,ONIFAI,whole,,325,ONIFAI,1.0
camera-mattarellum-1993-corrected,SARDEGNA,5,ORGOSOLO,whole,,325,ORGOSOLO,1.0
camera-mattarellum-1993-corrected,SARDEGNA,5,OROSEI,whole,,325,OROSEI,1.0
camera-mattarellum-1993-corrected,SARDEGNA,5,ORUNE,whole,,325,DRUNE,0.8
camera-mattarellum-1993-corrected,SARDEGNA,5,OSIDDA,whole,,325,OSIDDA,1.0
camera-mattarellum-1993-corrected,SARDEGNA,5,POSADA,whole,,325,POSADA,1.0
camera-mattarellum-1993-corrected,SARDEGNA,5,SAN TEODORO,whole,,325,SAN TEODORO,1.0
camera-mattarellum-1993-corrected,SARDEGNA,5,SINISCOLA,whole,,325,SINISCOLA,1.0
camera-mattarellum-1993-corrected,SARDEGNA,5,TORPE',whole,,325,TORPEt,0.833
camera-mattarellum-1993-corrected,SARDEGNA,5,LODINE,whole,,325,LUDINE,0.833
camera-mattarellum-1993-corrected,SARDEGNA,6,ARITZO,whole,,325,ARITZO,1.0
camera-mattarellum-1993-corrected,SARDEGNA,6,ARZANA,whole,,325,ARZANA,1.0
camera-mattarellum-1993-corrected,SARDEGNA,6,ATZARA,whole,,325,ATZARA,1.0
camera-mattarellum-1993-corrected,SARDEGNA,6,AUSTIS,whole,,325,AUSTIS,1.0
camera-mattarellum-1993-corrected,SARDEGNA,6,BARI SARDO,whole,,325,BARI SARDO,1.0
camera-mattarellum-1993-corrected,SARDEGNA,6,BAUNEI,whole,,326,BAUNE I,0.833
camera-mattarellum-1993-corrected,SARDEGNA,6,BELVI',whole,,326,BELVI,1.0
camera-mattarellum-1993-corrected,SARDEGNA,6,DESULO,whole,,326,DESULO,1.0
camera-mattarellum-1993-corrected,SARDEGNA,6,ELINI,whole,,326,EL INI,1.0
camera-mattarellum-1993-corrected,SARDEGNA,6,ESCALAPLANO,whole,,326,ESCALAPLANO,1.0
camera-mattarellum-1993-corrected,SARDEGNA,6,ESCOLCA,whole,,326,ESCOLCA,1.0
camera-mattarellum-1993-corrected,SARDEGNA,6,ESTERZILI,whole,,326,ESTERZILI,1.0
camera-mattarellum-1993-corrected,SARDEGNA,6,GADONI,whole,,326,GADONI,1.0
camera-mattarellum-1993-corrected,SARDEGNA,6,GAIRO,whole,,326,GAIRO,1.0
camera-mattarellum-1993-corrected,SARDEGNA,6,GENONI,whole,,326,GENONI,1.0
camera-mattarellum-1993-corrected,SARDEGNA,6,GERGEI,whole,,326,GERGE I,0.833
camera-mattarellum-1993-corrected,SARDEGNA,6,GIRASOLE,whole,,326,GIRASOLE,1.0
camera-mattarellum-1993-corrected,SARDEGNA,6,ILBONO,whole,,326,1L BONO,1.0
camera-mattarellum-1993-corrected,SARDEGNA,6,,whole,,326,ISIL ET,0.667
camera-mattarellum-1993-corrected,SARDEGNA,6,JERZU,whole,,326,JERZU,1.0
camera-mattarellum-1993-corrected,SARDEGNA,6,LACONI,whole,,326,LACONI,1.0
camera-mattarellum-1993-corrected,SARDEGNA,6,LANUSEI,whole,,326,LANUSEI,1.0
camera-mattarellum-1993-corrected,SARDEGNA,6,LOCERI,whole,,326,LOCERI,1.0
camera-mattarellum-1993-corrected,SARDEGNA,6,LOTZORAI,whole,,326,LOTZORA I,0.875
camera-mattarellum-1993-corrected,SARDEGNA,6,MEANA SARDO,whole,,326,MEANA SARDO,1.0
camera-mattarellum-1993-corrected,SARDEGNA,6,NURAGUS,whole,,326,NURAGUS,1.0
camera-mattarellum-1993-corrected,SARDEGNA,6,NURALLAO,whole,,326,NURALLAO,1.0
camera-mattarellum-1993-corrected,SARDEGNA,6,NURRI,whole,,326,NURRI,1.0
camera-mattarellum-1993-corrected,SARDEGNA,6,ORROLI,whole,,326,ORROLI,1.0
camera-mattarellum-1993-corrected,SARDEGNA,6,ORTUERI,whole,,326,ORTUERI,1.0
camera-mattarellum-1993-corrected,SARDEGNA,6,OSINI,whole,,326,OSINI,1.0
camera-mattarellum-1993-corrected,SARDEGNA,6,OVODDA,whole,,326,OVODBA,0.833
camera-mattarellum-1993-corrected,SARDEGNA,6,PERDASDEFOGU,whole,,326,PERDASDEFOGU,1.0
camera-mattarellum-1993-corrected,SARDEGNA,6,SADALI,whole,,326,SADALI,1.0
camera-mattarellum-1993-corrected,SARDEGNA,6,SERRI,whole,,326,SERRI,1.0
camera-mattarellum-1993-corrected,SARDEGNA,6,SEUI,whole,,326,SEUI,1.0
camera-mattarellum-1993-corrected,SARDEGNA,6,SEULO,whole,,326,SEULO,1.0
camera-mattarellum-1993-corrected,SARDEGNA,6,SORGONO,whole,,326,SORGONO,1.0
camera-mattarellum-1993-corrected,SARDEGNA,6,TALANA,whole,,326,TALANA,1.0
camera-mattarellum-1993-corrected,SARDEGNA,6,TERTENIA,whole,,326,TERTENTA,0.875
camera-mattarellum-1993-corrected,SARDEGNA,6,TETI,whole,,326,TETI,1.0
camera-mattarellum-1993-corrected,SARDEGNA,6,TIANA,whole,,326,TIANA,1.0
camera-mattarellum-1993-corrected,SARDEGNA,6,TONARA,whole,,326,TONARA,1.0
camera-mattarellum-1993-corrected,SARDEGNA,6,TORTOLI',whole,,326,TORTOLI,1.0
camera-mattarellum-1993-corrected,SARDEGNA,6,TRIEI,whole,,326,TRIEI,1.0
camera-mattarellum-1993-corrected,SARDEGNA,6,ULASSAI,whole,,326,ULASSALT,0.75
camera-mattarellum-1993-corrected,SARDEGNA,6,,whole,,326,IR ZILET,0.571
camera-mattarellum-1993-corrected,SARDEGNA,6,USSASSAI,whole,,326,USSASSAI,1.0
camera-mattarellum-1993-corrected,SARDEGNA,6,VILLAGRANDE STRISAILI,whole,,326,VILLAGRANDE STRISAILI,1.0
camera-mattarellum-1993-corrected,SARDEGNA,6,VILLANOVA TULO,whole,,326,VILLANOVA TULOG,0.929
camera-mattarellum-1993-corrected,SARDEGNA,6,CARDEDU,whole,,326,CAR DE DU,1.0
camera-mattarellum-1993-corrected,SARDEGNA,7,BIRORI,whole,,326,BIRORI,1.0
camera-mattarellum-1993-corrected,SARDEGNA,7,BOLOTANA,whole,,326,BOLOTANA,1.0
camera-mattarellum-1993-corrected,SARDEGNA,7,BORORE,whole,,326,BORBRE,0.833
camera-mattarellum-1993-corrected,SARDEGNA,7,BORTIGALI,whole,,326,BORTIGALI,1.0
camera-mattarellum-1993-corrected,SARDEGNA,7,BOSA,whole,,326,BOSA,1.0
camera-mattarellum-1993-corrected,SARDEGNA,7,DUALCHI,whole,,326,DUALCHI1,0.875
camera-mattarellum-1993-corrected,SARDEGNA,7,FLUSSIO,whole,,326,FLUSSIO,1.0
camera-mattarellum-1993-corrected,SARDEGNA,7,GAVOI,whole,,326,GAVOI,1.0
camera-mattarellum-1993-corrected,SARDEGNA,7,,whole,,326,LE?,0.667
camera-mattarellum-1993-corrected,SARDEGNA,7,MACOMER,whole,,326,MACOMER,1.0
camera-mattarellum-1993-corrected,SARDEGNA,7,MAGOMADAS,whole,,326,MAGOMADAS,1.0
camera-mattarellum-1993-corrected,SARDEGNA,7,MODOLO,whole,,326,MODOLO,1.0
camera-mattarellum-1993-corrected,SARDEGNA,7,MONTRESTA,whole,,326,MONTRESTA,1.0
camera-mattarellum-1993-corrected,SARDEGNA,7,NORAGUGUME,whole,,326,NORAGUGUMNE,0.909
camera-mattarellum-1993-corrected,SARDEGNA,7,,whole,,326,MINE AT,0.5
camera-mattarellum-1993-corrected,SARDEGNA,7,OLZAI,whole,,326,OLZAI,1.0
camera-mattarellum-1993-corrected,SARDEGNA,7,ONIFERI,whole,,326,ONIFERI,1.0
camera-mattarellum-1993-corrected,SARDEGNA,7,ORANI,whole,,326,ORANI,1.0
camera-mattarellum-1993-corrected,SARDEGNA,7,OROTELLI,whole,,326,OROTELLI,1.0
camera-mattarellum-1993-corrected,SARDEGNA,7,OTTANA,whole,,327,OTTANA,1.0
camera-mattarellum-1993-corrected,SARDEGNA,7,SAGAMA,whole,,327,SAGAMA,1.0
camera-mattarellum-1993-corrected,SARDEGNA,7,SARULE,whole,,327,SARULE,1.0
camera-mattarellum-1993-corrected,SARDEGNA,7,SILANUS,whole,,327,SILANUS,1.0
camera-mattarellum-1993-corrected,SARDEGNA,7,SINDIA,whole,,327,SINDIA,1.0
camera-mattarellum-1993-corrected,SARDEGNA,7,SUNI,whole,,327,SUNI,1.0
camera-mattarellum-1993-corrected,SARDEGNA,7,TINNURA,whole,,327,TINNURA,1.0
camera-mattarellum-1993-corrected,SARDEGNA,7,ABBASANTA,whole,,327,ABBASANTA,1.0
camera-mattarellum-1993-corrected,SARDEGNA,7,AIDOMAGGIORE,whole,,327,ATDOMAGGIORE,0.917
camera-mattarellum-1993-corrected,SARDEGNA,7,ALLAI,whole,,327,ALLATI,0.833
camera-mattarellum-1993-corrected,SARDEGNA,7,ARDAULI,whole,,327,ARDAULI,1.0
camera-mattarellum-1993-corrected,SARDEGNA,7,BAULADU,whole,,327,BAULADU,1.0
camera-mattarellum-1993-corrected,SARDEGNA,7,BIDONI',whole,,327,BI1DONI*,0.857
camera-mattarellum-1993-corrected,SARDEGNA,7,BONARCADO,whole,,327,BONARCADO,1.0
camera-mattarellum-1993-corrected,SARDEGNA,7,BORONEDDU,whole,,327,BORONE DDU,1.0
camera-mattarellum-1993-corrected,SARDEGNA,7,BUSACHI,whole,,327,BUSACHI,1.0
camera-mattarellum-1993-corrected,SARDEGNA,7,CUGLIERI,whole,,327,CUGLIERI,1.0
camera-mattarellum-1993-corrected,SARDEGNA,7,FORDONGIANUS,whole,,327,FORDONGIANUS,1.0
camera-mattarellum-1993-corrected,SARDEGNA,7,GHILARZA,whole,,327,GHILARZA,1.0
camera-mattarellum-1993-corrected,SARDEGNA,7,MILIS,whole,,327,MILIS,1.0
camera-mattarellum-1993-corrected,SARDEGNA,7,NARBOLIA,whole,,327,NARBOLIA,1.0
camera-mattarellum-1993-corrected,SARDEGNA,7,NEONELI,whole,,327,NE GNELTI,0.75
camera-mattarellum-1993-corrected,SARDEGNA,7,NORBELLO,whole,,327,NORBELLO,1.0
camera-mattarellum-1993-corrected,SARDEGNA,7,NUGHEDU SANTA VITTORIA,whole,,327,NUGHEDU SANTA VITTORIA,1.0
camera-mattarellum-1993-corrected,SARDEGNA,7,PAULILATINO,whole,,327,PAUL ILATINO,1.0
camera-mattarellum-1993-corrected,SARDEGNA,7,RIOLA SARDO,whole,,327,RIOLA SARDO,1.0
camera-mattarellum-1993-corrected,SARDEGNA,7,SAMUGHEO,whole,,327,SAMUGHEO,1.0
camera-mattarellum-1993-corrected,SARDEGNA,7,SANTU LUSSURGIU,whole,,327,SANTU LUSSURGIU,1.0
camera-mattarellum-1993-corrected,SARDEGNA,7,SAN VERO MILIS,whole,,327,SAN VERO MILIS,1.0
camera-mattarellum-1993-corrected,SARDEGNA,7,SCANO DI MONTIFERRO,whole,,327,SCANO DI MONTIFERRO,1.0
camera-mattarellum-1993-corrected,SARDEGNA,7,SEDILO,whole,,327,SEDILOG,0.857
camera-mattarellum-1993-corrected,SARDEGNA,7,SENEGHE,whole,,327,SENEGHE,1.0
camera-mattarellum-1993-corrected,SARDEGNA,7,SENNARIOLO,whole,,327,SENNARTOLO,0.9
camera-mattarellum-1993-corrected,SARDEGNA,7,SORRADILE,whole,,327,SURRADILE,0.889
camera-mattarellum-1993-corrected,SARDEGNA,7,TADASUNI,whole,,327,TADASUNI,1.0
camera-mattarellum-1993-corrected,SARDEGNA,7,TRAMATZA,whole,,327,TRAMATZA,1.0
camera-mattarellum-1993-corrected,SARDEGNA,7,TRESNURAGHES,whole,,327,TRESNURAGHES,1.0
camera-mattarellum-1993-corrected,SARDEGNA,7,ULA TIRSO,whole,,327,ULA* TIRSO,1.0
camera-mattarellum-1993-corrected,SARDEGNA,7,,whole,,327,SGDDI,0.8
camera-mattarellum-1993-corrected,SARDEGNA,8,ALBAGIARA,whole,,327,ALBAGIARA,1.0
camera-mattarellum-1993-corrected,SARDEGNA,8,ALES,whole,,327,ALES,1.0
camera-mattarellum-1993-corrected,SARDEGNA,8,ARBOREA,whole,,327,ARBOREA,1.0
camera-mattarellum-1993-corrected,SARDEGNA,8,ASSOLO,whole,,327,ASSOLO,1.0
camera-mattarellum-1993-corrected,SARDEGNA,8,ASUNI,whole,,327,ASUNI,1.0
camera-mattarellum-1993-corrected,SARDEGNA,8,BARADILI,whole,,327,BARADILI,1.0
camera-mattarellum-1993-corrected,SARDEGNA,8,BARATILI SAN PIETRO,whole,,327,BARATILI SAN PIETRO,1.0
camera-mattarellum-1993-corrected,SARDEGNA,8,BARESSA,whole,,327,BARESSA,1.0
camera-mattarellum-1993-corrected,SARDEGNA,8,CABRAS,whole,,327,CABRAS,1.0
camera-mattarellum-1993-corrected,SARDEGNA,8,GONNOSCODINA,whole,,327,GONNOSCODINA,1.0
camera-mattarellum-1993-corrected,SARDEGNA,8,GONNOSNO',whole,,327,GONNOSNO *,1.0
camera-mattarellum-1993-corrected,SARDEGNA,8,GONNOSTRAMATZA,whole,,327,GONNOSTRAMATZA,1.0
camera-mattarellum-1993-corrected,SARDEGNA,8,MARRUBIU,whole,,327,MARRUBIU,1.0
camera-mattarellum-1993-corrected,SARDEGNA,8,MASULLAS,whole,,327,MASULLAS,1.0
camera-mattarellum-1993-corrected,SARDEGNA,8,MOGORELLA,whole,,327,MOSORELLA,0.889
camera-mattarellum-1993-corrected,SARDEGNA,8,MOGORO,whole,,327,MOGORO,1.0
camera-mattarellum-1993-corrected,SARDEGNA,8,MORGONGIORI,whole,,327,MORGONGIORI,1.0
camera-mattarellum-1993-corrected,SARDEGNA,8,NURACHI,whole,,327,NURACHI,1.0
camera-mattarellum-1993-corrected,SARDEGNA,8,NURECI,whole,,327,NURECI,1.0
camera-mattarellum-1993-corrected,SARDEGNA,8,OLLASTRA,whole,,327,DLLASTRA,0.875
camera-mattarellum-1993-corrected,SARDEGNA,8,ORISTANO,whole,,327,DR ISTANO,0.875
camera-mattarellum-1993-corrected,SARDEGNA,8,PALMAS ARBOREA,whole,,327,PALMAS ARBOREA,1.0
camera-mattarellum-1993-corrected,SARDEGNA,8,PAU,whole,,327,PAU,1.0
camera-mattarellum-1993-corrected,SARDEGNA,8,POMPU,whole,,327,POMHPU,0.833
camera-mattarellum-1993-corrected,SARDEGNA,8,RUINAS,whole,,327,RUINAS,1.0
camera-mattarellum-1993-corrected,SARDEGNA,8,SAN NICOLO' D'ARCIDANO,whole,,327,SAN NICOLO! D'ARCIDANO,1.0
camera-mattarellum-1993-corrected,SARDEGNA,8,SANTA GIUSTA,whole,,327,SANTA GIUSTA,1.0
camera-mattarellum-1993-corrected,SARDEGNA,8,VILLA SANT'ANTONIO,whole,,328,VILLA SANT'ANTONIO,1.0
camera-mattarellum-1993-corrected,SARDEGNA,8,SENIS,whole,,328,SENIS,1.0
camera-mattarellum-1993-corrected,SARDEGNA,8,SIAMAGGIORE,whole,,328,SIAMAGGIGRE,0.909
camera-mattarellum-1993-corrected,SARDEGNA,8,SIAMANNA,whole,,328,SITAMANNA,0.889
camera-mattarellum-1993-corrected,SARDEGNA,8,SIMALA,whole,,328,SIMALA,1.0
camera-mattarellum-1993-corrected,SARDEGNA,8,SIMAXIS,whole,,328,SIMAXIS,1.0
camera-mattarellum-1993-corrected,SARDEGNA,8,SINI,whole,,328,SINI,1.0
camera-mattarellum-1993-corrected,SARDEGNA,8,SIRIS,whole,,328,SIRIS,1.0
camera-mattarellum-1993-corrected,SARDEGNA,8,SOLARUSSA,whole,,328,SOLARUSSA,1.0
camera-mattarellum-1993-corrected,SARDEGNA,8,TERRALBA,whole,,328,TERRALBA,1.0
camera-mattarellum-1993-corrected,SARDEGNA,8,URAS,whole,,328,URAS,1.0
camera-mattarellum-1993-corrected,SARDEGNA,8,USELLUS,whole,,328,USELLUS,1.0
camera-mattarellum-1993-corrected,SARDEGNA,8,VILLANOVA TRUSCHEDU,whole,,328,VILLANOVA TRUSCHEDU,1.0
camera-mattarellum-1993-corrected,SARDEGNA,8,VILLAURBANA,whole,,328,VILLAURBANA,1.0
camera-mattarellum-1993-corrected,SARDEGNA,8,VILLA VERDE,whole,,328,VILLA VERDE,1.0
camera-mattarellum-1993-corrected,SARDEGNA,8,ZEDDIANI,whole,,328,ZEDDIANI,1.0
camera-mattarellum-1993-corrected,SARDEGNA,8,ZERFALIU,whole,,328,ZERFALIU,1.0
camera-mattarellum-1993-corrected,SARDEGNA,8,SIAPICCIA,whole,,328,SIAPICCIA,1.0
camera-mattarellum-1993-corrected,SARDEGNA,8,CURCURIS,whole,,328,CURCUR IS,1.0
camera-mattarellum-1993-corrected,SARDEGNA,9,ARBUS,whole,,328,ARBUS,1.0
camera-mattarellum-1993-corrected,SARDEGNA,9,BUGGERRU,whole,,328,BUGGERR LU,0.889
camera-mattarellum-1993-corrected,SARDEGNA,9,COLLINAS,whole,,328,COLLINAS,1.0
camera-mattarellum-1993-corrected,SARDEGNA,9,DECIMOPUTZU,whole,,328,DECIiIMOPUTZU,0.846
camera-mattarellum-1993-corrected,SARDEGNA,9,DOMUSNOVAS,whole,,328,DOMUSNOVAS,1.0
camera-mattarellum-1993-corrected,SARDEGNA,9,FLUMINIMAGGIORE,whole,,328,FLUMINIMAGGIORE,1.0
camera-mattarellum-1993-corrected,SARDEGNA,9,GONNOSFANADIGA,whole,,328,GONNOSFANADIGA,1.0
camera-mattarellum-1993-corrected,SARDEGNA,9,GUSPINI,whole,,328,GUSPINI,1.0
camera-mattarellum-1993-corrected,SARDEGNA,9,IGLESIAS,whole,,328,IGLESIAS,1.0
camera-mattarellum-1993-corrected,SARDEGNA,9,MUSEI,whole,,328,MUSE 1,1.0
camera-mattarellum-1993-corrected,SARDEGNA,9,PABILLONIS,whole,,328,PABILLONIS,1.0
camera-mattarellum-1993-corrected,SARDEGNA,9,SAN GAVINO MONREALE,whole,,328,SAN GAVINO MONREALE,1.0
camera-mattarellum-1993-corrected,SARDEGNA,9,SARDARA,whole,,328,SARDARA,1.0
camera-mattarellum-1993-corrected,SARDEGNA,9,SILIQUA,whole,,328,SILIQUA,1.0
camera-mattarellum-1993-corrected,SARDEGNA,9,VALLERMOSA,whole,,328,VALLERMOSA,1.0
camera-mattarellum-1993-corrected,SARDEGNA,9,VILLACIDRO,whole,,328,VILLACIDRO,1.0
camera-mattarellum-1993-corrected,SARDEGNA,9,VILLAMASSARGIA,whole,,328,VILLAMASSARGIA,1.0
camera-mattarellum-1993-corrected,SARDEGNA,9,VILLANOVAFORRU,whole,,328,VILLANOYAF ORRU,0.929
camera-mattarellum-1993-corrected,SARDEGNA,9,,whole,,328,FiLLASFELiÙSA,0.692
camera-mattarellum-1993-corrected,SARDEGNA,10,CALASETTA,whole,,328,CALASETTA,1.0
camera-mattarellum-1993-corrected,SARDEGNA,10,CAPOTERRA,whole,,328,CAPOTERRA,1.0
camera-mattarellum-1993-corrected,SARDEGNA,10,CARBONIA,whole,,328,CARBONIA,1.0
camera-mattarellum-1993-corrected,SARDEGNA,10,CARLOFORTE,whole,,328,CARLOFORTE,1.0
camera-mattarellum-1993-corrected,SARDEGNA,10,DOMUS DE MARIA,whole,,328,DOMUS DE MARIA,1.0
camera-mattarellum-1993-corrected,SARDEGNA,10,GIBA,whole,,328,GIBA,1.0
camera-mattarellum-1993-corrected,SARDEGNA,10,GONNESA,whole,,328,GONNE SA,1.0
camera-mattarellum-1993-corrected,SARDEGNA,10,NARCAO,whole,,328,NARCAOG,0.857
camera-mattarellum-1993-corrected,SARDEGNA,10,NUXIS,whole,,328,NUX1S,1.0
camera-mattarellum-1993-corrected,SARDEGNA,10,PERDAXIUS,whole,,328,PERDAX IUS,1.0
camera-mattarellum-1993-corrected,SARDEGNA,10,PORTOSCUSO,whole,,328,PORTOSCUSO,1.0
camera-mattarellum-1993-corrected,SARDEGNA,10,PULA,whole,,328,PULA,1.0
camera-mattarellum-1993-corrected,SARDEGNA,10,SAN GIOVANNI SUERGIU,whole,,328,SAN GIOVANNI SUERGIU,1.0
camera-mattarellum-1993-corrected,SARDEGNA,10,SANTADI,whole,,328,SANTADI,1.0
camera-mattarellum-1993-corrected,SARDEGNA,10,SANT'ANNA ARRESI,whole,,328,SANT'ANNA ARRESI,1.0
camera-mattarellum-1993-corrected,SARDEGNA,10,SANT'ANTIOCO,whole,,328,SANT'ANTIOCO,1.0
camera-mattarellum-1993-corrected,SARDEGNA,10,SARROCH,whole,,328,SARROCH,1.0
camera-mattarellum-1993-corrected,SARDEGNA,10,TEULADA,whole,,328,TEULADA,1.0
camera-mattarellum-1993-corrected,SARDEGNA,10,TRATALIAS,whole,,328,TRATAL IAS,1.0
camera-mattarellum-1993-corrected,SARDEGNA,10,VILLA SAN PIETRO,whole,,328,VILLA SAN PIETRO,1.0
camera-mattarellum-1993-corrected,SARDEGNA,10,MASAINAS,whole,,328,MASA INAS,1.0
camera-mattarellum-1993-corrected,SARDEGNA,10,VILLAPERUCCIO,whole,,328,VILLAPERUCCIO,1.0
camera-mattarellum-1993-corrected,SARDEGNA,10,PISCINAS,whole,,328,PISCINAS,1.0
camera-mattarellum-1993-corrected,SARDEGNA,11,ASSEMINI,whole,,329,ASSEMINI,1.0
camera-mattarellum-1993-corrected,SARDEGNA,11,CAGLIARI,zone,S.MICHELE-MULINU BE,329,{ CA-S.MICHELE-MULINU BE >,1.0
camera-mattarellum-1993-corrected,SARDEGNA,11,CAGLIARI,zone,1S.MIRRIONIS-BINGIA,329,{ CA-1S.MIRRIONIS-BINGIA ),1.0
camera-mattarellum-1993-corrected,SARDEGNA,11,CAGLIARI,zone,PIRRI,329,( CA-PIRRI ),1.0
camera-mattarellum-1993-corrected,SARDEGNA,11,CAGLIARI,zone,MONSERRATO,329,{ CA-MONSERRATO ),1.0
camera-mattarellum-1993-corrected,SARDEGNA,11,DECIMOMANNU,whole,,329,DECIMOMANNU,1.0
camera-mattarellum-1993-corrected,SARDEGNA,11,SESTU,whole,,329,SESTUÙ,1.0
camera-mattarellum-1993-corrected,SARDEGNA,11,ELMAS,whole,,329,ELMAS,1.0
camera-mattarellum-1993-corrected,SARDEGNA,12,CAGLIARI,zone,CASTELLO-MARINA-STA,329,( CA-CASTELLO-MARINA-STA ),1.0
camera-mattarellum-1993-corrected,SARDEGNA,12,CAGLIARI,zone,S.AVENDRACE,329,{ CA-S.AVENDRACE I),1.0
camera-mattarellum-1993-corrected,SARDEGNA,12,CAGLIARI,zone,VILLANOVA-LA VEGA,329,( CA-VILLANOVA-LA VEGA },1.0
camera-mattarellum-1993-corrected,SARDEGNA,12,CAGLIARI,zone,S.BENEDETTO,329,{( CA-S.BENEDETTO ?>,1.0
camera-mattarellum-1993-corrected,SARDEGNA,12,CAGLIARI,zone,C.E.P.-FONSARDA,329,{ CA-C.E.P.-FONSARDA ),1.0
camera-mattarellum-1993-corrected,SARDEGNA,12,CAGLIARI,zone,GENN' E RUXI-S.GIULI,329,{ CA-GENN'*E RUXI-S.GIULI },1.0
camera-mattarellum-1993-corrected,SARDEGNA,12,CAGLIARI,zone,S.ELIA-S'ARRULLONI,329,( CA-S.ELIA-S'ARRULLONI- ),1.0
camera-mattarellum-1993-corrected,SARDEGNA,12,CAGLIARI,zone,P.ZZA REPUBBLICA-BO,329,{ CA-P.ZZA REPUBBLICA-BO è,1.0
camera-mattarellum-1993-corrected,SARDEGNA,13,ARMUNGIA,whole,,329,ARMUNGIA,1.0
camera-mattarellum-1993-corrected,SARDEGNA,13,BALLAO,whole,,329,BALLAO,1.0
camera-mattarellum-1993-corrected,SARDEGNA,13,BARRALI,whole,,329,BARRALI,1.0
camera-mattarellum-1993-corrected,SARDEGNA,13,BARUMINI,whole,,329,BARUMINI,1.0
camera-mattarellum-1993-corrected,SARDEGNA,13,DOLIANOVA,whole,,329,DOLIANOVA,1.0
camera-mattarellum-1993-corrected,SARDEGNA,13,DONORI,whole,,329,DONORI*,1.0
camera-mattarellum-1993-corrected,SARDEGNA,13,FURTEI,whole,,329,FURTE I,0.833
camera-mattarellum-1993-corrected,SARDEGNA,13,GENURI,whole,,329,GENURTI,0.857
camera-mattarellum-1993-corrected,SARDEGNA,13,GESICO,whole,,329,GESICO,1.0
camera-mattarellum-1993-corrected,SARDEGNA,13,GESTURI,whole,,329,GESTURI,1.0
camera-mattarellum-1993-corrected,SARDEGNA,13,GONI,whole,,329,GONI,1.0
camera-mattarellum-1993-corrected,SARDEGNA,13,GUAMAGGIORE,whole,,329,GUAMAGGIORE,1.0
camera-mattarellum-1993-corrected,SARDEGNA,13,GUASILA,whole,,329,GUASILA,1.0
camera-mattarellum-1993-corrected,SARDEGNA,13,LAS PLASSAS,whole,,329,LAS PLASSAS,1.0
camera-mattarellum-1993-corrected,SARDEGNA,13,LUNAMATRONA,whole,,329,LUNAMATRONA,1.0
camera-mattarellum-1993-corrected,SARDEGNA,13,MANDAS,whole,,329,HANDAS,1.0
camera-mattarellum-1993-corrected,SARDEGNA,13,MONASTIR,whole,,329,MONASTIR,1.0
camera-mattarellum-1993-corrected,SARDEGNA,13,MURAVERA,whole,,329,MURAVERA,1.0
camera-mattarellum-1993-corrected,SARDEGNA,13,NURAMINIS,whole,,329,NURAMINIS,1.0
camera-mattarellum-1993-corrected,SARDEGNA,13,ORTACESUS,whole,,329,ORTACESUS,1.0
camera-mattarellum-1993-corrected,SARDEGNA,13,PAULI ARBAREI,whole,,329,PAULI ARBAREI,1.0
camera-mattarellum-1993-corrected,SARDEGNA,13,PIMENTEL,whole,,329,PIMENTEL,1.0
camera-mattarellum-1993-corrected,SARDEGNA,13,SAMASSI,whole,,329,SAMASSE,0.857
camera-mattarellum-1993-corrected,SARDEGNA,13,SAMATZAI,whole,,329,SAMATZAIL,0.889
camera-mattarellum-1993-corrected,SARDEGNA,13,SAN BASILIO,whole,,329,SAN BASILIO,1.0
camera-mattarellum-1993-corrected,SARDEGNA,13,SANLURI,whole,,329,SANLURI,1.0
camera-mattarellum-1993-corrected,SARDEGNA,13,SAN NICOLO' GERREI,whole,,329,SAN NICOLO' GERREI,1.0
camera-mattarellum-1993-corrected,SARDEGNA,13,SAN SPERATE,whole,,329,SAN SPERATE,1.0
camera-mattarellum-1993-corrected,SARDEGNA,13,SANT'ANDREA FRIUS,whole,,329,SANT'ANDREA FRIUS,1.0
camera-mattarellum-1993-corrected,SARDEGNA,13,SAN VITO,whole,,329,SAN VITO,1.0
camera-mattarellum-1993-corrected,SARDEGNA,13,SEGARIU,whole,,329,SEGARTIU,0.875
camera-mattarellum-1993-corrected,SARDEGNA,13,SELEGAS,whole,,329,SELEGAS,1.0
camera-mattarellum-1993-corrected,SARDEGNA,13,SENORBI',whole,,329,SENORBI*,1.0
camera-mattarellum-1993-corrected,SARDEGNA,13,SERDIANA,whole,,329,SERDIANA,1.0
camera-mattarellum-1993-corrected,SARDEGNA,13,SERRAMANNA,whole,,329,SERRAMANNA,1.0
camera-mattarellum-1993-corrected,SARDEGNA,13,SERRENTI,whole,,329,SERRENTI,1.0
camera-mattarellum-1993-corrected,SARDEGNA,13,SETZU,whole,,329,SETZU,1.0
camera-mattarellum-1993-corrected,SARDEGNA,13,SIDDI,whole,,329,S1DODI,0.833
camera-mattarellum-1993-corrected,SARDEGNA,13,SILIUS,whole,,329,SILIUS,1.0
camera-mattarellum-1993-corrected,SARDEGNA,13,SIURGUS DONIGALA,whole,,329,SITURGUS DONIGALA,0.938
camera-mattarellum-1993-corrected,SARDEGNA,13,SUELLI,whole,,329,SUELLI,1.0
camera-mattarellum-1993-corrected,SARDEGNA,13,TUILI,whole,,329,TUILI,1.0
camera-mattarellum-1993-corrected,SARDEGNA,13,TURRI,whole,,329,TURRI,1.0
camera-mattarellum-1993-corrected,SARDEGNA,13,USSANA,whole,,329,USSANA,1.0
camera-mattarellum-1993-corrected,SARDEGNA,13,USSARAMANNA,whole,,329,USSARAMANNA,1.0
camera-mattarellum-1993-corrected,SARDEGNA,13,VILLAMAR,whole,,329,VILLAMHAR,0.889
camera-mattarellum-1993-corrected,SARDEGNA,13,VILLANOVAFRANCA,whole,,329,VILLANDOVAFRANCA,0.938
camera-mattarellum-1993-corrected,SARDEGNA,13,VILLAPUTZU,whole,,330,VILLAPUTZU,1.0
camera-mattarellum-1993-corrected,SARDEGNA,13,VILLASALTO,whole,,330,VILLASALTO,1.0
camera-mattarellum-1993-corrected,SARDEGNA,13,VILLASOR,whole,,330,VILLASOR,1.0
camera-mattarellum-1993-corrected,SARDEGNA,14,BURCEI,whole,,330,BURCE I,0.833
camera-mattarellum-1993-corrected,SARDEGNA,14,MARACALAGONIS,whole,,330,MARACALAGONIS,1.0
camera-mattarellum-1993-corrected,SARDEGNA,14,QUARTU SANT'ELENA,whole,,330,QUARTU SANT*ELENA,1.0
camera-mattarellum-1993-corrected,SARDEGNA,14,SELARGIUS,whole,,330,SELARGIUS,1.0
camera-mattarellum-1993-corrected,SARDEGNA,14,SETTIMO SAN PIETRO,whole,,330,SETTIMO SAN PIETRO,1.0
camera-mattarellum-1993-corrected,SARDEGNA,14,SINNAI,whole,,330,SINNAI,1.0
camera-mattarellum-1993-corrected,SARDEGNA,14,SOLEMINIS,whole,,330,SOLEMINIS,1.0
camera-mattarellum-1993-corrected,SARDEGNA,14,VILLASIMIUS,whole,,330,VILLASIMIUS,1.0
camera-mattarellum-1993-corrected,SARDEGNA,14,QUARTUCCIU,whole,,330,QUARTUCCIU,1.0
camera-mattarellum-1993-corrected,SARDEGNA,14,CASTIADAS,whole,,330,CASTIADAS,1.0
