map_version,geography,college,municipality,entry_type,entry_text,source_page,ocr_text,match_score
senato-mattarellum-1993-corrected,VALLE D'AOSTA,1,ALLEIN,whole,,7,ALLE IN,1.0
senato-mattarellum-1993-corrected,VALLE D'AOSTA,1,ANTEY-SAINT-ANDRE',whole,,7,ANTEY-SAINT-ANDRE *,1.0
senato-mattarellum-1993-corrected,VALLE D'AOSTA,1,AOSTA,whole,,7,AOSTA,1.0
senato-mattarellum-1993-corrected,VALLE D'AOSTA,1,ARNAD,whole,,7,ARNAD,1.0
senato-mattarellum-1993-corrected,VALLE D'AOSTA,1,ARVIER,whole,,7,ARVIER,1.0
senato-mattarellum-1993-corrected,VALLE D'AOSTA,1,AVISE,whole,,7,AVISE,1.0
senato-mattarellum-1993-corrected,VALLE D'AOSTA,1,AYAS,whole,,7,AYAS,1.0
senato-mattarellum-1993-corrected,VALLE D'AOSTA,1,AYMAVILLES,whole,,7,AYMAVILLES,1.0
senato-mattarellum-1993-corrected,VALLE D'AOSTA,1,BARD,whole,,7,BARD,1.0
senato-mattarellum-1993-corrected,VALLE D'AOSTA,1,BIONAZ,whole,,7,BIONAZ,1.0
senato-mattarellum-1993-corrected,VALLE D'AOSTA,1,BRISSOGNE,whole,,7,BRISSOGNE,1.0
senato-mattarellum-1993-corrected,VALLE D'AOSTA,1,BRUSSON,whole,,7,BRUSSON,1.0
senato-mattarellum-1993-corrected,VALLE D'AOSTA,1,CHALLAND-SAINT-ANSELME,whole,,7,CHALLAND-SAiÎNT-ANSELME,1.0
senato-mattarellum-1993-corrected,VALLE D'AOSTA,1,CHALLAND-SAINT-VICTOR,whole,,7,CHALLANDO-SAINT-VICTOR,0.95
senato-mattarellum-1993-corrected,VALLE D'AOSTA,1,CHAMBAVE,whole,,7,CHAMBAVE,1.0
senato-mattarellum-1993-corrected,VALLE D'AOSTA,1,CHAMOIS,whole,,7,CHAMO1S,1.0
senato-mattarellum-1993-corrected,VALLE D'AOSTA,1,CHAMPDEPRAZ,whole,,7,CHAMPDEPRAZ,1.0
senato-mattarellum-1993-corrected,VALLE D'AOSTA,1,CHAMPORCHER,whole,,7,CHAMPORCHER,1.0
senato-mattarellum-1993-corrected,VALLE D'AOSTA,1,CHARVENSOD,whole,,7,CHARVENSOD,1.0
senato-mattarellum-1993-corrected,VALLE D'AOSTA,1,CHATILLON,whole,,7,CHATILLON,1.0
senato-mattarellum-1993-corrected,VALLE D'AOSTA,1,COGNE,whole,,7,COUGNE,0.833
senato-mattarellum-1993-corrected,VALLE D'AOSTA,1,COURMAYEUR,whole,,7,COURMAYEUR,1.0
senato-mattarellum-1993-corrected,VALLE D'AOSTA,1,DONNAS,whole,,7,DONNAS,1.0
senato-mattarellum-1993-corrected,VALLE D'AOSTA,1,DOUES,whole,,7,DOVE S,0.8
senato-mattarellum-1993-corrected,VALLE D'AOSTA,1,EMARESE,whole,,7,EMARESE,1.0
senato-mattarellum-1993-corrected,VALLE D'AOSTA,1,ETROUBLES,whole,,7,ETROUBLES,1.0
senato-mattarellum-1993-corrected,VALLE D'AOSTA,1,FENIS,whole,,7,FENIS,1.0
senato-mattarellum-1993-corrected,VALLE D'AOSTA,1,FONTAINEMORE,whole,,7,FONTATINEMGOGRE,0.8
senato-mattarellum-1993-corrected,VALLE D'AOSTA,1,GABY,whole,,7,GABY,1.0
senato-mattarellum-1993-corrected,VALLE D'AOSTA,1,GIGNOD,whole,,7,GIGNOD,1.0
senato-mattarellum-1993-corrected,VALLE D'AOSTA,1,GRESSAN,whole,,7,GRESSAN,1.0
senato-mattarellum-1993-corrected,VALLE D'AOSTA,1,GRESSONEY-LA-TRINITE',whole,,7,GRESSONEY-LA-TRINITE*,1.0
senato-mattarellum-1993-corrected,VALLE D'AOSTA,1,GRESSONEY-SAINT-JEAN,whole,,7,GRESSONEY-SAINT-JEAN,1.0
senato-mattarellum-1993-corrected,VALLE D'AOSTA,1,HONE,whole,,7,HONE,1.0
senato-mattarellum-1993-corrected,VALLE D'AOSTA,1,INTROD,whole,,7,INTROD,1.0
senato-mattarellum-1993-corrected,VALLE D'AOSTA,1,ISSIME,whole,,7,1SSIME,1.0
senato-mattarellum-1993-corrected,VALLE D'AOSTA,1,ISSOGNE,whole,,7,ISSOGNE,1.0
senato-mattarellum-1993-corrected,VALLE D'AOSTA,1,JOVENCAN,whole,,7,JOVENCAN,1.0
senato-mattarellum-1993-corrected,VALLE D'AOSTA,1,LA MAGDELEINE,whole,,7,LA MAGDELE LINE,0.923
senato-mattarellum-1993-corrected,VALLE D'AOSTA,1,LA SALLE,whole,,7,LA SALLE,1.0
senato-mattarellum-1993-corrected,VALLE D'AOSTA,1,LA THUILE,whole,,7,LA THUILE,1.0
senato-mattarellum-1993-corrected,VALLE D'AOSTA,1,LILLIANES,whole,,7,LILLIANES,1.0
senato-mattarellum-1993-corrected,VALLE D'AOSTA,1,MONTJOVET,whole,,7,MONTJOVET,1.0
senato-mattarellum-1993-corrected,VALLE D'AOSTA,1,MORGEX,whole,,7,MORGEX,1.0
senato-mattarellum-1993-corrected,VALLE D'AOSTA,1,NUS,whole,,7,NUS,1.0
senato-mattarellum-1993-corrected,VALLE D'AOSTA,1,OLLOMONT,whole,,7,OLLOMONT,1.0
senato-mattarellum-1993-corrected,VALLE D'AOSTA,1,OYACE,whole,,7,OYACE,1.0
senato-mattarellum-1993-corrected,VALLE D'AOSTA,1,PERLOZ,whole,,7,PERLOZ,1.0
senato-mattarellum-1993-corrected,VALLE D'AOSTA,1,POLLEIN,whole,,7,POLLEIN,1.0
senato-mattarellum-1993-corrected,VALLE D'AOSTA,1,PONTBOSET,whole,,7,PONTBOSET,1.0
senato-mattarellum-1993-corrected,VALLE D'AOSTA,1,PONTEY,whole,,7,PONTE Y,1.0
senato-mattarellum-1993-corrected,VALLE D'AOSTA,1,PONT-SAINT-MARTIN,whole,,7,PONT-SAINT-MARTIN,1.0
senato-mattarellum-1993-corrected,VALLE D'AOSTA,1,PRE'-SAINT-DIDIER,whole,,7,PRE*-SAINT-DIDIER,1.0
senato-mattarellum-1993-corrected,VALLE D'AOSTA,1,QUART,whole,,7,QUART,1.0
senato-mattarellum-1993-corrected,VALLE D'AOSTA,1,RHEMES-NOTRE-DAME,whole,,7,RHEME S-NOTRE - DANE,0.933
senato-mattarellum-1993-corrected,VALLE D'AOSTA,1,RHEMES-SAINT-GEORGES,whole,,7,RHEMES-SAINT-GEOURGES,0.947
senato-mattarellum-1993-corrected,VALLE D'AOSTA,1,ROISAN,whole,,7,ROISAN,1.0
senato-mattarellum-1993-corrected,VALLE D'AOSTA,1,SAINT-CHRISTOPHE,whole,,7,SAINT-CHRISTOPHE,1.0
senato-mattarellum-1993-corrected,VALLE D'AOSTA,1,SAINT-DENIS,whole,,7,SAINT-DENIS,1.0
senato-mattarellum-1993-corrected,VALLE D'AOSTA,1,SAINT-MARCEL,whole,,7,SAINT-MARCEL,1.0
senato-mattarellum-1993-corrected,VALLE D'AOSTA,1,SAINT-NICOLAS,whole,,7,SAINT-NICOLAS,1.0
senato-mattarellum-1993-corrected,VALLE D'AOSTA,1,SAINT-OYEN,whole,,7,SAINT-OYEN,1.0
senato-mattarellum-1993-corrected,VALLE D'AOSTA,1,SAINT-PIERRE,whole,,7,SATINT-PIERRE,0.917
senato-mattarellum-1993-corrected,VALLE D'AOSTA,1,SAINT-RHEMY-EN-BOSSES,whole,,8,SAINT-RHEMY-EN-BOSSES,1.0
senato-mattarellum-1993-corrected,VALLE D'AOSTA,1,SAINT-VINCENT,whole,,8,SAINT-VINCENT,1.0
senato-mattarellum-1993-corrected,VALLE D'AOSTA,1,SARRE,whole,,8,SARRE,1.0
senato-mattarellum-1993-corrected,VALLE D'AOSTA,1,TORGNON,whole,,8,TORGNON,1.0
senato-mattarellum-1993-corrected,VALLE D'AOSTA,1,VALGRISENCHE,whole,,8,VALGR 1SENCHE,1.0
senato-mattarellum-1993-corrected,VALLE D'AOSTA,1,VALPELLINE,whole,,8,VALPELL INE,1.0
senato-mattarellum-1993-corrected,VALLE D'AOSTA,1,VALSAVARENCHE,whole,,8,YALSAVARENCHE,0.923
senato-mattarellum-1993-corrected,VALLE D'AOSTA,1,VALTOURNENCHE,whole,,8,VALTOURNENCHE,1.0
senato-mattarellum-1993-corrected,VALLE D'AOSTA,1,VERRAYES,whole,,8,VERRAYES,1.0
senato-mattarellum-1993-corrected,VALLE D'AOSTA,1,VERRES,whole,,8,VERRES,1.0
senato-mattarellum-1993-corrected,VALLE D'AOSTA,1,VILLENEUVE,whole,,8,VILLENEUVE,1.0
senato-mattarellum-1993-corrected,PIEMONTE,1,TORINO,described_part,"Comprende parte del territoric del comune di Terine delimitata come segue: asse corse Regina Margherita (dal corso Tasseni), pente Rossini, mezzeria Torrente DORA RIPARIA, asse via Bolegna, asse via Cimarosa,” via Pindemonte, mezzeria Fiume PO {fino al confine con 1l comune di S. Maure To.se), linea di: cenfine con 1 comuni di SAN MAURO TO.se - BALDISSERO TO.se - PINO TO.se - PECETTO TO.se - Moncalieri {fino alla ferrovia Terino-Genova), ferrevia Terino-Genova (fine alla via Brugnone}, via Lugarc, linea di cenfitne FF.SS. dal termine della via Lugare al n. 44 della piazza Nizza, piazza Nizza, asse via Nizza, asse corso Scmmeiller, asse corso Einaudi, ferrovia Torino-Milano, asse cerso Ferrucci, asse corso Tassoni {fino al cerse Regina Margherita}.",9,parte del territoric del comune di Terine,1.0
senato-mattarellum-1993-corrected,PIEMONTE,2,TORINO,described_part,"TORINO Comprende parte del territorio del comune di Terino delimitata tome segue; dsaye curso Tassoni {dal corso Regina Margherita), ponte Candido Ramelle, mezzeria torrente DORA RIPARIA, ponte Carlo Emanuele lil, asse via Borgaro, asse corso Grosseto {fine a piazza Manno}, asse piazza Manno, asse via Masaccio, asse via Sansovino, asse Strada di Altessano, linea di confine con 1 comuni di VENARIA REALE - BORGARO TQO.se »- SETTIMO TO.se - SAN MAURO TO.se, mezzeria Fiume PO, via Pindemonte, asse via Cimarcsa, asse via Belogna, mezzeria Terrente DORA RIPARIA, ponte Rossini, asse corso Regina Margherita {fino al corso Tassoni).",9,parte del territorio del comune di Terino,1.0
senato-mattarellum-1993-corrected,PIEMONTE,2,TORINO,whole,,9,TORINO,1.0
senato-mattarellum-1993-corrected,PIEMONTE,3,TORINO,whole,,9,TORINO,1.0
senato-mattarellum-1993-corrected,PIEMONTE,4,TORINO,whole,,10,TORINO,1.0
senato-mattarellum-1993-corrected,PIEMONTE,5,AGLIE',whole,,10,AGL IE *,1.0
senato-mattarellum-1993-corrected,PIEMONTE,5,ALA DI STURA,whole,,10,ALA DI STURA,1.0
senato-mattarellum-1993-corrected,PIEMONTE,5,ALBIANO D'IVREA,whole,,10,ALBIANO D'IVREA,1.0
senato-mattarellum-1993-corrected,PIEMONTE,5,ALICE SUPERIORE,whole,,10,ALICE SUPERIORE,1.0
senato-mattarellum-1993-corrected,PIEMONTE,5,ALPETTE,whole,,10,ALPETTE,1.0
senato-mattarellum-1993-corrected,PIEMONTE,5,ANDRATE,whole,,10,ANDRATE,1.0
senato-mattarellum-1993-corrected,PIEMONTE,5,AZEGLIO,whole,,10,AZEGL O,0.857
senato-mattarellum-1993-corrected,PIEMONTE,5,BAIRO,whole,,10,BAIRO,1.0
senato-mattarellum-1993-corrected,PIEMONTE,5,BALANGERO,whole,,10,BAL ANGERO,1.0
senato-mattarellum-1993-corrected,PIEMONTE,5,BALDISSERO CANAVESE,whole,,10,BALDISSERO CANAVESE,1.0
senato-mattarellum-1993-corrected,PIEMONTE,5,BALME,whole,,10,BAL ME,1.0
senato-mattarellum-1993-corrected,PIEMONTE,5,BANCHETTE,whole,,10,BANCHETTE,1.0
senato-mattarellum-1993-corrected,PIEMONTE,5,BARBANIA,whole,,10,BARBANIA,1.0
senato-mattarellum-1993-corrected,PIEMONTE,5,BARONE CANAVESE,whole,,10,BARONE CANAVESE,1.0
senato-mattarellum-1993-corrected,PIEMONTE,5,BOLLENGO,whole,,10,BOLLENGO,1.0
senato-mattarellum-1993-corrected,PIEMONTE,5,BORGIALLO,whole,,10,BORGIALLO,1.0
senato-mattarellum-1993-corrected,PIEMONTE,5,BORGOFRANCO D'IVREA,whole,,10,BORGOFRANCO D'IVREA,1.0
senato-mattarellum-1993-corrected,PIEMONTE,5,BORGOMASINO,whole,,10,BORGUMASINO,0.909
senato-mattarellum-1993-corrected,PIEMONTE,5,BOSCONERO,whole,,10,BOSCONERO,1.0
senato-mattarellum-1993-corrected,PIEMONTE,5,BROSSO,whole,,10,BROSSO,1.0
senato-mattarellum-1993-corrected,PIEMONTE,5,BUROLO,whole,,10,8UROLO,1.0
senato-mattarellum-1993-corrected,PIEMONTE,5,BUSANO,whole,,10,BUSANO,1.0
senato-mattarellum-1993-corrected,PIEMONTE,5,CAFASSE,whole,,10,CAFASSE,1.0
senato-mattarellum-1993-corrected,PIEMONTE,5,CANDIA CANAVESE,whole,,10,CANBIA CANAVESE,0.929
senato-mattarellum-1993-corrected,PIEMONTE,5,CANISCHIO,whole,,10,CANISCHIO,1.0
senato-mattarellum-1993-corrected,PIEMONTE,5,CANTOIRA,whole,,10,CANTOTRA,0.875
senato-mattarellum-1993-corrected,PIEMONTE,5,CARAVINO,whole,,10,CARAVINO,1.0
senato-mattarellum-1993-corrected,PIEMONTE,5,CAREMA,whole,,10,CAREMA,1.0
senato-mattarellum-1993-corrected,PIEMONTE,5,CASCINETTE D'IVREA,whole,,10,CASCINETTE D'IVREA,1.0
senato-mattarellum-1993-corrected,PIEMONTE,5,CASTELLAMONTE,whole,,10,CASTELLAHONTE,1.0
senato-mattarellum-1993-corrected,PIEMONTE,5,CASTELNUOVO NIGRA,whole,,10,CASTELNUOVO NIGRA,1.0
senato-mattarellum-1993-corrected,PIEMONTE,5,CERES,whole,,10,CERES,1.0
senato-mattarellum-1993-corrected,PIEMONTE,5,CERESOLE REALE,whole,,10,CERESOLE REALE,1.0
senato-mattarellum-1993-corrected,PIEMONTE,5,CHIALAMBERTO,whole,,10,CHIALAMBERTO,1.0
senato-mattarellum-1993-corrected,PIEMONTE,5,CHIAVERANO,whole,,10,CHIAVERANO,1.0
senato-mattarellum-1993-corrected,PIEMONTE,5,CHIESANUOVA,whole,,10,CHIESANUOVA,1.0
senato-mattarellum-1993-corrected,PIEMONTE,5,CICONIO,whole,,10,CICONIO,1.0
senato-mattarellum-1993-corrected,PIEMONTE,5,CINTANO,whole,,10,CINTANO,1.0
senato-mattarellum-1993-corrected,PIEMONTE,5,CIRIE',whole,,10,CIRIE,1.0
senato-mattarellum-1993-corrected,PIEMONTE,5,COASSOLO TORINESE,whole,,10,COASSOLO TORINESE,1.0
senato-mattarellum-1993-corrected,PIEMONTE,5,COLLERETTO CASTELNUOVO,whole,,10,COLLERETTO CASTELNUOVO,1.0
senato-mattarellum-1993-corrected,PIEMONTE,5,COLLERETTO GIACOSA,whole,,10,COLLERETTO GIACOSA,1.0
senato-mattarellum-1993-corrected,PIEMONTE,5,,whole,,10,CURIO,0.833
senato-mattarellum-1993-corrected,PIEMONTE,5,COSSANO CANAVESE,whole,,10,COSSANO CANAVESE,1.0
senato-mattarellum-1993-corrected,PIEMONTE,5,CUCEGLIO,whole,,10,CUCEGL IO,1.0
senato-mattarellum-1993-corrected,PIEMONTE,5,CUORGNE',whole,,10,CUORGHNE *,0.875
senato-mattarellum-1993-corrected,PIEMONTE,5,FAVRIA,whole,,10,FAVRIA,1.0
senato-mattarellum-1993-corrected,PIEMONTE,5,FELETTO,whole,,10,FELETTO,1.0
senato-mattarellum-1993-corrected,PIEMONTE,5,FIANO,whole,,10,FIANO,1.0
senato-mattarellum-1993-corrected,PIEMONTE,5,FIORANO CANAVESE,whole,,10,FIORANO CANAVESE,1.0
senato-mattarellum-1993-corrected,PIEMONTE,5,FORNO CANAVESE,whole,,11,FORNO CANAVESE,1.0
senato-mattarellum-1993-corrected,PIEMONTE,5,FRASSINETTO,whole,,11,FRASSINETTO,1.0
senato-mattarellum-1993-corrected,PIEMONTE,5,FRONT,whole,,11,FRONT,1.0
senato-mattarellum-1993-corrected,PIEMONTE,5,GERMAGNANO,whole,,11,GERMAGNANO,1.0
senato-mattarellum-1993-corrected,PIEMONTE,5,GROSCAVALLO,whole,,11,GROSCAVALLO,1.0
senato-mattarellum-1993-corrected,PIEMONTE,5,GROSSO,whole,,11,GROSSO,1.0
senato-mattarellum-1993-corrected,PIEMONTE,5,INGRIA,whole,,11,INGRIA,1.0
senato-mattarellum-1993-corrected,PIEMONTE,5,ISSIGLIO,whole,,11,ISSIGLIO,1.0
senato-mattarellum-1993-corrected,PIEMONTE,5,IVREA,whole,,11,IVREA,1.0
senato-mattarellum-1993-corrected,PIEMONTE,5,LANZO TORINESE,whole,,11,LANZO TORINESE,1.0
senato-mattarellum-1993-corrected,PIEMONTE,5,LEMIE,whole,,11,LEMIE,1.0
senato-mattarellum-1993-corrected,PIEMONTE,5,LESSOLO,whole,,11,LESSOLO,1.0
senato-mattarellum-1993-corrected,PIEMONTE,5,LEVONE,whole,,11,LEVONE,1.0
senato-mattarellum-1993-corrected,PIEMONTE,5,LOCANA,whole,,11,LOGOCANA,0.75
senato-mattarellum-1993-corrected,PIEMONTE,5,LORANZE',whole,,11,LORANZE',1.0
senato-mattarellum-1993-corrected,PIEMONTE,5,LUGNACCO,whole,,11,LUGNACCO,1.0
senato-mattarellum-1993-corrected,PIEMONTE,5,LUSIGLIE',whole,,11,LUSIGLIE*,1.0
senato-mattarellum-1993-corrected,PIEMONTE,5,MAGLIONE,whole,,11,MAGLIONE,1.0
senato-mattarellum-1993-corrected,PIEMONTE,5,MATHI,whole,,11,MATHI,1.0
senato-mattarellum-1993-corrected,PIEMONTE,5,MERCENASCO,whole,,11,MERCENASCO,1.0
senato-mattarellum-1993-corrected,PIEMONTE,5,MEUGLIANO,whole,,11,MEUGL IANO,1.0
senato-mattarellum-1993-corrected,PIEMONTE,5,MEZZENILE,whole,,11,MEZZENILE,1.0
senato-mattarellum-1993-corrected,PIEMONTE,5,MONASTERO DI LANZO,whole,,11,MONASTERO DI LANZO,1.0
senato-mattarellum-1993-corrected,PIEMONTE,5,MONTALENGHE,whole,,11,MONTALENGHE,1.0
senato-mattarellum-1993-corrected,PIEMONTE,5,MONTALTO DORA,whole,,11,MONTALTO DORA,1.0
senato-mattarellum-1993-corrected,PIEMONTE,5,NOASCA,whole,,11,NOASCA,1.0
senato-mattarellum-1993-corrected,PIEMONTE,5,NOLE,whole,,11,NOLE,1.0
senato-mattarellum-1993-corrected,PIEMONTE,5,NOMAGLIO,whole,,11,NOMAGLIO,1.0
senato-mattarellum-1993-corrected,PIEMONTE,5,OGLIANICO,whole,,11,OGLIANICO,1.0
senato-mattarellum-1993-corrected,PIEMONTE,5,ORIO CANAVESE,whole,,11,ORIO CANAVESE,1.0
senato-mattarellum-1993-corrected,PIEMONTE,5,OZEGNA,whole,,11,0ZEGNA,1.0
senato-mattarellum-1993-corrected,PIEMONTE,5,PALAZZO CANAVESE,whole,,11,PALAZZO CANAVESE,1.0
senato-mattarellum-1993-corrected,PIEMONTE,5,PARELLA,whole,,11,PARELLA,1.0
senato-mattarellum-1993-corrected,PIEMONTE,5,PAVONE CANAVESE,whole,,11,PAVONE CANAVESE,1.0
senato-mattarellum-1993-corrected,PIEMONTE,5,PECCO,whole,,11,PECCO,1.0
senato-mattarellum-1993-corrected,PIEMONTE,5,PEROSA CANAVESE,whole,,11,PEROSA CANAVESE,1.0
senato-mattarellum-1993-corrected,PIEMONTE,5,PERTUSIO,whole,,11,PERTUSIO,1.0
senato-mattarellum-1993-corrected,PIEMONTE,5,PESSINETTO,whole,,11,PESSINETTO,1.0
senato-mattarellum-1993-corrected,PIEMONTE,5,PIVERONE,whole,,11,PIVERONE,1.0
senato-mattarellum-1993-corrected,PIEMONTE,5,PONT-CANAVESE,whole,,11,PONT-CANAVESE,1.0
senato-mattarellum-1993-corrected,PIEMONTE,5,PRASCORSANO,whole,,11,PRASCORSANO,1.0
senato-mattarellum-1993-corrected,PIEMONTE,5,PRATIGLIONE,whole,,11,PRATIGL IONE,1.0
senato-mattarellum-1993-corrected,PIEMONTE,5,QUAGLIUZZO,whole,,11,QUAGL1UZZO,1.0
senato-mattarellum-1993-corrected,PIEMONTE,5,QUASSOLO,whole,,11,QUASSOLO,1.0
senato-mattarellum-1993-corrected,PIEMONTE,5,QUINCINETTO,whole,,11,QUINCINETTO,1.0
senato-mattarellum-1993-corrected,PIEMONTE,5,RIBORDONE,whole,,11,R1BOR DONE,1.0
senato-mattarellum-1993-corrected,PIEMONTE,5,RIVARA,whole,,11,R1iVARA,0.857
senato-mattarellum-1993-corrected,PIEMONTE,5,RIVAROLO CANAVESE,whole,,11,RIVAROLO CANAVESE,1.0
senato-mattarellum-1993-corrected,PIEMONTE,5,RIVAROSSA,whole,,11,RIVAROSSA,1.0
senato-mattarellum-1993-corrected,PIEMONTE,5,ROBASSOMERO,whole,,11,ROBASSOMERO,1.0
senato-mattarellum-1993-corrected,PIEMONTE,5,ROCCA CANAVESE,whole,,11,ROCCA CANAVESE,1.0
senato-mattarellum-1993-corrected,PIEMONTE,5,ROMANO CANAVESE,whole,,11,ROMANO CANAVESE,1.0
senato-mattarellum-1993-corrected,PIEMONTE,5,RONCO CANAVESE,whole,,11,RONCO CANAVESE,1.0
senato-mattarellum-1993-corrected,PIEMONTE,5,RUEGLIO,whole,,11,RUEGLIO,1.0
senato-mattarellum-1993-corrected,PIEMONTE,5,SALASSA,whole,,11,SALASSA,1.0
senato-mattarellum-1993-corrected,PIEMONTE,5,SALERANO CANAVESE,whole,,11,SALERANO CANAVESE,1.0
senato-mattarellum-1993-corrected,PIEMONTE,5,SAMONE,whole,,11,SAMONE,1.0
senato-mattarellum-1993-corrected,PIEMONTE,5,SAN CARLO CANAVESE,whole,,11,SAN CARLO CANAVESE,1.0
senato-mattarellum-1993-corrected,PIEMONTE,5,SAN COLOMBANO BELMONTE,whole,,11,SAN COLUMBANO BELMONTE,0.95
senato-mattarellum-1993-corrected,PIEMONTE,5,SAN FRANCESCO AL CAMPO,whole,,11,SAN FRANCESCO AL CAMPO,1.0
senato-mattarellum-1993-corrected,PIEMONTE,5,SAN GIORGIO CANAVESE,whole,,11,SAN GIORGIO CANAVESE,1.0
senato-mattarellum-1993-corrected,PIEMONTE,5,SAN GIUSTO CANAVESE,whole,,11,SAN GIUSTO CANAVESE,1.0
senato-mattarellum-1993-corrected,PIEMONTE,5,SAN MARTINO CANAVESE,whole,,11,SAN MARTINO CANAVESE,1.0
senato-mattarellum-1993-corrected,PIEMONTE,5,SAN MAURIZIO CANAVESE,whole,,11,SAN MAURIZIO CANAVESE,1.0
senato-mattarellum-1993-corrected,PIEMONTE,5,SAN PONSO,whole,,11,SAN PONSO,1.0
senato-mattarellum-1993-corrected,PIEMONTE,5,SCARMAGNO,whole,,11,SCARMAGNO,1.0
senato-mattarellum-1993-corrected,PIEMONTE,5,SETTIMO ROTTARO,whole,,11,SETTIMO ROTTARO,1.0
senato-mattarellum-1993-corrected,PIEMONTE,5,SETTIMO VITTONE,whole,,11,SETTIMO VITTONE,1.0
senato-mattarellum-1993-corrected,PIEMONTE,5,SPARONE,whole,,11,SPARONE,1.0
senato-mattarellum-1993-corrected,PIEMONTE,5,STRAMBINELLO,whole,,12,STRANMBINELLO,0.923
senato-mattarellum-1993-corrected,PIEMONTE,5,STRAMBINO,whole,,12,STRAMBINO,1.0
senato-mattarellum-1993-corrected,PIEMONTE,5,TAVAGNASCO,whole,,12,TAVAGNASCO,1.0
senato-mattarellum-1993-corrected,PIEMONTE,5,TORRE CANAVESE,whole,,12,TORRE CANAVESE,1.0
senato-mattarellum-1993-corrected,PIEMONTE,5,TRAUSELLA,whole,,12,TRAUSELLA,1.0
senato-mattarellum-1993-corrected,PIEMONTE,5,TRAVERSELLA,whole,,12,TRAVERSELLA,1.0
senato-mattarellum-1993-corrected,PIEMONTE,5,TRAVES,whole,,12,TRAVES,1.0
senato-mattarellum-1993-corrected,PIEMONTE,5,USSEGLIO,whole,,12,USSEGLIO,1.0
senato-mattarellum-1993-corrected,PIEMONTE,5,VALLO TORINESE,whole,,12,VALLO TORINESE,1.0
senato-mattarellum-1993-corrected,PIEMONTE,5,VALPERGA,whole,,12,VALPERGA,1.0
senato-mattarellum-1993-corrected,PIEMONTE,5,VALPRATO SOANA,whole,,12,VALPRATFO SOANA,0.929
senato-mattarellum-1993-corrected,PIEMONTE,5,VARISELLA,whole,,12,VARISELLA,1.0
senato-mattarellum-1993-corrected,PIEMONTE,5,VAUDA CANAVESE,whole,,12,VAUDA CANAVESE,1.0
senato-mattarellum-1993-corrected,PIEMONTE,5,VESTIGNE',whole,,12,VESTIGNE?’,1.0
senato-mattarellum-1993-corrected,PIEMONTE,5,VIALFRE',whole,,12,VIALFRE*,1.0
senato-mattarellum-1993-corrected,PIEMONTE,5,VICO CANAVESE,whole,,12,VICO CANAVESE,1.0
senato-mattarellum-1993-corrected,PIEMONTE,5,VIDRACCO,whole,,12,VIDRACCO,1.0
senato-mattarellum-1993-corrected,PIEMONTE,5,VILLANOVA CANAVESE,whole,,12,VILLANOVA CANAVESE,1.0
senato-mattarellum-1993-corrected,PIEMONTE,5,VISCHE,whole,,12,VISCHE,1.0
senato-mattarellum-1993-corrected,PIEMONTE,5,VISTRORIO,whole,,12,VISTRORIO,1.0
senato-mattarellum-1993-corrected,PIEMONTE,6,ALPIGNANO,whole,,12,ALPIGNANO,1.0
senato-mattarellum-1993-corrected,PIEMONTE,6,BEINASCO,whole,,12,BE 3NASCO,0.875
senato-mattarellum-1993-corrected,PIEMONTE,6,BRUNO,whole,,12,BRUNO,1.0
senato-mattarellum-1993-corrected,PIEMONTE,6,COLLEGNO,whole,,12,COLLEGNO,1.0
senato-mattarellum-1993-corrected,PIEMONTE,6,DRUENTO,whole,,12,DRUENTO,1.0
senato-mattarellum-1993-corrected,PIEMONTE,6,GRUGLIASCO,whole,,12,GRUGLIASCO,1.0
senato-mattarellum-1993-corrected,PIEMONTE,6,ORBASSANO,whole,,12,ORBASSANO,1.0
senato-mattarellum-1993-corrected,PIEMONTE,6,PIANEZZA,whole,,12,PIANEZZA,1.0
senato-mattarellum-1993-corrected,PIEMONTE,6,RIVALTA DI TORINO,whole,,12,RIVALTA DI TORINO,1.0
senato-mattarellum-1993-corrected,PIEMONTE,6,RIVOLI,whole,,12,RIVOLI,1.0
senato-mattarellum-1993-corrected,PIEMONTE,6,VENARIA REALE,whole,,12,VENARIA REALE,1.0
senato-mattarellum-1993-corrected,PIEMONTE,7,ANDEZENO,whole,,12,ANDEZENO,1.0
senato-mattarellum-1993-corrected,PIEMONTE,7,ARIGNANO,whole,,12,AR IGNANO,1.0
senato-mattarellum-1993-corrected,PIEMONTE,7,BALDISSERO TORINESE,whole,,12,BALDISSERO TORINESE,1.0
senato-mattarellum-1993-corrected,PIEMONTE,7,BORGARO TORINESE,whole,,12,BORGARO TOR EINE SE,0.938
senato-mattarellum-1993-corrected,PIEMONTE,7,BRANDIZZO,whole,,12,BRANDIZZO,1.0
senato-mattarellum-1993-corrected,PIEMONTE,7,BROZOLO,whole,,12,BROZOLO,1.0
senato-mattarellum-1993-corrected,PIEMONTE,7,BRUSASCO,whole,,12,BRUSASCO,1.0
senato-mattarellum-1993-corrected,PIEMONTE,7,CALUSO,whole,,12,CALUSÒ,0.833
senato-mattarellum-1993-corrected,PIEMONTE,7,CASALBORGONE,whole,,12,CASAL BOR GONE,1.0
senato-mattarellum-1993-corrected,PIEMONTE,7,CASELLE TORINESE,whole,,12,CASELLE TORINESE,1.0
senato-mattarellum-1993-corrected,PIEMONTE,7,CASTAGNETO PO,whole,,12,CASTAGNE TO PO,1.0
senato-mattarellum-1993-corrected,PIEMONTE,7,CASTIGLIONE TORINESE,whole,,12,CASTIGLIONE TORINESE,1.0
senato-mattarellum-1993-corrected,PIEMONTE,7,CAVAGNOLO,whole,,12,CAVAGNOLO,1.0
senato-mattarellum-1993-corrected,PIEMONTE,7,CHIERI,whole,,12,CHIERI,1.0
senato-mattarellum-1993-corrected,PIEMONTE,7,CHIVASSO,whole,,12,CHIVASSO,1.0
senato-mattarellum-1993-corrected,PIEMONTE,7,CINZANO,whole,,12,CINZANO,1.0
senato-mattarellum-1993-corrected,PIEMONTE,7,FOGLIZZO,whole,,12,FOGL1IZZO,0.889
senato-mattarellum-1993-corrected,PIEMONTE,7,GASSINO TORINESE,whole,,12,GASSINO TORINESE,1.0
senato-mattarellum-1993-corrected,PIEMONTE,7,LAURIANO,whole,,12,LAUR ITANO,0.889
senato-mattarellum-1993-corrected,PIEMONTE,7,LEINI,whole,,12,LETNI,0.8
senato-mattarellum-1993-corrected,PIEMONTE,7,LOMBARDORE,whole,,12,LOMBAR DORE,1.0
senato-mattarellum-1993-corrected,PIEMONTE,7,MARENTINO,whole,,12,HARENTINO,1.0
senato-mattarellum-1993-corrected,PIEMONTE,7,MAZZE',whole,,12,MAZZE *,1.0
senato-mattarellum-1993-corrected,PIEMONTE,7,MOMBELLO DI TORINO,whole,,12,MOMBELLO DI TORINO,1.0
senato-mattarellum-1993-corrected,PIEMONTE,7,MONTALDO TORINESE,whole,,12,MONTALDO TORINESE,1.0
senato-mattarellum-1993-corrected,PIEMONTE,7,MONTANARO,whole,,12,MONTANARO,1.0
senato-mattarellum-1993-corrected,PIEMONTE,7,MONTEU DA PO,whole,,12,RONTEU DA PO,0.9
senato-mattarellum-1993-corrected,PIEMONTE,7,MORIONDO TORINESE,whole,,12,MOR IONDO TORINESE,1.0
senato-mattarellum-1993-corrected,PIEMONTE,7,PAVAROLO,whole,,12,PAVAROLO,1.0
senato-mattarellum-1993-corrected,PIEMONTE,7,PINO TORINESE,whole,,12,PINO TORINESE,1.0
senato-mattarellum-1993-corrected,PIEMONTE,7,RIVALBA,whole,,12,RIVALBA,1.0
senato-mattarellum-1993-corrected,PIEMONTE,7,RIVA PRESSO CHIERI,whole,,12,RIVA PRESSO CHIERI,1.0
senato-mattarellum-1993-corrected,PIEMONTE,7,RONDISSONE,whole,,12,RONDISSONE,1.0
senato-mattarellum-1993-corrected,PIEMONTE,7,SAN BENIGNO CANAVESE,whole,,13,SAN BENIGNO CANAVESE,1.0
senato-mattarellum-1993-corrected,PIEMONTE,7,SAN MAURO TORINESE,whole,,13,SAN MAURO TORINESE,1.0
senato-mattarellum-1993-corrected,PIEMONTE,7,SAN RAFFAELE CIMENA,whole,,13,SAN RAFFAELE CIMENA,1.0
senato-mattarellum-1993-corrected,PIEMONTE,7,SAN SEBASTIANO DA PO,whole,,13,SAN SEBASTIANO DA PO,1.0
senato-mattarellum-1993-corrected,PIEMONTE,7,SCIOLZE,whole,,13,SCIOLZE,1.0
senato-mattarellum-1993-corrected,PIEMONTE,7,SETTIMO TORINESE,whole,,13,SETTIMO TORINESE,1.0
senato-mattarellum-1993-corrected,PIEMONTE,7,TORRAZZA PIEMONTE,whole,,13,TORRAZZA PIEMONTE,1.0
senato-mattarellum-1993-corrected,PIEMONTE,7,VEROLENGO,whole,,13,VEROLENGO,1.0
senato-mattarellum-1993-corrected,PIEMONTE,7,VERRUA SAVOIA,whole,,13,VERRUA SAVOIA,1.0
senato-mattarellum-1993-corrected,PIEMONTE,7,VILLAREGGIA,whole,,13,VILLAREGGIA,1.0
senato-mattarellum-1993-corrected,PIEMONTE,7,VOLPIANO,whole,,13,VOLPIANG,0.875
senato-mattarellum-1993-corrected,PIEMONTE,8,AIRASCA,whole,,13,AIRASCA,1.0
senato-mattarellum-1993-corrected,PIEMONTE,8,CAMBIANO,whole,,13,CAMBIANO,1.0
senato-mattarellum-1993-corrected,PIEMONTE,8,CANDIOLO,whole,,13,CANDIOLO,1.0
senato-mattarellum-1993-corrected,PIEMONTE,8,CARIGNANO,whole,,13,CARIGNANO,1.0
senato-mattarellum-1993-corrected,PIEMONTE,8,CARMAGNOLA,whole,,13,CARMAGNOLA,1.0
senato-mattarellum-1993-corrected,PIEMONTE,8,CASTAGNOLE PIEMONTE,whole,,13,CASTAGNOLE PIEMONTE,1.0
senato-mattarellum-1993-corrected,PIEMONTE,8,CERCENASCO,whole,,13,CERCENASCO,1.0
senato-mattarellum-1993-corrected,PIEMONTE,8,ISOLABELLA,whole,,13,ISOLABELLA,1.0
senato-mattarellum-1993-corrected,PIEMONTE,8,LA LOGGIA,whole,,13,LA LOGGIA,1.0
senato-mattarellum-1993-corrected,PIEMONTE,8,LOMBRIASCO,whole,,13,LOMBRIASCO,1.0
senato-mattarellum-1993-corrected,PIEMONTE,8,MONCALIERI,whole,,13,MONCALIERI,1.0
senato-mattarellum-1993-corrected,PIEMONTE,8,NICHELINO,whole,,13,NICHELIAO,0.889
senato-mattarellum-1993-corrected,PIEMONTE,8,NONE,whole,,13,NONE,1.0
senato-mattarellum-1993-corrected,PIEMONTE,8,,whole,,13,OSASTO,0.833
senato-mattarellum-1993-corrected,PIEMONTE,8,PANCALIERI,whole,,13,PANCALIERI,1.0
senato-mattarellum-1993-corrected,PIEMONTE,8,PECETTO TORINESE,whole,,13,PECETTO TORINESE,1.0
senato-mattarellum-1993-corrected,PIEMONTE,8,PIOBESI TORINESE,whole,,13,PIOBESI TORINESE,1.0
senato-mattarellum-1993-corrected,PIEMONTE,8,POIRINO,whole,,13,POIR TINO,0.875
senato-mattarellum-1993-corrected,PIEMONTE,8,PRALORMO,whole,,13,PRAL ORMO,1.0
senato-mattarellum-1993-corrected,PIEMONTE,8,SANTENA,whole,,13,SANTENA,1.0
senato-mattarellum-1993-corrected,PIEMONTE,8,SCALENGHE,whole,,13,SCALENGHE,1.0
senato-mattarellum-1993-corrected,PIEMONTE,8,TROFARELLO,whole,,13,TROFARELLO,1.0
senato-mattarellum-1993-corrected,PIEMONTE,8,VIGONE,whole,,13,VIGONE,1.0
senato-mattarellum-1993-corrected,PIEMONTE,8,VILLASTELLONE,whole,,13,VILLASTELLONE,1.0
senato-mattarellum-1993-corrected,PIEMONTE,8,VINOVO,whole,,13,VINOVO,1.0
senato-mattarellum-1993-corrected,PIEMONTE,8,VIRLE PIEMONTE,whole,,13,VIRLE PIEMONTE,1.0
senato-mattarellum-1993-corrected,PIEMONTE,8,VOLVERA,whole,,13,VOLVERA,1.0
senato-mattarellum-1993-corrected,PIEMONTE,9,ALMESE,whole,,13,ALMESE,1.0
senato-mattarellum-1993-corrected,PIEMONTE,9,ANGROGNA,whole,,13,ANGROGNA,1.0
senato-mattarellum-1993-corrected,PIEMONTE,9,AVIGLIANA,whole,,13,AVIGLIANA,1.0
senato-mattarellum-1993-corrected,PIEMONTE,9,BARDONECCHIA,whole,,13,BARDONECCHIA,1.0
senato-mattarellum-1993-corrected,PIEMONTE,9,BIBIANA,whole,,13,BIBIANA,1.0
senato-mattarellum-1993-corrected,PIEMONTE,9,BOBBIO PELLICE,whole,,13,B0BBIO PELLICE,1.0
senato-mattarellum-1993-corrected,PIEMONTE,9,BORGONE SUSA,whole,,13,BORGONE SUSA,1.0
senato-mattarellum-1993-corrected,PIEMONTE,9,BRICHERASIO,whole,,13,BRICHERASIO,1.0
senato-mattarellum-1993-corrected,PIEMONTE,9,BRUZOLO,whole,,13,BRUZOLO,1.0
senato-mattarellum-1993-corrected,PIEMONTE,9,BURIASCO,whole,,13,BURIASCO,1.0
senato-mattarellum-1993-corrected,PIEMONTE,9,BUSSOLENO,whole,,13,BUSSOLENO,1.0
senato-mattarellum-1993-corrected,PIEMONTE,9,BUTTIGLIERA ALTA,whole,,13,BUTTIGLIERA ALTA,1.0
senato-mattarellum-1993-corrected,PIEMONTE,9,CAMPIGLIONE-FENILE,whole,,13,CAMP IGLIONE-FENILE,1.0
senato-mattarellum-1993-corrected,PIEMONTE,9,CANTALUPA,whole,,13,CANTALUPA,1.0
senato-mattarellum-1993-corrected,PIEMONTE,9,CAPRIE,whole,,13,CAPRIE,1.0
senato-mattarellum-1993-corrected,PIEMONTE,9,CASELETTE,whole,,13,CASELETTE,1.0
senato-mattarellum-1993-corrected,PIEMONTE,9,CAVOUR,whole,,13,CAVOUR,1.0
senato-mattarellum-1993-corrected,PIEMONTE,9,CESANA TORINESE,whole,,13,CESANA TORINESE,1.0
senato-mattarellum-1993-corrected,PIEMONTE,9,CHIANOCCO,whole,,13,CHIANOCCO,1.0
senato-mattarellum-1993-corrected,PIEMONTE,9,CHIOMONTE,whole,,13,CHIOMONTE,1.0
senato-mattarellum-1993-corrected,PIEMONTE,9,CHIUSA DI SAN MICHELE,whole,,13,CHIUSA DI SAN MICHELE,1.0
senato-mattarellum-1993-corrected,PIEMONTE,9,CLAVIERE,whole,,13,CLAVIERE,1.0
senato-mattarellum-1993-corrected,PIEMONTE,9,COAZZE,whole,,13,COAZZE,1.0
senato-mattarellum-1993-corrected,PIEMONTE,9,CONDOVE,whole,,13,CONDOVE,1.0
senato-mattarellum-1993-corrected,PIEMONTE,9,CUMIANA,whole,,14,CUMIANA,1.0
senato-mattarellum-1993-corrected,PIEMONTE,9,EXILLES,whole,,14,EXILLES,1.0
senato-mattarellum-1993-corrected,PIEMONTE,9,FENESTRELLE,whole,,14,FENESTRELLE,1.0
senato-mattarellum-1993-corrected,PIEMONTE,9,FROSSASCO,whole,,14,FROSSASCO,1.0
senato-mattarellum-1993-corrected,PIEMONTE,9,GARZIGLIANA,whole,,14,GARZIGLIANA,1.0
senato-mattarellum-1993-corrected,PIEMONTE,9,GIAGLIONE,whole,,14,GIAGL IONE,1.0
senato-mattarellum-1993-corrected,PIEMONTE,9,GIAVENO,whole,,14,GIAVENO,1.0
senato-mattarellum-1993-corrected,PIEMONTE,9,GIVOLETTO,whole,,14,GIVOLETTO,1.0
senato-mattarellum-1993-corrected,PIEMONTE,9,GRAVERE,whole,,14,GRAVERE,1.0
senato-mattarellum-1993-corrected,PIEMONTE,9,INVERSO PINASCA,whole,,14,INVERSO PINASCA,1.0
senato-mattarellum-1993-corrected,PIEMONTE,9,LA CASSA,whole,,14,LA CASSA,1.0
senato-mattarellum-1993-corrected,PIEMONTE,9,LUSERNA SAN GIOVANNI,whole,,14,LUSERNA SAN GIOVANNI,1.0
senato-mattarellum-1993-corrected,PIEMONTE,9,LUSERNETTA,whole,,14,LUSERNETTA,1.0
senato-mattarellum-1993-corrected,PIEMONTE,9,MACELLO,whole,,14,MACELLO,1.0
senato-mattarellum-1993-corrected,PIEMONTE,9,MASSELLO,whole,,14,MASSELLO,1.0
senato-mattarellum-1993-corrected,PIEMONTE,9,MATTIE,whole,,14,MATTIE,1.0
senato-mattarellum-1993-corrected,PIEMONTE,9,MEANA DI SUSA,whole,,14,MEANA DI SUSA,1.0
senato-mattarellum-1993-corrected,PIEMONTE,9,MOMPANTERO,whole,,14,MOMPANTERO,1.0
senato-mattarellum-1993-corrected,PIEMONTE,9,MONCENISIO,whole,,14,MONCENISIO,1.0
senato-mattarellum-1993-corrected,PIEMONTE,9,NOVALESA,whole,,14,NOVALESA,1.0
senato-mattarellum-1993-corrected,PIEMONTE,9,OSASCO,whole,,14,OSASCO,1.0
senato-mattarellum-1993-corrected,PIEMONTE,9,OULX,whole,,14,QULX,0.75
senato-mattarellum-1993-corrected,PIEMONTE,9,PEROSA ARGENTINA,whole,,14,PEROSA ARGENTINA,1.0
senato-mattarellum-1993-corrected,PIEMONTE,9,PERRERO,whole,,14,PERRERO,1.0
senato-mattarellum-1993-corrected,PIEMONTE,9,PINASCA,whole,,14,PINASCA,1.0
senato-mattarellum-1993-corrected,PIEMONTE,9,PINEROLO,whole,,14,PINEROLO,1.0
senato-mattarellum-1993-corrected,PIEMONTE,9,PIOSSASCO,whole,,14,PIOSSASCO,1.0
senato-mattarellum-1993-corrected,PIEMONTE,9,PISCINA,whole,,14,PISCINA,1.0
senato-mattarellum-1993-corrected,PIEMONTE,9,POMARETTO,whole,,14,POMARETTO,1.0
senato-mattarellum-1993-corrected,PIEMONTE,9,PORTE,whole,,14,PORTE,1.0
senato-mattarellum-1993-corrected,PIEMONTE,9,PRAGELATO,whole,,14,PRAGELATO,1.0
senato-mattarellum-1993-corrected,PIEMONTE,9,PRALI,whole,,14,PRALI,1.0
senato-mattarellum-1993-corrected,PIEMONTE,9,PRAMOLLO,whole,,14,PRAMOLLO,1.0
senato-mattarellum-1993-corrected,PIEMONTE,9,PRAROSTINO,whole,,14,PRAROSTINO,1.0
senato-mattarellum-1993-corrected,PIEMONTE,9,REANO,whole,,14,REANO,1.0
senato-mattarellum-1993-corrected,PIEMONTE,9,ROLETTO,whole,,14,ROLETTO,1.0
senato-mattarellum-1993-corrected,PIEMONTE,9,RORA',whole,,14,RORA*,1.0
senato-mattarellum-1993-corrected,PIEMONTE,9,ROURE,whole,,14,ROURE,1.0
senato-mattarellum-1993-corrected,PIEMONTE,9,ROSTA,whole,,14,ROSTA,1.0
senato-mattarellum-1993-corrected,PIEMONTE,9,RUBIANA,whole,,14,RUBTANA,0.857
senato-mattarellum-1993-corrected,PIEMONTE,9,SALBERTRAND,whole,,14,SALBERTRAND,1.0
senato-mattarellum-1993-corrected,PIEMONTE,9,SALZA DI PINEROLO,whole,,14,SALZA DI FINEROLO,0.933
senato-mattarellum-1993-corrected,PIEMONTE,9,SAN DIDERO,whole,,14,SAN DIDERO,1.0
senato-mattarellum-1993-corrected,PIEMONTE,9,SANGANO,whole,,14,SANGANO,1.0
senato-mattarellum-1993-corrected,PIEMONTE,9,SAN GERMANO CHISONE,whole,,14,SAN GERMANO CHISONE,1.0
senato-mattarellum-1993-corrected,PIEMONTE,9,SAN GILLIO,whole,,14,SAN GILLIO,1.0
senato-mattarellum-1993-corrected,PIEMONTE,9,SAN GIORIO DI SUSA,whole,,14,SAN GIORIO BI SUSA,0.933
senato-mattarellum-1993-corrected,PIEMONTE,9,SAN PIETRO VAL LEMINA,whole,,14,SAN PIETRO YAL LEMINA,0.944
senato-mattarellum-1993-corrected,PIEMONTE,9,SAN SECONDO DI PINEROLO,whole,,14,SAN SECONDO DI PINEROLO,1.0
senato-mattarellum-1993-corrected,PIEMONTE,9,SANT'AMBROGIO DI TORINO,whole,,14,SANT*'AMBROGIO DI TORINO,1.0
senato-mattarellum-1993-corrected,PIEMONTE,9,SANT'ANTONINO DI SUSA,whole,,14,SANT'*ANTONINO DI SUSA,1.0
senato-mattarellum-1993-corrected,PIEMONTE,9,SAUZE DI CESANA,whole,,14,SAUZE DI CESANA,1.0
senato-mattarellum-1993-corrected,PIEMONTE,9,SAUZE D'OULX,whole,,14,SAUZE D'OULX,1.0
senato-mattarellum-1993-corrected,PIEMONTE,9,SESTRIERE,whole,,14,SESTRIERE,1.0
senato-mattarellum-1993-corrected,PIEMONTE,9,SUSA,whole,,14,SUSA,1.0
senato-mattarellum-1993-corrected,PIEMONTE,9,TORRE PELLICE,whole,,14,TORRE PELLICE,1.0
senato-mattarellum-1993-corrected,PIEMONTE,9,TRANA,whole,,14,TRANA,1.0
senato-mattarellum-1993-corrected,PIEMONTE,9,USSEAUX,whole,,14,USSEAUX,1.0
senato-mattarellum-1993-corrected,PIEMONTE,9,VAIE,whole,,14,VAITE,0.8
senato-mattarellum-1993-corrected,PIEMONTE,9,VAL DELLA TORRE,whole,,14,VAL DELLA TORRE,1.0
senato-mattarellum-1993-corrected,PIEMONTE,9,VALGIOIE,whole,,14,VALGIOLNE,0.778
senato-mattarellum-1993-corrected,PIEMONTE,9,VENAUS,whole,,14,VENAUS,1.0
senato-mattarellum-1993-corrected,PIEMONTE,9,VILLAFRANCA PIEMONTE,whole,,14,VILLAFRANCA PIEMONTE,1.0
senato-mattarellum-1993-corrected,PIEMONTE,9,VILLARBASSE,whole,,14,VILLARBASSE,1.0
senato-mattarellum-1993-corrected,PIEMONTE,9,VILLAR DORA,whole,,14,VILLAR DBORA,0.909
senato-mattarellum-1993-corrected,PIEMONTE,9,VILLAR FOCCHIARDO,whole,,14,VILLAR FOCCHIARDO,1.0
senato-mattarellum-1993-corrected,PIEMONTE,9,VILLAR PELLICE,whole,,14,VILLAR PELLICE,1.0
senato-mattarellum-1993-corrected,PIEMONTE,9,VILLAR PEROSA,whole,,14,VILLAR PEROSA,1.0
senato-mattarellum-1993-corrected,PIEMONTE,10,AMENO,whole,,15,AMENO,1.0
senato-mattarellum-1993-corrected,PIEMONTE,10,ARMENO,whole,,15,ARMENO,1.0
senato-mattarellum-1993-corrected,PIEMONTE,10,ARONA,whole,,15,ARONA,1.0
senato-mattarellum-1993-corrected,PIEMONTE,10,BOCA,whole,,15,BOCA,1.0
senato-mattarellum-1993-corrected,PIEMONTE,10,BOLZANO NOVARESE,whole,,15,BOLZANO NOVARESE,1.0
senato-mattarellum-1993-corrected,PIEMONTE,10,BORGOMANERO,whole,,15,BORGOMANERO,1.0
senato-mattarellum-1993-corrected,PIEMONTE,10,BRIGA NOVARESE,whole,,15,BRIGA NOVARESE,1.0
senato-mattarellum-1993-corrected,PIEMONTE,10,CAVALLIRIO,whole,,15,CAVALLIRIO,1.0
senato-mattarellum-1993-corrected,PIEMONTE,10,COLAZZA,whole,,15,COLAZZA,1.0
senato-mattarellum-1993-corrected,PIEMONTE,10,CUREGGIO,whole,,15,CUREGGIO,1.0
senato-mattarellum-1993-corrected,PIEMONTE,10,DORMELLETTO,whole,,15,DORMELLETTO,1.0
senato-mattarellum-1993-corrected,PIEMONTE,10,GARGALLO,whole,,15,GARGALLO,1.0
senato-mattarellum-1993-corrected,PIEMONTE,10,GOZZANO,whole,,15,60ZZANO,0.857
senato-mattarellum-1993-corrected,PIEMONTE,10,GRIGNASCO,whole,,15,GR IGNASCO,1.0
senato-mattarellum-1993-corrected,PIEMONTE,10,INVORIO,whole,,15,INVORIO,1.0
senato-mattarellum-1993-corrected,PIEMONTE,10,LESA,whole,,15,LESA,1.0
senato-mattarellum-1993-corrected,PIEMONTE,10,MAGGIORA,whole,,15,MAGGIORA,1.0
senato-mattarellum-1993-corrected,PIEMONTE,10,MASSINO VISCONTI,whole,,15,MASSINO VISCONTI,1.0
senato-mattarellum-1993-corrected,PIEMONTE,10,MEINA,whole,,15,ME INA,1.0
senato-mattarellum-1993-corrected,PIEMONTE,10,MIASINO,whole,,15,MIASINO,1.0
senato-mattarellum-1993-corrected,PIEMONTE,10,NEBBIUNO,whole,,15,NE BBIUNO,1.0
senato-mattarellum-1993-corrected,PIEMONTE,10,OLEGGIO CASTELLO,whole,,15,OLEGGIO CASTELLO,1.0
senato-mattarellum-1993-corrected,PIEMONTE,10,ORTA SAN GIULIO,whole,,15,ORTA SAN GIULIO,1.0
senato-mattarellum-1993-corrected,PIEMONTE,10,PARUZZARO,whole,,15,PARUZZARO,1.0
senato-mattarellum-1993-corrected,PIEMONTE,10,PELLA,whole,,15,PELLA,1.0
senato-mattarellum-1993-corrected,PIEMONTE,10,PETTENASCO,whole,,15,PETTENASCO,1.0
senato-mattarellum-1993-corrected,PIEMONTE,10,PISANO,whole,,15,PISANO,1.0
senato-mattarellum-1993-corrected,PIEMONTE,10,POGNO,whole,,15,POGNO,1.0
senato-mattarellum-1993-corrected,PIEMONTE,10,PRATO SESIA,whole,,15,PRATO SESIA,1.0
senato-mattarellum-1993-corrected,PIEMONTE,10,ROMAGNANO SESIA,whole,,15,ROMAGNANO SESIA,1.0
senato-mattarellum-1993-corrected,PIEMONTE,10,SAN MAURIZIO D'OPAGLIO,whole,,15,SAN MAURIZIO D'’OPAGLIO,1.0
senato-mattarellum-1993-corrected,PIEMONTE,10,SORISO,whole,,15,SOR1ISO,0.857
senato-mattarellum-1993-corrected,PIEMONTE,10,ANTRONA SCHIERANCO,whole,,15,ANTRONA SCHIERANCO,1.0
senato-mattarellum-1993-corrected,PIEMONTE,10,ANZOLA D'OSSOLA,whole,,15,ANZOLA D'OSSOLA,1.0
senato-mattarellum-1993-corrected,PIEMONTE,10,ARIZZANO,whole,,15,AR1ZZANO,1.0
senato-mattarellum-1993-corrected,PIEMONTE,10,AROLA,whole,,15,ARDLA,0.8
senato-mattarellum-1993-corrected,PIEMONTE,10,AURANO,whole,,15,AURANO,1.0
senato-mattarellum-1993-corrected,PIEMONTE,10,BACENO,whole,,15,BACENO,1.0
senato-mattarellum-1993-corrected,PIEMONTE,10,BANNIO ANZINO,whole,,15,BANNIO ANZINO,1.0
senato-mattarellum-1993-corrected,PIEMONTE,10,BAVENO,whole,,15,BAVENO,1.0
senato-mattarellum-1993-corrected,PIEMONTE,10,BEE,whole,,15,BEE,1.0
senato-mattarellum-1993-corrected,PIEMONTE,10,BELGIRATE,whole,,15,BELGIRATE,1.0
senato-mattarellum-1993-corrected,PIEMONTE,10,BEURA-CARDEZZA,whole,,15,BEURA-CARDEZZA,1.0
senato-mattarellum-1993-corrected,PIEMONTE,10,BOGNANCO,whole,,15,BUGNANCO,0.875
senato-mattarellum-1993-corrected,PIEMONTE,10,BROVELLO-CARPUGNINO,whole,,15,BROVELLO-CARPUGNINO,1.0
senato-mattarellum-1993-corrected,PIEMONTE,10,CALASCA-CASTIGLIONE,whole,,15,CAL ASCA-CASTIGL IONE,1.0
senato-mattarellum-1993-corrected,PIEMONTE,10,CAMBIASCA,whole,,15,CAMBIASCA,1.0
senato-mattarellum-1993-corrected,PIEMONTE,10,CANNERO RIVIERA,whole,,15,CANNERO RIVIERA,1.0
senato-mattarellum-1993-corrected,PIEMONTE,10,CANNOBIO,whole,,15,CANNOBIO,1.0
senato-mattarellum-1993-corrected,PIEMONTE,10,CAPREZZO,whole,,15,CAPREZZO,1.0
senato-mattarellum-1993-corrected,PIEMONTE,10,CASALE CORTE CERRO,whole,,15,CASALE CORTE CERRO,1.0
senato-mattarellum-1993-corrected,PIEMONTE,10,CAVAGLIO-SPOCCIA,whole,,15,CAVAGL 10-SPOCCIA,1.0
senato-mattarellum-1993-corrected,PIEMONTE,10,CEPPO MORELLI,whole,,15,CEPPO MORELLI,1.0
senato-mattarellum-1993-corrected,PIEMONTE,10,CESARA,whole,,15,CESARA,1.0
senato-mattarellum-1993-corrected,PIEMONTE,10,COSSOGNO,whole,,15,CUSSOGNOU,0.778
senato-mattarellum-1993-corrected,PIEMONTE,10,CRAVEGGIA,whole,,15,CRAVEGGIA,1.0
senato-mattarellum-1993-corrected,PIEMONTE,10,CREVOLADOSSOLA,whole,,15,CREVOLADOSSOLA,1.0
senato-mattarellum-1993-corrected,PIEMONTE,10,CRODO,whole,,15,CRODO,1.0
senato-mattarellum-1993-corrected,PIEMONTE,10,CURSOLO-ORASSO,whole,,15,CURSOL 0-ORASSO,1.0
senato-mattarellum-1993-corrected,PIEMONTE,10,DOMODOSSOLA,whole,,15,DOMODOSSOLA,1.0
senato-mattarellum-1993-corrected,PIEMONTE,10,DRUOGNO,whole,,15,DRUOGNO,1.0
senato-mattarellum-1993-corrected,PIEMONTE,10,FALMENTA,whole,,15,FALMENTA,1.0
senato-mattarellum-1993-corrected,PIEMONTE,10,FORMAZZA,whole,,15,FORMAZZA,1.0
senato-mattarellum-1993-corrected,PIEMONTE,10,GERMAGNO,whole,,15,GERMAGNO,1.0
senato-mattarellum-1993-corrected,PIEMONTE,10,GHIFFA,whole,,15,GHIFFA,1.0
senato-mattarellum-1993-corrected,PIEMONTE,10,GIGNESE,whole,,15,GIGNESE,1.0
senato-mattarellum-1993-corrected,PIEMONTE,10,GRAVELLONA TOCE,whole,,15,GRAVELLONA TOCE,1.0
senato-mattarellum-1993-corrected,PIEMONTE,10,GURRO,whole,,15,GURRO,1.0
senato-mattarellum-1993-corrected,PIEMONTE,10,INTRAGNA,whole,,15,INTRAGNA,1.0
senato-mattarellum-1993-corrected,PIEMONTE,10,LOREGLIA,whole,,16,LOREGLIA,1.0
senato-mattarellum-1993-corrected,PIEMONTE,10,MACUGNAGA,whole,,16,MACUGNAGA,1.0
senato-mattarellum-1993-corrected,PIEMONTE,10,MADONNA DEL SASSO,whole,,16,MADONNA DEL SASSO,1.0
senato-mattarellum-1993-corrected,PIEMONTE,10,MALESCO,whole,,16,NMALESCO,0.875
senato-mattarellum-1993-corrected,PIEMONTE,10,MASERA,whole,,16,MASERA,1.0
senato-mattarellum-1993-corrected,PIEMONTE,10,MASSIOLA,whole,,16,MASSIOLA,1.0
senato-mattarellum-1993-corrected,PIEMONTE,10,MERGOZZO,whole,,16,MERGOZZO,1.0
senato-mattarellum-1993-corrected,PIEMONTE,10,MIAZZINA,whole,,16,MIAZZINA,1.0
senato-mattarellum-1993-corrected,PIEMONTE,10,MONTECRESTESE,whole,,16,MOUNTECRESTESE,0.929
senato-mattarellum-1993-corrected,PIEMONTE,10,MONTESCHENO,whole,,16,MONTE SCHENO,1.0
senato-mattarellum-1993-corrected,PIEMONTE,10,NONIO,whole,,16,NONTO,0.8
senato-mattarellum-1993-corrected,PIEMONTE,10,OGGEBBIO,whole,,16,OGGEBBIO,1.0
senato-mattarellum-1993-corrected,PIEMONTE,10,OMEGNA,whole,,16,OMEGNA,1.0
senato-mattarellum-1993-corrected,PIEMONTE,10,ORNAVASSO,whole,,16,URNAVASSO,0.889
senato-mattarellum-1993-corrected,PIEMONTE,10,PALLANZENO,whole,,16,PALLANZENO,1.0
senato-mattarellum-1993-corrected,PIEMONTE,10,PIEDIMULERA,whole,,16,PIEDIMULERA,1.0
senato-mattarellum-1993-corrected,PIEMONTE,10,PIEVE VERGONTE,whole,,16,PIEVE VERGONTE,1.0
senato-mattarellum-1993-corrected,PIEMONTE,10,PREMENO,whole,,16,PREMENO,1.0
senato-mattarellum-1993-corrected,PIEMONTE,10,PREMIA,whole,,16,PREMIA,1.0
senato-mattarellum-1993-corrected,PIEMONTE,10,PREMOSELLO-CHIOVENDA,whole,,16,PREMOSELLO-CHIOVENDA,1.0
senato-mattarellum-1993-corrected,PIEMONTE,10,QUARNA SOPRA,whole,,16,QUARNA SOPRA,1.0
senato-mattarellum-1993-corrected,PIEMONTE,10,QUARNA SOTTO,whole,,16,QUARNA SUTTO,0.909
senato-mattarellum-1993-corrected,PIEMONTE,10,RE,whole,,16,RE,1.0
senato-mattarellum-1993-corrected,PIEMONTE,10,SAN BERNARDINO VERBANO,whole,,16,SAN BERNARDINO VERBANO,1.0
senato-mattarellum-1993-corrected,PIEMONTE,10,SANTA MARIA MAGGIORE,whole,,16,SANTA MARTA NAGGIORE,0.889
senato-mattarellum-1993-corrected,PIEMONTE,10,SEPPIANA,whole,,16,SEPPIANA,1.0
senato-mattarellum-1993-corrected,PIEMONTE,10,STRESA,whole,,16,STRESA,1.0
senato-mattarellum-1993-corrected,PIEMONTE,10,TOCENO,whole,,16,TOCENO,1.0
senato-mattarellum-1993-corrected,PIEMONTE,10,TRAREGO VIGGIONA,whole,,16,TRAREGO VIGGIONA,1.0
senato-mattarellum-1993-corrected,PIEMONTE,10,TRASQUERA,whole,,16,TRASQUERA,1.0
senato-mattarellum-1993-corrected,PIEMONTE,10,TRONTANO,whole,,16,TRONTANO,1.0
senato-mattarellum-1993-corrected,PIEMONTE,10,VALSTRONA,whole,,16,VALSTRONA,1.0
senato-mattarellum-1993-corrected,PIEMONTE,10,VANZONE CON SAN CARLO,whole,,16,VANZONE CON SAN CARLO,1.0
senato-mattarellum-1993-corrected,PIEMONTE,10,VARZO,whole,,16,VARZO,1.0
senato-mattarellum-1993-corrected,PIEMONTE,10,VERBANIA,whole,,16,VERBANIA,1.0
senato-mattarellum-1993-corrected,PIEMONTE,10,VIGANELLA,whole,,16,VIGANELLA,1.0
senato-mattarellum-1993-corrected,PIEMONTE,10,VIGNONE,whole,,16,VIGNONE,1.0
senato-mattarellum-1993-corrected,PIEMONTE,10,VILLADOSSOLA,whole,,16,VILLARBOSSOLA,0.846
senato-mattarellum-1993-corrected,PIEMONTE,10,VILLETTE,whole,,16,VILLETTE,1.0
senato-mattarellum-1993-corrected,PIEMONTE,10,VOGOGNA,whole,,16,VOGOGNA,1.0
senato-mattarellum-1993-corrected,PIEMONTE,11,AGRATE CONTURBIA,whole,,16,AGRATE CONTURBIA,1.0
senato-mattarellum-1993-corrected,PIEMONTE,11,BARENGO,whole,,16,BARENGO,1.0
senato-mattarellum-1993-corrected,PIEMONTE,11,BELLINZAGO NOVARESE,whole,,16,BELLINZAGO NOVARESE,1.0
senato-mattarellum-1993-corrected,PIEMONTE,11,BIANDRATE,whole,,16,BIANDRATE,1.0
senato-mattarellum-1993-corrected,PIEMONTE,11,BOGOGNO,whole,,16,BOGOGNO,1.0
senato-mattarellum-1993-corrected,PIEMONTE,11,BORGOLAVEZZARO,whole,,16,BORGOLAVEZZARO,1.0
senato-mattarellum-1993-corrected,PIEMONTE,11,BORGO TICINO,whole,,16,BORGO TICINO,1.0
senato-mattarellum-1993-corrected,PIEMONTE,11,BRIONA,whole,,16,BR I ONA,1.0
senato-mattarellum-1993-corrected,PIEMONTE,11,CALTIGNAGA,whole,,16,CALTIGNAGA,1.0
senato-mattarellum-1993-corrected,PIEMONTE,11,CAMERI,whole,,16,CAMERI,1.0
senato-mattarellum-1993-corrected,PIEMONTE,11,CARPIGNANO SESIA,whole,,16,CARPIGNANO SESIA,1.0
senato-mattarellum-1993-corrected,PIEMONTE,11,CASALBELTRAME,whole,,16,CASAL BEL TRAME,1.0
senato-mattarellum-1993-corrected,PIEMONTE,11,CASALEGGIO NOVARA,whole,,16,CASALEGGIO NOVARA,1.0
senato-mattarellum-1993-corrected,PIEMONTE,11,CASALINO,whole,,16,CASALINO,1.0
senato-mattarellum-1993-corrected,PIEMONTE,11,CASALVOLONE,whole,,16,CASALVOL ONE,1.0
senato-mattarellum-1993-corrected,PIEMONTE,11,CASTELLAZZO NOVARESE,whole,,16,CASTELLAZZO NOVARESE,1.0
senato-mattarellum-1993-corrected,PIEMONTE,11,CASTELLETTO SOPRA TICINO,whole,,16,CASTELLETTO SOPRA TICINO,1.0
senato-mattarellum-1993-corrected,PIEMONTE,11,CAVAGLIETTO,whole,,16,CAVAGLIETTO,1.0
senato-mattarellum-1993-corrected,PIEMONTE,11,CAVAGLIO D'AGOGNA,whole,,16,CAVAGLIO D'AGOGNA,1.0
senato-mattarellum-1993-corrected,PIEMONTE,11,CERANO,whole,,16,CERANO,1.0
senato-mattarellum-1993-corrected,PIEMONTE,11,COMIGNAGO,whole,,16,COMIGNAGO,1.0
senato-mattarellum-1993-corrected,PIEMONTE,11,CRESSA,whole,,16,CRESSA,1.0
senato-mattarellum-1993-corrected,PIEMONTE,11,DIVIGNANO,whole,,16,DIVIGNANO,1.0
senato-mattarellum-1993-corrected,PIEMONTE,11,FARA NOVARESE,whole,,16,FARA NOVARESE,1.0
senato-mattarellum-1993-corrected,PIEMONTE,11,FONTANETO D'AGOGNA,whole,,16,FONTANETO D'AGOGNA,1.0
senato-mattarellum-1993-corrected,PIEMONTE,11,GALLIATE,whole,,16,GALLIATE,1.0
senato-mattarellum-1993-corrected,PIEMONTE,11,GARBAGNA NOVARESE,whole,,17,GARBAGNA NOVARESE,1.0
senato-mattarellum-1993-corrected,PIEMONTE,11,GATTICO,whole,,17,GATTICO,1.0
senato-mattarellum-1993-corrected,PIEMONTE,11,GHEMME,whole,,17,GHEMME,1.0
senato-mattarellum-1993-corrected,PIEMONTE,11,GRANOZZO CON MONTICELLO,whole,,17,GRANOZZO CON MONTICELLO,1.0
senato-mattarellum-1993-corrected,PIEMONTE,11,LANDIONA,whole,,17,LANDIONA,1.0
senato-mattarellum-1993-corrected,PIEMONTE,11,MANDELLO VITTA,whole,,17,MANDELLO VITTA,1.0
senato-mattarellum-1993-corrected,PIEMONTE,11,MARANO TICINO,whole,,17,MARANO TICINO,1.0
senato-mattarellum-1993-corrected,PIEMONTE,11,MEZZOMERICO,whole,,17,MEZZOMERICO,1.0
senato-mattarellum-1993-corrected,PIEMONTE,11,MOMO,whole,,17,MOMO,1.0
senato-mattarellum-1993-corrected,PIEMONTE,11,NIBBIOLA,whole,,17,NIBBIOLA,1.0
senato-mattarellum-1993-corrected,PIEMONTE,11,NOVARA,whole,,17,NOVARA,1.0
senato-mattarellum-1993-corrected,PIEMONTE,11,OLEGGIO,whole,,17,OLEGGIO,1.0
senato-mattarellum-1993-corrected,PIEMONTE,11,POMBIA,whole,,17,POMBIA,1.0
senato-mattarellum-1993-corrected,PIEMONTE,11,RECETTO,whole,,17,RECETTO,1.0
senato-mattarellum-1993-corrected,PIEMONTE,11,ROMENTINO,whole,,17,ROMENTINO,1.0
senato-mattarellum-1993-corrected,PIEMONTE,11,SAN NAZZARO SESIA,whole,,17,SAN NAZZARO SESIA,1.0
senato-mattarellum-1993-corrected,PIEMONTE,11,SAN PIETRO MOSEZZO,whole,,17,SAN PIETRO MOSEZZO,1.0
senato-mattarellum-1993-corrected,PIEMONTE,11,SILLAVENGO,whole,,17,SILLAVENGO,1.0
senato-mattarellum-1993-corrected,PIEMONTE,11,SIZZANO,whole,,17,SI1ZZANDO,0.778
senato-mattarellum-1993-corrected,PIEMONTE,11,SOZZAGO,whole,,17,SOZZAGO,1.0
senato-mattarellum-1993-corrected,PIEMONTE,11,SUNO,whole,,17,SUNO,1.0
senato-mattarellum-1993-corrected,PIEMONTE,11,TERDOBBIATE,whole,,17,TERDOBBIATE,1.0
senato-mattarellum-1993-corrected,PIEMONTE,11,TORNACO,whole,,17,TORNACO,1.0
senato-mattarellum-1993-corrected,PIEMONTE,11,TRECATE,whole,,17,TRECATE,1.0
senato-mattarellum-1993-corrected,PIEMONTE,11,VAPRIO D'AGOGNA,whole,,17,VAPRIO D'AGOGNA,1.0
senato-mattarellum-1993-corrected,PIEMONTE,11,VARALLO POMBIA,whole,,17,VARALLO POMBIA,1.0
senato-mattarellum-1993-corrected,PIEMONTE,11,VERUNO,whole,,17,VERUNO,1.0
senato-mattarellum-1993-corrected,PIEMONTE,11,VESPOLATE,whole,,17,VESPOLATE,1.0
senato-mattarellum-1993-corrected,PIEMONTE,11,VICOLUNGO,whole,,17,VICOLUNGO,1.0
senato-mattarellum-1993-corrected,PIEMONTE,11,VINZAGLIO,whole,,17,VINZAGLIO,1.0
senato-mattarellum-1993-corrected,PIEMONTE,12,ALAGNA VALSESIA,whole,,17,ALAGNA VALSESIA,1.0
senato-mattarellum-1993-corrected,PIEMONTE,12,BALMUCCIA,whole,,17,BALMUCCIA,1.0
senato-mattarellum-1993-corrected,PIEMONTE,12,BOCCIOLETO,whole,,17,BOCCIOLETO,1.0
senato-mattarellum-1993-corrected,PIEMONTE,12,BORGOSESIA,whole,,17,BORGUSESIA,0.9
senato-mattarellum-1993-corrected,PIEMONTE,12,BREIA,whole,,17,BRE IA,1.0
senato-mattarellum-1993-corrected,PIEMONTE,12,BURONZO,whole,,17,BURUNZO,0.857
senato-mattarellum-1993-corrected,PIEMONTE,12,CAMPERTOGNO,whole,,17,CAMPERTOGNO,1.0
senato-mattarellum-1993-corrected,PIEMONTE,12,CARCOFORO,whole,,17,CARCOF ORO,1.0
senato-mattarellum-1993-corrected,PIEMONTE,12,SAN GIACOMO VERCELLESE,whole,,17,SAN GIACOMO VERCELLESE,1.0
senato-mattarellum-1993-corrected,PIEMONTE,12,CELLIO,whole,,17,CELLIO,1.0
senato-mattarellum-1993-corrected,PIEMONTE,12,CERVATTO,whole,,17,CERVATTO,1.0
senato-mattarellum-1993-corrected,PIEMONTE,12,CIVIASCO,whole,,17,CIVIASCO,1.0
senato-mattarellum-1993-corrected,PIEMONTE,12,CRAVAGLIANA,whole,,17,CRAVAGIL TANA,0.833
senato-mattarellum-1993-corrected,PIEMONTE,12,FOBELLO,whole,,17,FOBELLO,1.0
senato-mattarellum-1993-corrected,PIEMONTE,12,GATTINARA,whole,,17,GATTINARA,1.0
senato-mattarellum-1993-corrected,PIEMONTE,12,GHISLARENGO,whole,,17,GHISLARENGO,1.0
senato-mattarellum-1993-corrected,PIEMONTE,12,GUARDABOSONE,whole,,17,GUARDA BOSONE,1.0
senato-mattarellum-1993-corrected,PIEMONTE,12,LENTA,whole,,17,LENTA,1.0
senato-mattarellum-1993-corrected,PIEMONTE,12,MOLLIA,whole,,17,MOLLIA,1.0
senato-mattarellum-1993-corrected,PIEMONTE,12,PILA,whole,,17,PILA,1.0
senato-mattarellum-1993-corrected,PIEMONTE,12,PIODE,whole,,17,PIODE,1.0
senato-mattarellum-1993-corrected,PIEMONTE,12,POSTUA,whole,,17,POSTUA,1.0
senato-mattarellum-1993-corrected,PIEMONTE,12,QUARONA,whole,,17,QUARONA,1.0
senato-mattarellum-1993-corrected,PIEMONTE,12,RASSA,whole,,17,RASSA,1.0
senato-mattarellum-1993-corrected,PIEMONTE,12,RIMA SAN GIUSEPPE,whole,,17,RIMA SAN GIUSEPPE,1.0
senato-mattarellum-1993-corrected,PIEMONTE,12,RIMASCO,whole,,17,RIMASCO,1.0
senato-mattarellum-1993-corrected,PIEMONTE,12,RIMELLA,whole,,17,RIMELLA,1.0
senato-mattarellum-1993-corrected,PIEMONTE,12,RIVA VALDOBBIA,whole,,17,RIVA VALDOBBIA,1.0
senato-mattarellum-1993-corrected,PIEMONTE,12,,whole,,17,ROASI1O,0.857
senato-mattarellum-1993-corrected,PIEMONTE,12,ROSSA,whole,,17,ROSSA,1.0
senato-mattarellum-1993-corrected,PIEMONTE,12,ROVASENDA,whole,,17,ROVASENDA,1.0
senato-mattarellum-1993-corrected,PIEMONTE,12,SABBIA,whole,,17,SABBIA,1.0
senato-mattarellum-1993-corrected,PIEMONTE,12,SCOPA,whole,,17,SCOPA,1.0
senato-mattarellum-1993-corrected,PIEMONTE,12,SCOPELLO,whole,,17,SCOPELLO,1.0
senato-mattarellum-1993-corrected,PIEMONTE,12,SERRAVALLE SESIA,whole,,17,SERRAVALLE SESIA,1.0
senato-mattarellum-1993-corrected,PIEMONTE,12,VALDUGGIA,whole,,18,VAL DUGGIA,1.0
senato-mattarellum-1993-corrected,PIEMONTE,12,VARALLO,whole,,18,VARALLO,1.0
senato-mattarellum-1993-corrected,PIEMONTE,12,VOCCA,whole,,18,VOCCA,1.0
senato-mattarellum-1993-corrected,PIEMONTE,12,AILOCHE,whole,,18,AIL OCHE,1.0
senato-mattarellum-1993-corrected,PIEMONTE,12,ANDORNO MICCA,whole,,18,ANDORNO MICCA,1.0
senato-mattarellum-1993-corrected,PIEMONTE,12,BENNA,whole,,18,BENNA,1.0
senato-mattarellum-1993-corrected,PIEMONTE,12,BIELLA,whole,,18,BIELLA,1.0
senato-mattarellum-1993-corrected,PIEMONTE,12,BIOGLIO,whole,,18,BIOGL IO,1.0
senato-mattarellum-1993-corrected,PIEMONTE,12,BORRIANA,whole,,18,BORRIANA,1.0
senato-mattarellum-1993-corrected,PIEMONTE,12,BRUSNENGO,whole,,18,BRUSNENGO,1.0
senato-mattarellum-1993-corrected,PIEMONTE,12,CALLABIANA,whole,,18,CALLABIANA,1.0
senato-mattarellum-1993-corrected,PIEMONTE,12,CAMANDONA,whole,,18,CAMANDONA,1.0
senato-mattarellum-1993-corrected,PIEMONTE,12,CAMBURZANO,whole,,18,CAMBURZANO,1.0
senato-mattarellum-1993-corrected,PIEMONTE,12,CAMPIGLIA CERVO,whole,,18,CAMPIGLIA CERVO,1.0
senato-mattarellum-1993-corrected,PIEMONTE,12,CANDELO,whole,,18,CANDELO,1.0
senato-mattarellum-1993-corrected,PIEMONTE,12,CAPRILE,whole,,18,CAPRILE,1.0
senato-mattarellum-1993-corrected,PIEMONTE,12,CASAPINTA,whole,,18,CASAPINTA,1.0
senato-mattarellum-1993-corrected,PIEMONTE,12,CASTELLETTO CERVO,whole,,18,CASTELLETTO CERVO,1.0
senato-mattarellum-1993-corrected,PIEMONTE,12,CAVAGLIA',whole,,18,CAVAGLIA',1.0
senato-mattarellum-1993-corrected,PIEMONTE,12,CERRETO CASTELLO,whole,,18,CERRETO CASTELLO,1.0
senato-mattarellum-1993-corrected,PIEMONTE,12,CERRIONE,whole,,18,CERRI ONE,1.0
senato-mattarellum-1993-corrected,PIEMONTE,12,COGGIOLA,whole,,18,COGGIOLA,1.0
senato-mattarellum-1993-corrected,PIEMONTE,12,COSSATO,whole,,18,COSSATO,1.0
senato-mattarellum-1993-corrected,PIEMONTE,12,CREVACUORE,whole,,18,CREVACUOGRE,0.909
senato-mattarellum-1993-corrected,PIEMONTE,12,CROSA,whole,,18,CROSA,1.0
senato-mattarellum-1993-corrected,PIEMONTE,12,CURINO,whole,,18,CUR INO,1.0
senato-mattarellum-1993-corrected,PIEMONTE,12,DONATO,whole,,18,DONATO,1.0
senato-mattarellum-1993-corrected,PIEMONTE,12,DORZANO,whole,,18,BORZANO,0.857
senato-mattarellum-1993-corrected,PIEMONTE,12,GAGLIANICO,whole,,18,GAGLIANICO,1.0
senato-mattarellum-1993-corrected,PIEMONTE,12,GIFFLENGA,whole,,18,GIFFLENGA,1.0
senato-mattarellum-1993-corrected,PIEMONTE,12,GRAGLIA,whole,,18,GRAGLIA,1.0
senato-mattarellum-1993-corrected,PIEMONTE,12,LESSONA,whole,,18,LESSONA,1.0
senato-mattarellum-1993-corrected,PIEMONTE,12,MAGNANO,whole,,18,MAGNANO,1.0
senato-mattarellum-1993-corrected,PIEMONTE,12,MASSAZZA,whole,,18,MASSAZZA,1.0
senato-mattarellum-1993-corrected,PIEMONTE,12,MASSERANO,whole,,18,HASSERANO,1.0
senato-mattarellum-1993-corrected,PIEMONTE,12,MEZZANA MORTIGLIENGO,whole,,18,NMNEZZANA MORTIGLI1ENSO,0.818
senato-mattarellum-1993-corrected,PIEMONTE,12,MIAGLIANO,whole,,18,MIFAGL ANO,0.778
senato-mattarellum-1993-corrected,PIEMONTE,12,MONGRANDO,whole,,18,NONGRANDO,0.889
senato-mattarellum-1993-corrected,PIEMONTE,12,MOSSO SANTA MARIA,whole,,18,MOSSO SANTA MARIA,1.0
senato-mattarellum-1993-corrected,PIEMONTE,12,MOTTALCIATA,whole,,18,HOTTALCIATA,1.0
senato-mattarellum-1993-corrected,PIEMONTE,12,MUZZANO,whole,,18,HUZ2ZANN,0.857
senato-mattarellum-1993-corrected,PIEMONTE,12,NETRO,whole,,18,NE TRO,1.0
senato-mattarellum-1993-corrected,PIEMONTE,12,OCCHIEPPO INFERIORE,whole,,18,OCCHIEPPA INFERIORE,0.944
senato-mattarellum-1993-corrected,PIEMONTE,12,OCCHIEPPO SUPERIORE,whole,,18,OCCHIEPPO SUPERIORE,1.0
senato-mattarellum-1993-corrected,PIEMONTE,12,PETTINENGO,whole,,18,PETTI1INENGO,0.833
senato-mattarellum-1993-corrected,PIEMONTE,12,PIATTO,whole,,18,PIATTO,1.0
senato-mattarellum-1993-corrected,PIEMONTE,12,PIEDICAVALLO,whole,,18,PIEDICAVALLO,1.0
senato-mattarellum-1993-corrected,PIEMONTE,12,PISTOLESA,whole,,18,PISTOLESA,1.0
senato-mattarellum-1993-corrected,PIEMONTE,12,POLLONE,whole,,18,POLLONE,1.0
senato-mattarellum-1993-corrected,PIEMONTE,12,PONDERANO,whole,,18,PONDERANO,1.0
senato-mattarellum-1993-corrected,PIEMONTE,12,PORTULA,whole,,18,PORTULA,1.0
senato-mattarellum-1993-corrected,PIEMONTE,12,PRALUNGO,whole,,18,PRALUNGSO,0.889
senato-mattarellum-1993-corrected,PIEMONTE,12,PRAY,whole,,18,PRAY,1.0
senato-mattarellum-1993-corrected,PIEMONTE,12,QUAREGNA,whole,,18,QUARE GNA,1.0
senato-mattarellum-1993-corrected,PIEMONTE,12,QUITTENGO,whole,,18,QUITTENGO,1.0
senato-mattarellum-1993-corrected,PIEMONTE,12,RONCO BIELLESE,whole,,18,RONCO BIELLESE,1.0
senato-mattarellum-1993-corrected,PIEMONTE,12,ROPPOLO,whole,,18,ROPPOLO,1.0
senato-mattarellum-1993-corrected,PIEMONTE,12,ROSAZZA,whole,,18,ROSAZZA,1.0
senato-mattarellum-1993-corrected,PIEMONTE,12,SAGLIANO MICCA,whole,,18,SAGLIANO MICCA,1.0
senato-mattarellum-1993-corrected,PIEMONTE,12,SALA BIELLESE,whole,,18,SALA BIELLESE,1.0
senato-mattarellum-1993-corrected,PIEMONTE,12,SALUSSOLA,whole,,18,SALUSSOLA,1.0
senato-mattarellum-1993-corrected,PIEMONTE,12,SANDIGLIANO,whole,,18,SANDIGLIANO,1.0
senato-mattarellum-1993-corrected,PIEMONTE,12,SAN PAOLO CERVO,whole,,18,SAN PAOLO CERVO,1.0
senato-mattarellum-1993-corrected,PIEMONTE,12,SELVE MARCONE,whole,,18,SELVE MARCONE,1.0
senato-mattarellum-1993-corrected,PIEMONTE,12,SOPRANA,whole,,18,SOPRANA,1.0
senato-mattarellum-1993-corrected,PIEMONTE,12,SORDEVOLO,whole,,18,SORDEVOLO,1.0
senato-mattarellum-1993-corrected,PIEMONTE,12,SOSTEGNO,whole,,18,SOSTEGNO,1.0
senato-mattarellum-1993-corrected,PIEMONTE,12,STRONA,whole,,18,STRONA,1.0
senato-mattarellum-1993-corrected,PIEMONTE,12,TAVIGLIANO,whole,,18,TAVIGLIANO,1.0
senato-mattarellum-1993-corrected,PIEMONTE,12,TERNENGO,whole,,19,TERNENGO,1.0
senato-mattarellum-1993-corrected,PIEMONTE,12,TOLLEGNO,whole,,19,TOLLEGNO,1.0
senato-mattarellum-1993-corrected,PIEMONTE,12,TORRAZZO,whole,,19,FORRAZZO,0.875
senato-mattarellum-1993-corrected,PIEMONTE,12,TRIVERO,whole,,19,TRIVERO,1.0
senato-mattarellum-1993-corrected,PIEMONTE,12,VALDENGO,whole,,19,VALDENGO,1.0
senato-mattarellum-1993-corrected,PIEMONTE,12,VALLANZENGO,whole,,19,VALLANZENGO,1.0
senato-mattarellum-1993-corrected,PIEMONTE,12,VALLE MOSSO,whole,,19,YALLE MOSSO,0.9
senato-mattarellum-1993-corrected,PIEMONTE,12,VALLE SAN NICOLAO,whole,,19,VALLE SAN NICOLAO,1.0
senato-mattarellum-1993-corrected,PIEMONTE,12,VEGLIO,whole,,19,VEGLTO,0.833
senato-mattarellum-1993-corrected,PIEMONTE,12,VERRONE,whole,,19,VERRONE,1.0
senato-mattarellum-1993-corrected,PIEMONTE,12,VIGLIANO BIELLESE,whole,,19,VIGLIANO BIELLESE,1.0
senato-mattarellum-1993-corrected,PIEMONTE,12,VILLA DEL BOSCO,whole,,19,VILLA DEL BOSCO,1.0
senato-mattarellum-1993-corrected,PIEMONTE,12,VILLANOVA BIELLESE,whole,,19,VILLANOVA BIELLESE,1.0
senato-mattarellum-1993-corrected,PIEMONTE,12,VIVERONE,whole,,19,VIVERONE,1.0
senato-mattarellum-1993-corrected,PIEMONTE,12,ZIMONE,whole,,19,ZIMONE,1.0
senato-mattarellum-1993-corrected,PIEMONTE,12,ZUBIENA,whole,,19,ZUBIENA,1.0
senato-mattarellum-1993-corrected,PIEMONTE,12,ZUMAGLIA,whole,,19,ZUMAGL TA,0.875
senato-mattarellum-1993-corrected,PIEMONTE,13,ALBANO VERCELLESE,whole,,19,ALBANO VERCELLESE,1.0
senato-mattarellum-1993-corrected,PIEMONTE,13,ALICE CASTELLO,whole,,19,ALICE CASTELLO,1.0
senato-mattarellum-1993-corrected,PIEMONTE,13,ARBORIO,whole,,19,ARBORIO,1.0
senato-mattarellum-1993-corrected,PIEMONTE,13,ASIGLIANO VERCELLESE,whole,,19,ASIGLIANO VERCELLESE,1.0
senato-mattarellum-1993-corrected,PIEMONTE,13,BALOCCO,whole,,19,BALOCCO,1.0
senato-mattarellum-1993-corrected,PIEMONTE,13,BIANZE',whole,,19,"BIANZE*""",1.0
senato-mattarellum-1993-corrected,PIEMONTE,13,BORGO D'ALE,whole,,19,BORGO D'ALE,1.0
senato-mattarellum-1993-corrected,PIEMONTE,13,BORGO VERCELLI,whole,,19,BORGO VERCELLI,1.0
senato-mattarellum-1993-corrected,PIEMONTE,13,CARESANA,whole,,19,CARE SANA,1.0
senato-mattarellum-1993-corrected,PIEMONTE,13,CARESANABLOT,whole,,19,CARESANABLOT,1.0
senato-mattarellum-1993-corrected,PIEMONTE,13,CARISIO,whole,,19,CARISIO,1.0
senato-mattarellum-1993-corrected,PIEMONTE,13,CASANOVA ELVO,whole,,19,CASANOVA ELYVO,0.923
senato-mattarellum-1993-corrected,PIEMONTE,13,CIGLIANO,whole,,19,CIGLIANO,1.0
senato-mattarellum-1993-corrected,PIEMONTE,13,COLLOBIANO,whole,,19,COLLOBIANO,1.0
senato-mattarellum-1993-corrected,PIEMONTE,13,COSTANZANA,whole,,19,COSTANZANA,1.0
senato-mattarellum-1993-corrected,PIEMONTE,13,CRESCENTINO,whole,,19,CRESCENTINO,1.0
senato-mattarellum-1993-corrected,PIEMONTE,13,CROVA,whole,,19,CROVA,1.0
senato-mattarellum-1993-corrected,PIEMONTE,13,DESANA,whole,,19,DESANA,1.0
senato-mattarellum-1993-corrected,PIEMONTE,13,FONTANETTO PO,whole,,19,FONTANETTO PO,1.0
senato-mattarellum-1993-corrected,PIEMONTE,13,FORMIGLIANA,whole,,19,FORMIGLIANA,1.0
senato-mattarellum-1993-corrected,PIEMONTE,13,GREGGIO,whole,,19,GREGGIO,1.0
senato-mattarellum-1993-corrected,PIEMONTE,13,LAMPORO,whole,,19,LAMPORO,1.0
senato-mattarellum-1993-corrected,PIEMONTE,13,LIGNANA,whole,,19,LIGNANA,1.0
senato-mattarellum-1993-corrected,PIEMONTE,13,LIVORNO FERRARIS,whole,,19,LIVORNO FERRARIS,1.0
senato-mattarellum-1993-corrected,PIEMONTE,13,MONCRIVELLO,whole,,19,MONCRIVELLO,1.0
senato-mattarellum-1993-corrected,PIEMONTE,13,MOTTA DE' CONTI,whole,,19,MOTTA DE' CONTI,1.0
senato-mattarellum-1993-corrected,PIEMONTE,13,OLCENENGO,whole,,19,OLCENENGO,1.0
senato-mattarellum-1993-corrected,PIEMONTE,13,OLDENICO,whole,,19,OLDENICOA,0.889
senato-mattarellum-1993-corrected,PIEMONTE,13,PALAZZOLO VERCELLESE,whole,,19,PALAZZOLO VERCELLESE,1.0
senato-mattarellum-1993-corrected,PIEMONTE,13,PERTENGO,whole,,19,PERTENGO,1.0
senato-mattarellum-1993-corrected,PIEMONTE,13,PEZZANA,whole,,19,FPEZZANA,0.875
senato-mattarellum-1993-corrected,PIEMONTE,13,PRAROLO,whole,,19,PRAROLO,1.0
senato-mattarellum-1993-corrected,PIEMONTE,13,QUINTO VERCELLESE,whole,,19,QUINTO VERCELLESE,1.0
senato-mattarellum-1993-corrected,PIEMONTE,13,RIVE,whole,,19,RIVE,1.0
senato-mattarellum-1993-corrected,PIEMONTE,13,RONSECCO,whole,,19,RONSECCO,1.0
senato-mattarellum-1993-corrected,PIEMONTE,13,SALASCO,whole,,19,SALASCO,1.0
senato-mattarellum-1993-corrected,PIEMONTE,13,SALI VERCELLESE,whole,,19,SALI VERCELLESE,1.0
senato-mattarellum-1993-corrected,PIEMONTE,13,SALUGGIA,whole,,19,SALUGGIA,1.0
senato-mattarellum-1993-corrected,PIEMONTE,13,SAN GERMANO VERCELLESE,whole,,19,SAN GERMANO VERCELLESE,1.0
senato-mattarellum-1993-corrected,PIEMONTE,13,SANTHIA',whole,,19,SANTHIA?,1.0
senato-mattarellum-1993-corrected,PIEMONTE,13,STROPPIANA,whole,,19,STROPPIANA,1.0
senato-mattarellum-1993-corrected,PIEMONTE,13,TRICERRO,whole,,19,TRICERRO,1.0
senato-mattarellum-1993-corrected,PIEMONTE,13,TRINO,whole,,19,TRINO,1.0
senato-mattarellum-1993-corrected,PIEMONTE,13,TRONZANO VERCELLESE,whole,,19,TRONZANO VERCELLESE,1.0
senato-mattarellum-1993-corrected,PIEMONTE,13,VERCELLI,whole,,19,VERCELLI,1.0
senato-mattarellum-1993-corrected,PIEMONTE,13,VILLARBOIT,whole,,19,VILLARBOIT,1.0
senato-mattarellum-1993-corrected,PIEMONTE,13,VILLATA,whole,,19,VILLATA,1.0
senato-mattarellum-1993-corrected,PIEMONTE,13,ALFIANO NATTA,whole,,19,ALFIANO NATTA,1.0
senato-mattarellum-1993-corrected,PIEMONTE,13,ALTAVILLA MONFERRATO,whole,,20,ALTAVILLA MONFERRATO,1.0
senato-mattarellum-1993-corrected,PIEMONTE,13,BALZOLA,whole,,20,BALZULA,0.857
senato-mattarellum-1993-corrected,PIEMONTE,13,BASSIGNANA,whole,,20,BASSIGNANA,1.0
senato-mattarellum-1993-corrected,PIEMONTE,13,BERGAMASCO,whole,,20,BERGAMASCO,1.0
senato-mattarellum-1993-corrected,PIEMONTE,13,BORGO SAN MARTINO,whole,,20,BORGO SAN MARTINO,1.0
senato-mattarellum-1993-corrected,PIEMONTE,13,BOZZOLE,whole,,20,BOZZOLE,1.0
senato-mattarellum-1993-corrected,PIEMONTE,13,CAMAGNA MONFERRATO,whole,,20,CAMAGNA MONFERRATO,1.0
senato-mattarellum-1993-corrected,PIEMONTE,13,CAMINO,whole,,20,CAMINO,1.0
senato-mattarellum-1993-corrected,PIEMONTE,13,CARENTINO,whole,,20,CARENTINO,1.0
senato-mattarellum-1993-corrected,PIEMONTE,13,CASALE MONFERRATO,whole,,20,CASALE MONFERRATO,1.0
senato-mattarellum-1993-corrected,PIEMONTE,13,CASTELLETTO MERLI,whole,,20,CASTELLETTO MERLI,1.0
senato-mattarellum-1993-corrected,PIEMONTE,13,CASTELLETTO MONFERRATO,whole,,20,CASTELLETTO MONFERRATO,1.0
senato-mattarellum-1993-corrected,PIEMONTE,13,CELLA MONTE,whole,,20,CELLA MONTE,1.0
senato-mattarellum-1993-corrected,PIEMONTE,13,CERESETO,whole,,20,CERESETO,1.0
senato-mattarellum-1993-corrected,PIEMONTE,13,CERRINA MONFERRATO,whole,,20,CERRINA MONFERRATO,1.0
senato-mattarellum-1993-corrected,PIEMONTE,13,CONIOLO,whole,,20,CONTOLO,0.857
senato-mattarellum-1993-corrected,PIEMONTE,13,CONZANO,whole,,20,CONZANO,1.0
senato-mattarellum-1993-corrected,PIEMONTE,13,CUCCARO MONFERRATO,whole,,20,CUCCARU MONFERRATO,0.941
senato-mattarellum-1993-corrected,PIEMONTE,13,FELIZZANO,whole,,20,FELIZZANO,1.0
senato-mattarellum-1993-corrected,PIEMONTE,13,FRASSINELLO MONFERRATO,whole,,20,FRASSINELLO MONFERRATO,1.0
senato-mattarellum-1993-corrected,PIEMONTE,13,FRASSINETO PO,whole,,20,FRASSINETO PO,1.0
senato-mattarellum-1993-corrected,PIEMONTE,13,FUBINE,whole,,20,FUBINE,1.0
senato-mattarellum-1993-corrected,PIEMONTE,13,GABIANO,whole,,20,GABIANO,1.0
senato-mattarellum-1993-corrected,PIEMONTE,13,GIAROLE,whole,,20,GIAROLE,1.0
senato-mattarellum-1993-corrected,PIEMONTE,13,LU,whole,,20,LU,1.0
senato-mattarellum-1993-corrected,PIEMONTE,13,MASIO,whole,,20,MASIO,1.0
senato-mattarellum-1993-corrected,PIEMONTE,13,MIRABELLO MONFERRATO,whole,,20,MIRABELLO MONFERRATO,1.0
senato-mattarellum-1993-corrected,PIEMONTE,13,MOMBELLO MONFERRATO,whole,,20,MOMBELLO MONFERRATO,1.0
senato-mattarellum-1993-corrected,PIEMONTE,13,MONCESTINO,whole,,20,MONCESTINO,1.0
senato-mattarellum-1993-corrected,PIEMONTE,13,MORANO SUL PO,whole,,20,MORANO SUL FO,0.909
senato-mattarellum-1993-corrected,PIEMONTE,13,MURISENGO,whole,,20,MUR I1SENGO,0.9
senato-mattarellum-1993-corrected,PIEMONTE,13,OCCIMIANO,whole,,20,UCCIMIANO,0.889
senato-mattarellum-1993-corrected,PIEMONTE,13,ODALENGO GRANDE,whole,,20,ODALENGO GRANDE,1.0
senato-mattarellum-1993-corrected,PIEMONTE,13,ODALENGO PICCOLO,whole,,20,ODBALENGO PICCOLO,0.938
senato-mattarellum-1993-corrected,PIEMONTE,13,OLIVOLA,whole,,20,OL IVOLA,1.0
senato-mattarellum-1993-corrected,PIEMONTE,13,OTTIGLIO,whole,,20,DOTTIGLIO,0.889
senato-mattarellum-1993-corrected,PIEMONTE,13,OVIGLIO,whole,,20,OVIGLIO,1.0
senato-mattarellum-1993-corrected,PIEMONTE,13,OZZANO MONFERRATO,whole,,20,OZZANO MONFERRATO,1.0
senato-mattarellum-1993-corrected,PIEMONTE,13,PECETTO DI VALENZA,whole,,20,PECETTO DI VALENZA,1.0
senato-mattarellum-1993-corrected,PIEMONTE,13,POMARO MONFERRATO,whole,,20,POMARO MONFERRATO,1.0
senato-mattarellum-1993-corrected,PIEMONTE,13,PONTESTURA,whole,,20,PONTESTURA,1.0
senato-mattarellum-1993-corrected,PIEMONTE,13,PONZANO MONFERRATO,whole,,20,PONZANO MONFERRATO,1.0
senato-mattarellum-1993-corrected,PIEMONTE,13,QUARGNENTO,whole,,20,QUARGNENTO,1.0
senato-mattarellum-1993-corrected,PIEMONTE,13,QUATTORDIO,whole,,20,QUATTORDIO,1.0
senato-mattarellum-1993-corrected,PIEMONTE,13,RIVARONE,whole,,20,RIVARONE,1.0
senato-mattarellum-1993-corrected,PIEMONTE,13,ROSIGNANO MONFERRATO,whole,,20,ROSIGNANO MONFERRATO,1.0
senato-mattarellum-1993-corrected,PIEMONTE,13,SALA MONFERRATO,whole,,20,SALA MONFERRATO,1.0
senato-mattarellum-1993-corrected,PIEMONTE,13,SAN GIORGIO MONFERRATO,whole,,20,SAN GIORGIO MONFERRATO,1.0
senato-mattarellum-1993-corrected,PIEMONTE,13,SAN SALVATORE MONFERRATO,whole,,20,SAN SALVATORE MONFERRATO,1.0
senato-mattarellum-1993-corrected,PIEMONTE,13,SERRALUNGA DI CREA,whole,,20,SERRALUNGA DI CREA,1.0
senato-mattarellum-1993-corrected,PIEMONTE,13,SOLERO,whole,,20,SQOLERO,0.857
senato-mattarellum-1993-corrected,PIEMONTE,13,SOLONGHELLO,whole,,20,SOLONGHELLO,1.0
senato-mattarellum-1993-corrected,PIEMONTE,13,TERRUGGIA,whole,,20,TERRUGGIA,1.0
senato-mattarellum-1993-corrected,PIEMONTE,13,TICINETO,whole,,20,TICINETO,1.0
senato-mattarellum-1993-corrected,PIEMONTE,13,TREVILLE,whole,,20,TREVILLE,1.0
senato-mattarellum-1993-corrected,PIEMONTE,13,VALENZA,whole,,20,VALENZA,1.0
senato-mattarellum-1993-corrected,PIEMONTE,13,VALMACCA,whole,,20,VALMACCA,1.0
senato-mattarellum-1993-corrected,PIEMONTE,13,VIGNALE MONFERRATO,whole,,20,VIGNALE MONFERRATO,1.0
senato-mattarellum-1993-corrected,PIEMONTE,13,VILLADEATI,whole,,20,VILLADEATI,1.0
senato-mattarellum-1993-corrected,PIEMONTE,13,VILLAMIROGLIO,whole,,20,VILLAMIROGLIO,1.0
senato-mattarellum-1993-corrected,PIEMONTE,13,VILLANOVA MONFERRATO,whole,,20,VILLANOVA MONFERRATO,1.0
senato-mattarellum-1993-corrected,PIEMONTE,14,ALBERA LIGURE,whole,,20,ALBERA LIGURE,1.0
senato-mattarellum-1993-corrected,PIEMONTE,14,ALESSANDRIA,whole,,20,ALESSANDRIA,1.0
senato-mattarellum-1993-corrected,PIEMONTE,14,ALLUVIONI CAMBIO',whole,,20,ALLUVIONI CAMBIO’,1.0
senato-mattarellum-1993-corrected,PIEMONTE,14,ALZANO SCRIVIA,whole,,20,ALZANO SCRIVIA,1.0
senato-mattarellum-1993-corrected,PIEMONTE,14,ARQUATA SCRIVIA,whole,,20,ARQUATA SCRIVIA,1.0
senato-mattarellum-1993-corrected,PIEMONTE,14,AVOLASCA,whole,,21,AVOLASCA,1.0
senato-mattarellum-1993-corrected,PIEMONTE,14,BASALUZZO,whole,,21,BASALUZZO,1.0
senato-mattarellum-1993-corrected,PIEMONTE,14,BELFORTE MONFERRATO,whole,,21,BELFORTE MONFERRATO,1.0
senato-mattarellum-1993-corrected,PIEMONTE,14,BERZANO DI TORTONA,whole,,21,BERZANO DI TORTONA,1.0
senato-mattarellum-1993-corrected,PIEMONTE,14,BORGHETTO DI BORBERA,whole,,21,BORGHETTO DI BORBERA,1.0
senato-mattarellum-1993-corrected,PIEMONTE,14,BORGORATTO ALESSANDRINO,whole,,21,BORGORATTO ALESSANDRINO,1.0
senato-mattarellum-1993-corrected,PIEMONTE,14,BOSCO MARENGO,whole,,21,BOSCO MARENGO,1.0
senato-mattarellum-1993-corrected,PIEMONTE,14,BOSIO,whole,,21,BOSIO,1.0
senato-mattarellum-1993-corrected,PIEMONTE,14,BRIGNANO FRASCATA,whole,,21,BRIGNANO -FRASCATA,1.0
senato-mattarellum-1993-corrected,PIEMONTE,14,CABELLA LIGURE,whole,,21,CABELLA LIGURE,1.0
senato-mattarellum-1993-corrected,PIEMONTE,14,CANTALUPO LIGURE,whole,,21,CANTALUPO LIGURE,1.0
senato-mattarellum-1993-corrected,PIEMONTE,14,CAPRIATA D'ORBA,whole,,21,CAPRIATA D'ORBA,1.0
senato-mattarellum-1993-corrected,PIEMONTE,14,CARBONARA SCRIVIA,whole,,21,CARBONARA SCRIVIA,1.0
senato-mattarellum-1993-corrected,PIEMONTE,14,CAREZZANO,whole,,21,CAREZZANO,1.0
senato-mattarellum-1993-corrected,PIEMONTE,14,CARPENETO,whole,,21,CARPENE TO,1.0
senato-mattarellum-1993-corrected,PIEMONTE,14,CARREGA LIGURE,whole,,21,CARREGA LIGURE,1.0
senato-mattarellum-1993-corrected,PIEMONTE,14,CARROSIO,whole,,21,CARROSIO,1.0
senato-mattarellum-1993-corrected,PIEMONTE,14,CASAL CERMELLI,whole,,21,CASAL CERMELLI,1.0
senato-mattarellum-1993-corrected,PIEMONTE,14,CASALEGGIO BOIRO,whole,,21,CASALEGGIO BO1I1ROGO,0.789
senato-mattarellum-1993-corrected,PIEMONTE,14,CASALNOCETO,whole,,21,CASALNOCETO,1.0
senato-mattarellum-1993-corrected,PIEMONTE,14,CASASCO,whole,,21,CASASCO,1.0
senato-mattarellum-1993-corrected,PIEMONTE,14,CASSANO SPINOLA,whole,,21,CASSANO SPINOLA,1.0
senato-mattarellum-1993-corrected,PIEMONTE,14,CASTELLANIA,whole,,21,CASTELLANIA,1.0
senato-mattarellum-1993-corrected,PIEMONTE,14,CASTELLAR GUIDOBONO,whole,,21,CASTELLAR GUIDOBONO,1.0
senato-mattarellum-1993-corrected,PIEMONTE,14,CASTELLAZZO BORMIDA,whole,,21,CASTELLAZZO BORMIDA,1.0
senato-mattarellum-1993-corrected,PIEMONTE,14,CASTELLETTO D'ORBA,whole,,21,CASTELLETTO D'ORBA,1.0
senato-mattarellum-1993-corrected,PIEMONTE,14,CASTELNUOVO BORMIDA,whole,,21,CASTELNUOVO BORMIDA,1.0
senato-mattarellum-1993-corrected,PIEMONTE,14,CASTELNUOVO SCRIVIA,whole,,21,CASTELNUOVO SCRIVIA,1.0
senato-mattarellum-1993-corrected,PIEMONTE,14,CASTELSPINA,whole,,21,CASTELSP INA,1.0
senato-mattarellum-1993-corrected,PIEMONTE,14,CERRETO GRUE,whole,,21,CERRETO GRUE,1.0
senato-mattarellum-1993-corrected,PIEMONTE,14,,whole,,21,LUS1A VESCUVATO,0.714
senato-mattarellum-1993-corrected,PIEMONTE,14,CREMOLINO,whole,,21,CREMOL INO,1.0
senato-mattarellum-1993-corrected,PIEMONTE,14,DERNICE,whole,,21,DERNICE,1.0
senato-mattarellum-1993-corrected,PIEMONTE,14,FABBRICA CURONE,whole,,21,FABBRICA CURONE,1.0
senato-mattarellum-1993-corrected,PIEMONTE,14,FRACONALTO,whole,,21,FRACONAL TO,1.0
senato-mattarellum-1993-corrected,PIEMONTE,14,FRANCAVILLA BISIO,whole,,21,FRANCAVILLA BISIO,1.0
senato-mattarellum-1993-corrected,PIEMONTE,14,FRASCARO,whole,,21,FRASCARO,1.0
senato-mattarellum-1993-corrected,PIEMONTE,14,FRESONARA,whole,,21,FRESONARA,1.0
senato-mattarellum-1993-corrected,PIEMONTE,14,FRUGAROLO,whole,,21,FRUGARODOLO,0.818
senato-mattarellum-1993-corrected,PIEMONTE,14,GAMALERO,whole,,21,GAMALERO,1.0
senato-mattarellum-1993-corrected,PIEMONTE,14,GARBAGNA,whole,,21,GARBAGNA,1.0
senato-mattarellum-1993-corrected,PIEMONTE,14,GAVAZZANA,whole,,21,GAVAZZANA,1.0
senato-mattarellum-1993-corrected,PIEMONTE,14,GAVI,whole,,21,GAVI,1.0
senato-mattarellum-1993-corrected,PIEMONTE,14,GREMIASCO,whole,,21,GREMIASCO,1.0
senato-mattarellum-1993-corrected,PIEMONTE,14,GRONDONA,whole,,21,GRONDONA,1.0
senato-mattarellum-1993-corrected,PIEMONTE,14,GUAZZORA,whole,,21,GUAZZORA,1.0
senato-mattarellum-1993-corrected,PIEMONTE,14,ISOLA SANT'ANTONIO,whole,,21,ISOLA SANT'ANTONIO,1.0
senato-mattarellum-1993-corrected,PIEMONTE,14,LERMA,whole,,21,LERMA,1.0
senato-mattarellum-1993-corrected,PIEMONTE,14,MOLARE,whole,,21,MOLARE,1.0
senato-mattarellum-1993-corrected,PIEMONTE,14,MOLINO DEI TORTI,whole,,21,HOLINO DEI TORTI,1.0
senato-mattarellum-1993-corrected,PIEMONTE,14,MOMPERONE,whole,,21,MOMPERONE,1.0
senato-mattarellum-1993-corrected,PIEMONTE,14,MONGIARDINO LIGURE,whole,,21,HMONGIARDINO LIGURE,0.944
senato-mattarellum-1993-corrected,PIEMONTE,14,MONLEALE,whole,,21,MONLEALE,1.0
senato-mattarellum-1993-corrected,PIEMONTE,14,MONTACUTO,whole,,21,MONTACUTO,1.0
senato-mattarellum-1993-corrected,PIEMONTE,14,MONTALDEO,whole,,21,MONTALDEO,1.0
senato-mattarellum-1993-corrected,PIEMONTE,14,MONTALDO BORMIDA,whole,,21,MONTALDO BORMIDA,1.0
senato-mattarellum-1993-corrected,PIEMONTE,14,MONTE CASTELLO,whole,,21,MONTFTECASTELLO,0.867
senato-mattarellum-1993-corrected,PIEMONTE,14,MONTEGIOCO,whole,,21,HONTEGIOCO,1.0
senato-mattarellum-1993-corrected,PIEMONTE,14,MONTEMARZINO,whole,,21,MONTEMARZINO,1.0
senato-mattarellum-1993-corrected,PIEMONTE,14,MORNESE,whole,,21,MORNE SE,1.0
senato-mattarellum-1993-corrected,PIEMONTE,14,NOVI LIGURE,whole,,21,NOVI LIGURE,1.0
senato-mattarellum-1993-corrected,PIEMONTE,14,OVADA,whole,,21,OVADA,1.0
senato-mattarellum-1993-corrected,PIEMONTE,14,PADERNA,whole,,21,PADERNA,1.0
senato-mattarellum-1993-corrected,PIEMONTE,14,PARODI LIGURE,whole,,21,PARODI LIGURE,1.0
senato-mattarellum-1993-corrected,PIEMONTE,14,PASTURANA,whole,,21,PFPASTURANA,0.818
senato-mattarellum-1993-corrected,PIEMONTE,14,PIETRA MARAZZI,whole,,21,PIETRA MARAZZI,1.0
senato-mattarellum-1993-corrected,PIEMONTE,14,PIOVERA,whole,,21,PIOVERA,1.0
senato-mattarellum-1993-corrected,PIEMONTE,14,PONTECURONE,whole,,21,PONTE CURONE,1.0
senato-mattarellum-1993-corrected,PIEMONTE,14,POZZOL GROPPO,whole,,21,POZZOL GRUPPO,0.917
senato-mattarellum-1993-corrected,PIEMONTE,14,POZZOLO FORMIGARO,whole,,22,POZZOLO FORMIGARO,1.0
senato-mattarellum-1993-corrected,PIEMONTE,14,PREDOSA,whole,,22,PRE DOSA,1.0
senato-mattarellum-1993-corrected,PIEMONTE,14,RIVALTA BORMIDA,whole,,22,RIVALTA BORMIDA,1.0
senato-mattarellum-1993-corrected,PIEMONTE,14,ROCCAFORTE LIGURE,whole,,22,ROCCAFORTE LIGURE,1.0
senato-mattarellum-1993-corrected,PIEMONTE,14,ROCCA GRIMALDA,whole,,22,ROCCA GRIMAL DA,1.0
senato-mattarellum-1993-corrected,PIEMONTE,14,ROCCHETTA LIGURE,whole,,22,ROCCHETTA LIGURE,1.0
senato-mattarellum-1993-corrected,PIEMONTE,14,SALE,whole,,22,SALE,1.0
senato-mattarellum-1993-corrected,PIEMONTE,14,SAN CRISTOFORO,whole,,22,SAN CRISTOFORO,1.0
senato-mattarellum-1993-corrected,PIEMONTE,14,SAN SEBASTIANO CURONE,whole,,22,SAN SEBASTIANO CURONE,1.0
senato-mattarellum-1993-corrected,PIEMONTE,14,SANT'AGATA FOSSILI,whole,,22,SANT'AGATA FOSSILI,1.0
senato-mattarellum-1993-corrected,PIEMONTE,14,SARDIGLIANO,whole,,22,SARDIGLIANO,1.0
senato-mattarellum-1993-corrected,PIEMONTE,14,SAREZZANO,whole,,22,SAREZZANO,1.0
senato-mattarellum-1993-corrected,PIEMONTE,14,SERRAVALLE SCRIVIA,whole,,22,SERRAVALLE SCRIVIA,1.0
senato-mattarellum-1993-corrected,PIEMONTE,14,SEZZADIO,whole,,22,SEZZADIO,1.0
senato-mattarellum-1993-corrected,PIEMONTE,14,SILVANO D'ORBA,whole,,22,SILVANO Q'ORBA,0.917
senato-mattarellum-1993-corrected,PIEMONTE,14,SPINETO SCRIVIA,whole,,22,SPINETO SCRIVIA,1.0
senato-mattarellum-1993-corrected,PIEMONTE,14,STAZZANO,whole,,22,STAZZANDO,0.889
senato-mattarellum-1993-corrected,PIEMONTE,14,TAGLIOLO MONFERRATO,whole,,22,TAGLIOLO MONFERRATO,1.0
senato-mattarellum-1993-corrected,PIEMONTE,14,TASSAROLO,whole,,22,TASSAROLO,1.0
senato-mattarellum-1993-corrected,PIEMONTE,14,TORTONA,whole,,22,TORTONA,1.0
senato-mattarellum-1993-corrected,PIEMONTE,14,TRISOBBIO,whole,,22,TRISOBBIO,1.0
senato-mattarellum-1993-corrected,PIEMONTE,14,VIGNOLE BORBERA,whole,,22,VIGNOLE BORBERA,1.0
senato-mattarellum-1993-corrected,PIEMONTE,14,VIGUZZOLO,whole,,22,VIGUZZOLO,1.0
senato-mattarellum-1993-corrected,PIEMONTE,14,VILLALVERNIA,whole,,22,VILLALVERNIA,1.0
senato-mattarellum-1993-corrected,PIEMONTE,14,VILLAROMAGNANO,whole,,22,VILLAROMAGNANO,1.0
senato-mattarellum-1993-corrected,PIEMONTE,14,VOLPEDO,whole,,22,VOLPE DO,1.0
senato-mattarellum-1993-corrected,PIEMONTE,14,VOLPEGLINO,whole,,22,VOLPEGL TINO,0.909
senato-mattarellum-1993-corrected,PIEMONTE,14,VOLTAGGIO,whole,,22,VOLTAGGIO,1.0
senato-mattarellum-1993-corrected,PIEMONTE,15,AGLIANO,whole,,22,AGL 1 ANO,1.0
senato-mattarellum-1993-corrected,PIEMONTE,15,ALBUGNANO,whole,,22,AL BUGNANO,1.0
senato-mattarellum-1993-corrected,PIEMONTE,15,ANTIGNANO,whole,,22,ANTIGNANO,1.0
senato-mattarellum-1993-corrected,PIEMONTE,15,ARAMENGO,whole,,22,AR AMENGO,1.0
senato-mattarellum-1993-corrected,PIEMONTE,15,AZZANO D'ASTI,whole,,22,AZZANO D'ASTI,1.0
senato-mattarellum-1993-corrected,PIEMONTE,15,BALDICHIERI D'ASTI,whole,,22,BALDICHIER1I D'ASTI,0.941
senato-mattarellum-1993-corrected,PIEMONTE,15,BELVEGLIO,whole,,22,BELVEGLIO,1.0
senato-mattarellum-1993-corrected,PIEMONTE,15,BERZANO DI SAN PIETRO,whole,,22,BERZANO DI SAN PIETRO,1.0
senato-mattarellum-1993-corrected,PIEMONTE,15,BRUNO,whole,,22,BRUNO,1.0
senato-mattarellum-1993-corrected,PIEMONTE,15,BUBBIO,whole,,22,BUBBIO,1.0
senato-mattarellum-1993-corrected,PIEMONTE,15,BUTTIGLIERA D'ASTI,whole,,22,BUTFIGLIERA D'ASTI,0.938
senato-mattarellum-1993-corrected,PIEMONTE,15,CALAMANDRANA,whole,,22,CALAMANDRANA,1.0
senato-mattarellum-1993-corrected,PIEMONTE,15,CALLIANO,whole,,22,CALLIANO,1.0
senato-mattarellum-1993-corrected,PIEMONTE,15,CALOSSO,whole,,22,CALOSSO,1.0
senato-mattarellum-1993-corrected,PIEMONTE,15,CAMERANO CASASCO,whole,,22,CAMERANO CASASCO,1.0
senato-mattarellum-1993-corrected,PIEMONTE,15,CANELLI,whole,,22,CANELLI,1.0
senato-mattarellum-1993-corrected,PIEMONTE,15,CANTARANA,whole,,22,CANTARANA,1.0
senato-mattarellum-1993-corrected,PIEMONTE,15,CAPRIGLIO,whole,,22,CAPRIGLIO,1.0
senato-mattarellum-1993-corrected,PIEMONTE,15,CASORZO,whole,,22,CASORZO,1.0
senato-mattarellum-1993-corrected,PIEMONTE,15,CASSINASCO,whole,,22,CASSINASCO,1.0
senato-mattarellum-1993-corrected,PIEMONTE,15,CASTAGNOLE DELLE LANZE,whole,,22,CASTAGNOLE DELLE LANZE,1.0
senato-mattarellum-1993-corrected,PIEMONTE,15,CASTAGNOLE MONFERRATO,whole,,22,CASTAGNOLE MONFERRATO,1.0
senato-mattarellum-1993-corrected,PIEMONTE,15,CASTEL BOGLIONE,whole,,22,CASTEL BOGL IONE,1.0
senato-mattarellum-1993-corrected,PIEMONTE,15,CASTELL'ALFERO,whole,,22,CASTELL'ALFERO,1.0
senato-mattarellum-1993-corrected,PIEMONTE,15,CASTELLERO,whole,,22,CASTELLERO,1.0
senato-mattarellum-1993-corrected,PIEMONTE,15,CASTELLETTO MOLINA,whole,,22,CASTELLETTO MOLENA,0.941
senato-mattarellum-1993-corrected,PIEMONTE,15,CASTELLO DI ANNONE,whole,,22,CASTELLO DI ANNONE,1.0
senato-mattarellum-1993-corrected,PIEMONTE,15,CASTELNUOVO BELBO,whole,,22,CASTELNUOVO BELBO,1.0
senato-mattarellum-1993-corrected,PIEMONTE,15,CASTELNUOVO CALCEA,whole,,22,CASTELNUOVO CALCEA,1.0
senato-mattarellum-1993-corrected,PIEMONTE,15,CASTELNUOVO DON BOSCO,whole,,22,CASTELNUOVO DON BOSCO,1.0
senato-mattarellum-1993-corrected,PIEMONTE,15,CASTEL ROCCHERO,whole,,22,CASTEL ROCCHERO,1.0
senato-mattarellum-1993-corrected,PIEMONTE,15,CELLARENGO,whole,,22,CELLARENGO,1.0
senato-mattarellum-1993-corrected,PIEMONTE,15,CELLE ENOMONDO,whole,,22,CELLE ENQMONDO,0.923
senato-mattarellum-1993-corrected,PIEMONTE,15,CERRETO D'ASTI,whole,,22,CERRETO D'ASTI,1.0
senato-mattarellum-1993-corrected,PIEMONTE,15,CERRO TANARO,whole,,22,CERRO TANARO,1.0
senato-mattarellum-1993-corrected,PIEMONTE,15,CESSOLE,whole,,22,CESSOLE,1.0
senato-mattarellum-1993-corrected,PIEMONTE,15,CHIUSANO D'ASTI,whole,,22,CHIUSANO D'ASTI,1.0
senato-mattarellum-1993-corrected,PIEMONTE,15,CINAGLIO,whole,,23,CINAGLIO,1.0
senato-mattarellum-1993-corrected,PIEMONTE,15,CISTERNA D'ASTI,whole,,23,CISTERNA D'ASTI,1.0
senato-mattarellum-1993-corrected,PIEMONTE,15,COAZZOLO,whole,,23,COAZZOLO,1.0
senato-mattarellum-1993-corrected,PIEMONTE,15,COCCONATO,whole,,23,COCCONATO,1.0
senato-mattarellum-1993-corrected,PIEMONTE,15,COLCAVAGNO,whole,,23,COLCAVAGNO,1.0
senato-mattarellum-1993-corrected,PIEMONTE,15,CORSIONE,whole,,23,CORSIONE,1.0
senato-mattarellum-1993-corrected,PIEMONTE,15,CORTANDONE,whole,,23,CORTANDONE,1.0
senato-mattarellum-1993-corrected,PIEMONTE,15,CORTANZE,whole,,23,CORTANZE,1.0
senato-mattarellum-1993-corrected,PIEMONTE,15,CORTAZZONE,whole,,23,CORTAZZONE,1.0
senato-mattarellum-1993-corrected,PIEMONTE,15,CORTIGLIONE,whole,,23,CORTIGL IONE,1.0
senato-mattarellum-1993-corrected,PIEMONTE,15,COSSOMBRATO,whole,,23,COSSOMBRATO,1.0
senato-mattarellum-1993-corrected,PIEMONTE,15,COSTIGLIOLE D'ASTI,whole,,23,TOSTIGLICLE D'ASTI,0.875
senato-mattarellum-1993-corrected,PIEMONTE,15,CUNICO,whole,,23,CUNICO,1.0
senato-mattarellum-1993-corrected,PIEMONTE,15,DUSINO SAN MICHELE,whole,,23,DUSINO SAN MICHELE,1.0
senato-mattarellum-1993-corrected,PIEMONTE,15,FERRERE,whole,,23,FERRERE,1.0
senato-mattarellum-1993-corrected,PIEMONTE,15,FONTANILE,whole,,23,FONTANILE,1.0
senato-mattarellum-1993-corrected,PIEMONTE,15,FRINCO,whole,,23,FRINCO,1.0
senato-mattarellum-1993-corrected,PIEMONTE,15,GRANA,whole,,23,GRANA,1.0
senato-mattarellum-1993-corrected,PIEMONTE,15,GRAZZANO BADOGLIO,whole,,23,GRAZZANO BADOSLIO,0.938
senato-mattarellum-1993-corrected,PIEMONTE,15,INCISA SCAPACCINO,whole,,23,INCISA SCAPACCINO,1.0
senato-mattarellum-1993-corrected,PIEMONTE,15,ISOLA D'ASTI,whole,,23,ISOLA D'ASTI,1.0
senato-mattarellum-1993-corrected,PIEMONTE,15,LOAZZOLO,whole,,23,LOAZZOLO,1.0
senato-mattarellum-1993-corrected,PIEMONTE,15,MARANZANA,whole,,23,MARANZANA,1.0
senato-mattarellum-1993-corrected,PIEMONTE,15,MARETTO,whole,,23,MARETTO,1.0
senato-mattarellum-1993-corrected,PIEMONTE,15,MOASCA,whole,,23,MOASCA,1.0
senato-mattarellum-1993-corrected,PIEMONTE,15,MOMBALDONE,whole,,23,MOMBAL DONE,1.0
senato-mattarellum-1993-corrected,PIEMONTE,15,MOMBARUZZO,whole,,23,MOMBARUZZO,1.0
senato-mattarellum-1993-corrected,PIEMONTE,15,MOMBERCELLI,whole,,23,HOMBERCELLI,1.0
senato-mattarellum-1993-corrected,PIEMONTE,15,MONALE,whole,,23,MONALE,1.0
senato-mattarellum-1993-corrected,PIEMONTE,15,MONASTERO BORMIDA,whole,,23,MONASTERO BORMIDA,1.0
senato-mattarellum-1993-corrected,PIEMONTE,15,MONCALVO,whole,,23,MONCALVO,1.0
senato-mattarellum-1993-corrected,PIEMONTE,15,MONCUCCO TORINESE,whole,,23,MONCUCCO TORINESE,1.0
senato-mattarellum-1993-corrected,PIEMONTE,15,MONGARDINO,whole,,23,MONGARDINO,1.0
senato-mattarellum-1993-corrected,PIEMONTE,15,MONTABONE,whole,,23,MONTABONE,1.0
senato-mattarellum-1993-corrected,PIEMONTE,15,MONTAFIA,whole,,23,MONTAFTIA,0.889
senato-mattarellum-1993-corrected,PIEMONTE,15,MONTALDO SCARAMPI,whole,,23,MONTALDO SCARAMPI,1.0
senato-mattarellum-1993-corrected,PIEMONTE,15,MONTECHIARO D'ASTI,whole,,23,HONTECHIARO D'ASTI,1.0
senato-mattarellum-1993-corrected,PIEMONTE,15,MONTEGROSSO D'ASTI,whole,,23,MONTEGROSSO D’ASTI,1.0
senato-mattarellum-1993-corrected,PIEMONTE,15,MONTEMAGNO,whole,,23,MONTEMAGNO,1.0
senato-mattarellum-1993-corrected,PIEMONTE,15,MONTIGLIO,whole,,23,MONTIGLIO,1.0
senato-mattarellum-1993-corrected,PIEMONTE,15,MORANSENGO,whole,,23,MORANSENGO,1.0
senato-mattarellum-1993-corrected,PIEMONTE,15,NIZZA MONFERRATO,whole,,23,NIZZA MONFERRATO,1.0
senato-mattarellum-1993-corrected,PIEMONTE,15,OLMO GENTILE,whole,,23,OLMO GENTILE,1.0
senato-mattarellum-1993-corrected,PIEMONTE,15,PASSERANO MARMORITO,whole,,23,PASSERANO HMARMORITO,0.947
senato-mattarellum-1993-corrected,PIEMONTE,15,PENANGO,whole,,23,PENANGO,1.0
senato-mattarellum-1993-corrected,PIEMONTE,15,PIEA,whole,,23,PIEA,1.0
senato-mattarellum-1993-corrected,PIEMONTE,15,PINO D'ASTI,whole,,23,PINO D'ASTI,1.0
senato-mattarellum-1993-corrected,PIEMONTE,15,PIOVA' MASSAIA,whole,,23,PIOVA' MASSAIA,1.0
senato-mattarellum-1993-corrected,PIEMONTE,15,PORTACOMARO,whole,,23,PORTACGOHARO,0.917
senato-mattarellum-1993-corrected,PIEMONTE,15,QUARANTI,whole,,23,QUARANTI,1.0
senato-mattarellum-1993-corrected,PIEMONTE,15,REFRANCORE,whole,,23,REFRANCORE,1.0
senato-mattarellum-1993-corrected,PIEMONTE,15,REVIGLIASCO D'ASTI,whole,,23,REVIGLIASCO D'ASTI,1.0
senato-mattarellum-1993-corrected,PIEMONTE,15,ROATTO,whole,,23,ROATTO,1.0
senato-mattarellum-1993-corrected,PIEMONTE,15,ROBELLA,whole,,23,ROBSELLA,0.875
senato-mattarellum-1993-corrected,PIEMONTE,15,ROCCA D'ARAZZO,whole,,23,ROCCA D'ARAZZO,1.0
senato-mattarellum-1993-corrected,PIEMONTE,15,ROCCAVERANO,whole,,23,ROCCAVERANO,1.0
senato-mattarellum-1993-corrected,PIEMONTE,15,ROCCHETTA PALAFEA,whole,,23,ROCCHETTA PALAFEA,1.0
senato-mattarellum-1993-corrected,PIEMONTE,15,ROCCHETTA TANARO,whole,,23,RUCCHETTA TANARO,0.933
senato-mattarellum-1993-corrected,PIEMONTE,15,SAN DAMIANO D'ASTI,whole,,23,SAN DAMIANO D'ASTI,1.0
senato-mattarellum-1993-corrected,PIEMONTE,15,SAN GIORGIO SCARAMPI,whole,,23,SAN GIORGIO SCARAMPI,1.0
senato-mattarellum-1993-corrected,PIEMONTE,15,SAN MARTINO ALFIERI,whole,,23,SAN MARTINO ALFIERI,1.0
senato-mattarellum-1993-corrected,PIEMONTE,15,SAN MARZANO OLIVETO,whole,,23,SAN MARZANO OLIVETO,1.0
senato-mattarellum-1993-corrected,PIEMONTE,15,SAN PAOLO SOLBRITO,whole,,23,SAN PAOLO SOLBRITO,1.0
senato-mattarellum-1993-corrected,PIEMONTE,15,SCANDELUZZA,whole,,23,SCANDELUZZA,1.0
senato-mattarellum-1993-corrected,PIEMONTE,15,SCURZOLENGO,whole,,23,SCURZOLENGO,1.0
senato-mattarellum-1993-corrected,PIEMONTE,15,SEROLE,whole,,23,SERDLE,0.833
senato-mattarellum-1993-corrected,PIEMONTE,15,SESSAME,whole,,23,SESSAME,1.0
senato-mattarellum-1993-corrected,PIEMONTE,15,SETTIME,whole,,23,SETTIME,1.0
senato-mattarellum-1993-corrected,PIEMONTE,15,SOGLIO,whole,,23,SOGLIO,1.0
senato-mattarellum-1993-corrected,PIEMONTE,15,TIGLIOLE,whole,,24,TIGLIOLE,1.0
senato-mattarellum-1993-corrected,PIEMONTE,15,TONCO,whole,,24,TONCO,1.0
senato-mattarellum-1993-corrected,PIEMONTE,15,TONENGO,whole,,24,TONENGO,1.0
senato-mattarellum-1993-corrected,PIEMONTE,15,VAGLIO SERRA,whole,,24,VAGLIO SERRA,1.0
senato-mattarellum-1993-corrected,PIEMONTE,15,VALFENERA,whole,,24,VALFENERA,1.0
senato-mattarellum-1993-corrected,PIEMONTE,15,VESIME,whole,,24,VESINME,0.857
senato-mattarellum-1993-corrected,PIEMONTE,15,VIALE,whole,,24,VIALE,1.0
senato-mattarellum-1993-corrected,PIEMONTE,15,VIARIGI,whole,,24,VIARIGI,1.0
senato-mattarellum-1993-corrected,PIEMONTE,15,VIGLIANO D'ASTI,whole,,24,VIGLIANO D'ASTI,1.0
senato-mattarellum-1993-corrected,PIEMONTE,15,VILLAFRANCA D'ASTI,whole,,24,VILLAFRANCA D'ASTI,1.0
senato-mattarellum-1993-corrected,PIEMONTE,15,VILLANOVA D'ASTI,whole,,24,VILLANOVA D'ASTI,1.0
senato-mattarellum-1993-corrected,PIEMONTE,15,VILLA SAN SECONDO,whole,,24,VILLA SAN SECONDO,1.0
senato-mattarellum-1993-corrected,PIEMONTE,15,VINCHIO,whole,,24,VINCHIO,1.0
senato-mattarellum-1993-corrected,PIEMONTE,15,ACQUI TERME,whole,,24,ACQUI TERME,1.0
senato-mattarellum-1993-corrected,PIEMONTE,15,ALICE BEL COLLE,whole,,24,ALICE BEL COLLE,1.0
senato-mattarellum-1993-corrected,PIEMONTE,15,BISTAGNO,whole,,24,BISTAGNO,1.0
senato-mattarellum-1993-corrected,PIEMONTE,15,CARTOSIO,whole,,24,CARTOSIO,1.0
senato-mattarellum-1993-corrected,PIEMONTE,15,CASSINE,whole,,24,CASSINE,1.0
senato-mattarellum-1993-corrected,PIEMONTE,15,CASSINELLE,whole,,24,CASSINELLE,1.0
senato-mattarellum-1993-corrected,PIEMONTE,15,CASTELLETTO D'ERRO,whole,,24,CASTELLETTO D'ERRO,1.0
senato-mattarellum-1993-corrected,PIEMONTE,15,CAVATORE,whole,,24,CAVATORE,1.0
senato-mattarellum-1993-corrected,PIEMONTE,15,DENICE,whole,,24,DENICE,1.0
senato-mattarellum-1993-corrected,PIEMONTE,15,GROGNARDO,whole,,24,GROGNARDO,1.0
senato-mattarellum-1993-corrected,PIEMONTE,15,MALVICINO,whole,,24,MALVICINO,1.0
senato-mattarellum-1993-corrected,PIEMONTE,15,MELAZZO,whole,,24,MELAZZO,1.0
senato-mattarellum-1993-corrected,PIEMONTE,15,MERANA,whole,,24,MERANA,1.0
senato-mattarellum-1993-corrected,PIEMONTE,15,MONTECHIARO D'ACQUI,whole,,24,MONTECHIARO D'ACQUI,1.0
senato-mattarellum-1993-corrected,PIEMONTE,15,MORBELLO,whole,,24,MORBELLO,1.0
senato-mattarellum-1993-corrected,PIEMONTE,15,MORSASCO,whole,,24,MORSASCO,1.0
senato-mattarellum-1993-corrected,PIEMONTE,15,ORSARA BORMIDA,whole,,24,BRSARA BORMIDA,0.923
senato-mattarellum-1993-corrected,PIEMONTE,15,PARETO,whole,,24,PARETO,1.0
senato-mattarellum-1993-corrected,PIEMONTE,15,,whole,,24,PONTE,0.8
senato-mattarellum-1993-corrected,PIEMONTE,15,PONZONE,whole,,24,PONZONE,1.0
senato-mattarellum-1993-corrected,PIEMONTE,15,PRASCO,whole,,24,PRASCO,1.0
senato-mattarellum-1993-corrected,PIEMONTE,15,RICALDONE,whole,,24,RICALBONE,0.889
senato-mattarellum-1993-corrected,PIEMONTE,15,SPIGNO MONFERRATO,whole,,24,SPIGNO MONFERRATO,1.0
senato-mattarellum-1993-corrected,PIEMONTE,15,STREVI,whole,,24,STREVI,1.0
senato-mattarellum-1993-corrected,PIEMONTE,15,TERZO,whole,,24,TERZO,1.0
senato-mattarellum-1993-corrected,PIEMONTE,15,VISONE,whole,,24,V1SOQNE,0.857
senato-mattarellum-1993-corrected,PIEMONTE,16,ACCEGLIO,whole,,24,ACCEGLIO,1.0
senato-mattarellum-1993-corrected,PIEMONTE,16,AISONE,whole,,24,ATSONE,0.833
senato-mattarellum-1993-corrected,PIEMONTE,16,ARGENTERA,whole,,24,ARGENTERA,1.0
senato-mattarellum-1993-corrected,PIEMONTE,16,BAGNOLO PIEMONTE,whole,,24,BAGNOLO PIEMONTE,1.0
senato-mattarellum-1993-corrected,PIEMONTE,16,BARGE,whole,,24,BARGE,1.0
senato-mattarellum-1993-corrected,PIEMONTE,16,BEINETTE,whole,,24,BE1INETTE,0.889
senato-mattarellum-1993-corrected,PIEMONTE,16,BELLINO,whole,,24,BELL'INO,1.0
senato-mattarellum-1993-corrected,PIEMONTE,16,BERNEZZO,whole,,24,BERNEZZO,1.0
senato-mattarellum-1993-corrected,PIEMONTE,16,BORGO SAN DALMAZZO,whole,,24,BORGO SAN DALMAZZO,1.0
senato-mattarellum-1993-corrected,PIEMONTE,16,BOVES,whole,,24,BOVES,1.0
senato-mattarellum-1993-corrected,PIEMONTE,16,BRIGA ALTA,whole,,24,BRIGA ALTA,1.0
senato-mattarellum-1993-corrected,PIEMONTE,16,BRONDELLO,whole,,24,BRONDELLO,1.0
senato-mattarellum-1993-corrected,PIEMONTE,16,BROSSASCO,whole,,24,BROSSASCO,1.0
senato-mattarellum-1993-corrected,PIEMONTE,16,BUSCA,whole,,24,BUSCA,1.0
senato-mattarellum-1993-corrected,PIEMONTE,16,CANOSIO,whole,,24,CANOSTO,0.857
senato-mattarellum-1993-corrected,PIEMONTE,16,CARAGLIO,whole,,24,CARAGLIO,1.0
senato-mattarellum-1993-corrected,PIEMONTE,16,CARAMAGNA PIEMONTE,whole,,24,CARAMAGNA PIEMONTE,1.0
senato-mattarellum-1993-corrected,PIEMONTE,16,CARDE',whole,,24,CARDE *,1.0
senato-mattarellum-1993-corrected,PIEMONTE,16,CARTIGNANO,whole,,24,CARTIGNANO,1.0
senato-mattarellum-1993-corrected,PIEMONTE,16,CASALGRASSO,whole,,24,CASALGRASSO,1.0
senato-mattarellum-1993-corrected,PIEMONTE,16,CASTELDELFINO,whole,,24,CASTELDELF INO,1.0
senato-mattarellum-1993-corrected,PIEMONTE,16,CASTELLAR,whole,,24,CASTELLAR,1.0
senato-mattarellum-1993-corrected,PIEMONTE,16,CASTELLETTO STURA,whole,,24,CASTELLETTO STURA,1.0
senato-mattarellum-1993-corrected,PIEMONTE,16,CASTELMAGNO,whole,,24,CASTELMAGNO,1.0
senato-mattarellum-1993-corrected,PIEMONTE,16,CAVALLERLEONE,whole,,24,CAVALLERLE ONE,1.0
senato-mattarellum-1993-corrected,PIEMONTE,16,CAVALLERMAGGIORE,whole,,24,CAVALLERMAGGIORE,1.0
senato-mattarellum-1993-corrected,PIEMONTE,16,CELLE DI MACRA,whole,,24,CELLE DI MACRA,1.0
senato-mattarellum-1993-corrected,PIEMONTE,16,CENTALLO,whole,,25,CENTALLO,1.0
senato-mattarellum-1993-corrected,PIEMONTE,16,CERVASCA,whole,,25,CERVASCA,1.0
senato-mattarellum-1993-corrected,PIEMONTE,16,CHIUSA DI PESIO,whole,,25,CHIUSA DI PESIO,1.0
senato-mattarellum-1993-corrected,PIEMONTE,16,COSTIGLIOLE SALUZZO,whole,,25,COSTIGLIOLE SALUZZO,1.0
senato-mattarellum-1993-corrected,PIEMONTE,16,CRISSOLO,whole,,25,CRISSOLO,1.0
senato-mattarellum-1993-corrected,PIEMONTE,16,CUNEO,whole,,25,CUNEO,1.0
senato-mattarellum-1993-corrected,PIEMONTE,16,DEMONTE,whole,,25,DEMONTE,1.0
senato-mattarellum-1993-corrected,PIEMONTE,16,DRONERO,whole,,25,DRONERO,1.0
senato-mattarellum-1993-corrected,PIEMONTE,16,ELVA,whole,,25,ELVA,1.0
senato-mattarellum-1993-corrected,PIEMONTE,16,ENTRACQUE,whole,,25,ENTRACQUE,1.0
senato-mattarellum-1993-corrected,PIEMONTE,16,ENVIE,whole,,25,ENVIE,1.0
senato-mattarellum-1993-corrected,PIEMONTE,16,FAULE,whole,,25,FAULE,1.0
senato-mattarellum-1993-corrected,PIEMONTE,16,FRASSINO,whole,,25,FRASSINO,1.0
senato-mattarellum-1993-corrected,PIEMONTE,16,GAIOLA,whole,,25,GAITOLA,0.857
senato-mattarellum-1993-corrected,PIEMONTE,16,GAMBASCA,whole,,25,GAMBASCA,1.0
senato-mattarellum-1993-corrected,PIEMONTE,16,GENOLA,whole,,25,GENOLA,1.0
senato-mattarellum-1993-corrected,PIEMONTE,16,ISASCA,whole,,25,ISASCA,1.0
senato-mattarellum-1993-corrected,PIEMONTE,16,LAGNASCO,whole,,25,LAGNASCO,1.0
senato-mattarellum-1993-corrected,PIEMONTE,16,LIMONE PIEMONTE,whole,,25,LIMONE PIEMONTE,1.0
senato-mattarellum-1993-corrected,PIEMONTE,16,MACRA,whole,,25,MACRA,1.0
senato-mattarellum-1993-corrected,PIEMONTE,16,MANTA,whole,,25,MANTA,1.0
senato-mattarellum-1993-corrected,PIEMONTE,16,MARENE,whole,,25,HMARENE,0.857
senato-mattarellum-1993-corrected,PIEMONTE,16,MARMORA,whole,,25,MARMORA,1.0
senato-mattarellum-1993-corrected,PIEMONTE,16,MARTINIANA PO,whole,,25,MARTINIANA PO,1.0
senato-mattarellum-1993-corrected,PIEMONTE,16,MELLE,whole,,25,MELLE,1.0
senato-mattarellum-1993-corrected,PIEMONTE,16,,whole,,25,MOTTOLA,0.714
senato-mattarellum-1993-corrected,PIEMONTE,16,MONASTEROLO DI SAVIGLIANO,whole,,25,MONASTEROLO DI SAVIGLIANO,1.0
senato-mattarellum-1993-corrected,PIEMONTE,16,MONTANERA,whole,,25,MONTANERA,1.0
senato-mattarellum-1993-corrected,PIEMONTE,16,MONTEMALE DI CUNEO,whole,,25,MONTEMALE DI CUNEO,1.0
senato-mattarellum-1993-corrected,PIEMONTE,16,MONTEROSSO GRANA,whole,,25,MONTEROSSO GRANA,1.0
senato-mattarellum-1993-corrected,PIEMONTE,16,MORETTA,whole,,25,MORETTA,1.0
senato-mattarellum-1993-corrected,PIEMONTE,16,MURELLO,whole,,25,MURELLO,1.0
senato-mattarellum-1993-corrected,PIEMONTE,16,ONCINO,whole,,25,ONCINO,1.0
senato-mattarellum-1993-corrected,PIEMONTE,16,OSTANA,whole,,25,OSTANA,1.0
senato-mattarellum-1993-corrected,PIEMONTE,16,PAESANA,whole,,25,PAESANA,1.0
senato-mattarellum-1993-corrected,PIEMONTE,16,PAGNO,whole,,25,PAGNO,1.0
senato-mattarellum-1993-corrected,PIEMONTE,16,PEVERAGNO,whole,,25,PEVERAGNO,1.0
senato-mattarellum-1993-corrected,PIEMONTE,16,PIASCO,whole,,25,PIASCO,1.0
senato-mattarellum-1993-corrected,PIEMONTE,16,PIETRAPORZIO,whole,,25,PIETRAPORZIA,0.917
senato-mattarellum-1993-corrected,PIEMONTE,16,POLONGHERA,whole,,25,POLONGHERA,1.0
senato-mattarellum-1993-corrected,PIEMONTE,16,PONTECHIANALE,whole,,25,PONTECHIANALE,1.0
senato-mattarellum-1993-corrected,PIEMONTE,16,PRADLEVES,whole,,25,PRADLEVES,1.0
senato-mattarellum-1993-corrected,PIEMONTE,16,PRAZZO,whole,,25,PRAZZO,1.0
senato-mattarellum-1993-corrected,PIEMONTE,16,RACCONIGI,whole,,25,RACCONIGI,1.0
senato-mattarellum-1993-corrected,PIEMONTE,16,REVELLO,whole,,25,REVELLO,1.0
senato-mattarellum-1993-corrected,PIEMONTE,16,RIFREDDO,whole,,25,RIFRE DDO,1.0
senato-mattarellum-1993-corrected,PIEMONTE,16,RITTANA,whole,,25,RITTANA,1.0
senato-mattarellum-1993-corrected,PIEMONTE,16,ROASCHIA,whole,,25,ROASCHIA,1.0
senato-mattarellum-1993-corrected,PIEMONTE,16,ROBILANTE,whole,,25,ROBILANTE,1.0
senato-mattarellum-1993-corrected,PIEMONTE,16,ROCCABRUNA,whole,,25,ROCCABRUNA,1.0
senato-mattarellum-1993-corrected,PIEMONTE,16,ROCCASPARVERA,whole,,25,ROCCASPARVERA,1.0
senato-mattarellum-1993-corrected,PIEMONTE,16,ROCCAVIONE,whole,,25,ROCCAVIGONE,0.909
senato-mattarellum-1993-corrected,PIEMONTE,16,ROSSANA,whole,,25,ROSSANA,1.0
senato-mattarellum-1993-corrected,PIEMONTE,16,RUFFIA,whole,,25,RUFFIA,1.0
senato-mattarellum-1993-corrected,PIEMONTE,16,SALUZZO,whole,,25,SALUZZO,1.0
senato-mattarellum-1993-corrected,PIEMONTE,16,SAMBUCO,whole,,25,SAMBUCO,1.0
senato-mattarellum-1993-corrected,PIEMONTE,16,SAMPEYRE,whole,,25,SAMPEYRE,1.0
senato-mattarellum-1993-corrected,PIEMONTE,16,SAN DAMIANO MACRA,whole,,25,SAN DAMIANO MACRA,1.0
senato-mattarellum-1993-corrected,PIEMONTE,16,SANFRONT,whole,,25,SANFRONT,1.0
senato-mattarellum-1993-corrected,PIEMONTE,16,SAVIGLIANO,whole,,25,SAVIGLI1ANO,0.909
senato-mattarellum-1993-corrected,PIEMONTE,16,SCARNAFIGI,whole,,25,SCARNAFIGI,1.0
senato-mattarellum-1993-corrected,PIEMONTE,16,STROPPO,whole,,25,STRAPPO,0.857
senato-mattarellum-1993-corrected,PIEMONTE,16,TARANTASCA,whole,,25,TARANTASCA,1.0
senato-mattarellum-1993-corrected,PIEMONTE,16,TORRE SAN GIORGIO,whole,,25,TORRE SAN GIORGIO,1.0
senato-mattarellum-1993-corrected,PIEMONTE,16,VALDIERI,whole,,25,VALDIERI,1.0
senato-mattarellum-1993-corrected,PIEMONTE,16,VALGRANA,whole,,25,VALGRANA,1.0
senato-mattarellum-1993-corrected,PIEMONTE,16,VALLORIATE,whole,,25,VALLORIATE,1.0
senato-mattarellum-1993-corrected,PIEMONTE,16,VALMALA,whole,,25,VALMALA,1.0
senato-mattarellum-1993-corrected,PIEMONTE,16,VENASCA,whole,,25,VENASCA,1.0
senato-mattarellum-1993-corrected,PIEMONTE,16,VERNANTE,whole,,26,VERNANTE,1.0
senato-mattarellum-1993-corrected,PIEMONTE,16,VERZUOLO,whole,,26,VvERZUNLO,0.778
senato-mattarellum-1993-corrected,PIEMONTE,16,VIGNOLO,whole,,26,VIGNOLO,1.0
senato-mattarellum-1993-corrected,PIEMONTE,16,VILLAFALLETTO,whole,,26,VILLAFALLETTO,1.0
senato-mattarellum-1993-corrected,PIEMONTE,16,VILLANOVA SOLARO,whole,,26,VILLANOVA SOLARO,1.0
senato-mattarellum-1993-corrected,PIEMONTE,16,VILLAR SAN COSTANZO,whole,,26,VILLAR SAN COSTANZO,1.0
senato-mattarellum-1993-corrected,PIEMONTE,16,VINADIO,whole,,26,VINADIO,1.0
senato-mattarellum-1993-corrected,PIEMONTE,16,VOTTIGNASCO,whole,,26,VOTTIGNASCO,1.0
senato-mattarellum-1993-corrected,PIEMONTE,17,ALBA,whole,,26,ALBA,1.0
senato-mattarellum-1993-corrected,PIEMONTE,17,ALBARETTO DELLA TORRE,whole,,26,ALBARETTO DELLA TORRE,1.0
senato-mattarellum-1993-corrected,PIEMONTE,17,ALTO,whole,,26,ALTO,1.0
senato-mattarellum-1993-corrected,PIEMONTE,17,ARGUELLO,whole,,26,ARGUELLO,1.0
senato-mattarellum-1993-corrected,PIEMONTE,17,BAGNASCO,whole,,26,BAGNASCO,1.0
senato-mattarellum-1993-corrected,PIEMONTE,17,BALDISSERO D'ALBA,whole,,26,BALDISSERO D'ALBA,1.0
senato-mattarellum-1993-corrected,PIEMONTE,17,BARBARESCO,whole,,26,BARBARESCO,1.0
senato-mattarellum-1993-corrected,PIEMONTE,17,BAROLO,whole,,26,BAROLO,1.0
senato-mattarellum-1993-corrected,PIEMONTE,17,BASTIA MONDOVI',whole,,26,BASTIA MONDOVI',1.0
senato-mattarellum-1993-corrected,PIEMONTE,17,BATTIFOLLO,whole,,26,BATTIFOLLO,1.0
senato-mattarellum-1993-corrected,PIEMONTE,17,BELVEDERE LANGHE,whole,,26,BELVEDERE LANGHE,1.0
senato-mattarellum-1993-corrected,PIEMONTE,17,BENE VAGIENNA,whole,,26,BENE VAGIENNA,1.0
senato-mattarellum-1993-corrected,PIEMONTE,17,BENEVELLO,whole,,26,BENEVELLO,1.0
senato-mattarellum-1993-corrected,PIEMONTE,17,BERGOLO,whole,,26,BERGOLO,1.0
senato-mattarellum-1993-corrected,PIEMONTE,17,BONVICINO,whole,,26,BONVICINO,1.0
senato-mattarellum-1993-corrected,PIEMONTE,17,BORGOMALE,whole,,26,BORGOMALE,1.0
senato-mattarellum-1993-corrected,PIEMONTE,17,BOSIA,whole,,26,BOSIA,1.0
senato-mattarellum-1993-corrected,PIEMONTE,17,BOSSOLASCO,whole,,26,BOSSOLASCO,1.0
senato-mattarellum-1993-corrected,PIEMONTE,17,BRA,whole,,26,BRA,1.0
senato-mattarellum-1993-corrected,PIEMONTE,17,BRIAGLIA,whole,,26,BRIAGLIA,1.0
senato-mattarellum-1993-corrected,PIEMONTE,17,CAMERANA,whole,,26,CAMERANA,1.0
senato-mattarellum-1993-corrected,PIEMONTE,17,CAMO,whole,,26,CAHO,1.0
senato-mattarellum-1993-corrected,PIEMONTE,17,CANALE,whole,,26,CANALE,1.0
senato-mattarellum-1993-corrected,PIEMONTE,17,CAPRAUNA,whole,,26,CAPRALUNA,0.889
senato-mattarellum-1993-corrected,PIEMONTE,17,CARRU',whole,,26,CARRU?',1.0
senato-mattarellum-1993-corrected,PIEMONTE,17,CASTAGNITO,whole,,26,CASTAGNITO,1.0
senato-mattarellum-1993-corrected,PIEMONTE,17,CASTELLETTO UZZONE,whole,,26,CASTELLETTO UZZONE,1.0
senato-mattarellum-1993-corrected,PIEMONTE,17,CASTELLINALDO,whole,,26,CASTELLINAL BDO,0.929
senato-mattarellum-1993-corrected,PIEMONTE,17,CASTELLINO TANARO,whole,,26,CASTELLINO TANARO,1.0
senato-mattarellum-1993-corrected,PIEMONTE,17,CASTELNUOVO DI CEVA,whole,,26,CASTELNUOVO DI CFVA,0.941
senato-mattarellum-1993-corrected,PIEMONTE,17,CASTIGLIONE FALLETTO,whole,,26,CASTIGLIONE FALLETTO,1.0
senato-mattarellum-1993-corrected,PIEMONTE,17,CASTIGLIONE TINELLA,whole,,26,CASTIGLIONE TINELLA,1.0
senato-mattarellum-1993-corrected,PIEMONTE,17,CASTINO,whole,,26,CASTINO,1.0
senato-mattarellum-1993-corrected,PIEMONTE,17,CERESOLE ALBA,whole,,26,CERESOQLE ALBA,0.923
senato-mattarellum-1993-corrected,PIEMONTE,17,,whole,,26,CERRETO LANGHE,0.722
senato-mattarellum-1993-corrected,PIEMONTE,17,CERVERE,whole,,26,CERVERE,1.0
senato-mattarellum-1993-corrected,PIEMONTE,17,CEVA,whole,,26,CEVA,1.0
senato-mattarellum-1993-corrected,PIEMONTE,17,CHERASCO,whole,,26,CHERASCO,1.0
senato-mattarellum-1993-corrected,PIEMONTE,17,CIGLIE',whole,,26,CIGLIE',1.0
senato-mattarellum-1993-corrected,PIEMONTE,17,CISSONE,whole,,26,CISSONE,1.0
senato-mattarellum-1993-corrected,PIEMONTE,17,CLAVESANA,whole,,26,CLAVESANA,1.0
senato-mattarellum-1993-corrected,PIEMONTE,17,CORNELIANO D'ALBA,whole,,26,CORNELIANO D'ALBA,1.0
senato-mattarellum-1993-corrected,PIEMONTE,17,CORTEMILIA,whole,,26,CORTEMILIA,1.0
senato-mattarellum-1993-corrected,PIEMONTE,17,COSSANO BELBO,whole,,26,COSSANO BELBO,1.0
senato-mattarellum-1993-corrected,PIEMONTE,17,CRAVANZANA,whole,,26,CRAVANZANA,1.0
senato-mattarellum-1993-corrected,PIEMONTE,17,DIANO D'ALBA,whole,,26,DIANO D'ALBA,1.0
senato-mattarellum-1993-corrected,PIEMONTE,17,DOGLIANI,whole,,26,DOGLIANI,1.0
senato-mattarellum-1993-corrected,PIEMONTE,17,FARIGLIANO,whole,,26,FARIGLIANO,1.0
senato-mattarellum-1993-corrected,PIEMONTE,17,FEISOGLIO,whole,,26,FEISOGLIO,1.0
senato-mattarellum-1993-corrected,PIEMONTE,17,FOSSANO,whole,,26,FOSSANO,1.0
senato-mattarellum-1993-corrected,PIEMONTE,17,FRABOSA SOPRANA,whole,,26,FRABOSA SOPRANA,1.0
senato-mattarellum-1993-corrected,PIEMONTE,17,FRABOSA SOTTANA,whole,,26,FRABOSA SOTTANA,1.0
senato-mattarellum-1993-corrected,PIEMONTE,17,GARESSIO,whole,,26,GARESSIO,1.0
senato-mattarellum-1993-corrected,PIEMONTE,17,GORZEGNO,whole,,26,GORZEGNO,1.0
senato-mattarellum-1993-corrected,PIEMONTE,17,GOTTASECCA,whole,,26,GUTTASECCA,0.9
senato-mattarellum-1993-corrected,PIEMONTE,17,GOVONE,whole,,26,GOVONE,1.0
senato-mattarellum-1993-corrected,PIEMONTE,17,GRINZANE CAVOUR,whole,,26,GRINZANE CAVOUR,1.0
senato-mattarellum-1993-corrected,PIEMONTE,17,GUARENE,whole,,26,GUARENE,1.0
senato-mattarellum-1993-corrected,PIEMONTE,17,IGLIANO,whole,,27,IGLI1ANO,0.875
senato-mattarellum-1993-corrected,PIEMONTE,17,LA MORRA,whole,,27,LA MORRA,1.0
senato-mattarellum-1993-corrected,PIEMONTE,17,LEQUIO BERRIA,whole,,27,LEQUIO BERRIA,1.0
senato-mattarellum-1993-corrected,PIEMONTE,17,LEQUIO TANARO,whole,,27,LEQUIO TANARO,1.0
senato-mattarellum-1993-corrected,PIEMONTE,17,LESEGNO,whole,,27,LE SEGNO,1.0
senato-mattarellum-1993-corrected,PIEMONTE,17,LEVICE,whole,,27,LEVICE,1.0
senato-mattarellum-1993-corrected,PIEMONTE,17,LISIO,whole,,27,LI1SIO,0.833
senato-mattarellum-1993-corrected,PIEMONTE,17,MAGLIANO ALFIERI,whole,,27,MAGLIANO ALFIERI,1.0
senato-mattarellum-1993-corrected,PIEMONTE,17,MAGLIANO ALPI,whole,,27,MAGLIANO ALPI,1.0
senato-mattarellum-1993-corrected,PIEMONTE,17,MANGO,whole,,27,MANGO,1.0
senato-mattarellum-1993-corrected,PIEMONTE,17,MARGARITA,whole,,27,MARGARITA,1.0
senato-mattarellum-1993-corrected,PIEMONTE,17,MARSAGLIA,whole,,27,MHARSAGLIA,0.9
senato-mattarellum-1993-corrected,PIEMONTE,17,MOMBARCARO,whole,,27,MOMBARCARO,1.0
senato-mattarellum-1993-corrected,PIEMONTE,17,MOMBASIGLIO,whole,,27,MOMBASIGLIO,1.0
senato-mattarellum-1993-corrected,PIEMONTE,17,MONASTERO DI VASCO,whole,,27,MONASTERO DI VASCO,1.0
senato-mattarellum-1993-corrected,PIEMONTE,17,MONASTEROLO CASOTTO,whole,,27,MONASTEROLO CASOTTO,1.0
senato-mattarellum-1993-corrected,PIEMONTE,17,MONCHIERO,whole,,27,MONCHIERO,1.0
senato-mattarellum-1993-corrected,PIEMONTE,17,MONDOVI',whole,,27,"MHONDOVI""",0.875
senato-mattarellum-1993-corrected,PIEMONTE,17,MONESIGLIO,whole,,27,MONESIGLIO,1.0
senato-mattarellum-1993-corrected,PIEMONTE,17,MONFORTE D'ALBA,whole,,27,MNONFORTE D'ALBA,0.929
senato-mattarellum-1993-corrected,PIEMONTE,17,MONTA',whole,,27,"HONTA""",1.0
senato-mattarellum-1993-corrected,PIEMONTE,17,MONTALDO DI MONDOVI',whole,,27,"HONTALDO DI MONDOVI""",1.0
senato-mattarellum-1993-corrected,PIEMONTE,17,MONTALDO ROERO,whole,,27,MONTALDO ROERO,1.0
senato-mattarellum-1993-corrected,PIEMONTE,17,MONTELUPO ALBESE,whole,,27,HONTELUPO ALBESE,1.0
senato-mattarellum-1993-corrected,PIEMONTE,17,MONTEU ROERO,whole,,27,MONTEU ROERO,1.0
senato-mattarellum-1993-corrected,PIEMONTE,17,MONTEZEMOLO,whole,,27,MONTEZEMOLO,1.0
senato-mattarellum-1993-corrected,PIEMONTE,17,MONTICELLO D'ALBA,whole,,27,MONTICELLO D'ALBA,1.0
senato-mattarellum-1993-corrected,PIEMONTE,17,MOROZZO,whole,,27,HOROZZO,1.0
senato-mattarellum-1993-corrected,PIEMONTE,17,MURAZZANO,whole,,27,HURAZZANO,1.0
senato-mattarellum-1993-corrected,PIEMONTE,17,NARZOLE,whole,,27,NARZOLE,1.0
senato-mattarellum-1993-corrected,PIEMONTE,17,NEIVE,whole,,27,NE IVE,1.0
senato-mattarellum-1993-corrected,PIEMONTE,17,NEVIGLIE,whole,,27,NEVIGLIE,1.0
senato-mattarellum-1993-corrected,PIEMONTE,17,NIELLA BELBO,whole,,27,NIELLA BELBO,1.0
senato-mattarellum-1993-corrected,PIEMONTE,17,NIELLA TANARO,whole,,27,NIELLA TANARO,1.0
senato-mattarellum-1993-corrected,PIEMONTE,17,NOVELLO,whole,,27,NOVELLO,1.0
senato-mattarellum-1993-corrected,PIEMONTE,17,NUCETTO,whole,,27,NUCETTO,1.0
senato-mattarellum-1993-corrected,PIEMONTE,17,ORMEA,whole,,27,ORMEA,1.0
senato-mattarellum-1993-corrected,PIEMONTE,17,PAMPARATO,whole,,27,PAMPARATO,1.0
senato-mattarellum-1993-corrected,PIEMONTE,17,PAROLDO,whole,,27,PARUOL DO,0.875
senato-mattarellum-1993-corrected,PIEMONTE,17,PERLETTO,whole,,27,PERLETTO,1.0
senato-mattarellum-1993-corrected,PIEMONTE,17,PERLO,whole,,27,PERLO,1.0
senato-mattarellum-1993-corrected,PIEMONTE,17,PEZZOLO VALLE UZZONE,whole,,27,PEZZOLO VALLE UZZONE,1.0
senato-mattarellum-1993-corrected,PIEMONTE,17,PIANFEI,whole,,27,PIANFEI,1.0
senato-mattarellum-1993-corrected,PIEMONTE,17,PIOBESI D'ALBA,whole,,27,PIOBESI D'ALBA,1.0
senato-mattarellum-1993-corrected,PIEMONTE,17,,whole,,27,PIO0OZZzO,0.667
senato-mattarellum-1993-corrected,PIEMONTE,17,POCAPAGLIA,whole,,27,POCAPAGLIA,1.0
senato-mattarellum-1993-corrected,PIEMONTE,17,PRIERO,whole,,27,PRIERO,1.0
senato-mattarellum-1993-corrected,PIEMONTE,17,PRIOCCA,whole,,27,PRIOCCA,1.0
senato-mattarellum-1993-corrected,PIEMONTE,17,PRIOLA,whole,,27,PRIOLA,1.0
senato-mattarellum-1993-corrected,PIEMONTE,17,PRUNETTO,whole,,27,PRUNETTO,1.0
senato-mattarellum-1993-corrected,PIEMONTE,17,ROASCIO,whole,,27,RUOASCIO,0.875
senato-mattarellum-1993-corrected,PIEMONTE,17,ROBURENT,whole,,27,ROBURENT,1.0
senato-mattarellum-1993-corrected,PIEMONTE,17,ROCCA CIGLIE',whole,,27,ROCCA CIGLIE*,1.0
senato-mattarellum-1993-corrected,PIEMONTE,17,ROCCA DE' BALDI,whole,,27,ROCCA DE' BALDI,1.0
senato-mattarellum-1993-corrected,PIEMONTE,17,ROCCAFORTE MONDOVI',whole,,27,ROCCAFORTE MONDOVI*,1.0
senato-mattarellum-1993-corrected,PIEMONTE,17,ROCCHETTA BELBO,whole,,27,ROCCHETTA SELBO,0.929
senato-mattarellum-1993-corrected,PIEMONTE,17,RODDI,whole,,27,RODDI,1.0
senato-mattarellum-1993-corrected,PIEMONTE,17,RODDINO,whole,,27,RODDINO,1.0
senato-mattarellum-1993-corrected,PIEMONTE,17,RODELLO,whole,,27,RODELLO,1.0
senato-mattarellum-1993-corrected,PIEMONTE,17,SALE DELLE LANGHE,whole,,27,SALE DELLE LANGHE,1.0
senato-mattarellum-1993-corrected,PIEMONTE,17,SALE SAN GIOVANNI,whole,,27,SALE SAN GIOVANNI,1.0
senato-mattarellum-1993-corrected,PIEMONTE,17,SALICETO,whole,,27,SALICETO,1.0
senato-mattarellum-1993-corrected,PIEMONTE,17,SALMOUR,whole,,27,SALMOUR,1.0
senato-mattarellum-1993-corrected,PIEMONTE,17,SAN BENEDETTO BELBO,whole,,27,SAN BENEDETTO BELBO,1.0
senato-mattarellum-1993-corrected,PIEMONTE,17,SANFRE',whole,,27,"SANFRE""",1.0
senato-mattarellum-1993-corrected,PIEMONTE,17,SAN MICHELE MONDOVI',whole,,27,SAN MICHELE MONDOVI*,1.0
senato-mattarellum-1993-corrected,PIEMONTE,17,SANT'ALBANO STURA,whole,,27,SANT'ALBANO STURA,1.0
senato-mattarellum-1993-corrected,PIEMONTE,17,SANTA VITTORIA D'ALBA,whole,,27,SANTA VITTORIA D'ALBA,1.0
senato-mattarellum-1993-corrected,PIEMONTE,17,SANTO STEFANO BELBO,whole,,27,SANTO STEFANO BELBO,1.0
senato-mattarellum-1993-corrected,PIEMONTE,17,SANTO STEFANO ROERO,whole,,28,SANTO STEFANO ROERO,1.0
senato-mattarellum-1993-corrected,PIEMONTE,17,SCAGNELLO,whole,,28,SCAGNELLO,1.0
senato-mattarellum-1993-corrected,PIEMONTE,17,SERRALUNGA D'ALBA,whole,,28,SERRALUNGA D'ALBA,1.0
senato-mattarellum-1993-corrected,PIEMONTE,17,SERRAVALLE LANGHE,whole,,28,SERRAVALLE LANGHE,1.0
senato-mattarellum-1993-corrected,PIEMONTE,17,SINIO,whole,,28,SINIO,1.0
senato-mattarellum-1993-corrected,PIEMONTE,17,SOMANO,whole,,28,SOMANO,1.0
senato-mattarellum-1993-corrected,PIEMONTE,17,SOMMARIVA DEL BOSCO,whole,,28,SOMMARIVA DEL BOSCO,1.0
senato-mattarellum-1993-corrected,PIEMONTE,17,SOMMARIVA PERNO,whole,,28,SOMMARIVA PERNO,1.0
senato-mattarellum-1993-corrected,PIEMONTE,17,TORRE BORMIDA,whole,,28,TORRE BORMIDA,1.0
senato-mattarellum-1993-corrected,PIEMONTE,17,TORRE MONDOVI',whole,,28,"TORRE MONDOVI""",1.0
senato-mattarellum-1993-corrected,PIEMONTE,17,TORRESINA,whole,,28,TORRESINA,1.0
senato-mattarellum-1993-corrected,PIEMONTE,17,TREISO,whole,,28,TREI1SO,0.857
senato-mattarellum-1993-corrected,PIEMONTE,17,TREZZO TINELLA,whole,,28,TREZZO TiINELLA,0.929
senato-mattarellum-1993-corrected,PIEMONTE,17,TRINITA',whole,,28,TRINITA?,1.0
senato-mattarellum-1993-corrected,PIEMONTE,17,VERDUNO,whole,,28,VERDUNO,1.0
senato-mattarellum-1993-corrected,PIEMONTE,17,VEZZA D'ALBA,whole,,28,VEZZA D'ALBA,1.0
senato-mattarellum-1993-corrected,PIEMONTE,17,VICOFORTE,whole,,28,VICOFORTE,1.0
senato-mattarellum-1993-corrected,PIEMONTE,17,VILLANOVA MONDOVI',whole,,28,VILLANOVA MONDOVI*,1.0
senato-mattarellum-1993-corrected,PIEMONTE,17,VIOLA,whole,,28,VIOLA,1.0
senato-mattarellum-1993-corrected,LOMBARDIA,1,MILANO,described_part,"MILANO Comprende parte del territorio del comune di Milano delimitata dalle seguenti strade: via Monzambano senza civici (lato pari}, via Benefattori dell'Ospedale 6, rilevato ferroviario, via M. Galli senza civici {lato pari), via C. Zocchi senza civici {lato pari), via Pallanza senza civici (lato dispari), rilevato ferroviario, via Comune Antico (1 e 2}, v.le delle Rimembranze di Greco 51, rilevato ferroviario, via Tofane 43, rilevato ferroviario, via F. Aporti {da 105 a 13), v.le Brianza (da 35 a 9), p.le Loreto 1, v.le A. Doria 56, c.so Buenos Aires (da 79 a 75}, p.zza Argentina (da 5 a 1), via S. Mercadante (da 17 a 3), via E. Petrella 9, via A. Tadino {da 57 a 13), v.le Tunisia 3, c.so Buenos Aires 9, via L. Palazzi (da 2 a 6}, via A. Tadino 9, via P. Castaldi (da 38 a 42), via L. Spallanzani (da 6 a 10), via Melzo {da 23 a 19), via M. Malpighi 7, via G. Sirtori (da 3 a 25), v.ìe Piave 28, via G. Morelli 1, v.le L. Majno (26 e da 35 a 3), v.le B. Maria (da 45 a 3}, p.za cinque giornate 4 e 1, v.le Regina Margherita {da 43 a 1}, v.le E. Caldara (da 49 a 5), v.le A. Filippetti (da 41 a 1), v.le Beatrice d'Este (da 49 a 1), v.le Giangaleazzo 20, v.le Col dì Lana 15, via Bainzizza (2 e 3), via Col di Rosso(2 e i), via Col Moschin 17, via G.C. Castel Barco (da 2 A 32), via C. Bazzi 10, rilevato ferroviario, via Fedro 4, rilevato ferroviario, via G. Pezzotti 4, via F. Brioschi (43 e 48), via G. Meda (25 e 24), via A. Sforza ( da 69 a 3), alzata Naviglio Pavese 6, via Magolfa (da 8 a 22), via M. Fusetti (da 15 a 1), via F. Argelati 1, via Corsico (da 9 a 1}, via Vigevano (da 19 a 13}, v.le Gorizia {da 30 a 34), p.zza Ventiquattro Maggio 10, v.le G. D'Annunzio (da 29 a 1}, p.le A. Cantore (da 5 a 3 e da 2 a 4), v.le Papiniano (da 59 a 21), v.le Porta Vercellina (da 17 a 1), p.le F. Baracca 2, via E. Toti (da 2 a 4), p.zza della Conciliazione (da 2 a 4 e 5), via L. Ariosto (da 4 a 34), l.go Q. Alpini (da 9 a 1 e da 2 a 12), via M. Pagano 17, p.zza Sempione 8, c.so Sempione (da 2 a 50 e da 55 a 57}, via Fra Gerolamo Savonarola 4, c.so Sempione (da 61 a 65 e da 70 a 88 e da 81 a 95), v.le Certosa (da 2 a 26), v.le Monte Ceneri (da 77 a 71 e da 64 a 10), via Grigna 13, v.le Monte Ceneri (da 1 a 11), cv. A. Bacula senza civici, p.le Lugano {da 23 a 9), v.le L. Bodio (da 43 à 1), p.le C. Nigra (da 3 a l'e 2), v.le E. Jenner 76, via Catone (da 4 a 10), via A. Patti senza civici (lato pari}, via A. Maffucci (da 24 a 70), via A. Carnevali (da 43 a 3), via G. Tartini (dà 11 a 3), p.zza Dergano {9 e da 2 a 6), via C. Brivio (da 2 a 4), via Magellano (da il a 9), via Legnone (da —_— 2% -_ 89 a 83), via Conte Verde (da 9 a 1}, via C. Imbonati {da 67? a S5), via G. Bovio senza civici {lato dispari),via B. Crespi 70, v.le E. Fermi senza cìvìci.",29,parte del territorio del comune di Milano,1.0
senato-mattarellum-1993-corrected,LOMBARDIA,1,MILANO,whole,,29,MILANO,1.0
senato-mattarellum-1993-corrected,LOMBARDIA,2,MILANO,described_part,"Comprende parte del territorio del Comune di Milano delimitata dalle seguenti strade: via G. Pontano senza civici (lato pari), rilevato ferroviario, via Padova 102, rilevato ferroviario, p.zza R. Sire 4, via E. OQlivari senza civici (lato pari), l.go V. Gemito senza civici (lato pari}, via Monte Nevoso (da 25 a 17 e 16), rilevato ferroviario, via A. Merzario senza civici (lato pari), p.zza E. Bottini (da 1 a 5 e da 2 a 6), via G.B.Viotttiha {da 25 a 1}, via E. Bassini 56, via C. Valvassori Peroni (da 50 a B), rilevato ferroviario, via A. Milesi senza civici (lato pari}, via L. Dottesio senza civici (lato pari), via R. Ardigò senza civici {lato pari), via F.Sopranzi senza civici (lato pari), rilevato ferroviario, via Zamà senza civici (lato pari), via R. Bonfadini senza civici (lato pari), via G. Medici del Vascello 6, via P., e G. dei Pestagalli (da 21 a 15), rilevato ferroviario, via V. Toffetti 128. rilevato ferroviario, via Tertulliano 92, v.le Puglie senza civic: (lato dispar1), p.le Bologna 7, v.le Bacchiglione (da 2ì a 1), c.so Lodi (da 94 a 68), via Tagliamento {da } a 11 e da i0 a i2), via Benaco (da 24 a 36). p.zza G. Bunomelli -(da 6 a 10), v.le Ortles (da 85 a 53), via Ordbia (da 33 a 19), via Adamello 16, via E. Marelli 10, via Serio (da 9 a 3), via G, Ripamonti (da 689 a 85 e 42), v.le Toscana (da L a 1%}, via P. Leoni 3 e 6, v.iìie Toscana {da 2iì a 3i}), via CC. Bazzi (da 9 a 1), via G.C. Castelbarco- (da 35 a 1), via P. Teulié {da 20 a 2), p.}le Porta” Lodovica (da 6 a 2}, v.le B. D*Este (da 4 a 48}, v.le A. Filippetti (da 20 a 28), p.te Medaglie d'Oro 2 e 1, v.le E. Caldara (da 6 a 46), v.le Regina Margherita (da 2 a 30). p.zza Cinque Giornate 6 e 3, v.ie B. Maria (da 2 a 28}, p.zza Tricolore 2 e i, v.le L. Majno {da 2 a 24}, via G. Morelli (da 2 a 4}, via N. Bixio (da 1 a 7), via G. Sirtori (da 4 a 26}, via M. Malpighi (da 8 a 12}, via Melzo (da 28 a 36 e 5}, c.so Buenos Aires 4, via P. Castaldi (da 37 a 41}, via A. Tadino 6, via LL. Palazzi (da 5 a 3), ce.so Buenos Aires 10, v.le Tunisia (da 2 è 6), via A. Tadino (da 12 a 62), via E. Petrella” 8, via S. Mercadante (da 2 a 12), via G.B. Pergolesi 5, c.so Buenos Aires (da 63 a 65}, p.zza Argentina 4, c.so Buenos Aires (da 90 a 92}, P.le Loreto 5, v.le Brianza (da 6 a 36}, via . F. Aporti {da 20 a 68), via Popoli Uniti (da 30 a 20), via O. Rinuccini 7 e 10, v.le Monza {da 99 a 119),",30,parte del territorio del Comune di Milano,1.0
senato-mattarellum-1993-corrected,LOMBARDIA,3,MILANO,described_part,"MILANO Comprende parte del territorio del comune di Milano delimitata dalle seguenti strade: v.le Certosa {da 29 a 1}, p.zza Firenze (da 21 a 15), via T. Signorini {da 9 a 7), via R. Di Lauria {17 e da 22 a 2), via E. Filiberto (da 14 a 2}, c.so Sempione {da 77 a 65), rilevate ferroviario, via Fra Gerclamo Savonarola 1, via Dcmodossola 2 e 3, c.so Sempione {da 51 a 1}, p.zza Sempione {da 5 a 3), via M. Pagano (da 2 a 14), l.go Q. Alpini (da 15 a 13}, via L. Ariosto (da 31 a 1), p.zza della Conciliazione 1, p.le F. Baracca {da 4 a 10 e 1}, v.le Porta Vercellina (da 2 a 28), v.le Papiniano {da 2 a 62), p.le A. Cantore {da 10 a 12}, v.le G. D'Annunzio senza civici (lato pari), via Vigevano (da ì a 11 e da 8 a 14), via Corsico (da 2 a 12}, rp. Porta Ticinese 37, via F. Argelati 2 e 1/A, via M. Fusetti (da 2 a 16), via Magolfa (da 15 a 1), az Naviglio Pavese senza civici (lato dispari), v.le Liguria (da 52 a 40}, p.zza S. Belfanti (da 3 a 7}, v.le Liguria (da 26 a 12), v.le Cassala (da 48 a 22), via A. Tosi senza civici, via E. Schievano 2, via Cassala (da 16 a 4 e da 1 a 15), p.le delle Milizie senza civici, v.le C. Troya {da 23 a 9 e da 10 a 2), p.zza Napoli (da 31 a 35}, via Giambellino (da 5 a 15 e da 22 a 40 e da 41 a 71}, via F. Brunelleschi {da 2 a 16), rilevato ferroviario, via Giambellino 143 e 150, via A. inganni (da 2 a 6}, via Lerenteggio 208, via A. Inganni (da 21 a 43), via Val Bavona 3, via A. inganni (da 67 a 83), via del Passero 6, p.zza San G. Battista alla Creta (da 2 a 6), via dell'’Allodola (da B a 12), via della Capinera (da 2 a 6). via Zurigo 3 e 2. via S. Saint Ron (da 38 a 12}, via Bisceglie 11, via Forze Armate 163, via S. Saint Bon 2, campagna a via Tosi, via S. Giusti (da 85 a 19, via Dessié 15, via Patroclo 20, via Bisanzio 41, via ippodromo (67 e da 76 a 8), via Trenno (da 28 a 32), via A. Sant'Elia 40 e 33, via E. Terzaghi senza civici (lato dispari), p.zza Santa Maria Nascente 3, via Collecchio senza civici} {lato dispari}, via G. Bomne senza civici, v.le R. Serra (da 14 a 54),",30,parte del territorio del comune di Milano,1.0
senato-mattarellum-1993-corrected,LOMBARDIA,3,MILANO,whole,,30,MILANO,1.0
senato-mattarellum-1993-corrected,LOMBARDIA,4,MILANO,described_part,"MILANO Comprende parte del territorio del comune di Milano delimitata dalle seguenti strade: via Adriano (da 102 a 14), via del Ricordo (da 1 e 23), via G. De Notaris (da 40 a 12). via A. Meucci (da 39 a 73), via G.B. Carta (da 36 a 2), Naviglio Martesana, via Ponte Nuovo (da 5 a 15), via P. G. Biumi (da 28 a 8}, via Iglesias (da 42 a 38), via Liscate (da 3-a 7), via Agordat (da 50 a 36 e da 27 a 21). via Dogali 1, via P. Toselli (da 26 a 2), via Padova (da 166 a 136), via Anacreonte 1, via A. Tarabella 4, via Palmanova (da 38 a 28), via Siusi {da 20 a 10), via G. Mazzali senza civici (lato pari), via Pordenone (da 4 a 2), via Plezzo (da 56 a 4), p.zza Monte Titano 1, p.zza E. Bottini 10, Via Predil 1, via C. Bertolazzi 1, via Rodano {da 12 a 6), rilevato ferroviario, via F. Villa {da 6 a 10), rilevato ferroviario, via Decemviri (da 2 a 34), via Zama (da 1 a 33), via R. Bonfadini 67, via G. Medici del Vascello 14, via P. e G. dei Pestagalli 25, rilevato ferroviario, via V. Toffettiìi 124, via Tertulliano 101, rilevato ferroviario, v.le Puglie (da 22 a 4}, v.le Bacchiglione (da 30 a 2), v.le Brenta 41, via Don Bosco — 31 — MILANO 21 e 16, p.za San Luigi 5, via Tagliamento (da i9 a 21), via Benaco (da 17 & 27), via Breno 9, p.zza G. Bonomelli 4 e 9, v.le. Ortles (da 90 a 54), via Orobia 32, via Vezza d'Oglio (da 8 a 16 e 3), via Adamello 18, via Serto (da 21 a 15 e da 6 a 2}. via G. Ripamonti {da 92 a 66), rilevato ferroviario, via P. Leoni 18, via C. Bazzi 12, p.zza Caduti del Lavoro 3, via P. Preda 2, via G. Pezzotti 6, via F. Brioschi (da 45 a 47 e SO}, via G. Meda 27 e 28, rilevato ferroviario, via A. Sforza 71, rilevato ferroviario, via Bordighera 2, via Spezia 5, via Valsolda (da 3 a 21}, via P. Filargo (da 36 a 20 e 5}, rilevato ferroviario, via D. Bussola 3 = 2, rilevato ferroviario, p.le delle Milizie senza civici, v.le CC. Troya (da 22 a 14}, via Savona (da 86 a 98), via L. Tolsto1: (da 10 a 16 e 17), via M. Gorki i e 2, via Grambellino (da 3} a 39}, via T. VignoLi (da lil a 1), via Savona (da 110 a 120), via G. Bruzzesi (da 41 a 35 e da 38 a 40), via Savona {da 134 a 146), via F. Brunelleschi {da 1 a 15), via L. 11 Moro senza civici (lato pari), via Tre Castelli (da 3 a 7}, via ©. Giussani (da il a 31}, via Parenzo {da 2} a 25), v.le Faenza senza civici, via D. Campari (da 3 a 5 e da 13 a 51). campagna a via Tre Castelli senza civici, campagna a via Merula senza civici, campagna a via Buccinasco senza civici, confine comune dì Corsico.",31,parte del territorio del comune di Milano,1.0
senato-mattarellum-1993-corrected,LOMBARDIA,4,MILANO,whole,,31,MILANO,1.0
senato-mattarellum-1993-corrected,LOMBARDIA,4,MILANO,whole,,32,MILANO,1.0
senato-mattarellum-1993-corrected,LOMBARDIA,5,MILANO,described_part,"MILANO Comprende parte del territorio del comune di Milano delimitata dalle seguenti strade: via Pesaro - {da 19 a 1), via A.Oroboni 19, rilevato ferroviario, via Fiume senza civici, v.le Rubîcone senza civici, via G.R.Cartli (da 45 a 17). via P.Rutilio Rufo 13. via G.Sand (da ?1 a 1), via A.Astesani (da 27 a 1}, via A.Zanoli (da 6 a 30), via E.Cialdini (da ilì a 29), via Don Bartolomeo Grazioli (da 38 a 80), via Cevedate (da 15 a 5}, via G.Tartini 45, via R.Luxemburg 5, via C.imbonati 89 e 90, rilevato ferroviario, v.le E.Fermi (da 27 a 25), via B.Crespi (da 57 a 55), via G.Bovio (da 6 a 28), via C.Imbonati {da 92 a 70), via Conte Verde (da 2 a 0), via Legnone {da 84 a 88), via Magellano 10, via C.Brivio 7, p.zza Dergano senza civici, via G.Tartini {da 2 a 10 e 15}, via A. Carnevali {da 6 a 70}, via A.Maffucci (da 73 a 35). via A.Patti senza civici (lato dispari), via Catone {da 15 a 3}, p.le C.Nigra (da 4 a 6), v.le L. Bodio (da 4 a 28), p.le Lugano (da 4 a 26 e da 3 a 29}, cv A.Baculìla senza civici, v.le Monte Ceneri (da 6 a 8), via Grigna 15, via Bellinzona 2 e |, via Monte Generoso 12, via C. e M. S8righenti fda 40 a 2), v.le Monte Ceneri (da 68 a 80), v.le R.Serra {da 69 a 7}, via G.Boine senza civici, via Collecchio (da 8 a 16), p.zza Santa Maria Nascente 2, via E.Terzaghi 30, via A.Sant'Elia senza civici (lato pari), via Trenno (da 4ì a 25 e 121), via lppodromo 82, via Patroclo (da 25 a 5), via San Giusto (da 4 a 70), attraversamento (piazza d'Armi Caserma), via Forze Armate 165, via Bisceglie 16, via Zurigo (da 12 a 16}, via della Capinera 5, via dell'Allodola 16 e SS, ‘p.zza San Giovanni Battista alla Creta 11, via del Passero senza civici {lato dispari}, via dello Storno (da 18 a 12), via della Rondine 6, via dello Storno senza civici (lato dispari), via Sant'Anatalone (da 10 a 2), via Lorenteggio (210 e da 203 a 201), via A.inganni (da 15 a 3), p.zza Tirana (da 2 a 6 e 5), via Giambellino (da 155 a 151), stazione S.Cristoforo, Naviglio Grande senza civici (lato dispari), az Naviglio Grande 192, via Lodovico 11 Moro senza civictr (lato pari), via Lodovico 1ì Moro 131, via Tre Castelli (da 6 a 8}, via C.Giussani (da 1 a 9 e da 20 a 32), via Parenzo 12, v.le Faenza senza civici, via D.Campari 10, campagna incrocio con via Tre Castelli, campagna incrocio con via Merula, campagna incrocio con via Buccinasco, via Buccinasco senza civici, confine comune di Corsico.",32,parte del territorio del comune di Milano,1.0
senato-mattarellum-1993-corrected,LOMBARDIA,5,MILANO,whole,,32,MILANO,1.0
senato-mattarellum-1993-corrected,LOMBARDIA,6,MILANO,described_part,"MILANO Comprende parte del territorio del comune di Milano delimitata dalle seguenti strade: via Adriano (da 101 a 45), via del Ricordo (da 2 a 18), via G.De Notaris senza civici {lato dispari), via A.Meurccei (da 40 a 74), via G. B. Carta (da 27 a 3), naviglio Martesana, via Ponte Nuovo (da 2 a 10). via P.G.Biumi {da 25 a 3}, via iglesìas (da 45 a 37}, via Liscate (da 2 a 6), via Agordat (da 49 a 45), via P.Toselli (da 11 a 1}. via Padova (da 151 a 125}, via Anacreonte senza civici (lato pari), via A.Tarabella (da li a 1), via Palmanova {da 53 a 49) via Siusi (da 15 a 1}. via G.Mazzali (da 5 a 1), via Plezzo senza civici {lato dispari), via C.Esterle (da ì} a 31), via G.Pontano (da 45 a 15}, v.le Monza 12ì, rilevato ferroviario, via Tofane 41, rilevato ferroviario, v.le delle Rimembranze di Greco 53, rilevato ferroviario, via E.De Marchi 44, rilevato ferroviario, via N.Bettoni #6, rilevato ferroviario, via Padre Antonio Maraschi senza civici, rilevato ferroviario, v.le F.Testi 16, rilevato ferroviario, via Siderno senza civici, incrocio rilevato con via E. Fermi, rilevato ferroviario, via Valeggio senza civici, via G. Zambelli (15 e da 20 a 24), rilevato ferroviario, via Don Bartolomeo Grazioli (da 73 a 41 e 32), via E. Cialdini (da 28 a 110), via A.Zanoli (da 31 è 3), via A.Astesani (da 2 a 24), via G.Sand (da 2 u' 12), via P.Rufo Rutilio (da 12 a 22), via Vincenzo dà Seregno 14, via G.R.Carli (da 14 a 34), v.le Rubicone 24, via del Reno (da 14 a 16), via S.Muzzucchelli 6, via A.Oroboni 16, via A. da Barbiano (da 17 a 29), via Pesaro senza civici, confine comune di Cormano; e comprende 1 comuni di Bresso e Sesto San Giovanni.",33,parte del territorio del comune di Milano,1.0
senato-mattarellum-1993-corrected,LOMBARDIA,6,MILANO,whole,,33,MILANO,1.0
senato-mattarellum-1993-corrected,LOMBARDIA,7,CARPIANO,whole,,33,CARP i ANO,1.0
senato-mattarellum-1993-corrected,LOMBARDIA,7,CERRO AL LAMBRO,whole,,33,CERRO AL LAMBRO,1.0
senato-mattarellum-1993-corrected,LOMBARDIA,7,COLTURANO,whole,,33,COLTURANO,1.0
senato-mattarellum-1993-corrected,LOMBARDIA,7,DRESANO,whole,,33,DRESANO,1.0
senato-mattarellum-1993-corrected,LOMBARDIA,7,MEDIGLIA,whole,,33,HEDIGLIA,1.0
senato-mattarellum-1993-corrected,LOMBARDIA,7,MELEGNANO,whole,,34,MELEGNANO,1.0
senato-mattarellum-1993-corrected,LOMBARDIA,7,PAULLO,whole,,34,PAULLO,1.0
senato-mattarellum-1993-corrected,LOMBARDIA,7,SAN COLOMBANO AL LAMBRO,whole,,34,SAN COLOMBANO AL LAMBRO,1.0
senato-mattarellum-1993-corrected,LOMBARDIA,7,SAN ZENONE AL LAMBRO,whole,,34,SAN ZENONE AL LAMBRO,1.0
senato-mattarellum-1993-corrected,LOMBARDIA,7,TRIBIANO,whole,,34,TRIBIANO,1.0
senato-mattarellum-1993-corrected,LOMBARDIA,7,VIZZOLO PREDABISSI,whole,,34,VIZZOLO PREDABISSI,1.0
senato-mattarellum-1993-corrected,LOMBARDIA,7,ABBADIA CERRETO,whole,,34,ABBADIA CERRETO,1.0
senato-mattarellum-1993-corrected,LOMBARDIA,7,BERTONICO,whole,,34,BERTONICO,1.0
senato-mattarellum-1993-corrected,LOMBARDIA,7,BOFFALORA D'ADDA,whole,,34,BOFFALORA D'ADDA,1.0
senato-mattarellum-1993-corrected,LOMBARDIA,7,BORGHETTO LODIGIANO,whole,,34,BORGHETTO LODIGIANO,1.0
senato-mattarellum-1993-corrected,LOMBARDIA,7,BORGO SAN GIOVANNI,whole,,34,BORGO SAN GIOVANNI,1.0
senato-mattarellum-1993-corrected,LOMBARDIA,7,BREMBIO,whole,,34,BREMBIO,1.0
senato-mattarellum-1993-corrected,LOMBARDIA,7,CAMAIRAGO,whole,,34,CAMATRAGO,0.889
senato-mattarellum-1993-corrected,LOMBARDIA,7,CASALETTO LODIGIANO,whole,,34,CASALETTO LODIGIANO,1.0
senato-mattarellum-1993-corrected,LOMBARDIA,7,CASALMAIOCCO,whole,,34,CASALMA1OCCO,1.0
senato-mattarellum-1993-corrected,LOMBARDIA,7,CASALPUSTERLENGO,whole,,34,CASALPUSTERLENGO,1.0
senato-mattarellum-1993-corrected,LOMBARDIA,7,CASELLE LANDI,whole,,34,CASELLE LANDI,1.0
senato-mattarellum-1993-corrected,LOMBARDIA,7,CASELLE LURANI,whole,,34,CASELLE LURANI,1.0
senato-mattarellum-1993-corrected,LOMBARDIA,7,CASTELNUOVO BOCCA D'ADDA,whole,,34,CASTELNUOVO BOCCA D'ADDA,1.0
senato-mattarellum-1993-corrected,LOMBARDIA,7,CASTIGLIONE D'ADDA,whole,,34,CASTIGLIONE D'ADDA,1.0
senato-mattarellum-1993-corrected,LOMBARDIA,7,CASTIRAGA VIDARDO,whole,,34,CASTIRAGA YVIDARDO,0.941
senato-mattarellum-1993-corrected,LOMBARDIA,7,CAVACURTA,whole,,34,CAVACURTA,1.0
senato-mattarellum-1993-corrected,LOMBARDIA,7,CAVENAGO D'ADDA,whole,,34,CAVENAGO D'ADDA,1.0
senato-mattarellum-1993-corrected,LOMBARDIA,7,CERVIGNANO D'ADDA,whole,,34,CERVIGNANO D'ADDA,1.0
senato-mattarellum-1993-corrected,LOMBARDIA,7,CODOGNO,whole,,34,CODOGNO,1.0
senato-mattarellum-1993-corrected,LOMBARDIA,7,CORNEGLIANO LAUDENSE,whole,,34,CORNEGLIANO LAUDENSE,1.0
senato-mattarellum-1993-corrected,LOMBARDIA,7,CORNO GIOVINE,whole,,34,CORNO GIOVINE,1.0
senato-mattarellum-1993-corrected,LOMBARDIA,7,CORNOVECCHIO,whole,,34,CORNOVECCHIO,1.0
senato-mattarellum-1993-corrected,LOMBARDIA,7,CORTE PALASIO,whole,,34,CORTE PALASIU,0.917
senato-mattarellum-1993-corrected,LOMBARDIA,7,CRESPIATICA,whole,,34,CRESPIATICA,1.0
senato-mattarellum-1993-corrected,LOMBARDIA,7,FOMBIO,whole,,34,FOMBIO,1.0
senato-mattarellum-1993-corrected,LOMBARDIA,7,GALGAGNANO,whole,,34,GALGAGNANO,1.0
senato-mattarellum-1993-corrected,LOMBARDIA,7,GRAFFIGNANA,whole,,34,GRAFF IGNANA,1.0
senato-mattarellum-1993-corrected,LOMBARDIA,7,GUARDAMIGLIO,whole,,34,GUARDAMIGLIO,1.0
senato-mattarellum-1993-corrected,LOMBARDIA,7,LIVRAGA,whole,,34,LIVRAGA,1.0
senato-mattarellum-1993-corrected,LOMBARDIA,7,LODI,whole,,34,LODI,1.0
senato-mattarellum-1993-corrected,LOMBARDIA,7,LODI VECCHIO,whole,,34,LUDI VECCHIO,0.909
senato-mattarellum-1993-corrected,LOMBARDIA,7,MACCASTORNA,whole,,34,MACCASTORNA,1.0
senato-mattarellum-1993-corrected,LOMBARDIA,7,MAIRAGO,whole,,34,HAIRAGO,1.0
senato-mattarellum-1993-corrected,LOMBARDIA,7,MALEO,whole,,34,HALEG,0.8
senato-mattarellum-1993-corrected,LOMBARDIA,7,MARUDO,whole,,34,HMHARUDO,0.75
senato-mattarellum-1993-corrected,LOMBARDIA,7,MASSALENGO,whole,,34,MASSALENGO,1.0
senato-mattarellum-1993-corrected,LOMBARDIA,7,MELETI,whole,,34,HMELETI,0.857
senato-mattarellum-1993-corrected,LOMBARDIA,7,MERLINO,whole,,34,MERLINO,1.0
senato-mattarellum-1993-corrected,LOMBARDIA,7,MONTANASO LOMBARDO,whole,,34,MONTANASO LOMBARDO,1.0
senato-mattarellum-1993-corrected,LOMBARDIA,7,MULAZZANO,whole,,34,MULAZZANO,1.0
senato-mattarellum-1993-corrected,LOMBARDIA,7,ORIO LITTA,whole,,34,URIU LITTA,0.778
senato-mattarellum-1993-corrected,LOMBARDIA,7,OSPEDALETTO LODIGIANO,whole,,34,OSPEDALETTI LODIGIANO,0.95
senato-mattarellum-1993-corrected,LOMBARDIA,7,OSSAGO LODIGIANO,whole,,34,OSSAGO LODIGIANO,1.0
senato-mattarellum-1993-corrected,LOMBARDIA,7,PIEVE FISSIRAGA,whole,,34,PIEVE FISSIRAGA,1.0
senato-mattarellum-1993-corrected,LOMBARDIA,7,SALERANO SUL LAMBRO,whole,,34,SALERANO SUL LAMBRO,1.0
senato-mattarellum-1993-corrected,LOMBARDIA,7,SAN FIORANO,whole,,34,SAN FIORANO,1.0
senato-mattarellum-1993-corrected,LOMBARDIA,7,SAN MARTINO IN STRADA,whole,,34,SAN MARTINO IN STRADA,1.0
senato-mattarellum-1993-corrected,LOMBARDIA,7,SAN ROCCO AL PORTO,whole,,34,SAN ROCCO AL PORTO,1.0
senato-mattarellum-1993-corrected,LOMBARDIA,7,SANT'ANGELO LODIGIANO,whole,,34,SANT'ANGELO LODIGIANO,1.0
senato-mattarellum-1993-corrected,LOMBARDIA,7,SANTO STEFANO LODIGIANO,whole,,34,SANTO STEFANO LODISGIANO,0.955
senato-mattarellum-1993-corrected,LOMBARDIA,7,SECUGNAGO,whole,,34,SECUGNAGO,1.0
senato-mattarellum-1993-corrected,LOMBARDIA,7,SENNA LODIGIANA,whole,,34,SENNA LODIGIANA,1.0
senato-mattarellum-1993-corrected,LOMBARDIA,7,SOMAGLIA,whole,,34,SOMAGLIA,1.0
senato-mattarellum-1993-corrected,LOMBARDIA,7,SORDIO,whole,,34,SORDIO,1.0
senato-mattarellum-1993-corrected,LOMBARDIA,7,TAVAZZANO CON VILLAVESCO,whole,,34,TAVAZZANO CON VILLAVESCO,1.0
senato-mattarellum-1993-corrected,LOMBARDIA,7,TERRANOVA DEI PASSERINI,whole,,34,TERRANOVA DEI PASSERINE,0.952
senato-mattarellum-1993-corrected,LOMBARDIA,7,TURANO LODIGIANO,whole,,34,TURANO LODIGIANO,1.0
senato-mattarellum-1993-corrected,LOMBARDIA,7,VALERA FRATTA,whole,,34,VALERA FRATTA,1.0
senato-mattarellum-1993-corrected,LOMBARDIA,7,VILLANOVA DEL SILLARO,whole,,34,VILLANOVA DEL SILLARAO,0.95
senato-mattarellum-1993-corrected,LOMBARDIA,7,ZELO BUON PERSICO,whole,,34,ZELO BUON PERSICO,1.0
senato-mattarellum-1993-corrected,LOMBARDIA,8,ASSAGO,whole,,35,ASSAGO,1.0
senato-mattarellum-1993-corrected,LOMBARDIA,8,BASIGLIO,whole,,35,BASIGLIO,1.0
senato-mattarellum-1993-corrected,LOMBARDIA,8,BINASCO,whole,,35,BINASCO,1.0
senato-mattarellum-1993-corrected,LOMBARDIA,8,BUBBIANO,whole,,35,BUBBIANO,1.0
senato-mattarellum-1993-corrected,LOMBARDIA,8,BUCCINASCO,whole,,35,BUCCINASCO,1.0
senato-mattarellum-1993-corrected,LOMBARDIA,8,CALVIGNASCO,whole,,35,CALVIGNASCO,1.0
senato-mattarellum-1993-corrected,LOMBARDIA,8,CASARILE,whole,,35,CASARILE,1.0
senato-mattarellum-1993-corrected,LOMBARDIA,8,CESANO BOSCONE,whole,,35,CESANO AUSCONE,0.846
senato-mattarellum-1993-corrected,LOMBARDIA,8,CISLIANO,whole,,35,CISLIANO,1.0
senato-mattarellum-1993-corrected,LOMBARDIA,8,CORSICO,whole,,35,CORSICO,1.0
senato-mattarellum-1993-corrected,LOMBARDIA,8,CUSAGO,whole,,35,CUSAGO,1.0
senato-mattarellum-1993-corrected,LOMBARDIA,8,GAGGIANO,whole,,35,GAGGIANO,1.0
senato-mattarellum-1993-corrected,LOMBARDIA,8,LACCHIARELLA,whole,,35,LACCHIARELLA,1.0
senato-mattarellum-1993-corrected,LOMBARDIA,8,LOCATE DI TRIULZI,whole,,35,LOCATE DI TRIULZI,1.0
senato-mattarellum-1993-corrected,LOMBARDIA,8,NOVIGLIO,whole,,35,NOVIGLIO,1.0
senato-mattarellum-1993-corrected,LOMBARDIA,8,OPERA,whole,,35,OPERA,1.0
senato-mattarellum-1993-corrected,LOMBARDIA,8,PIEVE EMANUELE,whole,,35,PIEVE EMANUELE,1.0
senato-mattarellum-1993-corrected,LOMBARDIA,8,ROZZANO,whole,,35,ROZZANO,1.0
senato-mattarellum-1993-corrected,LOMBARDIA,8,SAN GIULIANO MILANESE,whole,,35,SAN GIULIANO MILANESE,1.0
senato-mattarellum-1993-corrected,LOMBARDIA,8,TREZZANO SUL NAVIGLIO,whole,,35,TREZZANO SUL NAVIGLIO,1.0
senato-mattarellum-1993-corrected,LOMBARDIA,8,VERNATE,whole,,35,VERNATE,1.0
senato-mattarellum-1993-corrected,LOMBARDIA,8,ZIBIDO SAN GIACOMO,whole,,35,ZIBIDO SAN GIACOMO,1.0
senato-mattarellum-1993-corrected,LOMBARDIA,9,ABBIATEGRASSO,whole,,35,ABBIATEGRASSO,1.0
senato-mattarellum-1993-corrected,LOMBARDIA,9,ALBAIRATE,whole,,35,ALBAIRATE,1.0
senato-mattarellum-1993-corrected,LOMBARDIA,9,ARCONATE,whole,,35,ARCONATE,1.0
senato-mattarellum-1993-corrected,LOMBARDIA,9,ARLUNO,whole,,35,ARLUNO,1.0
senato-mattarellum-1993-corrected,LOMBARDIA,9,BAREGGIO,whole,,35,BAREGGIO,1.0
senato-mattarellum-1993-corrected,LOMBARDIA,9,BERNATE TICINO,whole,,35,BERNATE TICINO,1.0
senato-mattarellum-1993-corrected,LOMBARDIA,9,BESATE,whole,,35,BESATE,1.0
senato-mattarellum-1993-corrected,LOMBARDIA,9,BOFFALORA SOPRA TICINO,whole,,35,BOFFALORA SOPRA TICINO,1.0
senato-mattarellum-1993-corrected,LOMBARDIA,9,BUSCATE,whole,,35,BUSCATE,1.0
senato-mattarellum-1993-corrected,LOMBARDIA,9,BUSTO GAROLFO,whole,,35,BUSTO GAROLFO,1.0
senato-mattarellum-1993-corrected,LOMBARDIA,9,CASOREZZO,whole,,35,CASOREZZO,1.0
senato-mattarellum-1993-corrected,LOMBARDIA,9,CASSINETTA DI LUGAGNANO,whole,,35,CASSINETTA DI LUGAGNANO,1.0
senato-mattarellum-1993-corrected,LOMBARDIA,9,CASTANO PRIMO,whole,,35,CASTANO PRIMO,1.0
senato-mattarellum-1993-corrected,LOMBARDIA,9,CORBETTA,whole,,35,CORBETTA,1.0
senato-mattarellum-1993-corrected,LOMBARDIA,9,CUGGIONO,whole,,35,CUGGIONO,1.0
senato-mattarellum-1993-corrected,LOMBARDIA,9,DAIRAGO,whole,,35,DAIRAGO,1.0
senato-mattarellum-1993-corrected,LOMBARDIA,9,GUDO VISCONTI,whole,,35,GUDO VISCONTI,1.0
senato-mattarellum-1993-corrected,LOMBARDIA,9,INVERUNO,whole,,35,INVERUNO,1.0
senato-mattarellum-1993-corrected,LOMBARDIA,9,MAGENTA,whole,,35,MAGENTA,1.0
senato-mattarellum-1993-corrected,LOMBARDIA,9,MAGNAGO,whole,,35,MAGNAGO,1.0
senato-mattarellum-1993-corrected,LOMBARDIA,9,MARCALLO CON CASONE,whole,,35,MARCALLO CON CASONE,1.0
senato-mattarellum-1993-corrected,LOMBARDIA,9,MESERO,whole,,35,MESERO,1.0
senato-mattarellum-1993-corrected,LOMBARDIA,9,MORIMONDO,whole,,35,MOR ITMONDO,0.9
senato-mattarellum-1993-corrected,LOMBARDIA,9,MOTTA VISCONTI,whole,,35,MOTTA VISCONTI,1.0
senato-mattarellum-1993-corrected,LOMBARDIA,9,NOSATE,whole,,35,NOSATE,1.0
senato-mattarellum-1993-corrected,LOMBARDIA,9,OSSONA,whole,,35,OSSONA,1.0
senato-mattarellum-1993-corrected,LOMBARDIA,9,OZZERO,whole,,35,0ZZERO,1.0
senato-mattarellum-1993-corrected,LOMBARDIA,9,ROBECCHETTO CON INDUNO,whole,,35,ROBECCHETTO CON INDUNO,1.0
senato-mattarellum-1993-corrected,LOMBARDIA,9,ROBECCO SUL NAVIGLIO,whole,,35,ROBECCO SUL NAVIGLIO,1.0
senato-mattarellum-1993-corrected,LOMBARDIA,9,ROSATE,whole,,35,ROSATE,1.0
senato-mattarellum-1993-corrected,LOMBARDIA,9,SANTO STEFANO TICINO,whole,,35,SANTO STEFANO TICINO,1.0
senato-mattarellum-1993-corrected,LOMBARDIA,9,SEDRIANO,whole,,35,SEDRIANO,1.0
senato-mattarellum-1993-corrected,LOMBARDIA,9,TURBIGO,whole,,35,TURBIGO,1.0
senato-mattarellum-1993-corrected,LOMBARDIA,9,VERMEZZO,whole,,35,VERMEZZO,1.0
senato-mattarellum-1993-corrected,LOMBARDIA,9,VITTUONE,whole,,35,VITTUONE,1.0
senato-mattarellum-1993-corrected,LOMBARDIA,9,ZELO SURRIGONE,whole,,35,ZELO SURRIGONE,1.0
senato-mattarellum-1993-corrected,LOMBARDIA,9,VILLA CORTESE,whole,,35,VILLA CORTESE,1.0
senato-mattarellum-1993-corrected,LOMBARDIA,9,VANZAGHELLO,whole,,35,VANZAGHELLO,1.0
senato-mattarellum-1993-corrected,LOMBARDIA,10,CANEGRATE,whole,,35,CANEGRATE,1.0
senato-mattarellum-1993-corrected,LOMBARDIA,10,CERRO MAGGIORE,whole,,35,CERRO NAGGIORE,0.923
senato-mattarellum-1993-corrected,LOMBARDIA,10,CORNAREDO,whole,,35,CORNAREDO,1.0
senato-mattarellum-1993-corrected,LOMBARDIA,10,LEGNANO,whole,,36,LEGNANO,1.0
senato-mattarellum-1993-corrected,LOMBARDIA,10,NERVIANO,whole,,36,NERVÎANO,0.875
senato-mattarellum-1993-corrected,LOMBARDIA,10,PARABIAGO,whole,,36,PARABIAGO,1.0
senato-mattarellum-1993-corrected,LOMBARDIA,10,PERO,whole,,36,PERO,1.0
senato-mattarellum-1993-corrected,LOMBARDIA,10,POGLIANO MILANESE,whole,,36,POGLIANO AMILANESE,0.941
senato-mattarellum-1993-corrected,LOMBARDIA,10,PREGNANA MILANESE,whole,,36,PREGNANA NMILANESE,0.941
senato-mattarellum-1993-corrected,LOMBARDIA,10,RESCALDINA,whole,,36,RESCALDINA,1.0
senato-mattarellum-1993-corrected,LOMBARDIA,10,,whole,,36,RH9,0.667
senato-mattarellum-1993-corrected,LOMBARDIA,10,SAN GIORGIO SU LEGNANO,whole,,36,SAN GIORGIO SU LEGNANO,1.0
senato-mattarellum-1993-corrected,LOMBARDIA,10,SAN VITTORE OLONA,whole,,36,SAN VITTORE OLONA,1.0
senato-mattarellum-1993-corrected,LOMBARDIA,10,SETTIMO MILANESE,whole,,36,SETTIMO MILANESE,1.0
senato-mattarellum-1993-corrected,LOMBARDIA,10,VANZAGO,whole,,36,VANZAGO,1.0
senato-mattarellum-1993-corrected,LOMBARDIA,11,ARESE,whole,,36,ARESE,1.0
senato-mattarellum-1993-corrected,LOMBARDIA,11,BARLASSINA,whole,,36,BARLASSINA,1.0
senato-mattarellum-1993-corrected,LOMBARDIA,11,BOLLATE,whole,,36,BOLLATE,1.0
senato-mattarellum-1993-corrected,LOMBARDIA,11,CERIANO LAGHETTO,whole,,36,CERIANO LAGHETTO,1.0
senato-mattarellum-1993-corrected,LOMBARDIA,11,CESATE,whole,,36,CESATE,1.0
senato-mattarellum-1993-corrected,LOMBARDIA,11,COGLIATE,whole,,36,COGLIATE,1.0
senato-mattarellum-1993-corrected,LOMBARDIA,11,GARBAGNATE MILANESE,whole,,36,GARBAGNATE MILANESE,1.0
senato-mattarellum-1993-corrected,LOMBARDIA,11,LAINATE,whole,,36,LAINATE,1.0
senato-mattarellum-1993-corrected,LOMBARDIA,11,LAZZATE,whole,,36,LAZZATE,1.0
senato-mattarellum-1993-corrected,LOMBARDIA,11,LENTATE SUL SEVESO,whole,,36,LENTATE SUL SEVESO,1.0
senato-mattarellum-1993-corrected,LOMBARDIA,11,LIMBIATE,whole,,36,LIMBIATE,1.0
senato-mattarellum-1993-corrected,LOMBARDIA,11,MEDA,whole,,36,HE DA,1.0
senato-mattarellum-1993-corrected,LOMBARDIA,11,MISINTO,whole,,36,HISINTO,1.0
senato-mattarellum-1993-corrected,LOMBARDIA,11,NOVATE MILANESE,whole,,36,NOVATE MILANESE,1.0
senato-mattarellum-1993-corrected,LOMBARDIA,11,SOLARO,whole,,36,SOLARO,1.0
senato-mattarellum-1993-corrected,LOMBARDIA,12,CINISELLO BALSAMO,whole,,36,CINISELLO BALSAMO,1.0
senato-mattarellum-1993-corrected,LOMBARDIA,12,CORMANO,whole,,36,CORMANO,1.0
senato-mattarellum-1993-corrected,LOMBARDIA,12,CUSANO MILANINO,whole,,36,CUSANO MILANINO,1.0
senato-mattarellum-1993-corrected,LOMBARDIA,12,,whole,,36,"HUESGIO""",0.714
senato-mattarellum-1993-corrected,LOMBARDIA,12,NOVA MILANESE,whole,,36,NOVA HILANESE,1.0
senato-mattarellum-1993-corrected,LOMBARDIA,12,PADERNO DUGNANO,whole,,36,PADERNO DUGNANO,1.0
senato-mattarellum-1993-corrected,LOMBARDIA,12,SENAGO,whole,,36,SENAGO,1.0
senato-mattarellum-1993-corrected,LOMBARDIA,12,VAREDO,whole,,36,VAREDO,1.0
senato-mattarellum-1993-corrected,LOMBARDIA,13,ALBIATE,whole,,36,ALBIATE,1.0
senato-mattarellum-1993-corrected,LOMBARDIA,13,BESANA IN BRIANZA,whole,,36,BESANA IN BRIANZA,1.0
senato-mattarellum-1993-corrected,LOMBARDIA,13,BOVISIO-MASCIAGO,whole,,36,BOVISIO -HASCIAGO,1.0
senato-mattarellum-1993-corrected,LOMBARDIA,13,BRIOSCO,whole,,36,BRIOSCO,1.0
senato-mattarellum-1993-corrected,LOMBARDIA,13,CARATE BRIANZA,whole,,36,CARATE BRIANZA,1.0
senato-mattarellum-1993-corrected,LOMBARDIA,13,CESANO MADERNO,whole,,36,CESANO MADERNO,1.0
senato-mattarellum-1993-corrected,LOMBARDIA,13,DESIO,whole,,36,DESIO,1.0
senato-mattarellum-1993-corrected,LOMBARDIA,13,GIUSSANO,whole,,36,GIUSSANO,1.0
senato-mattarellum-1993-corrected,LOMBARDIA,13,LISSONE,whole,,36,LISSONE,1.0
senato-mattarellum-1993-corrected,LOMBARDIA,13,RENATE,whole,,36,RENATE,1.0
senato-mattarellum-1993-corrected,LOMBARDIA,13,SEREGNO,whole,,36,SEREGNO,1.0
senato-mattarellum-1993-corrected,LOMBARDIA,13,SEVESO,whole,,36,SEVESO,1.0
senato-mattarellum-1993-corrected,LOMBARDIA,13,TRIUGGIO,whole,,36,TRIUGGIO,1.0
senato-mattarellum-1993-corrected,LOMBARDIA,13,VEDUGGIO CON COLZANO,whole,,36,VEDUGGIO CON COLZANO,1.0
senato-mattarellum-1993-corrected,LOMBARDIA,13,VERANO BRIANZA,whole,,36,VERANO BRIANZA,1.0
senato-mattarellum-1993-corrected,LOMBARDIA,14,ARCORE,whole,,36,ARCORE,1.0
senato-mattarellum-1993-corrected,LOMBARDIA,14,BIASSONO,whole,,36,BIASSONO,1.0
senato-mattarellum-1993-corrected,LOMBARDIA,14,CAMPARADA,whole,,36,CAMPARADA,1.0
senato-mattarellum-1993-corrected,LOMBARDIA,14,CONCOREZZO,whole,,36,CONCOREZZO,1.0
senato-mattarellum-1993-corrected,LOMBARDIA,14,CORREZZANA,whole,,36,CORREZZANA,1.0
senato-mattarellum-1993-corrected,LOMBARDIA,14,LESMO,whole,,36,LESMO,1.0
senato-mattarellum-1993-corrected,LOMBARDIA,14,MACHERIO,whole,,36,MACHERIO,1.0
senato-mattarellum-1993-corrected,LOMBARDIA,14,MONZA,whole,,37,HONZA,1.0
senato-mattarellum-1993-corrected,LOMBARDIA,14,SOVICO,whole,,37,SOVICO,1.0
senato-mattarellum-1993-corrected,LOMBARDIA,14,USMATE VELATE,whole,,37,USMATE VELATE,1.0
senato-mattarellum-1993-corrected,LOMBARDIA,14,VEDANO AL LAMBRO,whole,,37,VEDANO AL LAMBRO,1.0
senato-mattarellum-1993-corrected,LOMBARDIA,14,VILLASANTA,whole,,37,VILLASANTA,1.0
senato-mattarellum-1993-corrected,LOMBARDIA,14,VIMERCATE,whole,,37,VIMERCATE,1.0
senato-mattarellum-1993-corrected,LOMBARDIA,15,AGRATE BRIANZA,whole,,37,AGRATE BRIANZA,1.0
senato-mattarellum-1993-corrected,LOMBARDIA,15,AICURZIO,whole,,37,AICURZIO,1.0
senato-mattarellum-1993-corrected,LOMBARDIA,15,BASIANO,whole,,37,BASIANO,1.0
senato-mattarellum-1993-corrected,LOMBARDIA,15,BELLINZAGO LOMBARDO,whole,,37,BELLINZAGO LOMBARDO,1.0
senato-mattarellum-1993-corrected,LOMBARDIA,15,BELLUSCO,whole,,37,BELLUSCO,1.0
senato-mattarellum-1993-corrected,LOMBARDIA,15,BERNAREGGIO,whole,,37,BERNAREGGIO,1.0
senato-mattarellum-1993-corrected,LOMBARDIA,15,BURAGO DI MOLGORA,whole,,37,BURAGO DI MOLGORA,1.0
senato-mattarellum-1993-corrected,LOMBARDIA,15,BUSNAGO,whole,,37,BUSNAGO,1.0
senato-mattarellum-1993-corrected,LOMBARDIA,15,BUSSERO,whole,,37,BUSSERO,1.0
senato-mattarellum-1993-corrected,LOMBARDIA,15,CAMBIAGO,whole,,37,CAMBIAGO,1.0
senato-mattarellum-1993-corrected,LOMBARDIA,15,CAPONAGO,whole,,37,CAPONAGO,1.0
senato-mattarellum-1993-corrected,LOMBARDIA,15,CARNATE,whole,,37,CARNATE,1.0
senato-mattarellum-1993-corrected,LOMBARDIA,15,CARUGATE,whole,,37,CARUGATE,1.0
senato-mattarellum-1993-corrected,LOMBARDIA,15,CASSANO D'ADDA,whole,,37,CASSANO D'ADDA,1.0
senato-mattarellum-1993-corrected,LOMBARDIA,15,CASSINA DE' PECCHI,whole,,37,"CASSINA DE"" PECCHI",1.0
senato-mattarellum-1993-corrected,LOMBARDIA,15,CAVENAGO DI BRIANZA,whole,,37,CAVENAGO DI BRIANZA,1.0
senato-mattarellum-1993-corrected,LOMBARDIA,15,CORNATE D'ADDA,whole,,37,CORNATE D'ADDA,1.0
senato-mattarellum-1993-corrected,LOMBARDIA,15,GESSATE,whole,,37,GESSATE,1.0
senato-mattarellum-1993-corrected,LOMBARDIA,15,GORGONZOLA,whole,,37,CORGSGONZOLA,0.75
senato-mattarellum-1993-corrected,LOMBARDIA,15,GREZZAGO,whole,,37,GREZZAGO,1.0
senato-mattarellum-1993-corrected,LOMBARDIA,15,INZAGO,whole,,37,INZAGO,1.0
senato-mattarellum-1993-corrected,LOMBARDIA,15,LISCATE,whole,,37,LISCATE,1.0
senato-mattarellum-1993-corrected,LOMBARDIA,15,MASATE,whole,,37,MASATE,1.0
senato-mattarellum-1993-corrected,LOMBARDIA,15,MELZO,whole,,37,MELZO,1.0
senato-mattarellum-1993-corrected,LOMBARDIA,15,MEZZAGO,whole,,37,ME ZZAGO,1.0
senato-mattarellum-1993-corrected,LOMBARDIA,15,ORNAGO,whole,,37,ORNAGO,1.0
senato-mattarellum-1993-corrected,LOMBARDIA,15,PESSANO CON BORNAGO,whole,,37,PESSANO CON BORNAGO,1.0
senato-mattarellum-1993-corrected,LOMBARDIA,15,POZZO D'ADDA,whole,,37,POZZO D'ADDA,1.0
senato-mattarellum-1993-corrected,LOMBARDIA,15,POZZUOLO MARTESANA,whole,,37,POZZUOLO MARTESANA,1.0
senato-mattarellum-1993-corrected,LOMBARDIA,15,RONCELLO,whole,,37,RONCELLO,1.0
senato-mattarellum-1993-corrected,LOMBARDIA,15,RONCO BRIANTINO,whole,,37,RONCO BRIANTINO,1.0
senato-mattarellum-1993-corrected,LOMBARDIA,15,SULBIATE,whole,,37,SULBIATE,1.0
senato-mattarellum-1993-corrected,LOMBARDIA,15,TREZZANO ROSA,whole,,37,TREZZANO ROSA,1.0
senato-mattarellum-1993-corrected,LOMBARDIA,15,TREZZO SULL'ADDA,whole,,37,TREZZO SULL'ADDA,1.0
senato-mattarellum-1993-corrected,LOMBARDIA,15,TRUCCAZZANO,whole,,37,TRUCCAZZANO,1.0
senato-mattarellum-1993-corrected,LOMBARDIA,15,VAPRIO D'ADDA,whole,,37,VAPFPRIO D'ADDA,0.846
senato-mattarellum-1993-corrected,LOMBARDIA,15,VIGNATE,whole,,37,VIGNATE,1.0
senato-mattarellum-1993-corrected,LOMBARDIA,16,BRUGHERIO,whole,,37,BRUGHER IO,1.0
senato-mattarellum-1993-corrected,LOMBARDIA,16,CERNUSCO SUL NAVIGLIO,whole,,37,CERNUSCO SUL NAVIGLIO,1.0
senato-mattarellum-1993-corrected,LOMBARDIA,16,COLOGNO MONZESE,whole,,37,COLOGNO MONZESE,1.0
senato-mattarellum-1993-corrected,LOMBARDIA,16,PANTIGLIATE,whole,,37,PANTIGLIATE,1.0
senato-mattarellum-1993-corrected,LOMBARDIA,16,PESCHIERA BORROMEO,whole,,37,PESCHIERA BORROMEO,1.0
senato-mattarellum-1993-corrected,LOMBARDIA,16,PIOLTELLO,whole,,37,PIOLTELLO,1.0
senato-mattarellum-1993-corrected,LOMBARDIA,16,RODANO,whole,,37,RODANO,1.0
senato-mattarellum-1993-corrected,LOMBARDIA,16,SAN DONATO MILANESE,whole,,37,SAN DONATO MILANESE,1.0
senato-mattarellum-1993-corrected,LOMBARDIA,16,SEGRATE,whole,,37,SEGRATE,1.0
senato-mattarellum-1993-corrected,LOMBARDIA,16,SETTALA,whole,,37,SETTALA,1.0
senato-mattarellum-1993-corrected,LOMBARDIA,16,VIMODRONE,whole,,37,VIMODRONE,1.0
senato-mattarellum-1993-corrected,LOMBARDIA,17,AGRA,whole,,37,AGRA,1.0
senato-mattarellum-1993-corrected,LOMBARDIA,17,ARCISATE,whole,,37,ARCISATE,1.0
senato-mattarellum-1993-corrected,LOMBARDIA,17,AZZIO,whole,,37,AZZIUÙ,0.8
senato-mattarellum-1993-corrected,LOMBARDIA,17,BARASSO,whole,,37,BARASSO,1.0
senato-mattarellum-1993-corrected,LOMBARDIA,17,BEDERO VALCUVIA,whole,,37,BEDERO VALCUVIA,1.0
senato-mattarellum-1993-corrected,LOMBARDIA,17,BESANO,whole,,37,BESANO,1.0
senato-mattarellum-1993-corrected,LOMBARDIA,17,BISUSCHIO,whole,,37,BISUSCHIO,1.0
senato-mattarellum-1993-corrected,LOMBARDIA,17,BRENTA,whole,,38,BRENTA,1.0
senato-mattarellum-1993-corrected,LOMBARDIA,17,BREZZO DI BEDERO,whole,,38,BREZZO DI BEDERO,1.0
senato-mattarellum-1993-corrected,LOMBARDIA,17,BRINZIO,whole,,38,BRINZIO,1.0
senato-mattarellum-1993-corrected,LOMBARDIA,17,BRISSAGO-VALTRAVAGLIA,whole,,38,BRÎSSAGO-VALTRAVAGLIA,0.95
senato-mattarellum-1993-corrected,LOMBARDIA,17,BRUSIMPIANO,whole,,38,BRUST1MPITANO,0.846
senato-mattarellum-1993-corrected,LOMBARDIA,17,CADEGLIANO-VICONAGO,whole,,38,CADE GL 1 ANO-VICONAGO,1.0
senato-mattarellum-1993-corrected,LOMBARDIA,17,CANTELLO,whole,,38,CANTELLO,1.0
senato-mattarellum-1993-corrected,LOMBARDIA,17,CARAVATE,whole,,38,CARAVATE,1.0
senato-mattarellum-1993-corrected,LOMBARDIA,17,CASALZUIGNO,whole,,38,CASALZUITENO,0.833
senato-mattarellum-1993-corrected,LOMBARDIA,17,CASCIAGO,whole,,38,CASCI1AGO,0.889
senato-mattarellum-1993-corrected,LOMBARDIA,17,CASSANO VALCUVIA,whole,,38,CASSANO VALCUVIA,1.0
senato-mattarellum-1993-corrected,LOMBARDIA,17,CASTELLO CABIAGLIO,whole,,38,CASTELLO CABIAGLIO,1.0
senato-mattarellum-1993-corrected,LOMBARDIA,17,CASTELVECCANA,whole,,38,CASTELVECCANA,1.0
senato-mattarellum-1993-corrected,LOMBARDIA,17,CITTIGLIO,whole,,38,CITTiIGLIO,0.9
senato-mattarellum-1993-corrected,LOMBARDIA,17,CLIVIO,whole,,38,CLIVIiO,0.857
senato-mattarellum-1993-corrected,LOMBARDIA,17,COCQUIO-TREVISAGO,whole,,38,COCQUIO-TREV1SAGO,1.0
senato-mattarellum-1993-corrected,LOMBARDIA,17,COMERIO,whole,,38,COMERIO,1.0
senato-mattarellum-1993-corrected,LOMBARDIA,17,CREMENAGA,whole,,38,CREMENAGA,1.0
senato-mattarellum-1993-corrected,LOMBARDIA,17,CUASSO AL MONTE,whole,,38,CUASSO AL NONTE,0.923
senato-mattarellum-1993-corrected,LOMBARDIA,17,CUGLIATE-FABIASCO,whole,,38,CUGLIATE-FABIASCO,1.0
senato-mattarellum-1993-corrected,LOMBARDIA,17,CUNARDO,whole,,38,CUNARDO,1.0
senato-mattarellum-1993-corrected,LOMBARDIA,17,CURIGLIA CON MONTEVIASCO,whole,,38,CURIGLIA CON MONTEVIASCO,1.0
senato-mattarellum-1993-corrected,LOMBARDIA,17,CUVEGLIO,whole,,38,CUVEGLIO,1.0
senato-mattarellum-1993-corrected,LOMBARDIA,17,CUVIO,whole,,38,CTUVIO,0.833
senato-mattarellum-1993-corrected,LOMBARDIA,17,DUMENZA,whole,,38,QUMENZA,0.857
senato-mattarellum-1993-corrected,LOMBARDIA,17,DUNO,whole,,38,DUNO,1.0
senato-mattarellum-1993-corrected,LOMBARDIA,17,FERRERA DI VARESE,whole,,38,FERRERA DI VARESE,1.0
senato-mattarellum-1993-corrected,LOMBARDIA,17,GAVIRATE,whole,,38,GAVIRATE,1.0
senato-mattarellum-1993-corrected,LOMBARDIA,17,GEMONIO,whole,,38,GEMONIO,1.0
senato-mattarellum-1993-corrected,LOMBARDIA,17,GERMIGNAGA,whole,,38,GERMIGHAGA,0.9
senato-mattarellum-1993-corrected,LOMBARDIA,17,GRANTOLA,whole,,38,GRANTOLA,1.0
senato-mattarellum-1993-corrected,LOMBARDIA,17,INDUNO OLONA,whole,,38,INDUNO GLUNA,0.818
senato-mattarellum-1993-corrected,LOMBARDIA,17,LAVENA-PONTE TRESA,whole,,38,LAVENA PONTE TRESA,1.0
senato-mattarellum-1993-corrected,LOMBARDIA,17,LAVENO-MOMBELLO,whole,,38,LAVENO- MOMBELLO,1.0
senato-mattarellum-1993-corrected,LOMBARDIA,17,LUINO,whole,,38,LUINMO,0.833
senato-mattarellum-1993-corrected,LOMBARDIA,17,LUVINATE,whole,,38,LUVINATE,1.0
senato-mattarellum-1993-corrected,LOMBARDIA,17,MACCAGNO,whole,,38,MACCAGHNO,0.889
senato-mattarellum-1993-corrected,LOMBARDIA,17,MALNATE,whole,,38,MALNATE,1.0
senato-mattarellum-1993-corrected,LOMBARDIA,17,MARCHIROLO,whole,,38,HARCHIROLO,1.0
senato-mattarellum-1993-corrected,LOMBARDIA,17,MARZIO,whole,,38,HARZIO,1.0
senato-mattarellum-1993-corrected,LOMBARDIA,17,MASCIAGO PRIMO,whole,,38,MASCIAGO PRIMO,1.0
senato-mattarellum-1993-corrected,LOMBARDIA,17,MESENZANA,whole,,38,MESENZANA,1.0
senato-mattarellum-1993-corrected,LOMBARDIA,17,MONTEGRINO-VALTRAVAGLIA,whole,,38,MONTEGRINO VALTRAVAGLIA,1.0
senato-mattarellum-1993-corrected,LOMBARDIA,17,,whole,,38,GORI NO,0.833
senato-mattarellum-1993-corrected,LOMBARDIA,17,PINO SULLA SPONDA DEL LAGO MAGGIORE,whole,,38,PINO SULLA SPONDA DEL LAGO MAGGIOR,0.967
senato-mattarellum-1993-corrected,LOMBARDIA,17,PORTO CERESIO,whole,,38,PORTO CERESIO,1.0
senato-mattarellum-1993-corrected,LOMBARDIA,17,PORTO VALTRAVAGLIA,whole,,38,PORTO VALTRAVAGLIA,1.0
senato-mattarellum-1993-corrected,LOMBARDIA,17,RANCIO VALCUVIA,whole,,38,RANCIO VALCUVIA,1.0
senato-mattarellum-1993-corrected,LOMBARDIA,17,SALTRIO,whole,,38,SALTRIO,1.0
senato-mattarellum-1993-corrected,LOMBARDIA,17,TRONZANO LAGO MAGGIORE,whole,,38,TRONZANO LAGO MAGGIORE,1.0
senato-mattarellum-1993-corrected,LOMBARDIA,17,VALGANNA,whole,,38,VALGANNA,1.0
senato-mattarellum-1993-corrected,LOMBARDIA,17,VARESE,whole,,38,VARESE,1.0
senato-mattarellum-1993-corrected,LOMBARDIA,17,VEDDASCA,whole,,38,VEDDASCA,1.0
senato-mattarellum-1993-corrected,LOMBARDIA,17,VIGGIU',whole,,38,VISGIU*,0.833
senato-mattarellum-1993-corrected,LOMBARDIA,17,SANGIANO,whole,,38,SANGITANO,0.889
senato-mattarellum-1993-corrected,LOMBARDIA,18,ALBIZZATE,whole,,38,ALBIZZATE,1.0
senato-mattarellum-1993-corrected,LOMBARDIA,18,ANGERA,whole,,38,ANGSERA,0.857
senato-mattarellum-1993-corrected,LOMBARDIA,18,ARSAGO SEPRIO,whole,,38,ARSAGO SEPRIA,0.917
senato-mattarellum-1993-corrected,LOMBARDIA,18,AZZATE,whole,,38,AZZATE,1.0
senato-mattarellum-1993-corrected,LOMBARDIA,18,BARDELLO,whole,,38,BARDELLO,1.0
senato-mattarellum-1993-corrected,LOMBARDIA,18,BESNATE,whole,,38,BESNATE,1.0
senato-mattarellum-1993-corrected,LOMBARDIA,18,BESOZZO,whole,,38,BESOZZO,1.0
senato-mattarellum-1993-corrected,LOMBARDIA,18,BIANDRONNO,whole,,38,BIANDRONNO,1.0
senato-mattarellum-1993-corrected,LOMBARDIA,18,BODIO LOMNAGO,whole,,38,BODIO LOMNAGO,1.0
senato-mattarellum-1993-corrected,LOMBARDIA,18,BREBBIA,whole,,38,BREBBIA,1.0
senato-mattarellum-1993-corrected,LOMBARDIA,18,BREGANO,whole,,38,BREGANO,1.0
senato-mattarellum-1993-corrected,LOMBARDIA,18,BRUNELLO,whole,,39,BRUNELLO,1.0
senato-mattarellum-1993-corrected,LOMBARDIA,18,BUGUGGIATE,whole,,39,BUGUGGIATE,1.0
senato-mattarellum-1993-corrected,LOMBARDIA,18,CADREZZATE,whole,,39,CADREZZATE,1.0
senato-mattarellum-1993-corrected,LOMBARDIA,18,CAIRATE,whole,,39,CAIRATE,1.0
senato-mattarellum-1993-corrected,LOMBARDIA,18,CARNAGO,whole,,39,CARNAGO,1.0
senato-mattarellum-1993-corrected,LOMBARDIA,18,CARONNO VARESINO,whole,,39,CARONNU VARESINO,0.933
senato-mattarellum-1993-corrected,LOMBARDIA,18,CASALE LITTA,whole,,39,CASALE LITTA,1.0
senato-mattarellum-1993-corrected,LOMBARDIA,18,CASORATE SEMPIONE,whole,,39,CASORATE SEMPIONE,1.0
senato-mattarellum-1993-corrected,LOMBARDIA,18,CASSANO MAGNAGO,whole,,39,CASSANO MAGNAGO,1.0
senato-mattarellum-1993-corrected,LOMBARDIA,18,CASTELSEPRIO,whole,,39,CASTELSEPRIO,1.0
senato-mattarellum-1993-corrected,LOMBARDIA,18,CASTIGLIONE OLONA,whole,,39,CASTIGLIONE OLONA,1.0
senato-mattarellum-1993-corrected,LOMBARDIA,18,CASTRONNO,whole,,39,CASTRONNO,1.0
senato-mattarellum-1993-corrected,LOMBARDIA,18,CAVARIA CON PREMEZZO,whole,,39,CAVARIA CON PREMEZZO,1.0
senato-mattarellum-1993-corrected,LOMBARDIA,18,CAZZAGO BRABBIA,whole,,39,CAZZAGO BRABBIA,1.0
senato-mattarellum-1993-corrected,LOMBARDIA,18,COMABBIO,whole,,39,COMARBIO,0.875
senato-mattarellum-1993-corrected,LOMBARDIA,18,CROSIO DELLA VALLE,whole,,39,CROSIO DELLA VALLE,1.0
senato-mattarellum-1993-corrected,LOMBARDIA,18,DAVERIO,whole,,39,DAVERIO,1.0
senato-mattarellum-1993-corrected,LOMBARDIA,18,GALLARATE,whole,,39,GALLARATE,1.0
senato-mattarellum-1993-corrected,LOMBARDIA,18,GALLIATE LOMBARDO,whole,,39,GALLIATE LOMBARDO,1.0
senato-mattarellum-1993-corrected,LOMBARDIA,18,GAZZADA SCHIANNO,whole,,39,GAZZADA SCHIANNO,1.0
senato-mattarellum-1993-corrected,LOMBARDIA,18,GOLASECCA,whole,,39,6EOLASECCA,0.889
senato-mattarellum-1993-corrected,LOMBARDIA,18,GORNATE OLONA,whole,,39,GORNATE - OLONA,1.0
senato-mattarellum-1993-corrected,LOMBARDIA,18,INARZO,whole,,39,INARZO.,1.0
senato-mattarellum-1993-corrected,LOMBARDIA,18,ISPRA,whole,,39,ISPRA,1.0
senato-mattarellum-1993-corrected,LOMBARDIA,18,JERAGO CON ORAGO,whole,,39,JERAGO CON ORAGO,1.0
senato-mattarellum-1993-corrected,LOMBARDIA,18,LEGGIUNO,whole,,39,LEGGIUNO,1.0
senato-mattarellum-1993-corrected,LOMBARDIA,18,LONATE CEPPINO,whole,,39,LONATE CEPPINO,1.0
senato-mattarellum-1993-corrected,LOMBARDIA,18,LOZZA,whole,,39,LOZZA,1.0
senato-mattarellum-1993-corrected,LOMBARDIA,18,MALGESSO,whole,,39,MALGESSO,1.0
senato-mattarellum-1993-corrected,LOMBARDIA,18,MERCALLO,whole,,39,MERCALLO,1.0
senato-mattarellum-1993-corrected,LOMBARDIA,18,MONVALLE,whole,,39,FHONVALLE,0.889
senato-mattarellum-1993-corrected,LOMBARDIA,18,MORAZZONE,whole,,39,MORAZZONE,1.0
senato-mattarellum-1993-corrected,LOMBARDIA,18,MORNAGO,whole,,39,MORNAGO,1.0
senato-mattarellum-1993-corrected,LOMBARDIA,18,OGGIONA CON SANTO STEFANO,whole,,39,UGGIONA CON SANTO STEFANO,0.955
senato-mattarellum-1993-corrected,LOMBARDIA,18,OSMATE,whole,,39,USMATE,0.833
senato-mattarellum-1993-corrected,LOMBARDIA,18,RANCO,whole,,39,RANCO,1.0
senato-mattarellum-1993-corrected,LOMBARDIA,18,SESTO CALENDE,whole,,39,SESTO CALENDE,1.0
senato-mattarellum-1993-corrected,LOMBARDIA,18,SOLBIATE ARNO,whole,,39,SULBIATE ARNU,0.833
senato-mattarellum-1993-corrected,LOMBARDIA,18,SUMIRAGO,whole,,39,SUMIRAGO,1.0
senato-mattarellum-1993-corrected,LOMBARDIA,18,TAINO,whole,,39,TAINO,1.0
senato-mattarellum-1993-corrected,LOMBARDIA,18,TERNATE,whole,,39,TERNATE,1.0
senato-mattarellum-1993-corrected,LOMBARDIA,18,TRADATE,whole,,39,TRADATE,1.0
senato-mattarellum-1993-corrected,LOMBARDIA,18,TRAVEDONA-MONATE,whole,,39,TRAVEDOUNA-MONATE,0.938
senato-mattarellum-1993-corrected,LOMBARDIA,18,VARANO BORGHI,whole,,39,VARANO BORGHI,1.0
senato-mattarellum-1993-corrected,LOMBARDIA,18,VEDANO OLONA,whole,,39,“VEDANO OLONA,1.0
senato-mattarellum-1993-corrected,LOMBARDIA,18,VENEGONO INFERIORE,whole,,39,VENEGONO INFERIORE,1.0
senato-mattarellum-1993-corrected,LOMBARDIA,18,VENEGONO SUPERIORE,whole,,39,VENEGONO SUPERIORE,1.0
senato-mattarellum-1993-corrected,LOMBARDIA,18,VERGIATE,whole,,39,VERGIATE,1.0
senato-mattarellum-1993-corrected,LOMBARDIA,19,BUSTO ARSIZIO,whole,,39,BUSTO ARSIZIO,1.0
senato-mattarellum-1993-corrected,LOMBARDIA,19,CARDANO AL CAMPO,whole,,39,CARDANO AL CAMPO,1.0
senato-mattarellum-1993-corrected,LOMBARDIA,19,CARONNO PERTUSELLA,whole,,39,CARONNO PERTUSELLA,1.0
senato-mattarellum-1993-corrected,LOMBARDIA,19,CASTELLANZA,whole,,39,CASTELLANZA,1.0
senato-mattarellum-1993-corrected,LOMBARDIA,19,CISLAGO,whole,,39,CISLAGO,1.0
senato-mattarellum-1993-corrected,LOMBARDIA,19,FAGNANO OLONA,whole,,39,FAGNANO OLONA,1.0
senato-mattarellum-1993-corrected,LOMBARDIA,19,FERNO,whole,,39,FERNO,1.0
senato-mattarellum-1993-corrected,LOMBARDIA,19,GERENZANO,whole,,39,GERENZANO,1.0
senato-mattarellum-1993-corrected,LOMBARDIA,19,GORLA MAGGIORE,whole,,39,GORLA MAGGIORE,1.0
senato-mattarellum-1993-corrected,LOMBARDIA,19,GORLA MINORE,whole,,39,GORLA MINORE,1.0
senato-mattarellum-1993-corrected,LOMBARDIA,19,LONATE POZZOLO,whole,,39,LONATE POZZOLO,1.0
senato-mattarellum-1993-corrected,LOMBARDIA,19,MARNATE,whole,,39,HARNATE,1.0
senato-mattarellum-1993-corrected,LOMBARDIA,19,OLGIATE OLONA,whole,,39,ULGIATE OLONA,0.917
senato-mattarellum-1993-corrected,LOMBARDIA,19,ORIGGIO,whole,,39,ORI1GGIO,0.875
senato-mattarellum-1993-corrected,LOMBARDIA,19,SAMARATE,whole,,39,SAMARATE,1.0
senato-mattarellum-1993-corrected,LOMBARDIA,19,SARONNO,whole,,39,SARONNO,1.0
senato-mattarellum-1993-corrected,LOMBARDIA,19,SOLBIATE OLONA,whole,,39,SOLBIATE OLONA,1.0
senato-mattarellum-1993-corrected,LOMBARDIA,19,SOMMA LOMBARDO,whole,,39,SOMMA LOMBARDO,1.0
senato-mattarellum-1993-corrected,LOMBARDIA,19,UBOLDO,whole,,40,UBOL DO,1.0
senato-mattarellum-1993-corrected,LOMBARDIA,19,VIZZOLA TICINO,whole,,40,VIZZULA TICINO,0.923
senato-mattarellum-1993-corrected,LOMBARDIA,20,ALBIOLO,whole,,40,ALBIOLO,1.0
senato-mattarellum-1993-corrected,LOMBARDIA,20,APPIANO GENTILE,whole,,40,APPIANO GENTILE,1.0
senato-mattarellum-1993-corrected,LOMBARDIA,20,BEREGAZZO CON FIGLIARO,whole,,40,BEREGAZZO CON FIGLIARO,1.0
senato-mattarellum-1993-corrected,LOMBARDIA,20,BINAGO,whole,,40,BINAGO,1.0
senato-mattarellum-1993-corrected,LOMBARDIA,20,BIZZARONE,whole,,40,BIZZARONE,1.0
senato-mattarellum-1993-corrected,LOMBARDIA,20,BLEVIO,whole,,40,BLEVIO,1.0
senato-mattarellum-1993-corrected,LOMBARDIA,20,BREGNANO,whole,,40,BREGNANO,1.0
senato-mattarellum-1993-corrected,LOMBARDIA,20,BRUNATE,whole,,40,BRUNATE,1.0
senato-mattarellum-1993-corrected,LOMBARDIA,20,BULGAROGRASSO,whole,,40,BULGAROGRASSO,1.0
senato-mattarellum-1993-corrected,LOMBARDIA,20,CADORAGO,whole,,40,CADORAGO,1.0
senato-mattarellum-1993-corrected,LOMBARDIA,20,CAGNO,whole,,40,CAGNO,1.0
senato-mattarellum-1993-corrected,LOMBARDIA,20,CARATE URIO,whole,,40,CARATE URIO,1.0
senato-mattarellum-1993-corrected,LOMBARDIA,20,CARBONATE,whole,,40,CARBONATE,1.0
senato-mattarellum-1993-corrected,LOMBARDIA,20,CASSINA RIZZARDI,whole,,40,CASSINA RIZZARDI,1.0
senato-mattarellum-1993-corrected,LOMBARDIA,20,CASTELNUOVO BOZZENTE,whole,,40,CASTELNUOVO BOZZENTE,1.0
senato-mattarellum-1993-corrected,LOMBARDIA,20,CAVALLASCA,whole,,40,CAVALLASCA,1.0
senato-mattarellum-1993-corrected,LOMBARDIA,20,CERNOBBIO,whole,,40,CERNOBBIO,1.0
senato-mattarellum-1993-corrected,LOMBARDIA,20,CIRIMIDO,whole,,40,CIRINMIDO,0.889
senato-mattarellum-1993-corrected,LOMBARDIA,20,COMO,whole,,40,CUOMO,0.8
senato-mattarellum-1993-corrected,LOMBARDIA,20,DREZZO,whole,,40,DREZZO,1.0
senato-mattarellum-1993-corrected,LOMBARDIA,20,FALOPPIO,whole,,40,FALOPP1IO,0.889
senato-mattarellum-1993-corrected,LOMBARDIA,20,FENEGRO',whole,,40,FENEGRO',1.0
senato-mattarellum-1993-corrected,LOMBARDIA,20,FINO MORNASCO,whole,,40,FINO MORNASCO,1.0
senato-mattarellum-1993-corrected,LOMBARDIA,20,GIRONICO,whole,,40,GIRONICO,1.0
senato-mattarellum-1993-corrected,LOMBARDIA,20,GRANDATE,whole,,40,GRANDATE,1.0
senato-mattarellum-1993-corrected,LOMBARDIA,20,GUANZATE,whole,,40,GUANZATE,1.0
senato-mattarellum-1993-corrected,LOMBARDIA,20,LAGLIO,whole,,40,LAGLIO,1.0
senato-mattarellum-1993-corrected,LOMBARDIA,20,LIMIDO COMASCO,whole,,40,LIMIDO COMASCO,1.0
senato-mattarellum-1993-corrected,LOMBARDIA,20,LIPOMO,whole,,40,LI1POMO,0.857
senato-mattarellum-1993-corrected,LOMBARDIA,20,LOCATE VARESINO,whole,,40,LOCATE VARESINOG,0.933
senato-mattarellum-1993-corrected,LOMBARDIA,20,LOMAZZO,whole,,40,LOMAZZO,1.0
senato-mattarellum-1993-corrected,LOMBARDIA,20,LUISAGO,whole,,40,LUTSAGO,0.857
senato-mattarellum-1993-corrected,LOMBARDIA,20,LURAGO MARINONE,whole,,40,LURAGO MAR IÎNONE,1.0
senato-mattarellum-1993-corrected,LOMBARDIA,20,LURATE CACCIVIO,whole,,40,LURATE CACCIVIO,1.0
senato-mattarellum-1993-corrected,LOMBARDIA,20,MASLIANICO,whole,,40,MASLIANICO,1.0
senato-mattarellum-1993-corrected,LOMBARDIA,20,MOLTRASIO,whole,,40,MOLTRASIO,1.0
senato-mattarellum-1993-corrected,LOMBARDIA,20,MONTANO LUCINO,whole,,40,MONTANO LUCINO,1.0
senato-mattarellum-1993-corrected,LOMBARDIA,20,MOZZATE,whole,,40,MOZZATE,1.0
senato-mattarellum-1993-corrected,LOMBARDIA,20,OLGIATE COMASCO,whole,,40,OLGIATE COMASCO,1.0
senato-mattarellum-1993-corrected,LOMBARDIA,20,OLTRONA DI SAN MAMETTE,whole,,40,OLTRONA DI SAN HAMETTE,1.0
senato-mattarellum-1993-corrected,LOMBARDIA,20,PARE',whole,,40,PARE * ”,1.0
senato-mattarellum-1993-corrected,LOMBARDIA,20,RODERO,whole,,40,RODERO .,1.0
senato-mattarellum-1993-corrected,LOMBARDIA,20,RONAGO,whole,,40,RONAGO,1.0
senato-mattarellum-1993-corrected,LOMBARDIA,20,ROVELLASCA,whole,,40,ROVELLASCA,1.0
senato-mattarellum-1993-corrected,LOMBARDIA,20,ROVELLO PORRO,whole,,40,ROVELLO PORRO,1.0
senato-mattarellum-1993-corrected,LOMBARDIA,20,SAN FERMO DELLA BATTAGLIA,whole,,40,SAN FERMO DELLA BATTAGLIA,1.0
senato-mattarellum-1993-corrected,LOMBARDIA,20,SOLBIATE,whole,,40,SOLBIATE,1.0
senato-mattarellum-1993-corrected,LOMBARDIA,20,TORNO,whole,,40,TORNO,1.0
senato-mattarellum-1993-corrected,LOMBARDIA,20,TURATE,whole,,40,TURATE,1.0
senato-mattarellum-1993-corrected,LOMBARDIA,20,UGGIATE-TREVANO,whole,,40,UGGIATE-TREVANO,1.0
senato-mattarellum-1993-corrected,LOMBARDIA,20,VALMOREA,whole,,40,VALMOREA i,0.889
senato-mattarellum-1993-corrected,LOMBARDIA,20,VENIANO,whole,,40,VENTANO,0.857
senato-mattarellum-1993-corrected,LOMBARDIA,20,VILLA GUARDIA,whole,,40,VILLA GUARDIA,1.0
senato-mattarellum-1993-corrected,LOMBARDIA,21,ALBAVILLA,whole,,40,ALBAVILLA,1.0
senato-mattarellum-1993-corrected,LOMBARDIA,21,ALBESE CON CASSANO,whole,,40,ALBESE CON CASSANO,1.0
senato-mattarellum-1993-corrected,LOMBARDIA,21,ALSERIO,whole,,40,AiLSERIO,0.875
senato-mattarellum-1993-corrected,LOMBARDIA,21,ALZATE BRIANZA,whole,,40,ALZATE BRIANZA,1.0
senato-mattarellum-1993-corrected,LOMBARDIA,21,ANZANO DEL PARCO,whole,,40,ANZANO DEL PARCO,1.0
senato-mattarellum-1993-corrected,LOMBARDIA,21,AROSIO,whole,,40,AROSIO,1.0
senato-mattarellum-1993-corrected,LOMBARDIA,21,ASSO,whole,,40,ASSO,1.0
senato-mattarellum-1993-corrected,LOMBARDIA,21,BARNI,whole,,40,BARNI,1.0
senato-mattarellum-1993-corrected,LOMBARDIA,21,BELLAGIO,whole,,41,BELLAGIO,1.0
senato-mattarellum-1993-corrected,LOMBARDIA,21,BRENNA,whole,,41,"BRENNA,",1.0
senato-mattarellum-1993-corrected,LOMBARDIA,21,CABIATE,whole,,41,CABIATE,1.0
senato-mattarellum-1993-corrected,LOMBARDIA,21,CAGLIO,whole,,41,CAGLIO,1.0
senato-mattarellum-1993-corrected,LOMBARDIA,21,CANTU',whole,,41,CANTU!,1.0
senato-mattarellum-1993-corrected,LOMBARDIA,21,CANZO,whole,,41,CANZO,1.0
senato-mattarellum-1993-corrected,LOMBARDIA,21,CAPIAGO INTIMIANO,whole,,41,CAPIAGO INTIMIANO,1.0
senato-mattarellum-1993-corrected,LOMBARDIA,21,CARIMATE,whole,,41,CARIMATE,1.0
senato-mattarellum-1993-corrected,LOMBARDIA,21,CARUGO,whole,,41,CARUGO,1.0
senato-mattarellum-1993-corrected,LOMBARDIA,21,CASLINO D'ERBA,whole,,41,CASLINO D'ERBA,1.0
senato-mattarellum-1993-corrected,LOMBARDIA,21,CASNATE CON BERNATE,whole,,41,CASNATE CAN BERNATE,0.941
senato-mattarellum-1993-corrected,LOMBARDIA,21,CASTELMARTE,whole,,41,CASTELMARTE,1.0
senato-mattarellum-1993-corrected,LOMBARDIA,21,CERMENATE,whole,,41,CERMENATE,1.0
senato-mattarellum-1993-corrected,LOMBARDIA,21,CIVENNA,whole,,41,CIVENNA,1.0
senato-mattarellum-1993-corrected,LOMBARDIA,21,CUCCIAGO,whole,,41,CUCCIASGO,0.889
senato-mattarellum-1993-corrected,LOMBARDIA,21,ERBA,whole,,41,ERBA,1.0
senato-mattarellum-1993-corrected,LOMBARDIA,21,EUPILIO,whole,,41,EUPILIO,1.0
senato-mattarellum-1993-corrected,LOMBARDIA,21,FAGGETO LARIO,whole,,41,FAGGETO LARIO,1.0
senato-mattarellum-1993-corrected,LOMBARDIA,21,FIGINO SERENZA,whole,,41,FIGINU SERENZA,0.923
senato-mattarellum-1993-corrected,LOMBARDIA,21,INVERIGO,whole,,41,INVER IGO,1.0
senato-mattarellum-1993-corrected,LOMBARDIA,21,LAMBRUGO,whole,,41,LAMBRUGO,1.0
senato-mattarellum-1993-corrected,LOMBARDIA,21,LASNIGO,whole,,41,LASNIGO .,1.0
senato-mattarellum-1993-corrected,LOMBARDIA,21,LEZZENO,whole,,41,LEZZENO,1.0
senato-mattarellum-1993-corrected,LOMBARDIA,21,LONGONE AL SEGRINO,whole,,41,LONGONE AL SEGRINO,1.0
senato-mattarellum-1993-corrected,LOMBARDIA,21,LURAGO D'ERBA,whole,,41,LURAGO D'ERBA,1.0
senato-mattarellum-1993-corrected,LOMBARDIA,21,MAGREGLIO,whole,,41,MAGREGLIO,1.0
senato-mattarellum-1993-corrected,LOMBARDIA,21,MARIANO COMENSE,whole,,41,MARIANO COMENSE,1.0
senato-mattarellum-1993-corrected,LOMBARDIA,21,MERONE,whole,,41,MERONE,1.0
senato-mattarellum-1993-corrected,LOMBARDIA,21,MONGUZZO,whole,,41,NONGUZZO,0.875
senato-mattarellum-1993-corrected,LOMBARDIA,21,MONTORFANO,whole,,41,HMHONTORF ANO,0.833
senato-mattarellum-1993-corrected,LOMBARDIA,21,NESSO,whole,,41,NESSO,1.0
senato-mattarellum-1993-corrected,LOMBARDIA,21,NOVEDRATE,whole,,41,NOVE DRATE,1.0
senato-mattarellum-1993-corrected,LOMBARDIA,21,ORSENIGO,whole,,41,ORSENIGO,1.0
senato-mattarellum-1993-corrected,LOMBARDIA,21,POGNANA LARIO,whole,,41,POGNANA LARIO,1.0
senato-mattarellum-1993-corrected,LOMBARDIA,21,PONTE LAMBRO,whole,,41,PONTE LAMBRO,1.0
senato-mattarellum-1993-corrected,LOMBARDIA,21,PROSERPIO,whole,,41,PROSERPIO,1.0
senato-mattarellum-1993-corrected,LOMBARDIA,21,PUSIANO,whole,,41,PUSIANO,1.0
senato-mattarellum-1993-corrected,LOMBARDIA,21,REZZAGO,whole,,41,REZZAGO,1.0
senato-mattarellum-1993-corrected,LOMBARDIA,21,SENNA COMASCO,whole,,41,SENNA TOMASCO,0.917
senato-mattarellum-1993-corrected,LOMBARDIA,21,SORMANO,whole,,41,SURMANO,0.857
senato-mattarellum-1993-corrected,LOMBARDIA,21,TAVERNERIO,whole,,41,TAVERNERIO,1.0
senato-mattarellum-1993-corrected,LOMBARDIA,21,VALBRONA,whole,,41,VAL BRONA,1.0
senato-mattarellum-1993-corrected,LOMBARDIA,21,VELESO,whole,,41,VELESO,1.0
senato-mattarellum-1993-corrected,LOMBARDIA,21,VERTEMATE CON MINOPRIO,whole,,41,VERTEMATE CON MINOPRIO,1.0
senato-mattarellum-1993-corrected,LOMBARDIA,21,ZELBIO,whole,,41,ZELBIO,1.0
senato-mattarellum-1993-corrected,LOMBARDIA,21,ANNONE DI BRIANZA,whole,,41,ANNONE DI BRIANZA,1.0
senato-mattarellum-1993-corrected,LOMBARDIA,21,BARZAGO,whole,,41,BARZAGO,1.0
senato-mattarellum-1993-corrected,LOMBARDIA,21,BARZANO',whole,,41,BARZANO',1.0
senato-mattarellum-1993-corrected,LOMBARDIA,21,BOSISIO PARINI,whole,,41,BOSISIO PARINI,1.0
senato-mattarellum-1993-corrected,LOMBARDIA,21,BULCIAGO,whole,,41,BULCIAGO,1.0
senato-mattarellum-1993-corrected,LOMBARDIA,21,CASSAGO BRIANZA,whole,,41,CASSAGU BRIANZA,0.929
senato-mattarellum-1993-corrected,LOMBARDIA,21,CESANA BRIANZA,whole,,41,CESANA BRIANZA,1.0
senato-mattarellum-1993-corrected,LOMBARDIA,21,CIVATE,whole,,41,CIVATE,1.0
senato-mattarellum-1993-corrected,LOMBARDIA,21,COSTA MASNAGA,whole,,41,COSTA MASNAGA,1.0
senato-mattarellum-1993-corrected,LOMBARDIA,21,CREMELLA,whole,,41,CREMELLA,1.0
senato-mattarellum-1993-corrected,LOMBARDIA,21,GARBAGNATE MONASTERO,whole,,41,GARBAGNATE MONASTERO,1.0
senato-mattarellum-1993-corrected,LOMBARDIA,21,MALGRATE,whole,,41,MALGRATE,1.0
senato-mattarellum-1993-corrected,LOMBARDIA,21,MOLTENO,whole,,41,MOLTENO,1.0
senato-mattarellum-1993-corrected,LOMBARDIA,21,NIBIONNO,whole,,41,NIBIONNO,1.0
senato-mattarellum-1993-corrected,LOMBARDIA,21,OGGIONO,whole,,41,O0OGGIONO,0.778
senato-mattarellum-1993-corrected,LOMBARDIA,21,ROGENO,whole,,41,ROGENO,1.0
senato-mattarellum-1993-corrected,LOMBARDIA,21,SIRONE,whole,,41,SIRONE,1.0
senato-mattarellum-1993-corrected,LOMBARDIA,21,SUELLO,whole,,41,SUELLO,1.0
senato-mattarellum-1993-corrected,LOMBARDIA,21,VALMADRERA,whole,,41,VALMADRERA,1.0
senato-mattarellum-1993-corrected,LOMBARDIA,22,BORGOSATOLLO,whole,,41,BORGOSATOLLO,1.0
senato-mattarellum-1993-corrected,LOMBARDIA,22,BOVEZZO,whole,,41,BOVEZZO,1.0
senato-mattarellum-1993-corrected,LOMBARDIA,22,BRESCIA,whole,,41,BRESCIA,1.0
senato-mattarellum-1993-corrected,LOMBARDIA,22,CASTEL MELLA,whole,,42,CASTEL MELLA,1.0
senato-mattarellum-1993-corrected,LOMBARDIA,22,CASTENEDOLO,whole,,42,CASTENE DOLO,1.0
senato-mattarellum-1993-corrected,LOMBARDIA,22,CELLATICA,whole,,42,CELLATICA,1.0
senato-mattarellum-1993-corrected,LOMBARDIA,22,COLLEBEATO,whole,,42,CQOLLEBEATO,0.909
senato-mattarellum-1993-corrected,LOMBARDIA,22,FLERO,whole,,42,FLERO,1.0
senato-mattarellum-1993-corrected,LOMBARDIA,22,NAVE,whole,,42,NAVE,1.0
senato-mattarellum-1993-corrected,LOMBARDIA,22,RONCADELLE,whole,,42,RONCADELLE,1.0
senato-mattarellum-1993-corrected,LOMBARDIA,22,SAN ZENO NAVIGLIO,whole,,42,SAN ZENO NAVIGLIO,1.0
senato-mattarellum-1993-corrected,LOMBARDIA,23,AGNOSINE,whole,,42,AGNOSINE,1.0
senato-mattarellum-1993-corrected,LOMBARDIA,23,ANFO,whole,,42,ANFO,1.0
senato-mattarellum-1993-corrected,LOMBARDIA,23,ANGOLO TERME,whole,,42,ANGOLO TERME,1.0
senato-mattarellum-1993-corrected,LOMBARDIA,23,ARTOGNE,whole,,42,ARTOGNE,1.0
senato-mattarellum-1993-corrected,LOMBARDIA,23,BAGOLINO,whole,,42,BAGOL INO,1.0
senato-mattarellum-1993-corrected,LOMBARDIA,23,BARGHE,whole,,42,BARGHE,1.0
senato-mattarellum-1993-corrected,LOMBARDIA,23,BERZO DEMO,whole,,42,BERZO DEMO,1.0
senato-mattarellum-1993-corrected,LOMBARDIA,23,BERZO INFERIORE,whole,,42,BERZO INFERIORE,1.0
senato-mattarellum-1993-corrected,LOMBARDIA,23,BIENNO,whole,,42,BIENNCO,0.857
senato-mattarellum-1993-corrected,LOMBARDIA,23,BIONE,whole,,42,BIONE,1.0
senato-mattarellum-1993-corrected,LOMBARDIA,23,BORNO,whole,,42,BORNO,1.0
senato-mattarellum-1993-corrected,LOMBARDIA,23,BOVEGNO,whole,,42,BOVEGNO,1.0
senato-mattarellum-1993-corrected,LOMBARDIA,23,BRAONE,whole,,42,BRAONE,1.0
senato-mattarellum-1993-corrected,LOMBARDIA,23,BRENO,whole,,42,BRENG,0.8
senato-mattarellum-1993-corrected,LOMBARDIA,23,BRIONE,whole,,42,BRIONE,1.0
senato-mattarellum-1993-corrected,LOMBARDIA,23,CAINO,whole,,42,CAINO,1.0
senato-mattarellum-1993-corrected,LOMBARDIA,23,CAPO DI PONTE,whole,,42,CAPO DI PONTE,1.0
senato-mattarellum-1993-corrected,LOMBARDIA,23,CAPOVALLE,whole,,42,CAPOVALLE,1.0
senato-mattarellum-1993-corrected,LOMBARDIA,23,CASTO,whole,,42,CASTO,1.0
senato-mattarellum-1993-corrected,LOMBARDIA,23,CEDEGOLO,whole,,42,CEDEGOLO,1.0
senato-mattarellum-1993-corrected,LOMBARDIA,23,CERVENO,whole,,42,CERVENO,1.0
senato-mattarellum-1993-corrected,LOMBARDIA,23,CETO,whole,,42,CETO,1.0
senato-mattarellum-1993-corrected,LOMBARDIA,23,,whole,,42,CTEVGO,0.667
senato-mattarellum-1993-corrected,LOMBARDIA,23,CIMBERGO,whole,,42,CEIMSERGO,0.778
senato-mattarellum-1993-corrected,LOMBARDIA,23,CIVIDATE CAMUNO,whole,,42,CIVIDATE CAMUNO,1.0
senato-mattarellum-1993-corrected,LOMBARDIA,23,COLLIO,whole,,42,COLLIO,1.0
senato-mattarellum-1993-corrected,LOMBARDIA,23,CONCESIO,whole,,42,CONCESIO,1.0
senato-mattarellum-1993-corrected,LOMBARDIA,23,CORTENO GOLGI,whole,,42,CORTENO GOLGI,1.0
senato-mattarellum-1993-corrected,LOMBARDIA,23,DARFO BOARIO TERME,whole,,42,DARFO BOARIO TERHE,1.0
senato-mattarellum-1993-corrected,LOMBARDIA,23,EDOLO,whole,,42,E DOLO,1.0
senato-mattarellum-1993-corrected,LOMBARDIA,23,ESINE,whole,,42,ESINE,1.0
senato-mattarellum-1993-corrected,LOMBARDIA,23,GARDONE RIVIERA,whole,,42,GARDONE RIVIERA,1.0
senato-mattarellum-1993-corrected,LOMBARDIA,23,GARDONE VAL TROMPIA,whole,,42,GARDONE VAL TROMPIA,1.0
senato-mattarellum-1993-corrected,LOMBARDIA,23,GARGNANO,whole,,42,GARGNANO,1.0
senato-mattarellum-1993-corrected,LOMBARDIA,23,GIANICO,whole,,42,GIANICO,1.0
senato-mattarellum-1993-corrected,LOMBARDIA,23,IDRO,whole,,42,1ORO,0.75
senato-mattarellum-1993-corrected,LOMBARDIA,23,INCUDINE,whole,,42,INCUDINE,1.0
senato-mattarellum-1993-corrected,LOMBARDIA,23,IRMA,whole,,42,IRMA,1.0
senato-mattarellum-1993-corrected,LOMBARDIA,23,LAVENONE,whole,,42,LAVENONE,1.0
senato-mattarellum-1993-corrected,LOMBARDIA,23,LIMONE SUL GARDA,whole,,42,LIMONE SUL GARDA,1.0
senato-mattarellum-1993-corrected,LOMBARDIA,23,LODRINO,whole,,42,LQODR INO,0.875
senato-mattarellum-1993-corrected,LOMBARDIA,23,LOSINE,whole,,42,LUOSINE,0.857
senato-mattarellum-1993-corrected,LOMBARDIA,23,,whole,,42,L00218,0.6
senato-mattarellum-1993-corrected,LOMBARDIA,23,LUMEZZANE,whole,,42,LUME ZZANE,1.0
senato-mattarellum-1993-corrected,LOMBARDIA,23,MAGASA,whole,,42,MAGASA,1.0
senato-mattarellum-1993-corrected,LOMBARDIA,23,MALEGNO,whole,,42,MALEGNO,1.0
senato-mattarellum-1993-corrected,LOMBARDIA,23,MALONNO,whole,,42,MAL ONNO,1.0
senato-mattarellum-1993-corrected,LOMBARDIA,23,MARCHENO,whole,,42,MARCHENO,1.0
senato-mattarellum-1993-corrected,LOMBARDIA,23,MARMENTINO,whole,,42,MARMENTINO,1.0
senato-mattarellum-1993-corrected,LOMBARDIA,23,MARONE,whole,,42,MARONE,1.0
senato-mattarellum-1993-corrected,LOMBARDIA,23,MONNO,whole,,42,MONNO,1.0
senato-mattarellum-1993-corrected,LOMBARDIA,23,MONTE ISOLA,whole,,42,MONTE ISOLA,1.0
senato-mattarellum-1993-corrected,LOMBARDIA,23,MONTICELLI BRUSATI,whole,,42,MONTICELLI BRUSATI,1.0
senato-mattarellum-1993-corrected,LOMBARDIA,23,MURA,whole,,42,MURA,1.0
senato-mattarellum-1993-corrected,LOMBARDIA,23,NIARDO,whole,,42,NIARDO,1.0
senato-mattarellum-1993-corrected,LOMBARDIA,23,ONO SAN PIETRO,whole,,42,DONO SAN PIETRO,0.923
senato-mattarellum-1993-corrected,LOMBARDIA,23,,whole,,42,DSSTMOQ,0.571
senato-mattarellum-1993-corrected,LOMBARDIA,23,PAISCO LOVENO,whole,,43,PAISCO LOVENO,1.0
senato-mattarellum-1993-corrected,LOMBARDIA,23,PASPARDO,whole,,43,PASPARDO,1.0
senato-mattarellum-1993-corrected,LOMBARDIA,23,PERTICA ALTA,whole,,43,PERTICA -ALTA,1.0
senato-mattarellum-1993-corrected,LOMBARDIA,23,PERTICA BASSA,whole,,43,PERTICA BASSA,1.0
senato-mattarellum-1993-corrected,LOMBARDIA,23,PEZZAZE,whole,,43,PEZZAZE,1.0
senato-mattarellum-1993-corrected,LOMBARDIA,23,PIAN CAMUNO,whole,,43,PIAN CAMUNO,1.0
senato-mattarellum-1993-corrected,LOMBARDIA,23,PISOGNE,whole,,43,PISOGNE,1.0
senato-mattarellum-1993-corrected,LOMBARDIA,23,POLAVENO,whole,,43,POLAVENO,1.0
senato-mattarellum-1993-corrected,LOMBARDIA,23,PONTE DI LEGNO,whole,,43,PONTE DI LEGNO,1.0
senato-mattarellum-1993-corrected,LOMBARDIA,23,PRESEGLIE,whole,,43,PRESEGLIE,1.0
senato-mattarellum-1993-corrected,LOMBARDIA,23,PRESTINE,whole,,43,PRESTINE,1.0
senato-mattarellum-1993-corrected,LOMBARDIA,23,PROVAGLIO VAL SABBIA,whole,,43,PROVAGLIO VAL SABBIA,1.0
senato-mattarellum-1993-corrected,LOMBARDIA,23,ROE' VOLCIANO,whole,,43,ROE' VOLCIANO,1.0
senato-mattarellum-1993-corrected,LOMBARDIA,23,SABBIO CHIESE,whole,,43,SABBIO CHIESE,1.0
senato-mattarellum-1993-corrected,LOMBARDIA,23,SALE MARASINO,whole,,43,SALE MARASINO,1.0
senato-mattarellum-1993-corrected,LOMBARDIA,23,SAREZZO,whole,,43,SAREZZO,1.0
senato-mattarellum-1993-corrected,LOMBARDIA,23,SAVIORE DELL'ADAMELLO,whole,,43,SAVIGRE DELL'ADAMELLO,0.947
senato-mattarellum-1993-corrected,LOMBARDIA,23,SELLERO,whole,,43,SELLERO,1.0
senato-mattarellum-1993-corrected,LOMBARDIA,23,SONICO,whole,,43,SUNICO,0.833
senato-mattarellum-1993-corrected,LOMBARDIA,23,SULZANO,whole,,43,SULZANO,1.0
senato-mattarellum-1993-corrected,LOMBARDIA,23,TAVERNOLE SUL MELLA,whole,,43,TAVERNOLE SUL MELLA,1.0
senato-mattarellum-1993-corrected,LOMBARDIA,23,TEMU',whole,,43,TEMU*®,1.0
senato-mattarellum-1993-corrected,LOMBARDIA,23,TIGNALE,whole,,43,TIGNALE,1.0
senato-mattarellum-1993-corrected,LOMBARDIA,23,TOSCOLANO MADERNO,whole,,43,TOSCOLANO - MADERNO,1.0
senato-mattarellum-1993-corrected,LOMBARDIA,23,TREMOSINE,whole,,43,TREHOSINE,1.0
senato-mattarellum-1993-corrected,LOMBARDIA,23,TREVISO BRESCIANO,whole,,43,TREVISO BRESCIANO,1.0
senato-mattarellum-1993-corrected,LOMBARDIA,23,VALLIO TERME,whole,,43,VALLIO TERME,1.0
senato-mattarellum-1993-corrected,LOMBARDIA,23,VALVESTINO,whole,,43,VALVESTINO,1.0
senato-mattarellum-1993-corrected,LOMBARDIA,23,VESTONE,whole,,43,VESTONE,1.0
senato-mattarellum-1993-corrected,LOMBARDIA,23,VEZZA D'OGLIO,whole,,43,VEZZA D'OGLIO,1.0
senato-mattarellum-1993-corrected,LOMBARDIA,23,VILLA CARCINA,whole,,43,VILLA CARCINA,1.0
senato-mattarellum-1993-corrected,LOMBARDIA,23,VILLANUOVA SUL CLISI,whole,,43,VILLANUOVA SUL CLISI,1.0
senato-mattarellum-1993-corrected,LOMBARDIA,23,VIONE,whole,,43,VIONE,1.0
senato-mattarellum-1993-corrected,LOMBARDIA,23,VOBARNO,whole,,43,VOBARNO,1.0
senato-mattarellum-1993-corrected,LOMBARDIA,23,ZONE,whole,,43,ZONE,1.0
senato-mattarellum-1993-corrected,LOMBARDIA,23,PIANCOGNO,whole,,43,PIANCOGNO,1.0
senato-mattarellum-1993-corrected,LOMBARDIA,24,ACQUAFREDDA,whole,,43,ACQUAFRE DDA,1.0
senato-mattarellum-1993-corrected,LOMBARDIA,24,BAGNOLO MELLA,whole,,43,BAGNOLO MELLA,1.0
senato-mattarellum-1993-corrected,LOMBARDIA,24,BASSANO BRESCIANO,whole,,43,BASSANO BRESCIANO,1.0
senato-mattarellum-1993-corrected,LOMBARDIA,24,BEDIZZOLE,whole,,43,BEDIZZOLE,1.0
senato-mattarellum-1993-corrected,LOMBARDIA,24,BOTTICINO,whole,,43,BOTTICINO,1.0
senato-mattarellum-1993-corrected,LOMBARDIA,24,CALCINATO,whole,,43,CALCINATO,1.0
senato-mattarellum-1993-corrected,LOMBARDIA,24,CALVAGESE DELLA RIVIERA,whole,,43,CALVAGESE DELLA RIVIERA,1.0
senato-mattarellum-1993-corrected,LOMBARDIA,24,CALVISANO,whole,,43,CALVISANO,1.0
senato-mattarellum-1993-corrected,LOMBARDIA,24,CAPRIANO DEL COLLE,whole,,43,CAPRIANO DEL COLLE,1.0
senato-mattarellum-1993-corrected,LOMBARDIA,24,CARPENEDOLO,whole,,43,CARPENE DOLO,1.0
senato-mattarellum-1993-corrected,LOMBARDIA,24,CIGOLE,whole,,43,CIGOLE,1.0
senato-mattarellum-1993-corrected,LOMBARDIA,24,DESENZANO DEL GARDA,whole,,43,DESENZANO DEL GARDA,1.0
senato-mattarellum-1993-corrected,LOMBARDIA,24,GAVARDO,whole,,43,GAVARDO,1.0
senato-mattarellum-1993-corrected,LOMBARDIA,24,GHEDI,whole,,43,GHEDI,1.0
senato-mattarellum-1993-corrected,LOMBARDIA,24,GOTTOLENGO,whole,,43,GOTTOLENGO,1.0
senato-mattarellum-1993-corrected,LOMBARDIA,24,ISORELLA,whole,,43,ISORELLA,1.0
senato-mattarellum-1993-corrected,LOMBARDIA,24,LENO,whole,,43,LENO,1.0
senato-mattarellum-1993-corrected,LOMBARDIA,24,LONATO,whole,,43,LONATO,1.0
senato-mattarellum-1993-corrected,LOMBARDIA,24,MANERBA DEL GARDA,whole,,43,HANERBA DEL GARDA,1.0
senato-mattarellum-1993-corrected,LOMBARDIA,24,MANERBIO,whole,,43,MANERBIO,1.0
senato-mattarellum-1993-corrected,LOMBARDIA,24,MAZZANO,whole,,43,MAZZANO,1.0
senato-mattarellum-1993-corrected,LOMBARDIA,24,MONIGA DEL GARDA,whole,,43,MONIGA DEL GARDA,1.0
senato-mattarellum-1993-corrected,LOMBARDIA,24,MONTICHIARI,whole,,43,BONTICHIARI,0.909
senato-mattarellum-1993-corrected,LOMBARDIA,24,MONTIRONE,whole,,43,MONT1IRONE,0.9
senato-mattarellum-1993-corrected,LOMBARDIA,24,MUSCOLINE,whole,,43,HMUSCOL INE,0.9
senato-mattarellum-1993-corrected,LOMBARDIA,24,NUVOLENTO,whole,,43,NUYVOLENTO,0.9
senato-mattarellum-1993-corrected,LOMBARDIA,24,NUVOLERA,whole,,43,NUVOLERA,1.0
senato-mattarellum-1993-corrected,LOMBARDIA,24,OFFLAGA,whole,,43,DFFLAGA,0.857
senato-mattarellum-1993-corrected,LOMBARDIA,24,PADENGHE SUL GARDA,whole,,43,PADENGHE SUL GARDA,1.0
senato-mattarellum-1993-corrected,LOMBARDIA,24,PAITONE,whole,,43,PAITONE,1.0
senato-mattarellum-1993-corrected,LOMBARDIA,24,PAVONE DEL MELLA,whole,,44,PAVONE DEL MELLA,1.0
senato-mattarellum-1993-corrected,LOMBARDIA,24,POLPENAZZE DEL GARDA,whole,,44,POLPENAZZE DEL GARDA,1.0
senato-mattarellum-1993-corrected,LOMBARDIA,24,PONCARALE,whole,,44,PONCARALE,1.0
senato-mattarellum-1993-corrected,LOMBARDIA,24,POZZOLENGO,whole,,44,POZZOLENGO,1.0
senato-mattarellum-1993-corrected,LOMBARDIA,24,PREVALLE,whole,,44,PREVALLE,1.0
senato-mattarellum-1993-corrected,LOMBARDIA,24,PUEGNAGO SUL GARDA,whole,,44,PUEGHAGO SUL GARDA,0.938
senato-mattarellum-1993-corrected,LOMBARDIA,24,REZZATO,whole,,44,REZZATO,1.0
senato-mattarellum-1993-corrected,LOMBARDIA,24,SALO',whole,,44,SALO *,1.0
senato-mattarellum-1993-corrected,LOMBARDIA,24,SAN FELICE DEL BENACO,whole,,44,SAN FELICE DEL BENACO,1.0
senato-mattarellum-1993-corrected,LOMBARDIA,24,SAN GERVASIO BRESCIANO,whole,,44,SAN GERVASITO BRESCIANO,0.952
senato-mattarellum-1993-corrected,LOMBARDIA,24,SERLE,whole,,44,SERLE,1.0
senato-mattarellum-1993-corrected,LOMBARDIA,24,SOIANO DEL LAGO,whole,,44,SOTANO DEL LAGO,0.923
senato-mattarellum-1993-corrected,LOMBARDIA,24,VISANO,whole,,44,VISANO,1.0
senato-mattarellum-1993-corrected,LOMBARDIA,25,ADRO,whole,,44,ADORO,0.8
senato-mattarellum-1993-corrected,LOMBARDIA,25,AZZANO MELLA,whole,,44,AZZANO MELLA,1.0
senato-mattarellum-1993-corrected,LOMBARDIA,25,BARBARIGA,whole,,44,BARBAREGA,0.889
senato-mattarellum-1993-corrected,LOMBARDIA,25,BERLINGO,whole,,44,BERLINGO,1.0
senato-mattarellum-1993-corrected,LOMBARDIA,25,BORGO SAN GIACOMO,whole,,44,BORGO SAN GIACOMO,1.0
senato-mattarellum-1993-corrected,LOMBARDIA,25,BRANDICO,whole,,44,BRANDICO,1.0
senato-mattarellum-1993-corrected,LOMBARDIA,25,CAPRIOLO,whole,,44,CAPRIOLO,1.0
senato-mattarellum-1993-corrected,LOMBARDIA,25,CASTEGNATO,whole,,44,CASTEGNATO,1.0
senato-mattarellum-1993-corrected,LOMBARDIA,25,CASTELCOVATI,whole,,44,CASTELCOVATI,1.0
senato-mattarellum-1993-corrected,LOMBARDIA,25,CASTREZZATO,whole,,44,CASTREZZATO,1.0
senato-mattarellum-1993-corrected,LOMBARDIA,25,CAZZAGO SAN MARTINO,whole,,44,CAZZAGO SAN MARTINO,1.0
senato-mattarellum-1993-corrected,LOMBARDIA,25,CHIARI,whole,,44,CHIARI,1.0
senato-mattarellum-1993-corrected,LOMBARDIA,25,COCCAGLIO,whole,,44,COCCAGLIO,1.0
senato-mattarellum-1993-corrected,LOMBARDIA,25,COLOGNE,whole,,44,COL OGNE,1.0
senato-mattarellum-1993-corrected,LOMBARDIA,25,COMEZZANO-CIZZAGO,whole,,44,COMEZZANO-CIZZAGO,1.0
senato-mattarellum-1993-corrected,LOMBARDIA,25,CORTE FRANCA,whole,,44,CORTE FRANCA,1.0
senato-mattarellum-1993-corrected,LOMBARDIA,25,CORZANO,whole,,44,CORZANO,1.0
senato-mattarellum-1993-corrected,LOMBARDIA,25,DELLO,whole,,44,DELLO,1.0
senato-mattarellum-1993-corrected,LOMBARDIA,25,ERBUSCO,whole,,44,ERBUSCO,1.0
senato-mattarellum-1993-corrected,LOMBARDIA,25,GUSSAGO,whole,,44,GUSSAGA,0.857
senato-mattarellum-1993-corrected,LOMBARDIA,25,LOGRATO,whole,,44,LOGRATO,1.0
senato-mattarellum-1993-corrected,LOMBARDIA,25,LONGHENA,whole,,44,LONGHENA,1.0
senato-mattarellum-1993-corrected,LOMBARDIA,25,MACLODIO,whole,,44,MACLODIO,1.0
senato-mattarellum-1993-corrected,LOMBARDIA,25,MAIRANO,whole,,44,MAIRANO,1.0
senato-mattarellum-1993-corrected,LOMBARDIA,25,ORZINUOVI,whole,,44,ORZINUOVI,1.0
senato-mattarellum-1993-corrected,LOMBARDIA,25,ORZIVECCHI,whole,,44,ORZIVECCHI,1.0
senato-mattarellum-1993-corrected,LOMBARDIA,25,OSPITALETTO,whole,,44,OSPITALETTO,1.0
senato-mattarellum-1993-corrected,LOMBARDIA,25,PADERNO FRANCIACORTA,whole,,44,PADERNO FRANCIACORTA,1.0
senato-mattarellum-1993-corrected,LOMBARDIA,25,PALAZZOLO SULL'OGLIO,whole,,44,PALAZZOLO SULL'OGLIO,1.0
senato-mattarellum-1993-corrected,LOMBARDIA,25,PARATICO,whole,,44,FARATICO,0.875
senato-mattarellum-1993-corrected,LOMBARDIA,25,PASSIRANO,whole,,44,PASSIRANO,1.0
senato-mattarellum-1993-corrected,LOMBARDIA,25,SAN PAOLO,whole,,44,SAN PAOLO,1.0
senato-mattarellum-1993-corrected,LOMBARDIA,25,,whole,,44,PONF TANO,0.625
senato-mattarellum-1993-corrected,LOMBARDIA,25,PONTOGLIO,whole,,44,PONTOGLIO,1.0
senato-mattarellum-1993-corrected,LOMBARDIA,25,PROVAGLIO D'ISEO,whole,,44,PROVAGLIO D*'ISEO,1.0
senato-mattarellum-1993-corrected,LOMBARDIA,25,ROCCAFRANCA,whole,,44,ROCCAFRANCA,1.0
senato-mattarellum-1993-corrected,LOMBARDIA,25,RODENGO-SAIANO,whole,,44,RODENGO-SA 1ANO,1.0
senato-mattarellum-1993-corrected,LOMBARDIA,25,ROVATO,whole,,44,ROVATO,1.0
senato-mattarellum-1993-corrected,LOMBARDIA,25,RUDIANO,whole,,44,RUDITANO,0.875
senato-mattarellum-1993-corrected,LOMBARDIA,25,TORBOLE CASAGLIA,whole,,44,TORBOLE CASAGLIA,1.0
senato-mattarellum-1993-corrected,LOMBARDIA,25,TRAVAGLIATO,whole,,44,TRAVAGLIATO,1.0
senato-mattarellum-1993-corrected,LOMBARDIA,25,TRENZANO,whole,,44,TRENZANO,1.0
senato-mattarellum-1993-corrected,LOMBARDIA,25,URAGO D'OGLIO,whole,,44,URAGO D'OGLIO,1.0
senato-mattarellum-1993-corrected,LOMBARDIA,25,VEROLANUOVA,whole,,44,VEROLANUOVA,1.0
senato-mattarellum-1993-corrected,LOMBARDIA,25,VILLACHIARA,whole,,44,VILLACHIARA,1.0
senato-mattarellum-1993-corrected,LOMBARDIA,26,ALFIANELLO,whole,,44,ALFIANELLO,1.0
senato-mattarellum-1993-corrected,LOMBARDIA,26,FIESSE,whole,,44,FIESSE,1.0
senato-mattarellum-1993-corrected,LOMBARDIA,26,GAMBARA,whole,,44,GAMBARA,1.0
senato-mattarellum-1993-corrected,LOMBARDIA,26,MILZANO,whole,,45,HMILZANO,0.875
senato-mattarellum-1993-corrected,LOMBARDIA,26,PONTEVICO,whole,,45,PONTEVICO,1.0
senato-mattarellum-1993-corrected,LOMBARDIA,26,PRALBOINO,whole,,45,PRALBOINO,1.0
senato-mattarellum-1993-corrected,LOMBARDIA,26,QUINZANO D'OGLIO,whole,,45,QUINZANO D'OGLIO,1.0
senato-mattarellum-1993-corrected,LOMBARDIA,26,REMEDELLO,whole,,45,REMEDELLO,1.0
senato-mattarellum-1993-corrected,LOMBARDIA,26,SENIGA,whole,,45,SENIGA,1.0
senato-mattarellum-1993-corrected,LOMBARDIA,26,VEROLAVECCHIA,whole,,45,VEROLAVECCHIA,1.0
senato-mattarellum-1993-corrected,LOMBARDIA,26,BONEMERSE,whole,,45,BONEMERSE,1.0
senato-mattarellum-1993-corrected,LOMBARDIA,26,CA' D'ANDREA,whole,,45,CA* D'ANDREA,1.0
senato-mattarellum-1993-corrected,LOMBARDIA,26,CALVATONE,whole,,45,CALVATONE,1.0
senato-mattarellum-1993-corrected,LOMBARDIA,26,CAPPELLA DE' PICENARDI,whole,,45,CAPPELLA DE'PICENARDI,1.0
senato-mattarellum-1993-corrected,LOMBARDIA,26,CASALMAGGIORE,whole,,45,CASALMAGGIORE,1.0
senato-mattarellum-1993-corrected,LOMBARDIA,26,CASTELDIDONE,whole,,45,CASTELDIDONE,1.0
senato-mattarellum-1993-corrected,LOMBARDIA,26,CELLA DATI,whole,,45,CELLA DATI,1.0
senato-mattarellum-1993-corrected,LOMBARDIA,26,CICOGNOLO,whole,,45,CICOGNOLO,1.0
senato-mattarellum-1993-corrected,LOMBARDIA,26,CINGIA DE' BOTTI,whole,,45,CINGIA DE' BOTTI,1.0
senato-mattarellum-1993-corrected,LOMBARDIA,26,CORTE DE' CORTESI CON CIGNONE,whole,,45,CORTE DE'CORTESI CON CIGNONE,1.0
senato-mattarellum-1993-corrected,LOMBARDIA,26,CORTE DE' FRATI,whole,,45,CORTE DE'FRATI,1.0
senato-mattarellum-1993-corrected,LOMBARDIA,26,DEROVERE,whole,,45,DERGVERE,0.875
senato-mattarellum-1993-corrected,LOMBARDIA,26,DRIZZONA,whole,,45,DR1Z2ZONA,1.0
senato-mattarellum-1993-corrected,LOMBARDIA,26,GABBIONETA BINANUOVA,whole,,45,GABBIONE TA-BINANUOVA,1.0
senato-mattarellum-1993-corrected,LOMBARDIA,26,GADESCO PIEVE DELMONA,whole,,45,GADESCO-PIEVE DELMONA,1.0
senato-mattarellum-1993-corrected,LOMBARDIA,26,GERRE DE' CAPRIOLI,whole,,45,GERRE DE'CAPRIOLE,0.933
senato-mattarellum-1993-corrected,LOMBARDIA,26,GRONTARDO,whole,,45,GRONTARDO,1.0
senato-mattarellum-1993-corrected,LOMBARDIA,26,GUSSOLA,whole,,45,GUSSOLA,1.0
senato-mattarellum-1993-corrected,LOMBARDIA,26,ISOLA DOVARESE,whole,,45,ISOLA DOVARESE,1.0
senato-mattarellum-1993-corrected,LOMBARDIA,26,MALAGNINO,whole,,45,MALAGNINO,1.0
senato-mattarellum-1993-corrected,LOMBARDIA,26,MARTIGNANA DI PO,whole,,45,HARTIGNANA DI PO,1.0
senato-mattarellum-1993-corrected,LOMBARDIA,26,MOTTA BALUFFI,whole,,45,MOTTA BALUFFI,1.0
senato-mattarellum-1993-corrected,LOMBARDIA,26,OLMENETA,whole,,45,DLMENETA,0.875
senato-mattarellum-1993-corrected,LOMBARDIA,26,PERSICO D'OSIMO,whole,,45,PERSICO DOSIMO,1.0
senato-mattarellum-1993-corrected,LOMBARDIA,26,PESCAROLO ED UNITI,whole,,45,PESCAROLO ED UNITI,1.0
senato-mattarellum-1993-corrected,LOMBARDIA,26,PESSINA CREMONESE,whole,,45,PESSINA CREMONESE,1.0
senato-mattarellum-1993-corrected,LOMBARDIA,26,PIADENA,whole,,45,PIADENA,1.0
senato-mattarellum-1993-corrected,LOMBARDIA,26,PIEVE D'OLMI,whole,,45,PIEVE D'OLMI,1.0
senato-mattarellum-1993-corrected,LOMBARDIA,26,PIEVE SAN GIACOMO,whole,,45,PIEVE SAN GIACOMO,1.0
senato-mattarellum-1993-corrected,LOMBARDIA,26,POZZAGLIO ED UNITI,whole,,45,POZZAGLIO ED UNITI,1.0
senato-mattarellum-1993-corrected,LOMBARDIA,26,RIVAROLO DEL RE ED UNITI,whole,,45,RIVAROLO DEL RE ED UNITI,1.0
senato-mattarellum-1993-corrected,LOMBARDIA,26,ROBECCO D'OGLIO,whole,,45,RUBECCO D'OGLIO,0.923
senato-mattarellum-1993-corrected,LOMBARDIA,26,SAN DANIELE PO,whole,,45,SAN DANIELE PO,1.0
senato-mattarellum-1993-corrected,LOMBARDIA,26,SAN GIOVANNI IN CROCE,whole,,45,SAN GIOVANNI IN CROCE,1.0
senato-mattarellum-1993-corrected,LOMBARDIA,26,SAN MARTINO DEL LAGO,whole,,45,SAN MARTINO DEL LAGO,1.0
senato-mattarellum-1993-corrected,LOMBARDIA,26,SCANDOLARA RAVARA,whole,,45,SCANDOLARA RAVARA,1.0
senato-mattarellum-1993-corrected,LOMBARDIA,26,SCANDOLARA RIPA D'OGLIO,whole,,45,SCANDOLARA RIPA D'OGLIO,1.0
senato-mattarellum-1993-corrected,LOMBARDIA,26,SOLAROLO RAINERIO,whole,,45,SOLAROLO RAINERIO,1.0
senato-mattarellum-1993-corrected,LOMBARDIA,26,SOSPIRO,whole,,45,SOSPIRO,1.0
senato-mattarellum-1993-corrected,LOMBARDIA,26,SPINEDA,whole,,45,SPINEDA,1.0
senato-mattarellum-1993-corrected,LOMBARDIA,26,STAGNO LOMBARDO,whole,,45,STAGNO LOMBARDO,1.0
senato-mattarellum-1993-corrected,LOMBARDIA,26,TORNATA,whole,,45,TORNATA,1.0
senato-mattarellum-1993-corrected,LOMBARDIA,26,TORRE DE' PICENARDI,whole,,45,TORRE DE'PICENARDI,1.0
senato-mattarellum-1993-corrected,LOMBARDIA,26,TORRICELLA DEL PIZZO,whole,,45,TORRICELLA DEL PIZZO,1.0
senato-mattarellum-1993-corrected,LOMBARDIA,26,VESCOVATO,whole,,45,VESCOVATO,1.0
senato-mattarellum-1993-corrected,LOMBARDIA,26,VOLONGO,whole,,45,VOLONGO,1.0
senato-mattarellum-1993-corrected,LOMBARDIA,26,VOLTIDO,whole,,45,VOLTIDO,1.0
senato-mattarellum-1993-corrected,LOMBARDIA,26,ACQUANEGRA SUL CHIESE,whole,,45,ACQUANEGRA SUL CHIESE,1.0
senato-mattarellum-1993-corrected,LOMBARDIA,26,ASOLA,whole,,45,ASOLA,1.0
senato-mattarellum-1993-corrected,LOMBARDIA,26,BORGOFORTE,whole,,45,BURGUOFORTE,0.818
senato-mattarellum-1993-corrected,LOMBARDIA,26,BOZZOLO,whole,,45,BUZZOLO,0.857
senato-mattarellum-1993-corrected,LOMBARDIA,26,CANNETO SULL'OGLIO,whole,,45,CANNETOA SULL'OGLIO,0.941
senato-mattarellum-1993-corrected,LOMBARDIA,26,CASALMORO,whole,,45,CASALHURO,0.889
senato-mattarellum-1993-corrected,LOMBARDIA,26,CASALOLDO,whole,,45,CASALOLDO,1.0
senato-mattarellum-1993-corrected,LOMBARDIA,26,CASALROMANO,whole,,45,CASALROMANO,1.0
senato-mattarellum-1993-corrected,LOMBARDIA,26,CASTEL GOFFREDO,whole,,45,CASTEL GOFFREDO,1.0
senato-mattarellum-1993-corrected,LOMBARDIA,26,CASTELLUCCHIO,whole,,45,CASFTELLUCCHIO,0.929
senato-mattarellum-1993-corrected,LOMBARDIA,26,CERESARA,whole,,45,CERESARA,1.0
senato-mattarellum-1993-corrected,LOMBARDIA,26,COMMESSAGGIO,whole,,45,COMMESSAGGIO,1.0
senato-mattarellum-1993-corrected,LOMBARDIA,26,DOSOLO,whole,,45,DOSOLO,1.0
senato-mattarellum-1993-corrected,LOMBARDIA,26,GAZOLDO DEGLI IPPOLITI,whole,,45,GAZOLDO DEGLI IPPOLITI,1.0
senato-mattarellum-1993-corrected,LOMBARDIA,26,GAZZUOLO,whole,,46,GAZZUOLO,1.0
senato-mattarellum-1993-corrected,LOMBARDIA,26,GONZAGA,whole,,46,GONZAGA,1.0
senato-mattarellum-1993-corrected,LOMBARDIA,26,MARCARIA,whole,,46,MARCARITA,0.889
senato-mattarellum-1993-corrected,LOMBARDIA,26,MARIANA MANTOVANA,whole,,46,MARIANA MANTOVANA,1.0
senato-mattarellum-1993-corrected,LOMBARDIA,26,MOGLIA,whole,,46,MOGLIA,1.0
senato-mattarellum-1993-corrected,LOMBARDIA,26,MOTTEGGIANA,whole,,46,MOTTEGGIANA,1.0
senato-mattarellum-1993-corrected,LOMBARDIA,26,PEGOGNAGA,whole,,46,PEGOGNAGA,1.0
senato-mattarellum-1993-corrected,LOMBARDIA,26,PIUBEGA,whole,,46,PIUBEGA,1.0
senato-mattarellum-1993-corrected,LOMBARDIA,26,POMPONESCO,whole,,46,POMPONE SCO,1.0
senato-mattarellum-1993-corrected,LOMBARDIA,26,REDONDESCO,whole,,46,REDONDESCO,1.0
senato-mattarellum-1993-corrected,LOMBARDIA,26,RIVAROLO MANTOVANO,whole,,46,RIVAROLO: MANTOVANO,1.0
senato-mattarellum-1993-corrected,LOMBARDIA,26,SABBIONETA,whole,,46,SABBIONETA,1.0
senato-mattarellum-1993-corrected,LOMBARDIA,26,SAN MARTINO DALL'ARGINE,whole,,46,SAN MARTINO DALL'ARGINE,1.0
senato-mattarellum-1993-corrected,LOMBARDIA,26,SUZZARA,whole,,46,SUZZARA,1.0
senato-mattarellum-1993-corrected,LOMBARDIA,26,VIADANA,whole,,46,VIADANA,1.0
senato-mattarellum-1993-corrected,LOMBARDIA,27,BAGNOLO SAN VITO,whole,,46,BAGNOLO SAN VITO,1.0
senato-mattarellum-1993-corrected,LOMBARDIA,27,BIGARELLO,whole,,46,BIGARELLO,1.0
senato-mattarellum-1993-corrected,LOMBARDIA,27,BORGOFRANCO SUL PO,whole,,46,BORGOFRANCO SUL PO,1.0
senato-mattarellum-1993-corrected,LOMBARDIA,27,CARBONARA DI PO,whole,,46,CARBONARA DI FO,0.923
senato-mattarellum-1993-corrected,LOMBARDIA,27,CASTELBELFORTE,whole,,46,CASTELBELFORTE,1.0
senato-mattarellum-1993-corrected,LOMBARDIA,27,CASTEL D'ARIO,whole,,46,CASTEL D'ARIO,1.0
senato-mattarellum-1993-corrected,LOMBARDIA,27,CASTIGLIONE DELLE STIVIERE,whole,,46,CASTIGLIONE DELLE STIVIERE,1.0
senato-mattarellum-1993-corrected,LOMBARDIA,27,CAVRIANA,whole,,46,CAVRIANA,1.0
senato-mattarellum-1993-corrected,LOMBARDIA,27,CURTATONE,whole,,46,CURTATONE,1.0
senato-mattarellum-1993-corrected,LOMBARDIA,27,FELONICA,whole,,46,FELONIiCA,0.889
senato-mattarellum-1993-corrected,LOMBARDIA,27,GOITO,whole,,46,GOITO,1.0
senato-mattarellum-1993-corrected,LOMBARDIA,27,GUIDIZZOLO,whole,,46,GUIDIZZAOLO,0.909
senato-mattarellum-1993-corrected,LOMBARDIA,27,MAGNACAVALLO,whole,,46,HAGNACAVALLO,1.0
senato-mattarellum-1993-corrected,LOMBARDIA,27,MANTOVA,whole,,46,MANTOVA,1.0
senato-mattarellum-1993-corrected,LOMBARDIA,27,MARMIROLO,whole,,46,MARMIROLO,1.0
senato-mattarellum-1993-corrected,LOMBARDIA,27,MEDOLE,whole,,46,HE DOLE,1.0
senato-mattarellum-1993-corrected,LOMBARDIA,27,MONZAMBANO,whole,,46,MONZAMBANO,1.0
senato-mattarellum-1993-corrected,LOMBARDIA,27,OSTIGLIA,whole,,46,OSTIGLIA,1.0
senato-mattarellum-1993-corrected,LOMBARDIA,27,PIEVE DI CORIANO,whole,,46,PIEVE DI CORIANO,1.0
senato-mattarellum-1993-corrected,LOMBARDIA,27,POGGIO RUSCO,whole,,46,POGGIO RUSCO,1.0
senato-mattarellum-1993-corrected,LOMBARDIA,27,PONTI SUL MINCIO,whole,,46,PONTI SUL MINCIO,1.0
senato-mattarellum-1993-corrected,LOMBARDIA,27,PORTO MANTOVANO,whole,,46,PORTO MANTOVANO,1.0
senato-mattarellum-1993-corrected,LOMBARDIA,27,QUINGENTOLE,whole,,46,QUINGENTOLE,1.0
senato-mattarellum-1993-corrected,LOMBARDIA,27,QUISTELLO,whole,,46,QUISTELLO,1.0
senato-mattarellum-1993-corrected,LOMBARDIA,27,REVERE,whole,,46,REVERE,1.0
senato-mattarellum-1993-corrected,LOMBARDIA,27,RODIGO,whole,,46,RODIGO,1.0
senato-mattarellum-1993-corrected,LOMBARDIA,27,RONCOFERRARO,whole,,46,RONCOFERRARO,1.0
senato-mattarellum-1993-corrected,LOMBARDIA,27,ROVERBELLA,whole,,46,ROVERBELLA,1.0
senato-mattarellum-1993-corrected,LOMBARDIA,27,SAN BENEDETTO PO,whole,,46,SAN BENEDETTO PO,1.0
senato-mattarellum-1993-corrected,LOMBARDIA,27,SAN GIACOMO DELLE SEGNATE,whole,,46,SAN GIACOMO DELLE SEGNATE,1.0
senato-mattarellum-1993-corrected,LOMBARDIA,27,SAN GIORGIO DI MANTOVA,whole,,46,SAN GIORGIO OI MANTOVA,0.947
senato-mattarellum-1993-corrected,LOMBARDIA,27,SAN GIOVANNI DEL DOSSO,whole,,46,SAN GIOVANNI DEL DOSSO,1.0
senato-mattarellum-1993-corrected,LOMBARDIA,27,SCHIVENOGLIA,whole,,46,SCHIVENOGLIA,1.0
senato-mattarellum-1993-corrected,LOMBARDIA,27,SERMIDE,whole,,46,SERMIDE,1.0
senato-mattarellum-1993-corrected,LOMBARDIA,27,SERRAVALLE A PO,whole,,46,SERRAVALLE A PO,1.0
senato-mattarellum-1993-corrected,LOMBARDIA,27,SOLFERINO,whole,,46,SOLFERINO,1.0
senato-mattarellum-1993-corrected,LOMBARDIA,27,SUSTINENTE,whole,,46,SUSTINENTE,1.0
senato-mattarellum-1993-corrected,LOMBARDIA,27,VILLA POMA,whole,,46,VILLA POMA,1.0
senato-mattarellum-1993-corrected,LOMBARDIA,27,VILLIMPENTA,whole,,46,VILLINMPENTA,0.917
senato-mattarellum-1993-corrected,LOMBARDIA,27,VIRGILIO,whole,,46,VIRGILIO,1.0
senato-mattarellum-1993-corrected,LOMBARDIA,27,VOLTA MANTOVANA,whole,,46,YOLTA MANTOVANA,0.929
senato-mattarellum-1993-corrected,LOMBARDIA,28,ACQUANEGRA CREMONESE,whole,,46,ACQUANEGRA CREMONESE,1.0
senato-mattarellum-1993-corrected,LOMBARDIA,28,AGNADELLO,whole,,46,AGNADELLO,1.0
senato-mattarellum-1993-corrected,LOMBARDIA,28,ANNICCO,whole,,46,ANNICCO,1.0
senato-mattarellum-1993-corrected,LOMBARDIA,28,AZZANELLO,whole,,46,AZZANELLO,1.0
senato-mattarellum-1993-corrected,LOMBARDIA,28,BAGNOLO CREMASCO,whole,,46,BAGNOLO CREMASCO,1.0
senato-mattarellum-1993-corrected,LOMBARDIA,28,BORDOLANO,whole,,46,BORDOL ANO,1.0
senato-mattarellum-1993-corrected,LOMBARDIA,28,CAMISANO,whole,,46,CAMISANO,1.0
senato-mattarellum-1993-corrected,LOMBARDIA,28,CAMPAGNOLA CREMASCA,whole,,47,CAMPAGNOLA CREMASCA,1.0
senato-mattarellum-1993-corrected,LOMBARDIA,28,CAPERGNANICA,whole,,47,CAPERGNANICA,1.0
senato-mattarellum-1993-corrected,LOMBARDIA,28,CAPPELLA CANTONE,whole,,47,CAPPELLA CANTONE,1.0
senato-mattarellum-1993-corrected,LOMBARDIA,28,CAPRALBA,whole,,47,CAPRALBA,1.0
senato-mattarellum-1993-corrected,LOMBARDIA,28,CASALBUTTANO ED UNITI,whole,,47,CASALBUTTANO ED UNITI,1.0
senato-mattarellum-1993-corrected,LOMBARDIA,28,CASALE CREMASCO VIDOLASCO,whole,,47,CASALE CREMASCU-VIDOLASCO,0.957
senato-mattarellum-1993-corrected,LOMBARDIA,28,CASALETTO CEREDANO,whole,,47,CASALETTO CEREDANO,1.0
senato-mattarellum-1993-corrected,LOMBARDIA,28,CASALETTO DI SOPRA,whole,,47,CASALETTO DI SOPRA,1.0
senato-mattarellum-1993-corrected,LOMBARDIA,28,CASALETTO VAPRIO,whole,,47,CASALETTO VAPRIO,1.0
senato-mattarellum-1993-corrected,LOMBARDIA,28,CASALMORANO,whole,,47,CASALMORANO,1.0
senato-mattarellum-1993-corrected,LOMBARDIA,28,CASTEL GABBIANO,whole,,47,CASTEL GABBIANO,1.0
senato-mattarellum-1993-corrected,LOMBARDIA,28,CASTELLEONE,whole,,47,CASTELLEONE,1.0
senato-mattarellum-1993-corrected,LOMBARDIA,28,CASTELVERDE,whole,,47,CASTELVERDE,1.0
senato-mattarellum-1993-corrected,LOMBARDIA,28,CASTELVISCONTI,whole,,47,CASTEL VISCONTI,1.0
senato-mattarellum-1993-corrected,LOMBARDIA,28,CHIEVE,whole,,47,CHIEVE,1.0
senato-mattarellum-1993-corrected,LOMBARDIA,28,CREDERA RUBBIANO,whole,,47,CREDERA RUBBIANO,1.0
senato-mattarellum-1993-corrected,LOMBARDIA,28,CREMA,whole,,47,CREHA,1.0
senato-mattarellum-1993-corrected,LOMBARDIA,28,CREMONA,whole,,47,CREMONA,1.0
senato-mattarellum-1993-corrected,LOMBARDIA,28,CREMOSANO,whole,,47,CREMOSANO,1.0
senato-mattarellum-1993-corrected,LOMBARDIA,28,CROTTA D'ADDA,whole,,47,CROTTA D'ADDA,1.0
senato-mattarellum-1993-corrected,LOMBARDIA,28,CUMIGNANO SUL NAVIGLIO,whole,,47,CUMIGNANO SUL NAVIGLIO,1.0
senato-mattarellum-1993-corrected,LOMBARDIA,28,DOVERA,whole,,47,DOVERA,1.0
senato-mattarellum-1993-corrected,LOMBARDIA,28,FIESCO,whole,,47,FI1ESCO,0.857
senato-mattarellum-1993-corrected,LOMBARDIA,28,FORMIGARA,whole,,47,FORHIGARA,1.0
senato-mattarellum-1993-corrected,LOMBARDIA,28,GENIVOLTA,whole,,47,GENIVOLTA,1.0
senato-mattarellum-1993-corrected,LOMBARDIA,28,GOMBITO,whole,,47,GONBITO,0.857
senato-mattarellum-1993-corrected,LOMBARDIA,28,GRUMELLO CREMONESE ED UNITI,whole,,47,GRUMELLO CREMONESE ED UNITI,1.0
senato-mattarellum-1993-corrected,LOMBARDIA,28,IZANO,whole,,47,IZANO,1.0
senato-mattarellum-1993-corrected,LOMBARDIA,28,MADIGNANO,whole,,47,MADIGNANO,1.0
senato-mattarellum-1993-corrected,LOMBARDIA,28,MONTE CREMASCO,whole,,47,MONTE CREMASCO,1.0
senato-mattarellum-1993-corrected,LOMBARDIA,28,MONTODINE,whole,,47,HONTODINE,1.0
senato-mattarellum-1993-corrected,LOMBARDIA,28,MOSCAZZANO,whole,,47,MOSCAZZANO,1.0
senato-mattarellum-1993-corrected,LOMBARDIA,28,OFFANENGO,whole,,47,OFFANENGO,1.0
senato-mattarellum-1993-corrected,LOMBARDIA,28,PADERNO PONCHIELLI,whole,,47,PFPADERNO PONCHIELLI,0.895
senato-mattarellum-1993-corrected,LOMBARDIA,28,PALAZZO PIGNANO,whole,,47,PALAZZO PIGNANO,1.0
senato-mattarellum-1993-corrected,LOMBARDIA,28,PANDINO,whole,,47,PANDINO,1.0
senato-mattarellum-1993-corrected,LOMBARDIA,28,PIANENGO,whole,,47,PIANENGO,1.0
senato-mattarellum-1993-corrected,LOMBARDIA,28,PIERANICA,whole,,47,PIERANICA,1.0
senato-mattarellum-1993-corrected,LOMBARDIA,28,PIZZIGHETTONE,whole,,47,PIZZIGHETTONE,1.0
senato-mattarellum-1993-corrected,LOMBARDIA,28,QUINTANO,whole,,47,QUINTANO,1.0
senato-mattarellum-1993-corrected,LOMBARDIA,28,RICENGO,whole,,47,RICENGO,1.0
senato-mattarellum-1993-corrected,LOMBARDIA,28,RIPALTA ARPINA,whole,,47,RIPALTA ARPINA,1.0
senato-mattarellum-1993-corrected,LOMBARDIA,28,RIPALTA CREMASCA,whole,,47,RIPALTA CREMASCA,1.0
senato-mattarellum-1993-corrected,LOMBARDIA,28,RIPALTA GUERINA,whole,,47,RIPALTA GUERINA,1.0
senato-mattarellum-1993-corrected,LOMBARDIA,28,RIVOLTA D'ADDA,whole,,47,RIVOLTA D'ADDA,1.0
senato-mattarellum-1993-corrected,LOMBARDIA,28,ROMANENGO,whole,,47,ROMANENGO,1.0
senato-mattarellum-1993-corrected,LOMBARDIA,28,SALVIROLA,whole,,47,SALVIROLA,1.0
senato-mattarellum-1993-corrected,LOMBARDIA,28,SAN BASSANO,whole,,47,SAN BASSANO,1.0
senato-mattarellum-1993-corrected,LOMBARDIA,28,SERGNANO,whole,,47,SERGNANO,1.0
senato-mattarellum-1993-corrected,LOMBARDIA,28,SESTO ED UNITI,whole,,47,SESTO ED UNITI,1.0
senato-mattarellum-1993-corrected,LOMBARDIA,28,SONCINO,whole,,47,SUNCINO,0.857
senato-mattarellum-1993-corrected,LOMBARDIA,28,SORESINA,whole,,47,SURESINA,0.875
senato-mattarellum-1993-corrected,LOMBARDIA,28,SPINADESCO,whole,,47,SP INADESCO,1.0
senato-mattarellum-1993-corrected,LOMBARDIA,28,SPINO D'ADDA,whole,,47,SPINO D'ADDA,1.0
senato-mattarellum-1993-corrected,LOMBARDIA,28,TICENGO,whole,,47,TICENGO,1.0
senato-mattarellum-1993-corrected,LOMBARDIA,28,TORLINO VIMERCATI,whole,,47,TORLINO VIMERCATI,1.0
senato-mattarellum-1993-corrected,LOMBARDIA,28,TRESCORE CREMASCO,whole,,47,TRESCURE CREMASCO,0.938
senato-mattarellum-1993-corrected,LOMBARDIA,28,TRIGOLO,whole,,47,TRIGOLO,1.0
senato-mattarellum-1993-corrected,LOMBARDIA,28,VAIANO CREMASCO,whole,,47,VAITANU CREMASCO,0.867
senato-mattarellum-1993-corrected,LOMBARDIA,28,VAILATE,whole,,47,VAILATE,1.0
senato-mattarellum-1993-corrected,LOMBARDIA,29,ALBAREDO ARNABOLDI,whole,,47,ALBAREDO ARNABOLDI,1.0
senato-mattarellum-1993-corrected,LOMBARDIA,29,ALBUZZANO,whole,,47,ALBUZZANO,1.0
senato-mattarellum-1993-corrected,LOMBARDIA,29,ARENA PO,whole,,47,ARENA PO,1.0
senato-mattarellum-1993-corrected,LOMBARDIA,29,BADIA PAVESE,whole,,47,BADIA PAVESE,1.0
senato-mattarellum-1993-corrected,LOMBARDIA,29,BAGNARIA,whole,,47,BAGNARIA,1.0
senato-mattarellum-1993-corrected,LOMBARDIA,29,BARBIANELLO,whole,,47,BARBIANELLO,1.0
senato-mattarellum-1993-corrected,LOMBARDIA,29,BASCAPE',whole,,48,BASCAPE!,1.0
senato-mattarellum-1993-corrected,LOMBARDIA,29,BELGIOIOSO,whole,,48,BELGIOIOSO,1.0
senato-mattarellum-1993-corrected,LOMBARDIA,29,BORGARELLO,whole,,48,BORGARELLO,1.0
senato-mattarellum-1993-corrected,LOMBARDIA,29,BORGO PRIOLO,whole,,48,BORGO PRIOLO,1.0
senato-mattarellum-1993-corrected,LOMBARDIA,29,BORGORATTO MORMOROLO,whole,,48,BORGORATTO MORMOROLO,1.0
senato-mattarellum-1993-corrected,LOMBARDIA,29,BORNASCO,whole,,48,BORNASCO,1.0
senato-mattarellum-1993-corrected,LOMBARDIA,29,BOSNASCO,whole,,48,BOSNASCO,1.0
senato-mattarellum-1993-corrected,LOMBARDIA,29,BRALLO DI PREGOLA,whole,,48,BRALLO DI PREGOLA,1.0
senato-mattarellum-1993-corrected,LOMBARDIA,29,BRESSANA BOTTARONE,whole,,48,BRESSANA BOTTARONE,1.0
senato-mattarellum-1993-corrected,LOMBARDIA,29,BRONI,whole,,48,BRONI,1.0
senato-mattarellum-1993-corrected,LOMBARDIA,29,CALVIGNANO,whole,,48,CALVYVIGNANO,0.833
senato-mattarellum-1993-corrected,LOMBARDIA,29,CAMPOSPINOSO,whole,,48,CAMPOSPINOSO,1.0
senato-mattarellum-1993-corrected,LOMBARDIA,29,CANEVINO,whole,,48,CANE VINO,1.0
senato-mattarellum-1993-corrected,LOMBARDIA,29,CANNETO PAVESE,whole,,48,CANNETO PAVESE,1.0
senato-mattarellum-1993-corrected,LOMBARDIA,29,CASANOVA LONATI,whole,,48,CASANOVA LONATI,1.0
senato-mattarellum-1993-corrected,LOMBARDIA,29,CASATISMA,whole,,48,CASATISMA,1.0
senato-mattarellum-1993-corrected,LOMBARDIA,29,CASTANA,whole,,48,CASTANA,1.0
senato-mattarellum-1993-corrected,LOMBARDIA,29,CASTEGGIO,whole,,48,CASTEGGIO,1.0
senato-mattarellum-1993-corrected,LOMBARDIA,29,CAVA MANARA,whole,,48,CAVA MANARA,1.0
senato-mattarellum-1993-corrected,LOMBARDIA,29,CECIMA,whole,,48,CECIMA,1.0
senato-mattarellum-1993-corrected,LOMBARDIA,29,CERANOVA,whole,,48,CERANOYVA,0.889
senato-mattarellum-1993-corrected,LOMBARDIA,29,CERTOSA DI PAVIA,whole,,48,CERTOSA DI PAVIA,1.0
senato-mattarellum-1993-corrected,LOMBARDIA,29,CHIGNOLO PO,whole,,48,CHIENOLO PO,0.9
senato-mattarellum-1993-corrected,LOMBARDIA,29,CIGOGNOLA,whole,,48,CIGOGNOLA,1.0
senato-mattarellum-1993-corrected,LOMBARDIA,29,CODEVILLA,whole,,48,CODEVILLA,1.0
senato-mattarellum-1993-corrected,LOMBARDIA,29,,whole,,48,CUOPI1TANO,0.7
senato-mattarellum-1993-corrected,LOMBARDIA,29,CORTEOLONA,whole,,48,CDRTFTE OLONA,0.75
senato-mattarellum-1993-corrected,LOMBARDIA,29,CORVINO SAN QUIRICO,whole,,48,CORVINO SAN QUIRICOÒO,0.944
senato-mattarellum-1993-corrected,LOMBARDIA,29,COSTA DE' NOBILI,whole,,48,COSTA DE'NOBILI,1.0
senato-mattarellum-1993-corrected,LOMBARDIA,29,CURA CARPIGNANO,whole,,48,CURA CARPIGNANO,1.0
senato-mattarellum-1993-corrected,LOMBARDIA,29,FILIGHERA,whole,,48,FILIGHERA,1.0
senato-mattarellum-1993-corrected,LOMBARDIA,29,FORTUNAGO,whole,,48,FORTUNAGO,1.0
senato-mattarellum-1993-corrected,LOMBARDIA,29,GENZONE,whole,,48,GENZONE,1.0
senato-mattarellum-1993-corrected,LOMBARDIA,29,GERENZAGO,whole,,48,GERENZAGO,1.0
senato-mattarellum-1993-corrected,LOMBARDIA,29,GIUSSAGO,whole,,48,GIUSSAGO,1.0
senato-mattarellum-1993-corrected,LOMBARDIA,29,GODIASCO,whole,,48,GODIASCO,1.0
senato-mattarellum-1993-corrected,LOMBARDIA,29,GOLFERENZO,whole,,48,GOLFERENZO,1.0
senato-mattarellum-1993-corrected,LOMBARDIA,29,INVERNO E MONTELEONE,whole,,48,INVERNO E MONTELEONE,1.0
senato-mattarellum-1993-corrected,LOMBARDIA,29,LANDRIANO,whole,,48,LANDRIANO,1.0
senato-mattarellum-1993-corrected,LOMBARDIA,29,LARDIRAGO,whole,,48,LARDIRAGO,1.0
senato-mattarellum-1993-corrected,LOMBARDIA,29,LINAROLO,whole,,48,LINAROLO,1.0
senato-mattarellum-1993-corrected,LOMBARDIA,29,LIRIO,whole,,48,LIRIO,1.0
senato-mattarellum-1993-corrected,LOMBARDIA,29,MAGHERNO,whole,,48,MAGHERNO,1.0
senato-mattarellum-1993-corrected,LOMBARDIA,29,MARCIGNAGO,whole,,48,MARCIGNAGO,1.0
senato-mattarellum-1993-corrected,LOMBARDIA,29,MARZANO,whole,,48,MARZANO,1.0
senato-mattarellum-1993-corrected,LOMBARDIA,29,MENCONICO,whole,,48,MENCONICO,1.0
senato-mattarellum-1993-corrected,LOMBARDIA,29,MEZZANINO,whole,,48,MEZZANINO,1.0
senato-mattarellum-1993-corrected,LOMBARDIA,29,MIRADOLO TERME,whole,,48,MIRADOLO TERME,1.0
senato-mattarellum-1993-corrected,LOMBARDIA,29,MONTALTO PAVESE,whole,,48,MHONTALTO PAVESE,0.933
senato-mattarellum-1993-corrected,LOMBARDIA,29,MONTECALVO VERSIGGIA,whole,,48,MONTECALVO VERSIGGIA,1.0
senato-mattarellum-1993-corrected,LOMBARDIA,29,MONTESCANO,whole,,48,MONTESCANO,1.0
senato-mattarellum-1993-corrected,LOMBARDIA,29,MONTESEGALE,whole,,48,MONTESEGALE,1.0
senato-mattarellum-1993-corrected,LOMBARDIA,29,MONTICELLI PAVESE,whole,,48,MONTICELLI PAVESE,1.0
senato-mattarellum-1993-corrected,LOMBARDIA,29,MONTU' BECCARIA,whole,,48,MONTU! BECCARIA,1.0
senato-mattarellum-1993-corrected,LOMBARDIA,29,MORNICO LOSANA,whole,,48,MORNICO LOSANA,1.0
senato-mattarellum-1993-corrected,LOMBARDIA,29,OLIVA GESSI,whole,,48,OLIVA GESSI,1.0
senato-mattarellum-1993-corrected,LOMBARDIA,29,PAVIA,whole,,48,PAVIA,1.0
senato-mattarellum-1993-corrected,LOMBARDIA,29,PIETRA DE' GIORGI,whole,,48,PIETRA DE*GIORGE,0.929
senato-mattarellum-1993-corrected,LOMBARDIA,29,PIEVE PORTO MORONE,whole,,48,PIEVE PORTO MORONE,1.0
senato-mattarellum-1993-corrected,LOMBARDIA,29,PINAROLO PO,whole,,48,PINAROLU PO,0.9
senato-mattarellum-1993-corrected,LOMBARDIA,29,PONTE NIZZA,whole,,48,PONTE NIZZA,1.0
senato-mattarellum-1993-corrected,LOMBARDIA,29,PORTALBERA,whole,,48,PORTAL BERA,1.0
senato-mattarellum-1993-corrected,LOMBARDIA,29,REA,whole,,48,REA,1.0
senato-mattarellum-1993-corrected,LOMBARDIA,29,REDAVALLE,whole,,48,REDAVALLE,1.0
senato-mattarellum-1993-corrected,LOMBARDIA,29,RETORBIDO,whole,,48,RETORBIDO,1.0
senato-mattarellum-1993-corrected,LOMBARDIA,29,RIVANAZZANO,whole,,48,RIVANAZZANO,1.0
senato-mattarellum-1993-corrected,LOMBARDIA,29,ROBECCO PAVESE,whole,,48,ROBECCO PAVESE,1.0
senato-mattarellum-1993-corrected,LOMBARDIA,29,ROCCA DE' GIORGI,whole,,48,ROCCA DE' GIORGI,1.0
senato-mattarellum-1993-corrected,LOMBARDIA,29,ROCCA SUSELLA,whole,,48,ROCCA SUSELLA,1.0
senato-mattarellum-1993-corrected,LOMBARDIA,29,ROGNANO,whole,,49,ROGNANGO,0.875
senato-mattarellum-1993-corrected,LOMBARDIA,29,ROMAGNESE,whole,,49,ROMAGNE SE,1.0
senato-mattarellum-1993-corrected,LOMBARDIA,29,RONCARO,whole,,49,RONCARO,1.0
senato-mattarellum-1993-corrected,LOMBARDIA,29,ROVESCALA,whole,,49,ROVESCALA,1.0
senato-mattarellum-1993-corrected,LOMBARDIA,29,RUINO,whole,,49,RUINO,1.0
senato-mattarellum-1993-corrected,LOMBARDIA,29,SAN CIPRIANO PO,whole,,49,SAN CIPRIANO PO,1.0
senato-mattarellum-1993-corrected,LOMBARDIA,29,SAN DAMIANO AL COLLE,whole,,49,SAN DAMIANO AL COLLE,1.0
senato-mattarellum-1993-corrected,LOMBARDIA,29,SAN GENESIO ED UNITI,whole,,49,SAN GENESIO ED UNTTI,0.941
senato-mattarellum-1993-corrected,LOMBARDIA,29,SAN MARTINO SICCOMARIO,whole,,49,SAN MARTINO SICCOMARIO,1.0
senato-mattarellum-1993-corrected,LOMBARDIA,29,SANTA CRISTINA E BISSONE,whole,,49,SANTA CRISTINA E BISSONE,1.0
senato-mattarellum-1993-corrected,LOMBARDIA,29,SANTA GIULETTA,whole,,49,SANTA GIULETTA,1.0
senato-mattarellum-1993-corrected,LOMBARDIA,29,SANT'ALESSIO CON VIALONE,whole,,49,SANT'ALESSIO CON VIALONE,1.0
senato-mattarellum-1993-corrected,LOMBARDIA,29,SANTA MARGHERITA DI STAFFORA,whole,,49,SANTA MARGHERITA DI STAFFORA,1.0
senato-mattarellum-1993-corrected,LOMBARDIA,29,SANTA MARIA DELLA VERSA,whole,,49,SANTA MARIA DELLA VERSA,1.0
senato-mattarellum-1993-corrected,LOMBARDIA,29,SAN ZENONE AL PO,whole,,49,SAN ZENONE AL PO,1.0
senato-mattarellum-1993-corrected,LOMBARDIA,29,SIZIANO,whole,,49,SIZIANG,0.857
senato-mattarellum-1993-corrected,LOMBARDIA,29,SPESSA,whole,,49,SPESSA,1.0
senato-mattarellum-1993-corrected,LOMBARDIA,29,STRADELLA,whole,,49,STRADELLA,1.0
senato-mattarellum-1993-corrected,LOMBARDIA,29,TORRAZZA COSTE,whole,,49,TORRAZZA COSTE,1.0
senato-mattarellum-1993-corrected,LOMBARDIA,29,TORRE D'ARESE,whole,,49,TORRE D'ARESE,1.0
senato-mattarellum-1993-corrected,LOMBARDIA,29,TORRE DE' NEGRI,whole,,49,TORRE DE*NEGRI,1.0
senato-mattarellum-1993-corrected,LOMBARDIA,29,TORREVECCHIA PIA,whole,,49,TORREVECCHIA PIA,1.0
senato-mattarellum-1993-corrected,LOMBARDIA,29,TORRICELLA VERZATE,whole,,49,TORRICELLA VERZATE,1.0
senato-mattarellum-1993-corrected,LOMBARDIA,29,TRAVACO' SICCOMARIO,whole,,49,TRAVACO'!' SICCOMAR1G,0.941
senato-mattarellum-1993-corrected,LOMBARDIA,29,TRIVOLZIO,whole,,49,TRIVOLZIO,1.0
senato-mattarellum-1993-corrected,LOMBARDIA,29,VAL DI NIZZA,whole,,49,YAL ODI NIZZA,0.818
senato-mattarellum-1993-corrected,LOMBARDIA,29,VALLE SALIMBENE,whole,,49,VALLE SALIMBENE,1.0
senato-mattarellum-1993-corrected,LOMBARDIA,29,VALVERDE,whole,,49,VALVERDE,1.0
senato-mattarellum-1993-corrected,LOMBARDIA,29,VARZI,whole,,49,VARZI,1.0
senato-mattarellum-1993-corrected,LOMBARDIA,29,VELLEZZO BELLINI,whole,,49,VELLEZZO BELLINI,1.0
senato-mattarellum-1993-corrected,LOMBARDIA,29,VERRETTO,whole,,49,VERREITTOU,0.8
senato-mattarellum-1993-corrected,LOMBARDIA,29,VERRUA PO,whole,,49,VERRUA PUO,0.889
senato-mattarellum-1993-corrected,LOMBARDIA,29,VIDIGULFO,whole,,49,VIDIGULFO,1.0
senato-mattarellum-1993-corrected,LOMBARDIA,29,VILLANTERIO,whole,,49,VILLANTERIO,1.0
senato-mattarellum-1993-corrected,LOMBARDIA,29,VISTARINO,whole,,49,VISTARINO,1.0
senato-mattarellum-1993-corrected,LOMBARDIA,29,VOLPARA,whole,,49,VUOLPARA,0.875
senato-mattarellum-1993-corrected,LOMBARDIA,29,ZAVATTARELLO,whole,,49,ZAVATTARELLO,1.0
senato-mattarellum-1993-corrected,LOMBARDIA,29,ZECCONE,whole,,49,2EÉ CCONE,0.857
senato-mattarellum-1993-corrected,LOMBARDIA,29,ZENEVREDO,whole,,49,ZENEVRE DO,1.0
senato-mattarellum-1993-corrected,LOMBARDIA,29,ZERBO,whole,,49,ZERBO,1.0
senato-mattarellum-1993-corrected,LOMBARDIA,30,ALAGNA,whole,,49,ALAGNA,1.0
senato-mattarellum-1993-corrected,LOMBARDIA,30,ALBONESE,whole,,49,AL BONESE,1.0
senato-mattarellum-1993-corrected,LOMBARDIA,30,BASTIDA DE' DOSSI,whole,,49,BASTIDA DE ' DOSSI,1.0
senato-mattarellum-1993-corrected,LOMBARDIA,30,BASTIDA PANCARANA,whole,,49,BASTIDA PANCARANA,1.0
senato-mattarellum-1993-corrected,LOMBARDIA,30,BATTUDA,whole,,49,BATTUDA,1.0
senato-mattarellum-1993-corrected,LOMBARDIA,30,BEREGUARDO,whole,,49,BEREGUARDO,1.0
senato-mattarellum-1993-corrected,LOMBARDIA,30,BORGO SAN SIRO,whole,,49,BORGO SAN SIRO,1.0
senato-mattarellum-1993-corrected,LOMBARDIA,30,BREME,whole,,49,BREHME,0.833
senato-mattarellum-1993-corrected,LOMBARDIA,30,CANDIA LOMELLINA,whole,,49,CANDIA LOMELLINA,1.0
senato-mattarellum-1993-corrected,LOMBARDIA,30,CARBONARA AL TICINO,whole,,49,CARBONARA AL TICINO,1.0
senato-mattarellum-1993-corrected,LOMBARDIA,30,CASEI GEROLA,whole,,49,CASEI GEROLA,1.0
senato-mattarellum-1993-corrected,LOMBARDIA,30,CASORATE PRIMO,whole,,49,CASGRATE PRIMO,0.923
senato-mattarellum-1993-corrected,LOMBARDIA,30,CASSOLNOVO,whole,,49,CASSOLNOVO,1.0
senato-mattarellum-1993-corrected,LOMBARDIA,30,CASTELLETTO DI BRANDUZZO,whole,,49,CASTELLETTO DI BRANDUZZO,1.0
senato-mattarellum-1993-corrected,LOMBARDIA,30,CASTELLO D'AGOGNA,whole,,49,CASTELLO D'AGOGNA,1.0
senato-mattarellum-1993-corrected,LOMBARDIA,30,CASTELNOVETTO,whole,,49,CASTELNOVETTO,1.0
senato-mattarellum-1993-corrected,LOMBARDIA,30,CERETTO LOMELLINA,whole,,49,CERETTO LOMELLINA,1.0
senato-mattarellum-1993-corrected,LOMBARDIA,30,CERGNAGO,whole,,49,CERGNAGO,1.0
senato-mattarellum-1993-corrected,LOMBARDIA,30,CERVESINA,whole,,49,CERVESINA,1.0
senato-mattarellum-1993-corrected,LOMBARDIA,30,CILAVEGNA,whole,,49,CILAVEGNA,1.0
senato-mattarellum-1993-corrected,LOMBARDIA,30,CONFIENZA,whole,,49,CONF IENZA,1.0
senato-mattarellum-1993-corrected,LOMBARDIA,30,CORANA,whole,,49,CORANA,1.0
senato-mattarellum-1993-corrected,LOMBARDIA,30,CORNALE,whole,,49,CORNALE,1.0
senato-mattarellum-1993-corrected,LOMBARDIA,30,FERRERA ERBOGNONE,whole,,49,FERRERA ERBOGNONE,1.0
senato-mattarellum-1993-corrected,LOMBARDIA,30,FRASCAROLO,whole,,50,FRASCARODOLO,0.833
senato-mattarellum-1993-corrected,LOMBARDIA,30,GALLIAVOLA,whole,,50,GALLIAVOLA,1.0
senato-mattarellum-1993-corrected,LOMBARDIA,30,GAMBARANA,whole,,50,GAMBARANA,1.0
senato-mattarellum-1993-corrected,LOMBARDIA,30,GAMBOLO',whole,,50,GAMBOLO *,1.0
senato-mattarellum-1993-corrected,LOMBARDIA,30,GARLASCO,whole,,50,GARLASCO,1.0
senato-mattarellum-1993-corrected,LOMBARDIA,30,GRAVELLONA LOMELLINA,whole,,50,GRAVELLONA LOMELLINA,1.0
senato-mattarellum-1993-corrected,LOMBARDIA,30,GROPELLO CAIROLI,whole,,50,GROPELLO CAIROLI,1.0
senato-mattarellum-1993-corrected,LOMBARDIA,30,LANGOSCO,whole,,50,LANGOSCO,1.0
senato-mattarellum-1993-corrected,LOMBARDIA,30,LOMELLO,whole,,50,LOMELLO,1.0
senato-mattarellum-1993-corrected,LOMBARDIA,30,LUNGAVILLA,whole,,50,LUNGAVILLA,1.0
senato-mattarellum-1993-corrected,LOMBARDIA,30,MEDE,whole,,50,ME DE,1.0
senato-mattarellum-1993-corrected,LOMBARDIA,30,MEZZANA BIGLI,whole,,50,MEZZANA BIGLI,1.0
senato-mattarellum-1993-corrected,LOMBARDIA,30,MEZZANA RABATTONE,whole,,50,MEZZANA RABATTONE,1.0
senato-mattarellum-1993-corrected,LOMBARDIA,30,MONTEBELLO DELLA BATTAGLIA,whole,,50,MONTEBELLO DELLA BATTAGLIA,1.0
senato-mattarellum-1993-corrected,LOMBARDIA,30,MORTARA,whole,,50,MORTARA,1.0
senato-mattarellum-1993-corrected,LOMBARDIA,30,NICORVO,whole,,50,NICORVO,1.0
senato-mattarellum-1993-corrected,LOMBARDIA,30,OLEVANO DI LOMELLINA,whole,,50,OLEVANO DI LOMELLINA,1.0
senato-mattarellum-1993-corrected,LOMBARDIA,30,OTTOBIANO,whole,,50,OTTOB1ANO,1.0
senato-mattarellum-1993-corrected,LOMBARDIA,30,PALESTRO,whole,,50,PALESTRO,1.0
senato-mattarellum-1993-corrected,LOMBARDIA,30,PANCARANA,whole,,50,PANCARANA,1.0
senato-mattarellum-1993-corrected,LOMBARDIA,30,PARONA,whole,,50,PARONA,1.0
senato-mattarellum-1993-corrected,LOMBARDIA,30,PIEVE ALBIGNOLA,whole,,50,PIEVE ALBIGNOLA,1.0
senato-mattarellum-1993-corrected,LOMBARDIA,30,PIEVE DEL CAIRO,whole,,50,PIEVE DEL CAIRO,1.0
senato-mattarellum-1993-corrected,LOMBARDIA,30,PIZZALE,whole,,50,PIZZALE,1.0
senato-mattarellum-1993-corrected,LOMBARDIA,30,ROBBIO,whole,,50,ROBBIO,1.0
senato-mattarellum-1993-corrected,LOMBARDIA,30,ROSASCO,whole,,50,ROSASCO,1.0
senato-mattarellum-1993-corrected,LOMBARDIA,30,SAN GIORGIO DI LOMELLINA,whole,,50,SAN GIORGIO DI LOMELLINA,1.0
senato-mattarellum-1993-corrected,LOMBARDIA,30,SANNAZZARO DE' BURGONDI,whole,,50,SANNAZZARO DE * BURGONDI,1.0
senato-mattarellum-1993-corrected,LOMBARDIA,30,SANT'ANGELO LOMELLINA,whole,,50,SANT'ANGELO LUNMELLINA,0.9
senato-mattarellum-1993-corrected,LOMBARDIA,30,SARTIRANA LOMELLINA,whole,,50,SARTIRANA LOMELLINA,1.0
senato-mattarellum-1993-corrected,LOMBARDIA,30,SCALDASOLE,whole,,50,SCALBASOLE,0.9
senato-mattarellum-1993-corrected,LOMBARDIA,30,SEMIANA,whole,,50,SENITANA,0.75
senato-mattarellum-1993-corrected,LOMBARDIA,30,SILVANO PIETRA,whole,,50,SILVANO PIETRA,1.0
senato-mattarellum-1993-corrected,LOMBARDIA,30,,whole,,50,SQOHNO,0.667
senato-mattarellum-1993-corrected,LOMBARDIA,30,SUARDI,whole,,50,SUARDI,1.0
senato-mattarellum-1993-corrected,LOMBARDIA,30,TORRE BERETTI E CASTELLARO,whole,,50,TORRE BERETTI E CASTELLARO,1.0
senato-mattarellum-1993-corrected,LOMBARDIA,30,TORRE D'ISOLA,whole,,50,TORRE D'ISOLA,1.0
senato-mattarellum-1993-corrected,LOMBARDIA,30,TROMELLO,whole,,50,TROMELLO,1.0
senato-mattarellum-1993-corrected,LOMBARDIA,30,TROVO,whole,,50,TROVO,1.0
senato-mattarellum-1993-corrected,LOMBARDIA,30,VALEGGIO,whole,,50,VALEGGIO,1.0
senato-mattarellum-1993-corrected,LOMBARDIA,30,VALLE LOMELLINA,whole,,50,VALLE LOMELLINA,1.0
senato-mattarellum-1993-corrected,LOMBARDIA,30,VELEZZO LOMELLINA,whole,,50,VELEZZO LOMELLINA,1.0
senato-mattarellum-1993-corrected,LOMBARDIA,30,VIGEVANO,whole,,50,VIGEVANO,1.0
senato-mattarellum-1993-corrected,LOMBARDIA,30,VILLA BISCOSSI,whole,,50,VILLA BISCOSSE,0.923
senato-mattarellum-1993-corrected,LOMBARDIA,30,VILLANOVA D'ARDENGHI,whole,,50,VILLANOVA D'ARDENGHI,1.0
senato-mattarellum-1993-corrected,LOMBARDIA,30,VOGHERA,whole,,50,VOGHERA,1.0
senato-mattarellum-1993-corrected,LOMBARDIA,30,ZEME,whole,,50,ZEME,1.0
senato-mattarellum-1993-corrected,LOMBARDIA,30,ZERBOLO',whole,,50,2ZERBOLO*,1.0
senato-mattarellum-1993-corrected,LOMBARDIA,30,ZINASCO,whole,,50,ZINASCO,1.0
senato-mattarellum-1993-corrected,LOMBARDIA,31,ALME',whole,,50,ALME *,1.0
senato-mattarellum-1993-corrected,LOMBARDIA,31,AZZANO SAN PAOLO,whole,,50,AZZANO SAN PAOLO,1.0
senato-mattarellum-1993-corrected,LOMBARDIA,31,BERGAMO,whole,,50,BERGAMO,1.0
senato-mattarellum-1993-corrected,LOMBARDIA,31,BONATE SOPRA,whole,,50,BONATE SOPRA,1.0
senato-mattarellum-1993-corrected,LOMBARDIA,31,BONATE SOTTO,whole,,50,BONATE SOTTO,1.0
senato-mattarellum-1993-corrected,LOMBARDIA,31,CURNO,whole,,50,CURNO,1.0
senato-mattarellum-1993-corrected,LOMBARDIA,31,DALMINE,whole,,50,BALMINE,0.857
senato-mattarellum-1993-corrected,LOMBARDIA,31,GORLE,whole,,50,GORLE,1.0
senato-mattarellum-1993-corrected,LOMBARDIA,31,LALLIO,whole,,50,LALLIO,1.0
senato-mattarellum-1993-corrected,LOMBARDIA,31,MOZZO,whole,,50,MOZZO,1.0
senato-mattarellum-1993-corrected,LOMBARDIA,31,ORIO AL SERIO,whole,,50,ORIO AL SERIO,1.0
senato-mattarellum-1993-corrected,LOMBARDIA,31,PALADINA,whole,,50,PALADINA,1.0
senato-mattarellum-1993-corrected,LOMBARDIA,31,PEDRENGO,whole,,50,PEDRENGO,1.0
senato-mattarellum-1993-corrected,LOMBARDIA,31,PONTERANICA,whole,,50,PONTERANICA,1.0
senato-mattarellum-1993-corrected,LOMBARDIA,31,PONTE SAN PIETRO,whole,,50,PONTE SAN PIETRO,1.0
senato-mattarellum-1993-corrected,LOMBARDIA,31,RANICA,whole,,50,RANICA,1.0
senato-mattarellum-1993-corrected,LOMBARDIA,31,SCANZOROSCIATE,whole,,50,SCANZOROSCIATE,1.0
senato-mattarellum-1993-corrected,LOMBARDIA,31,SERIATE,whole,,51,SERITATE,0.875
senato-mattarellum-1993-corrected,LOMBARDIA,31,SORISOLE,whole,,51,SORISOLE,1.0
senato-mattarellum-1993-corrected,LOMBARDIA,31,STEZZANO,whole,,51,STEZZANO,1.0
senato-mattarellum-1993-corrected,LOMBARDIA,31,TORRE BOLDONE,whole,,51,TORRE BOLDONE,1.0
senato-mattarellum-1993-corrected,LOMBARDIA,31,TORRE DE' ROVERI,whole,,51,TORRE DE'ROVERE,0.923
senato-mattarellum-1993-corrected,LOMBARDIA,31,TREVIOLO,whole,,51,TREVIOLO,1.0
senato-mattarellum-1993-corrected,LOMBARDIA,31,VALBREMBO,whole,,51,VAL BREMBO,1.0
senato-mattarellum-1993-corrected,LOMBARDIA,31,VILLA DI SERIO,whole,,51,VILLA DI SERIO,1.0
senato-mattarellum-1993-corrected,LOMBARDIA,32,,whole,,51,MARTINO,0.714
senato-mattarellum-1993-corrected,LOMBARDIA,32,ADRARA SAN ROCCO,whole,,51,ADRARA SAN ROCCO,1.0
senato-mattarellum-1993-corrected,LOMBARDIA,32,ALBANO SANT'ALESSANDRO,whole,,51,ALBANO SANT'*ALESSANDRO,1.0
senato-mattarellum-1993-corrected,LOMBARDIA,32,ALBINO,whole,,51,ALBINO,1.0
senato-mattarellum-1993-corrected,LOMBARDIA,32,ALZANO LOMBARDO,whole,,51,ALZANO LOMBARDO,1.0
senato-mattarellum-1993-corrected,LOMBARDIA,32,ARDESIO,whole,,51,ARDESTO,0.857
senato-mattarellum-1993-corrected,LOMBARDIA,32,AVERARA,whole,,51,AVERARA,1.0
senato-mattarellum-1993-corrected,LOMBARDIA,32,AVIATICO,whole,,51,AVIATICO,1.0
senato-mattarellum-1993-corrected,LOMBARDIA,32,AZZONE,whole,,51,AZZONE,1.0
senato-mattarellum-1993-corrected,LOMBARDIA,32,BERZO SAN FERMO,whole,,51,BERZO SAN FERMO,1.0
senato-mattarellum-1993-corrected,LOMBARDIA,32,BIANZANO,whole,,51,BIANZANO,1.0
senato-mattarellum-1993-corrected,LOMBARDIA,32,BORGO DI TERZO,whole,,51,BORGO DI TERZO,1.0
senato-mattarellum-1993-corrected,LOMBARDIA,32,BOSSICO,whole,,51,BOSSICO,1.0
senato-mattarellum-1993-corrected,LOMBARDIA,32,BRACCA,whole,,51,BRACCA,1.0
senato-mattarellum-1993-corrected,LOMBARDIA,32,BRANZI,whole,,51,BRANZI,1.0
senato-mattarellum-1993-corrected,LOMBARDIA,32,CAMERATA CORNELLO,whole,,51,CAMERATA CORNELLO,1.0
senato-mattarellum-1993-corrected,LOMBARDIA,32,CARONA,whole,,51,CARONA,1.0
senato-mattarellum-1993-corrected,LOMBARDIA,32,CASAZZA,whole,,51,CASAZZA,1.0
senato-mattarellum-1993-corrected,LOMBARDIA,32,CASNIGO,whole,,51,CASNIGO,1.0
senato-mattarellum-1993-corrected,LOMBARDIA,32,CASSIGLIO,whole,,51,CASSIGLIO,1.0
senato-mattarellum-1993-corrected,LOMBARDIA,32,CASTELLI CALEPIO,whole,,51,CASTELLI CALEPIO,1.0
senato-mattarellum-1993-corrected,LOMBARDIA,32,CASTIONE DELLA PRESOLANA,whole,,51,CASTIGNE BELLA PRESOLANA,0.909
senato-mattarellum-1993-corrected,LOMBARDIA,32,CASTRO,whole,,51,CASTRO,1.0
senato-mattarellum-1993-corrected,LOMBARDIA,32,CAZZANO SANT'ANDREA,whole,,51,CAZZANO SANT'ANDREA,1.0
senato-mattarellum-1993-corrected,LOMBARDIA,32,CENATE SOPRA,whole,,51,CENATE SOPRA,1.0
senato-mattarellum-1993-corrected,LOMBARDIA,32,CENATE SOTTO,whole,,51,CENATE SOTTO,1.0
senato-mattarellum-1993-corrected,LOMBARDIA,32,CENE,whole,,51,CENE,1.0
senato-mattarellum-1993-corrected,LOMBARDIA,32,CERETE,whole,,51,CERETE,1.0
senato-mattarellum-1993-corrected,LOMBARDIA,32,CLUSONE,whole,,51,CLUSONE,1.0
senato-mattarellum-1993-corrected,LOMBARDIA,32,COLERE,whole,,51,COLERE,1.0
senato-mattarellum-1993-corrected,LOMBARDIA,32,COLZATE,whole,,51,COLZATE,1.0
senato-mattarellum-1993-corrected,LOMBARDIA,32,COSTA VOLPINO,whole,,51,COSTA VOLPINO,1.0
senato-mattarellum-1993-corrected,LOMBARDIA,32,CREDARO,whole,,51,CREDARO,1.0
senato-mattarellum-1993-corrected,LOMBARDIA,32,CUSIO,whole,,51,CUSIO,1.0
senato-mattarellum-1993-corrected,LOMBARDIA,32,DOSSENA,whole,,51,DOSSENA,1.0
senato-mattarellum-1993-corrected,LOMBARDIA,32,ENDINE GAIANO,whole,,51,ENDINE GAITANO,0.923
senato-mattarellum-1993-corrected,LOMBARDIA,32,ENTRATICO,whole,,51,ENTRATICO,1.0
senato-mattarellum-1993-corrected,LOMBARDIA,32,FINO DEL MONTE,whole,,51,FINU DEL MUNTE,0.833
senato-mattarellum-1993-corrected,LOMBARDIA,32,FIORANO AL SERIO,whole,,51,FIORANO AL SERIO,1.0
senato-mattarellum-1993-corrected,LOMBARDIA,32,FONTENO,whole,,51,FONTENO,1.0
senato-mattarellum-1993-corrected,LOMBARDIA,32,FOPPOLO,whole,,51,FOPPOLO,1.0
senato-mattarellum-1993-corrected,LOMBARDIA,32,FORESTO SPARSO,whole,,51,FORESTO SPARSO,1.0
senato-mattarellum-1993-corrected,LOMBARDIA,32,GANDELLINO,whole,,51,GANDELLINO,1.0
senato-mattarellum-1993-corrected,LOMBARDIA,32,,whole,,51,SANDINO,0.857
senato-mattarellum-1993-corrected,LOMBARDIA,32,GANDOSSO,whole,,51,GANDOSSO,1.0
senato-mattarellum-1993-corrected,LOMBARDIA,32,GAVERINA TERME,whole,,51,GAVERINA TERNME,0.929
senato-mattarellum-1993-corrected,LOMBARDIA,32,GAZZANIGA,whole,,51,GAZZANIGA,1.0
senato-mattarellum-1993-corrected,LOMBARDIA,32,GEROSA,whole,,51,GEROSA,1.0
senato-mattarellum-1993-corrected,LOMBARDIA,32,GORNO,whole,,51,GORNO,1.0
senato-mattarellum-1993-corrected,LOMBARDIA,32,GROMO,whole,,51,GRUMO,0.8
senato-mattarellum-1993-corrected,LOMBARDIA,32,GRONE,whole,,51,GRONE,1.0
senato-mattarellum-1993-corrected,LOMBARDIA,32,GRUMELLO DEL MONTE,whole,,51,GRUMELLO DEL MONTE,1.0
senato-mattarellum-1993-corrected,LOMBARDIA,32,ISOLA DI FONDRA,whole,,51,ISOLA DI FONDRA,1.0
senato-mattarellum-1993-corrected,LOMBARDIA,32,LEFFE,whole,,51,LEFFE,1.0
senato-mattarellum-1993-corrected,LOMBARDIA,32,LENNA,whole,,51,LENNA,1.0
senato-mattarellum-1993-corrected,LOMBARDIA,32,LOVERE,whole,,51,LOVERE,1.0
senato-mattarellum-1993-corrected,LOMBARDIA,32,LUZZANA,whole,,51,LUZZANA,1.0
senato-mattarellum-1993-corrected,LOMBARDIA,32,MEZZOLDO,whole,,51,HEZZOL DO,1.0
senato-mattarellum-1993-corrected,LOMBARDIA,32,MOIO DE' CALVI,whole,,52,MOIO DE*CALVI,1.0
senato-mattarellum-1993-corrected,LOMBARDIA,32,MONASTEROLO DEL CASTELLO,whole,,52,MONASTEROLO DEL CASTELLO,1.0
senato-mattarellum-1993-corrected,LOMBARDIA,32,MONTELLO,whole,,52,MONTELLO,1.0
senato-mattarellum-1993-corrected,LOMBARDIA,32,NEMBRO,whole,,52,NEMBRO,1.0
senato-mattarellum-1993-corrected,LOMBARDIA,32,OLMO AL BREMBO,whole,,52,OLMO AL BREMBO,1.0
senato-mattarellum-1993-corrected,LOMBARDIA,32,OLTRE IL COLLE,whole,,52,ULTRE IL COLLE,0.917
senato-mattarellum-1993-corrected,LOMBARDIA,32,OLTRESSENDA ALTA,whole,,52,OULTRESSENDA ALTA,0.938
senato-mattarellum-1993-corrected,LOMBARDIA,32,ONETA,whole,,52,ONE TA,1.0
senato-mattarellum-1993-corrected,LOMBARDIA,32,ONORE,whole,,52,ONORE,1.0
senato-mattarellum-1993-corrected,LOMBARDIA,32,ORNICA,whole,,52,ORNICA,1.0
senato-mattarellum-1993-corrected,LOMBARDIA,32,PARRE,whole,,52,PARRE,1.0
senato-mattarellum-1993-corrected,LOMBARDIA,32,PARZANICA,whole,,52,PARZANICA,1.0
senato-mattarellum-1993-corrected,LOMBARDIA,32,PEIA,whole,,52,PEIA,1.0
senato-mattarellum-1993-corrected,LOMBARDIA,32,PIANICO,whole,,52,PIANICO,1.0
senato-mattarellum-1993-corrected,LOMBARDIA,32,PIARIO,whole,,52,"PIARIO ,",1.0
senato-mattarellum-1993-corrected,LOMBARDIA,32,PIAZZA BREMBANA,whole,,52,PIAZZA BREMBANA,1.0
senato-mattarellum-1993-corrected,LOMBARDIA,32,PIAZZATORRE,whole,,52,PIAZZATURRE,0.909
senato-mattarellum-1993-corrected,LOMBARDIA,32,PIAZZOLO,whole,,52,PI1AZZOLO,0.889
senato-mattarellum-1993-corrected,LOMBARDIA,32,PONTE NOSSA,whole,,52,PONTE NOSSA,1.0
senato-mattarellum-1993-corrected,LOMBARDIA,32,PRADALUNGA,whole,,52,PRADALUNGA,1.0
senato-mattarellum-1993-corrected,LOMBARDIA,32,PREDORE,whole,,52,PREDORE,1.0
senato-mattarellum-1993-corrected,LOMBARDIA,32,PREMOLO,whole,,52,PREMOBLO,0.875
senato-mattarellum-1993-corrected,LOMBARDIA,32,RANZANICO,whole,,52,RANZANICO,1.0
senato-mattarellum-1993-corrected,LOMBARDIA,32,RIVA DI SOLTO,whole,,52,RIVA DI SOLTO,1.0
senato-mattarellum-1993-corrected,LOMBARDIA,32,ROGNO,whole,,52,ROGNO,1.0
senato-mattarellum-1993-corrected,LOMBARDIA,32,RONCOBELLO,whole,,52,RONCOBELLO,1.0
senato-mattarellum-1993-corrected,LOMBARDIA,32,ROVETTA,whole,,52,ROVETTA,1.0
senato-mattarellum-1993-corrected,LOMBARDIA,32,SAN GIOVANNI BIANCO,whole,,52,SAN GIOVANNI BIANCO,1.0
senato-mattarellum-1993-corrected,LOMBARDIA,32,SAN PAOLO D'ARGON,whole,,52,SAN PAOLO D'ARGON,1.0
senato-mattarellum-1993-corrected,LOMBARDIA,32,SAN PELLEGRINO TERME,whole,,52,SAN PELLEGRINO TERME,1.0
senato-mattarellum-1993-corrected,LOMBARDIA,32,SANTA BRIGIDA,whole,,52,SANTA BRIGIDA,1.0
senato-mattarellum-1993-corrected,LOMBARDIA,32,SARNICO,whole,,52,SARNICO,1.0
senato-mattarellum-1993-corrected,LOMBARDIA,32,SCHILPARIO,whole,,52,SCHILPARIO,1.0
senato-mattarellum-1993-corrected,LOMBARDIA,32,SEDRINA,whole,,52,SEDR INA,1.0
senato-mattarellum-1993-corrected,LOMBARDIA,32,SELVINO,whole,,52,SELYVINO,0.875
senato-mattarellum-1993-corrected,LOMBARDIA,32,SERINA,whole,,52,SER INA,1.0
senato-mattarellum-1993-corrected,LOMBARDIA,32,SOLTO COLLINA,whole,,52,SOLTO COLLINA,1.0
senato-mattarellum-1993-corrected,LOMBARDIA,32,SONGAVAZZO,whole,,52,SONGAVAZZO,1.0
senato-mattarellum-1993-corrected,LOMBARDIA,32,SOVERE,whole,,52,SUOVERE,0.857
senato-mattarellum-1993-corrected,LOMBARDIA,32,SPINONE AL LAGO,whole,,52,SPINONE AL LAGO,1.0
senato-mattarellum-1993-corrected,LOMBARDIA,32,TALEGGIO,whole,,52,TALEGGIO,1.0
senato-mattarellum-1993-corrected,LOMBARDIA,32,TAVERNOLA BERGAMASCA,whole,,52,TAVERNOLA BERGAMASCA,1.0
senato-mattarellum-1993-corrected,LOMBARDIA,32,TRESCORE BALNEARIO,whole,,52,TRESCORE BALNEARIO,1.0
senato-mattarellum-1993-corrected,LOMBARDIA,32,VALBONDIONE,whole,,52,VAL BOND1ONE,1.0
senato-mattarellum-1993-corrected,LOMBARDIA,32,VALGOGLIO,whole,,52,VALGOGLIO,1.0
senato-mattarellum-1993-corrected,LOMBARDIA,32,VALLEVE,whole,,52,VALLEVE,1.0
senato-mattarellum-1993-corrected,LOMBARDIA,32,VALNEGRA,whole,,52,VALNEGRA,1.0
senato-mattarellum-1993-corrected,LOMBARDIA,32,VALTORTA,whole,,52,VALTORTA,1.0
senato-mattarellum-1993-corrected,LOMBARDIA,32,VEDESETA,whole,,52,VEDESETA,1.0
senato-mattarellum-1993-corrected,LOMBARDIA,32,VERTOVA,whole,,52,VERTOVA,1.0
senato-mattarellum-1993-corrected,LOMBARDIA,32,VIADANICA,whole,,52,VIADANICA,1.0
senato-mattarellum-1993-corrected,LOMBARDIA,32,VIGANO SAN MARTINO,whole,,52,VIGANO SAN MARTINO,1.0
senato-mattarellum-1993-corrected,LOMBARDIA,32,VIGOLO,whole,,52,VIGGLO,0.833
senato-mattarellum-1993-corrected,LOMBARDIA,32,VILLA D'ALME',whole,,52,VILLA D'ALME*,1.0
senato-mattarellum-1993-corrected,LOMBARDIA,32,VILLA D'OGNA,whole,,52,VILLA D'OGNA,1.0
senato-mattarellum-1993-corrected,LOMBARDIA,32,VILLONGO,whole,,52,VILLUONGO,0.889
senato-mattarellum-1993-corrected,LOMBARDIA,32,VILMINORE DI SCALVE,whole,,52,VILMINORE DI SCALVE,1.0
senato-mattarellum-1993-corrected,LOMBARDIA,32,ZANDOBBIO,whole,,52,ZANDOBBIO,1.0
senato-mattarellum-1993-corrected,LOMBARDIA,32,ZOGNO,whole,,52,ZOGNO .,1.0
senato-mattarellum-1993-corrected,LOMBARDIA,32,COSTA DI SERINA,whole,,52,COSTA DI SERINA,1.0
senato-mattarellum-1993-corrected,LOMBARDIA,32,ALGUA,whole,,52,ALGUA,1.0
senato-mattarellum-1993-corrected,LOMBARDIA,32,CORNALBA,whole,,52,CORNALBA,1.0
senato-mattarellum-1993-corrected,LOMBARDIA,33,ANTEGNATE,whole,,52,ANTEGNATE,1.0
senato-mattarellum-1993-corrected,LOMBARDIA,33,ARCENE,whole,,52,ARCENE,1.0
senato-mattarellum-1993-corrected,LOMBARDIA,33,ARZAGO D'ADDA,whole,,52,ARZAGO D'ADDA,1.0
senato-mattarellum-1993-corrected,LOMBARDIA,33,BAGNATICA,whole,,52,BAGNATICA,1.0
senato-mattarellum-1993-corrected,LOMBARDIA,33,BARBATA,whole,,52,BARBATA,1.0
senato-mattarellum-1993-corrected,LOMBARDIA,33,BARIANO,whole,,52,BAR I1ANO,0.875
senato-mattarellum-1993-corrected,LOMBARDIA,33,BOLGARE,whole,,53,BOL GARE,1.0
senato-mattarellum-1993-corrected,LOMBARDIA,33,BOLTIERE,whole,,53,BOL TIERE,1.0
senato-mattarellum-1993-corrected,LOMBARDIA,33,BOTTANUCO,whole,,53,BOTTANUCO,1.0
senato-mattarellum-1993-corrected,LOMBARDIA,33,BREMBATE,whole,,53,BREMBATE,1.0
senato-mattarellum-1993-corrected,LOMBARDIA,33,BRIGNANO GERA D'ADDA,whole,,53,BRIGNANO GERA D'ADDA,1.0
senato-mattarellum-1993-corrected,LOMBARDIA,33,BRUSAPORTO,whole,,53,BRUSAPOR TO,1.0
senato-mattarellum-1993-corrected,LOMBARDIA,33,CALCINATE,whole,,53,CALCINATE,1.0
senato-mattarellum-1993-corrected,LOMBARDIA,33,CALCIO,whole,,53,CALCIO,1.0
senato-mattarellum-1993-corrected,LOMBARDIA,33,CALVENZANO,whole,,53,CAL VENZANO,1.0
senato-mattarellum-1993-corrected,LOMBARDIA,33,CANONICA D'ADDA,whole,,53,CANONICA D'ADPA,0.923
senato-mattarellum-1993-corrected,LOMBARDIA,33,CAPRIATE SAN GERVASIO,whole,,53,CAPRIATE SAN GERVASIO,1.0
senato-mattarellum-1993-corrected,LOMBARDIA,33,CARAVAGGIO,whole,,53,CARAVAGGIO,1.0
senato-mattarellum-1993-corrected,LOMBARDIA,33,CAROBBIO DEGLI ANGELI,whole,,53,CARDBBIO DEGLI ANGELI,0.947
senato-mattarellum-1993-corrected,LOMBARDIA,33,CASIRATE D'ADDA,whole,,53,CASIRATE D'ADDA,1.0
senato-mattarellum-1993-corrected,LOMBARDIA,33,CASTEL ROZZONE,whole,,53,CASTEL RUZZONE,0.923
senato-mattarellum-1993-corrected,LOMBARDIA,33,CAVERNAGO,whole,,53,CAVERNAGO,1.0
senato-mattarellum-1993-corrected,LOMBARDIA,33,CHIUDUNO,whole,,53,CHIUDUNO,1.0
senato-mattarellum-1993-corrected,LOMBARDIA,33,CISERANO,whole,,53,CISERANO,1.0
senato-mattarellum-1993-corrected,LOMBARDIA,33,CIVIDATE AL PIANO,whole,,53,CIVIDATE AL PIANGO,0.938
senato-mattarellum-1993-corrected,LOMBARDIA,33,COLOGNO AL SERIO,whole,,53,COLOGNO AL SERIO,1.0
senato-mattarellum-1993-corrected,LOMBARDIA,33,COMUN NUOVO,whole,,53,COMUN NUOVO,1.0
senato-mattarellum-1993-corrected,LOMBARDIA,33,CORTENOVA,whole,,53,CORTENUOVA,0.9
senato-mattarellum-1993-corrected,LOMBARDIA,33,COSTA DI MEZZATE,whole,,53,COSTA DI MEZZATE,1.0
senato-mattarellum-1993-corrected,LOMBARDIA,33,COVO,whole,,53,COVO,1.0
senato-mattarellum-1993-corrected,LOMBARDIA,33,FARA GERA D'ADDA,whole,,53,FARA GERA D'ADDA,1.0
senato-mattarellum-1993-corrected,LOMBARDIA,33,FARA OLIVANA CON SOLA,whole,,53,FARA OLIVANA CON SOLA,1.0
senato-mattarellum-1993-corrected,LOMBARDIA,33,FILAGO,whole,,53,FILAGO,1.0
senato-mattarellum-1993-corrected,LOMBARDIA,33,FONTANELLA,whole,,53,FONTANELLA,1.0
senato-mattarellum-1993-corrected,LOMBARDIA,33,FORNOVO SAN GIOVANNI,whole,,53,FORNOVO SAN GIOVANNI,1.0
senato-mattarellum-1993-corrected,LOMBARDIA,33,GHISALBA,whole,,53,GHISAL BA,1.0
senato-mattarellum-1993-corrected,LOMBARDIA,33,,whole,,53,SORLAGRO,0.75
senato-mattarellum-1993-corrected,LOMBARDIA,33,GRASSOBBIO,whole,,53,GRASSUBBIO,0.9
senato-mattarellum-1993-corrected,LOMBARDIA,33,ISSO,whole,,53,15SG,0.75
senato-mattarellum-1993-corrected,LOMBARDIA,33,LEVATE,whole,,53,LEVATE,1.0
senato-mattarellum-1993-corrected,LOMBARDIA,33,LURANO,whole,,53,LURANO,1.0
senato-mattarellum-1993-corrected,LOMBARDIA,33,MADONE,whole,,53,MADONE,1.0
senato-mattarellum-1993-corrected,LOMBARDIA,33,MARTINENGO,whole,,53,MARTINENGO,1.0
senato-mattarellum-1993-corrected,LOMBARDIA,33,MISANO DI GERA D'ADDA,whole,,53,MISANO DI GERA D'ADDA,1.0
senato-mattarellum-1993-corrected,LOMBARDIA,33,MORENGO,whole,,53,MORENGO,1.0
senato-mattarellum-1993-corrected,LOMBARDIA,33,MORNICO AL SERIO,whole,,53,MORNICO AL SERIO,1.0
senato-mattarellum-1993-corrected,LOMBARDIA,33,MOZZANICA,whole,,53,MOZZANICA,1.0
senato-mattarellum-1993-corrected,LOMBARDIA,33,OSIO SOPRA,whole,,53,OSTI0 SOPRA,0.9
senato-mattarellum-1993-corrected,LOMBARDIA,33,OSIO SOTTO,whole,,53,0ST10 SOTTO,0.9
senato-mattarellum-1993-corrected,LOMBARDIA,33,PAGAZZANO,whole,,53,PAGAZZANO,1.0
senato-mattarellum-1993-corrected,LOMBARDIA,33,PALOSCO,whole,,53,PALOSCO,1.0
senato-mattarellum-1993-corrected,LOMBARDIA,33,POGNANO,whole,,53,POGNANO,1.0
senato-mattarellum-1993-corrected,LOMBARDIA,33,PONTIROLO NUOVO,whole,,53,PONTIROLO NUOVO,1.0
senato-mattarellum-1993-corrected,LOMBARDIA,33,PUMENENGO,whole,,53,PUMENENGO,1.0
senato-mattarellum-1993-corrected,LOMBARDIA,33,ROMANO DI LOMBARDIA,whole,,53,ROMANO DI LOMBARDIA,1.0
senato-mattarellum-1993-corrected,LOMBARDIA,33,SPIRANO,whole,,53,SPIRANO,1.0
senato-mattarellum-1993-corrected,LOMBARDIA,33,TELGATE,whole,,53,TELGATE,1.0
senato-mattarellum-1993-corrected,LOMBARDIA,33,TORRE PALLAVICINA,whole,,53,TORRE PALLAVICINA,1.0
senato-mattarellum-1993-corrected,LOMBARDIA,33,TREVIGLIO,whole,,53,TREVIGLIO,1.0
senato-mattarellum-1993-corrected,LOMBARDIA,33,URGNANO,whole,,53,URGNANO,1.0
senato-mattarellum-1993-corrected,LOMBARDIA,33,VERDELLINO,whole,,53,VERDELLINO,1.0
senato-mattarellum-1993-corrected,LOMBARDIA,33,VERDELLO,whole,,53,VERDELLO,1.0
senato-mattarellum-1993-corrected,LOMBARDIA,33,ZANICA,whole,,53,ZANICA,1.0
senato-mattarellum-1993-corrected,LOMBARDIA,34,ARGEGNO,whole,,53,ARGEGNO,1.0
senato-mattarellum-1993-corrected,LOMBARDIA,34,BENE LARIO,whole,,53,BENE LARIO,1.0
senato-mattarellum-1993-corrected,LOMBARDIA,34,BLESSAGNO,whole,,53,BLESSAGNO,1.0
senato-mattarellum-1993-corrected,LOMBARDIA,34,BRIENNO,whole,,53,BRIENNO,1.0
senato-mattarellum-1993-corrected,LOMBARDIA,34,CAMPIONE D'ITALIA,whole,,53,CAMPIONE D'ITALIA,1.0
senato-mattarellum-1993-corrected,LOMBARDIA,34,CARLAZZO,whole,,53,CARLAZZO,1.0
senato-mattarellum-1993-corrected,LOMBARDIA,34,CASASCO D'INTELVI,whole,,53,CASASCO D'INTELVI,1.0
senato-mattarellum-1993-corrected,LOMBARDIA,34,CASTIGLIONE D'INTELVI,whole,,53,CASTIGLIONE D'INTELVI,1.0
senato-mattarellum-1993-corrected,LOMBARDIA,34,CAVARGNA,whole,,53,CAVARGNA,1.0
senato-mattarellum-1993-corrected,LOMBARDIA,34,CERANO D'INTELVI,whole,,53,CERANO D'INTELVI,1.0
senato-mattarellum-1993-corrected,LOMBARDIA,34,CLAINO CON OSTENO,whole,,54,CLAINO CON OSTENO,1.0
senato-mattarellum-1993-corrected,LOMBARDIA,34,COLONNO,whole,,54,COL ONNO,1.0
senato-mattarellum-1993-corrected,LOMBARDIA,34,CONSIGLIO DI RUMO,whole,,54,CONSIGLIO DI RUMO,1.0
senato-mattarellum-1993-corrected,LOMBARDIA,34,CORRIDO,whole,,54,CORRIDOIO,0.778
senato-mattarellum-1993-corrected,LOMBARDIA,34,CREMIA,whole,,54,CREMIA,1.0
senato-mattarellum-1993-corrected,LOMBARDIA,34,CUSINO,whole,,54,CUS INO,1.0
senato-mattarellum-1993-corrected,LOMBARDIA,34,DIZZASCO,whole,,54,DIZZASCO,1.0
senato-mattarellum-1993-corrected,LOMBARDIA,34,DOMASO,whole,,54,DOMASO,1.0
senato-mattarellum-1993-corrected,LOMBARDIA,34,DONGO,whole,,54,DONGO,1.0
senato-mattarellum-1993-corrected,LOMBARDIA,34,DOSSO DEL LIRO,whole,,54,DOSSO DEL LIRO,1.0
senato-mattarellum-1993-corrected,LOMBARDIA,34,GARZENO,whole,,54,GARZENO,1.0
senato-mattarellum-1993-corrected,LOMBARDIA,34,GERA LARIO,whole,,54,GERA LARIO,1.0
senato-mattarellum-1993-corrected,LOMBARDIA,34,GERMASINO,whole,,54,GERMAS INO,1.0
senato-mattarellum-1993-corrected,LOMBARDIA,34,GRANDOLA ED UNITI,whole,,54,GRANDUOLA ED UNITI,0.938
senato-mattarellum-1993-corrected,LOMBARDIA,34,GRAVEDONA,whole,,54,ERAVEDONA,0.889
senato-mattarellum-1993-corrected,LOMBARDIA,34,GRIANTE,whole,,54,GRIANTE,1.0
senato-mattarellum-1993-corrected,LOMBARDIA,34,LAINO,whole,,54,LAINO,1.0
senato-mattarellum-1993-corrected,LOMBARDIA,34,LANZO D'INTELVI,whole,,54,LANZO D'INTELVI,1.0
senato-mattarellum-1993-corrected,LOMBARDIA,34,LENNO,whole,,54,LENNO,1.0
senato-mattarellum-1993-corrected,LOMBARDIA,34,LIVO,whole,,54,LIVO,1.0
senato-mattarellum-1993-corrected,LOMBARDIA,34,MENAGGIO,whole,,54,MENAGGIO,1.0
senato-mattarellum-1993-corrected,LOMBARDIA,34,MEZZEGRA,whole,,54,MEZZEGRA,1.0
senato-mattarellum-1993-corrected,LOMBARDIA,34,MONTEMEZZO,whole,,54,MONTEMEZZO,1.0
senato-mattarellum-1993-corrected,LOMBARDIA,34,MUSSO,whole,,54,MUSSOU,0.833
senato-mattarellum-1993-corrected,LOMBARDIA,34,OSSUCCIO,whole,,54,OSSUCCIO,1.0
senato-mattarellum-1993-corrected,LOMBARDIA,34,PEGLIO,whole,,54,PEGLIO,1.0
senato-mattarellum-1993-corrected,LOMBARDIA,34,PELLIO INTELVI,whole,,54,PELLIO INTELYVI,0.929
senato-mattarellum-1993-corrected,LOMBARDIA,34,PIANELLO DEL LARIO,whole,,54,PIANELLO DEL LARIO,1.0
senato-mattarellum-1993-corrected,LOMBARDIA,34,PIGRA,whole,,54,PIGRA,1.0
senato-mattarellum-1993-corrected,LOMBARDIA,34,PLESIO,whole,,54,PLESIO,1.0
senato-mattarellum-1993-corrected,LOMBARDIA,34,PONNA,whole,,54,PONNA,1.0
senato-mattarellum-1993-corrected,LOMBARDIA,34,PORLEZZA,whole,,54,PORLEZZA,1.0
senato-mattarellum-1993-corrected,LOMBARDIA,34,RAMPONIO VERNA,whole,,54,RAMPONIO VERNA,1.0
senato-mattarellum-1993-corrected,LOMBARDIA,34,SALA COMACINA,whole,,54,SALA COMACINA,1.0
senato-mattarellum-1993-corrected,LOMBARDIA,34,SAN BARTOLOMEO VAL CAVARGNA,whole,,54,SAN BARTOLOMEO VAL CAVARGNA,1.0
senato-mattarellum-1993-corrected,LOMBARDIA,34,SAN FEDELE INTELVI,whole,,54,SAN FEDELE INTELYVI,0.941
senato-mattarellum-1993-corrected,LOMBARDIA,34,SAN NAZZARO VAL CAVARGNA,whole,,54,SAN NAZZARO VAL CAVARGNA,1.0
senato-mattarellum-1993-corrected,LOMBARDIA,34,SANT'ABBONDIO,whole,,54,SANT'’ABBONDIO,1.0
senato-mattarellum-1993-corrected,LOMBARDIA,34,SANTA MARIA REZZONICO,whole,,54,SANTA MARIA REZZONICO,1.0
senato-mattarellum-1993-corrected,LOMBARDIA,34,SCHIGNANO,whole,,54,SCHIGNANO,1.0
senato-mattarellum-1993-corrected,LOMBARDIA,34,STAZZONA,whole,,54,STAZZONA,1.0
senato-mattarellum-1993-corrected,LOMBARDIA,34,TREMEZZO,whole,,54,TREMEZZO,1.0
senato-mattarellum-1993-corrected,LOMBARDIA,34,TREZZONE,whole,,54,TREZZONE,1.0
senato-mattarellum-1993-corrected,LOMBARDIA,34,VAL REZZO,whole,,54,VAL REZZO,1.0
senato-mattarellum-1993-corrected,LOMBARDIA,34,VALSOLDA,whole,,54,VALSOLDA,1.0
senato-mattarellum-1993-corrected,LOMBARDIA,34,VERCANA,whole,,54,VERCANA,1.0
senato-mattarellum-1993-corrected,LOMBARDIA,34,ALBAREDO PER SAN MARCO,whole,,54,ALBAREDO PER SAN MARCO,1.0
senato-mattarellum-1993-corrected,LOMBARDIA,34,ALBOSAGGIA,whole,,54,AL BOSAGGIA,1.0
senato-mattarellum-1993-corrected,LOMBARDIA,34,ANDALO VALTELLINO,whole,,54,ANDALO YVALTELLINO,0.941
senato-mattarellum-1993-corrected,LOMBARDIA,34,APRICA,whole,,54,APRICA,1.0
senato-mattarellum-1993-corrected,LOMBARDIA,34,ARDENNO,whole,,54,AR DE NNO,1.0
senato-mattarellum-1993-corrected,LOMBARDIA,34,BEMA,whole,,54,BEHA,1.0
senato-mattarellum-1993-corrected,LOMBARDIA,34,BERBENNO DI VALTELLINA,whole,,54,BERBENNO DI VALTELLINA,1.0
senato-mattarellum-1993-corrected,LOMBARDIA,34,BIANZONE,whole,,54,BIANZONE,1.0
senato-mattarellum-1993-corrected,LOMBARDIA,34,BORMIO,whole,,54,BORMIO,1.0
senato-mattarellum-1993-corrected,LOMBARDIA,34,BUGLIO IN MONTE,whole,,54,BUGLIO IN MONTE,1.0
senato-mattarellum-1993-corrected,LOMBARDIA,34,CAIOLO,whole,,54,CAIOLO,1.0
senato-mattarellum-1993-corrected,LOMBARDIA,34,CAMPODOLCINO,whole,,54,CAMPODOLCINO,1.0
senato-mattarellum-1993-corrected,LOMBARDIA,34,CASPOGGIO,whole,,54,CASPOGGIO,1.0
senato-mattarellum-1993-corrected,LOMBARDIA,34,CASTELLO DELL'ACQUA,whole,,54,CASTELLO DELL'ACQUA,1.0
senato-mattarellum-1993-corrected,LOMBARDIA,34,CASTIONE ANDEVENNO,whole,,54,CASTIONE ANDE VENNO,1.0
senato-mattarellum-1993-corrected,LOMBARDIA,34,CEDRASCO,whole,,54,CEDRASCO,1.0
senato-mattarellum-1993-corrected,LOMBARDIA,34,CERCINO,whole,,54,CERCINDO,0.875
senato-mattarellum-1993-corrected,LOMBARDIA,34,CHIAVENNA,whole,,54,CHIAVENNA,1.0
senato-mattarellum-1993-corrected,LOMBARDIA,34,CHIESA IN VALMALENCO,whole,,54,CHIESA IN VALMALENCO,1.0
senato-mattarellum-1993-corrected,LOMBARDIA,34,CHIURO,whole,,54,CHIURO,1.0
senato-mattarellum-1993-corrected,LOMBARDIA,34,CINO,whole,,54,CINO,1.0
senato-mattarellum-1993-corrected,LOMBARDIA,34,COLORINA,whole,,55,COLOR INA,1.0
senato-mattarellum-1993-corrected,LOMBARDIA,34,COSIO VALTELLINO,whole,,55,COSTO VALTELLINO,0.933
senato-mattarellum-1993-corrected,LOMBARDIA,34,DAZIO,whole,,55,DAZIO,1.0
senato-mattarellum-1993-corrected,LOMBARDIA,34,DELEBIO,whole,,55,DELEBIG,0.857
senato-mattarellum-1993-corrected,LOMBARDIA,34,DUBINO,whole,,55,DUB INNO,0.857
senato-mattarellum-1993-corrected,LOMBARDIA,34,FAEDO VALTELLINO,whole,,55,FAEDO VALTELLINO,1.0
senato-mattarellum-1993-corrected,LOMBARDIA,34,FORCOLA,whole,,55,FORCOLA,1.0
senato-mattarellum-1993-corrected,LOMBARDIA,34,FUSINE,whole,,55,FUSINE,1.0
senato-mattarellum-1993-corrected,LOMBARDIA,34,GEROLA ALTA,whole,,55,GEROLA ALTA,1.0
senato-mattarellum-1993-corrected,LOMBARDIA,34,GORDONA,whole,,55,GORDONA,1.0
senato-mattarellum-1993-corrected,LOMBARDIA,34,GROSIO,whole,,55,GROSIO,1.0
senato-mattarellum-1993-corrected,LOMBARDIA,34,GROSOTTO,whole,,55,GRUSOTTO,0.875
senato-mattarellum-1993-corrected,LOMBARDIA,34,MADESIMO,whole,,55,MADESIMO,1.0
senato-mattarellum-1993-corrected,LOMBARDIA,34,LANZADA,whole,,55,LANZADA,1.0
senato-mattarellum-1993-corrected,LOMBARDIA,34,LIVIGNO,whole,,55,LIVIGNO,1.0
senato-mattarellum-1993-corrected,LOMBARDIA,34,LOVERO,whole,,55,LOVERDO,0.857
senato-mattarellum-1993-corrected,LOMBARDIA,34,MANTELLO,whole,,55,MANTELLO,1.0
senato-mattarellum-1993-corrected,LOMBARDIA,34,MAZZO DI VALTELLINA,whole,,55,MAZZO Di VACTELLINA,0.941
senato-mattarellum-1993-corrected,LOMBARDIA,34,MELLO,whole,,55,MELLO,1.0
senato-mattarellum-1993-corrected,LOMBARDIA,34,MENAROLA,whole,,55,MENAROLA,1.0
senato-mattarellum-1993-corrected,LOMBARDIA,34,MESE,whole,,55,MESE,1.0
senato-mattarellum-1993-corrected,LOMBARDIA,34,MONTAGNA IN VALTELLINA,whole,,55,MONTAGNA IN VALTELLINA,1.0
senato-mattarellum-1993-corrected,LOMBARDIA,34,MORBEGNO,whole,,55,MORBEGNO,1.0
senato-mattarellum-1993-corrected,LOMBARDIA,34,NOVATE MEZZOLA,whole,,55,NOVATE MEZZOLA,1.0
senato-mattarellum-1993-corrected,LOMBARDIA,34,PEDESINA,whole,,55,PEDESINA,1.0
senato-mattarellum-1993-corrected,LOMBARDIA,34,PIANTEDO,whole,,55,PIANTEDO,1.0
senato-mattarellum-1993-corrected,LOMBARDIA,34,PIATEDA,whole,,55,PIATEDA,1.0
senato-mattarellum-1993-corrected,LOMBARDIA,34,,whole,,55,PIUYURO,0.714
senato-mattarellum-1993-corrected,LOMBARDIA,34,POGGIRIDENTI,whole,,55,POGGIRIDENTI,1.0
senato-mattarellum-1993-corrected,LOMBARDIA,34,PONTE IN VALTELLINA,whole,,55,PONTE IN VALTELLINA,1.0
senato-mattarellum-1993-corrected,LOMBARDIA,34,POSTALESIO,whole,,55,PASTALESTO,0.8
senato-mattarellum-1993-corrected,LOMBARDIA,34,PRATA CAMPORTACCIO,whole,,55,PRATA CAMPORTACCIO,1.0
senato-mattarellum-1993-corrected,LOMBARDIA,34,RASURA,whole,,55,RASURA,1.0
senato-mattarellum-1993-corrected,LOMBARDIA,34,ROGOLO,whole,,55,ROGOLO,1.0
senato-mattarellum-1993-corrected,LOMBARDIA,34,SAMOLACO,whole,,55,SAMOLACO,1.0
senato-mattarellum-1993-corrected,LOMBARDIA,34,SAN GIACOMO FILIPPO,whole,,55,SAN GIACOMO FILIPPO,1.0
senato-mattarellum-1993-corrected,LOMBARDIA,34,SERNIO,whole,,55,SERNIO,1.0
senato-mattarellum-1993-corrected,LOMBARDIA,34,SONDALO,whole,,55,SONDALO,1.0
senato-mattarellum-1993-corrected,LOMBARDIA,34,SONDRIO,whole,,55,SONDRIO,1.0
senato-mattarellum-1993-corrected,LOMBARDIA,34,SPRIANA,whole,,55,SPRIANA,1.0
senato-mattarellum-1993-corrected,LOMBARDIA,34,TALAMONA,whole,,55,TALAMONA,1.0
senato-mattarellum-1993-corrected,LOMBARDIA,34,TARTANO,whole,,55,TARTANO,1.0
senato-mattarellum-1993-corrected,LOMBARDIA,34,TEGLIO,whole,,55,TEGLIO,1.0
senato-mattarellum-1993-corrected,LOMBARDIA,34,TIRANO,whole,,55,TiRANO,1.0
senato-mattarellum-1993-corrected,LOMBARDIA,34,TORRE DI SANTA MARIA,whole,,55,TORRE DI SANTA MARIA,1.0
senato-mattarellum-1993-corrected,LOMBARDIA,34,TOVO DI SANT'AGATA,whole,,55,TOVO DI SANT'AGATA,1.0
senato-mattarellum-1993-corrected,LOMBARDIA,34,TRAONA,whole,,55,TRAONA,1.0
senato-mattarellum-1993-corrected,LOMBARDIA,34,TRESIVIO,whole,,55,TRESIVIO,1.0
senato-mattarellum-1993-corrected,LOMBARDIA,34,VALDIDENTRO,whole,,55,VALDIDENTRO,1.0
senato-mattarellum-1993-corrected,LOMBARDIA,34,VALDISOTTO,whole,,55,VALDISOTTO,1.0
senato-mattarellum-1993-corrected,LOMBARDIA,34,VALFURVA,whole,,55,VALFURVA,1.0
senato-mattarellum-1993-corrected,LOMBARDIA,34,VAL MASINO,whole,,55,VAL MASINO,1.0
senato-mattarellum-1993-corrected,LOMBARDIA,34,VERCEIA,whole,,55,VERCE IA,1.0
senato-mattarellum-1993-corrected,LOMBARDIA,34,VERVIO,whole,,55,VERVIOQ,0.857
senato-mattarellum-1993-corrected,LOMBARDIA,34,VILLA DI CHIAVENNA,whole,,55,VILLA DI CHIAVENNA,1.0
senato-mattarellum-1993-corrected,LOMBARDIA,34,VILLA DI TIRANO,whole,,55,VILLA DI TIRANO,1.0
senato-mattarellum-1993-corrected,LOMBARDIA,34,ABBADIA LARIANA,whole,,55,ABBADIA LARIANA,1.0
senato-mattarellum-1993-corrected,LOMBARDIA,34,BARZIO,whole,,55,BARZIO,1.0
senato-mattarellum-1993-corrected,LOMBARDIA,34,BELLANO,whole,,55,BELLANO,1.0
senato-mattarellum-1993-corrected,LOMBARDIA,34,CASARGO,whole,,55,CASARGO,1.0
senato-mattarellum-1993-corrected,LOMBARDIA,34,CASSINA VALSASSINA,whole,,55,CASSINA VALSASSINA,1.0
senato-mattarellum-1993-corrected,LOMBARDIA,34,,whole,,55,COoOLTCO,0.625
senato-mattarellum-1993-corrected,LOMBARDIA,34,CORTENOVA,whole,,55,CORTENOYVA,0.9
senato-mattarellum-1993-corrected,LOMBARDIA,34,CRANDOLA VALSASSINA,whole,,55,CRANDOLA VALSASSINA,1.0
senato-mattarellum-1993-corrected,LOMBARDIA,34,CREMENO,whole,,55,CRE MENO,1.0
senato-mattarellum-1993-corrected,LOMBARDIA,34,DERVIO,whole,,55,DERVIO,1.0
senato-mattarellum-1993-corrected,LOMBARDIA,34,DORIO,whole,,55,DORIO,1.0
senato-mattarellum-1993-corrected,LOMBARDIA,34,ESINO LARIO,whole,,55,ESINU LARIO,0.9
senato-mattarellum-1993-corrected,LOMBARDIA,34,INTROBIO,whole,,55,INTROBIO,1.0
senato-mattarellum-1993-corrected,LOMBARDIA,34,INTROZZO,whole,,56,INTROZZO,1.0
senato-mattarellum-1993-corrected,LOMBARDIA,34,LIERNA,whole,,56,LIERNA,1.0
senato-mattarellum-1993-corrected,LOMBARDIA,34,MANDELLO DEL LARIO,whole,,56,MANDELLO DEL LARIO,1.0
senato-mattarellum-1993-corrected,LOMBARDIA,34,MARGNO,whole,,56,MARGNO,1.0
senato-mattarellum-1993-corrected,LOMBARDIA,34,MOGGIO,whole,,56,MOGGIO,1.0
senato-mattarellum-1993-corrected,LOMBARDIA,34,OLIVETO LARIO,whole,,56,OLIVETO LARIO,1.0
senato-mattarellum-1993-corrected,LOMBARDIA,34,PAGNONA,whole,,56,PAGNONA,1.0
senato-mattarellum-1993-corrected,LOMBARDIA,34,PARLASCO,whole,,56,PARLASCO,1.0
senato-mattarellum-1993-corrected,LOMBARDIA,34,PASTURO,whole,,56,PASTURO,1.0
senato-mattarellum-1993-corrected,LOMBARDIA,34,PERLEDO,whole,,56,PERLE DO,1.0
senato-mattarellum-1993-corrected,LOMBARDIA,34,PREMANA,whole,,56,PREMANA,1.0
senato-mattarellum-1993-corrected,LOMBARDIA,34,PRIMALUNA,whole,,56,PRIMALUNA,1.0
senato-mattarellum-1993-corrected,LOMBARDIA,34,SUEGLIO,whole,,56,SUESGLIO,0.875
senato-mattarellum-1993-corrected,LOMBARDIA,34,TACENO,whole,,56,TACENO,1.0
senato-mattarellum-1993-corrected,LOMBARDIA,34,TREMENICO,whole,,56,TREMENICO,1.0
senato-mattarellum-1993-corrected,LOMBARDIA,34,VARENNA,whole,,56,VARENNA,1.0
senato-mattarellum-1993-corrected,LOMBARDIA,34,VENDROGNO,whole,,56,VENDROGNO,1.0
senato-mattarellum-1993-corrected,LOMBARDIA,34,VESTRENO,whole,,56,VESTRENO,1.0
senato-mattarellum-1993-corrected,LOMBARDIA,35,ALMENNO SAN BARTOLOMEO,whole,,56,ALMENNO SAN BARTOLOHEO,1.0
senato-mattarellum-1993-corrected,LOMBARDIA,35,ALMENNO SAN SALVATORE,whole,,56,ALMENNO SAN SALVATORE,1.0
senato-mattarellum-1993-corrected,LOMBARDIA,35,AMBIVERE,whole,,56,AMBIVERE,1.0
senato-mattarellum-1993-corrected,LOMBARDIA,35,BARZANA,whole,,56,BARZANA,1.0
senato-mattarellum-1993-corrected,LOMBARDIA,35,BEDULITA,whole,,56,BEDUL ITA,1.0
senato-mattarellum-1993-corrected,LOMBARDIA,35,BERBENNO,whole,,56,BERBENNO,1.0
senato-mattarellum-1993-corrected,LOMBARDIA,35,BLELLO,whole,,56,BLELLO,1.0
senato-mattarellum-1993-corrected,LOMBARDIA,35,BREMBATE DI SOPRA,whole,,56,BREMBATE DI SOPRA,1.0
senato-mattarellum-1993-corrected,LOMBARDIA,35,BREMBILLA,whole,,56,BREMBILLA,1.0
senato-mattarellum-1993-corrected,LOMBARDIA,35,BRUMANO,whole,,56,BRUMANO,1.0
senato-mattarellum-1993-corrected,LOMBARDIA,35,CALUSCO D'ADDA,whole,,56,CALUSCO D'ADDA,1.0
senato-mattarellum-1993-corrected,LOMBARDIA,35,CAPIZZONE,whole,,56,CAPF12ZZONE,0.9
senato-mattarellum-1993-corrected,LOMBARDIA,35,CAPRINO BERGAMASCO,whole,,56,CAPRINO BERGAMASCO,1.0
senato-mattarellum-1993-corrected,LOMBARDIA,35,CARVICO,whole,,56,CARVICO,1.0
senato-mattarellum-1993-corrected,LOMBARDIA,35,CHIGNOLO D'ISOLA,whole,,56,CHIGNOLO D'ISGLA,0.929
senato-mattarellum-1993-corrected,LOMBARDIA,35,CISANO BERGAMASCO,whole,,56,CISANO BERGAMASCO,1.0
senato-mattarellum-1993-corrected,LOMBARDIA,35,CORNA IMAGNA,whole,,56,CORNA IMAGNA,1.0
senato-mattarellum-1993-corrected,LOMBARDIA,35,COSTA VALLE IMAGNA,whole,,56,COSTA VALLE IMAGNA,1.0
senato-mattarellum-1993-corrected,LOMBARDIA,35,FUIPIANO VALLE IMAGNA,whole,,56,FUIPIANO VALLE IMAGNA,1.0
senato-mattarellum-1993-corrected,LOMBARDIA,35,LOCATELLO,whole,,56,LOCATELLO,1.0
senato-mattarellum-1993-corrected,LOMBARDIA,35,MAPELLO,whole,,56,MAPELLO,1.0
senato-mattarellum-1993-corrected,LOMBARDIA,35,PALAZZAGO,whole,,56,PALAZZAGO,1.0
senato-mattarellum-1993-corrected,LOMBARDIA,35,PONTIDA,whole,,56,FPONTIDA,0.875
senato-mattarellum-1993-corrected,LOMBARDIA,35,PRESEZZO,whole,,56,PRESEZZO,1.0
senato-mattarellum-1993-corrected,LOMBARDIA,35,RONCOLA,whole,,56,RUONCOLA,0.875
senato-mattarellum-1993-corrected,LOMBARDIA,35,ROTA D'IMAGNA,whole,,56,ROTA D'IMAGNA,1.0
senato-mattarellum-1993-corrected,LOMBARDIA,35,SANT'OMOBONO IMAGNA,whole,,56,SANT*OMOBONO IMAGNA,1.0
senato-mattarellum-1993-corrected,LOMBARDIA,35,SOTTO IL MONTE GIOVANNI XXIII,whole,,56,SOTTO IL MONTE SIUOVANNI XX1IT,0.885
senato-mattarellum-1993-corrected,LOMBARDIA,35,STROZZA,whole,,56,STROZZA,1.0
senato-mattarellum-1993-corrected,LOMBARDIA,35,SUISIO,whole,,56,SUISIO,1.0
senato-mattarellum-1993-corrected,LOMBARDIA,35,TERNO D'ISOLA,whole,,56,TERNO D'ISOLA,1.0
senato-mattarellum-1993-corrected,LOMBARDIA,35,UBIALE CLANEZZO,whole,,56,UBIALE CLANEZZO,1.0
senato-mattarellum-1993-corrected,LOMBARDIA,35,VALSECCA,whole,,56,VALSECCA,1.0
senato-mattarellum-1993-corrected,LOMBARDIA,35,VILLA D'ADDA,whole,,56,VILLA D'ADDA,1.0
senato-mattarellum-1993-corrected,LOMBARDIA,35,MEDOLAGO,whole,,56,MEDOL AGO,1.0
senato-mattarellum-1993-corrected,LOMBARDIA,35,SOLZA,whole,,56,SOLZA,1.0
senato-mattarellum-1993-corrected,LOMBARDIA,35,AIRUNO,whole,,56,AIRUNO,1.0
senato-mattarellum-1993-corrected,LOMBARDIA,35,BALLABIO,whole,,56,BALLABIO,1.0
senato-mattarellum-1993-corrected,LOMBARDIA,35,BRIVIO,whole,,56,BRIVIO,1.0
senato-mattarellum-1993-corrected,LOMBARDIA,35,CALCO,whole,,56,CALCO,1.0
senato-mattarellum-1993-corrected,LOMBARDIA,35,CALOLZIOCORTE,whole,,56,CALOLZIOCORTE,1.0
senato-mattarellum-1993-corrected,LOMBARDIA,35,CARENNO,whole,,56,CARENNO,1.0
senato-mattarellum-1993-corrected,LOMBARDIA,35,CASATENOVO,whole,,56,CASATENOVO,1.0
senato-mattarellum-1993-corrected,LOMBARDIA,35,CASTELLO DI BRIANZA,whole,,56,CASTELLO DI BRIANZA,1.0
senato-mattarellum-1993-corrected,LOMBARDIA,35,CERNUSCO LOMBARDONE,whole,,56,CERNUSCO LOMBARDONE,1.0
senato-mattarellum-1993-corrected,LOMBARDIA,35,COLLE BRIANZA,whole,,56,COLLE BRIANZA,1.0
senato-mattarellum-1993-corrected,LOMBARDIA,35,DOLZAGO,whole,,56,DOLZAGO,1.0
senato-mattarellum-1993-corrected,LOMBARDIA,35,ELLO,whole,,56,ELLO,1.0
senato-mattarellum-1993-corrected,LOMBARDIA,35,ERVE,whole,,57,ERVE,1.0
senato-mattarellum-1993-corrected,LOMBARDIA,35,GALBIATE,whole,,57,GALBIATE,1.0
senato-mattarellum-1993-corrected,LOMBARDIA,35,GARLATE,whole,,57,GARLATE,1.0
senato-mattarellum-1993-corrected,LOMBARDIA,35,IMBERSAGO,whole,,57,IMBERSAGO,1.0
senato-mattarellum-1993-corrected,LOMBARDIA,35,LECCO,whole,,57,LECCO,1.0
senato-mattarellum-1993-corrected,LOMBARDIA,35,LOMAGNA,whole,,57,LOMAGNA,1.0
senato-mattarellum-1993-corrected,LOMBARDIA,35,MERATE,whole,,57,MERATE,1.0
senato-mattarellum-1993-corrected,LOMBARDIA,35,MISSAGLIA,whole,,57,MISSAGLIA,1.0
senato-mattarellum-1993-corrected,LOMBARDIA,35,MONTE MARENZO,whole,,57,MONTE MARENZO,1.0
senato-mattarellum-1993-corrected,LOMBARDIA,35,MONTEVECCHIA,whole,,57,MONTEVECCHIA,1.0
senato-mattarellum-1993-corrected,LOMBARDIA,35,MONTICELLO BRIANZA,whole,,57,MONTICELLO BRIANZA,1.0
senato-mattarellum-1993-corrected,LOMBARDIA,35,MORTERONE,whole,,57,MORTERONE,1.0
senato-mattarellum-1993-corrected,LOMBARDIA,35,OLGIATE MOLGORA,whole,,57,OLGIATE MOLGORA,1.0
senato-mattarellum-1993-corrected,LOMBARDIA,35,OLGINATE,whole,,57,OLGINATE,1.0
senato-mattarellum-1993-corrected,LOMBARDIA,35,OSNAGO,whole,,57,OSNAGO,1.0
senato-mattarellum-1993-corrected,LOMBARDIA,35,PADERNO D'ADDA,whole,,57,PADERNO D'ADDA,1.0
senato-mattarellum-1993-corrected,LOMBARDIA,35,PEREGO,whole,,57,PEREGO,1.0
senato-mattarellum-1993-corrected,LOMBARDIA,35,PESCATE,whole,,57,PESCATE,1.0
senato-mattarellum-1993-corrected,LOMBARDIA,35,ROBBIATE,whole,,57,ROBBIATE,1.0
senato-mattarellum-1993-corrected,LOMBARDIA,35,ROVAGNATE,whole,,57,ROVAGNATE,1.0
senato-mattarellum-1993-corrected,LOMBARDIA,35,SANTA MARIA HOE',whole,,57,SANTA MARIA HOE*,1.0
senato-mattarellum-1993-corrected,LOMBARDIA,35,SIRTORI,whole,,57,SIRTORI,1.0
senato-mattarellum-1993-corrected,LOMBARDIA,35,TORRE DE' BUSI,whole,,57,TORRE DE*BUSI,1.0
senato-mattarellum-1993-corrected,LOMBARDIA,35,VALGREGHENTINO,whole,,57,VAL GREGHENTING,0.929
senato-mattarellum-1993-corrected,LOMBARDIA,35,VERCURAGO,whole,,57,VERCURAGO,1.0
senato-mattarellum-1993-corrected,LOMBARDIA,35,VERDERIO INFERIORE,whole,,57,VERDERIO INFERIORE,1.0
senato-mattarellum-1993-corrected,LOMBARDIA,35,VERDERIO SUPERIORE,whole,,57,VERDERIO SUPERIORE,1.0
senato-mattarellum-1993-corrected,LOMBARDIA,35,VIGANO',whole,,57,VIGANO'!,1.0
senato-mattarellum-1993-corrected,TRENTINO-ALTO ADIGE,1,ALDINO,whole,,58,ALDINO,1.0
senato-mattarellum-1993-corrected,TRENTINO-ALTO ADIGE,1,ANTERIVO,whole,,58,ANTERiIVO,0.889
senato-mattarellum-1993-corrected,TRENTINO-ALTO ADIGE,1,APPIANO SULLA STRADA DEL VINO,whole,,58,APPIANO SULLA STRADA DEL VINO,1.0
senato-mattarellum-1993-corrected,TRENTINO-ALTO ADIGE,1,BOLZANO,whole,,58,BOL ZANO,1.0
senato-mattarellum-1993-corrected,TRENTINO-ALTO ADIGE,1,BRONZOLO,whole,,58,BRONZOLO,1.0
senato-mattarellum-1993-corrected,TRENTINO-ALTO ADIGE,1,CALDARO SULLA STRADA DEL VINO,whole,,58,CALDARO SULLA STRADA DEL VINO,1.0
senato-mattarellum-1993-corrected,TRENTINO-ALTO ADIGE,1,CORNEDO ALL'ISARCO,whole,,58,CORNEDO ALL'ISARCO,1.0
senato-mattarellum-1993-corrected,TRENTINO-ALTO ADIGE,1,CORTACCIA SULLA STRADA DEL VINO,whole,,58,CORTACCIA SULLA STRADA DEL VINO,1.0
senato-mattarellum-1993-corrected,TRENTINO-ALTO ADIGE,1,CORTINA SULLA STRADA DEL VINO,whole,,58,CORTINA SULLA STRADA DEL VINO,1.0
senato-mattarellum-1993-corrected,TRENTINO-ALTO ADIGE,1,EGNA,whole,,58,EGNA,1.0
senato-mattarellum-1993-corrected,TRENTINO-ALTO ADIGE,1,LAIVES,whole,,58,LAIVES,1.0
senato-mattarellum-1993-corrected,TRENTINO-ALTO ADIGE,1,MAGRE' SULLA STRADA DEL VINO,whole,,58,MAGRE* SULLA STRADA DEL VINO,1.0
senato-mattarellum-1993-corrected,TRENTINO-ALTO ADIGE,1,MONTAGNA,whole,,58,MONTAGNA,1.0
senato-mattarellum-1993-corrected,TRENTINO-ALTO ADIGE,1,ORA,whole,,58,ORA,1.0
senato-mattarellum-1993-corrected,TRENTINO-ALTO ADIGE,1,SALORNO,whole,,58,SALORNO,1.0
senato-mattarellum-1993-corrected,TRENTINO-ALTO ADIGE,1,TERMENO SULLA STRADA DEL VINO,whole,,58,TERMENO SULLA STRADA DEL VINO,1.0
senato-mattarellum-1993-corrected,TRENTINO-ALTO ADIGE,1,TRODENA,whole,,58,TRODENA,1.0
senato-mattarellum-1993-corrected,TRENTINO-ALTO ADIGE,1,VADENA,whole,,58,VADENA,1.0
senato-mattarellum-1993-corrected,TRENTINO-ALTO ADIGE,2,ANDRIANO,whole,,58,ANDODRIANO,0.8
senato-mattarellum-1993-corrected,TRENTINO-ALTO ADIGE,2,AVELENGO,whole,,58,AVELENGO,1.0
senato-mattarellum-1993-corrected,TRENTINO-ALTO ADIGE,2,CAINES,whole,,58,CAINES,1.0
senato-mattarellum-1993-corrected,TRENTINO-ALTO ADIGE,2,CASTELBELLO CIARDES,whole,,58,CASTEL BELLU -CIARDES,0.944
senato-mattarellum-1993-corrected,TRENTINO-ALTO ADIGE,2,CERMES,whole,,58,CERNMES,0.857
senato-mattarellum-1993-corrected,TRENTINO-ALTO ADIGE,2,CURON VENOSTA,whole,,58,CURON VENOSTA,1.0
senato-mattarellum-1993-corrected,TRENTINO-ALTO ADIGE,2,GARGAZZONE,whole,,58,GARGAZZONE,1.0
senato-mattarellum-1993-corrected,TRENTINO-ALTO ADIGE,2,GLORENZA,whole,,58,GLORENZA,1.0
senato-mattarellum-1993-corrected,TRENTINO-ALTO ADIGE,2,LACES,whole,,58,LACES,1.0
senato-mattarellum-1993-corrected,TRENTINO-ALTO ADIGE,2,LAGUNDO,whole,,58,LAGUNDO,1.0
senato-mattarellum-1993-corrected,TRENTINO-ALTO ADIGE,2,LANA,whole,,58,LANA,1.0
senato-mattarellum-1993-corrected,TRENTINO-ALTO ADIGE,2,LASA,whole,,58,LASA,1.0
senato-mattarellum-1993-corrected,TRENTINO-ALTO ADIGE,2,LAUREGNO,whole,,58,LAURE GNO,1.0
senato-mattarellum-1993-corrected,TRENTINO-ALTO ADIGE,2,MALLES VENOSTA,whole,,58,MALLES VENOSTA,1.0
senato-mattarellum-1993-corrected,TRENTINO-ALTO ADIGE,2,MARLENGO,whole,,58,MARLENGO -,1.0
senato-mattarellum-1993-corrected,TRENTINO-ALTO ADIGE,2,MARTELLO,whole,,58,HARTELLO,1.0
senato-mattarellum-1993-corrected,TRENTINO-ALTO ADIGE,2,MELTINA,whole,,58,MELTINA,1.0
senato-mattarellum-1993-corrected,TRENTINO-ALTO ADIGE,2,MERANO,whole,,58,MERANO,1.0
senato-mattarellum-1993-corrected,TRENTINO-ALTO ADIGE,2,MOSO IN PASSIRIA,whole,,58,MOSO IN PASSIRIA,1.0
senato-mattarellum-1993-corrected,TRENTINO-ALTO ADIGE,2,NALLES,whole,,58,NALLES,1.0
senato-mattarellum-1993-corrected,TRENTINO-ALTO ADIGE,2,NATURNO,whole,,58,NATURNO,1.0
senato-mattarellum-1993-corrected,TRENTINO-ALTO ADIGE,2,PARCINES,whole,,58,PARCINES,1.0
senato-mattarellum-1993-corrected,TRENTINO-ALTO ADIGE,2,PLAUS,whole,,58,PLAUS,1.0
senato-mattarellum-1993-corrected,TRENTINO-ALTO ADIGE,2,POSTAL,whole,,58,POSTAL,1.0
senato-mattarellum-1993-corrected,TRENTINO-ALTO ADIGE,2,PRATO ALLO STELVIO,whole,,58,PRATO ALLO STELVIO,1.0
senato-mattarellum-1993-corrected,TRENTINO-ALTO ADIGE,2,PROVES,whole,,58,PRUVES,0.833
senato-mattarellum-1993-corrected,TRENTINO-ALTO ADIGE,2,RIFIANO,whole,,58,REIFIANO,0.875
senato-mattarellum-1993-corrected,TRENTINO-ALTO ADIGE,2,SAN GENESIO ATESINO,whole,,58,SAN GENESIO ATESINO,1.0
senato-mattarellum-1993-corrected,TRENTINO-ALTO ADIGE,2,SAN LEONARDO IN PASSIRIA,whole,,58,SAN LEONARDO IN PASSIRIA,1.0
senato-mattarellum-1993-corrected,TRENTINO-ALTO ADIGE,2,SAN MARTINO IN PASSIRIA,whole,,58,SAN MARTINO IN PASSIRIA,1.0
senato-mattarellum-1993-corrected,TRENTINO-ALTO ADIGE,2,SAN PANCRAZIO,whole,,58,SAN PANCRAZIO,1.0
senato-mattarellum-1993-corrected,TRENTINO-ALTO ADIGE,2,SARENTINO,whole,,58,SARENTINO,1.0
senato-mattarellum-1993-corrected,TRENTINO-ALTO ADIGE,2,SCENA,whole,,58,SCENA,1.0
senato-mattarellum-1993-corrected,TRENTINO-ALTO ADIGE,2,SENALES,whole,,58,SENALES,1.0
senato-mattarellum-1993-corrected,TRENTINO-ALTO ADIGE,2,SILANDRO,whole,,58,SILANDRO,1.0
senato-mattarellum-1993-corrected,TRENTINO-ALTO ADIGE,2,SLUDERNO,whole,,58,SLUDERNO,1.0
senato-mattarellum-1993-corrected,TRENTINO-ALTO ADIGE,2,STELVIO,whole,,58,STELVIO,1.0
senato-mattarellum-1993-corrected,TRENTINO-ALTO ADIGE,2,TERLANO,whole,,58,TERLANO,1.0
senato-mattarellum-1993-corrected,TRENTINO-ALTO ADIGE,2,TESIMO,whole,,58,TESI1MO,0.857
senato-mattarellum-1993-corrected,TRENTINO-ALTO ADIGE,2,TIROLO,whole,,58,TIROLO,1.0
senato-mattarellum-1993-corrected,TRENTINO-ALTO ADIGE,2,TUBRE,whole,,58,TUBRE,1.0
senato-mattarellum-1993-corrected,TRENTINO-ALTO ADIGE,2,ULTIMO,whole,,58,UL TIMO,1.0
senato-mattarellum-1993-corrected,TRENTINO-ALTO ADIGE,2,VERANO,whole,,59,VERANO,1.0
senato-mattarellum-1993-corrected,TRENTINO-ALTO ADIGE,2,SENALE-SAN FELICE,whole,,59,SENALE-SAN FELICE,1.0
senato-mattarellum-1993-corrected,TRENTINO-ALTO ADIGE,3,BADIA,whole,,59,BADIA,1.0
senato-mattarellum-1993-corrected,TRENTINO-ALTO ADIGE,3,BARBIANO,whole,,59,BARBI IANO,0.889
senato-mattarellum-1993-corrected,TRENTINO-ALTO ADIGE,3,BRAIES,whole,,59,BRAIES,1.0
senato-mattarellum-1993-corrected,TRENTINO-ALTO ADIGE,3,BRENNERO,whole,,59,BRENNERO,1.0
senato-mattarellum-1993-corrected,TRENTINO-ALTO ADIGE,3,BRESSANONE,whole,,59,BRESSANONE,1.0
senato-mattarellum-1993-corrected,TRENTINO-ALTO ADIGE,3,BRUNICO,whole,,59,BRUNICO,1.0
senato-mattarellum-1993-corrected,TRENTINO-ALTO ADIGE,3,CAMPO DI TRENS,whole,,59,CAMPO DI TRENS,1.0
senato-mattarellum-1993-corrected,TRENTINO-ALTO ADIGE,3,CAMPO TURES,whole,,59,CAMPO TURES,1.0
senato-mattarellum-1993-corrected,TRENTINO-ALTO ADIGE,3,CASTELROTTO,whole,,59,CASTELROTTO,1.0
senato-mattarellum-1993-corrected,TRENTINO-ALTO ADIGE,3,CHIENES,whole,,59,CHIENES,1.0
senato-mattarellum-1993-corrected,TRENTINO-ALTO ADIGE,3,CHIUSA,whole,,59,CHIUSA,1.0
senato-mattarellum-1993-corrected,TRENTINO-ALTO ADIGE,3,CORVARA IN BADIA,whole,,59,CORVARA IN BADIA,1.0
senato-mattarellum-1993-corrected,TRENTINO-ALTO ADIGE,3,DOBBIACO,whole,,59,DOBBIACO,1.0
senato-mattarellum-1993-corrected,TRENTINO-ALTO ADIGE,3,FALZES,whole,,59,FALZES,1.0
senato-mattarellum-1993-corrected,TRENTINO-ALTO ADIGE,3,FIE' ALLO SCILIAR,whole,,59,FIE' ALLO SCILIAR,1.0
senato-mattarellum-1993-corrected,TRENTINO-ALTO ADIGE,3,FORTEZZA,whole,,59,FORTEZZA,1.0
senato-mattarellum-1993-corrected,TRENTINO-ALTO ADIGE,3,FUNES,whole,,59,FUNES,1.0
senato-mattarellum-1993-corrected,TRENTINO-ALTO ADIGE,3,GAIS,whole,,59,GA FS,0.75
senato-mattarellum-1993-corrected,TRENTINO-ALTO ADIGE,3,LAION,whole,,59,LAION,1.0
senato-mattarellum-1993-corrected,TRENTINO-ALTO ADIGE,3,LUSON,whole,,59,LUSON,1.0
senato-mattarellum-1993-corrected,TRENTINO-ALTO ADIGE,3,MAREBBE,whole,,59,HARE BBE,1.0
senato-mattarellum-1993-corrected,TRENTINO-ALTO ADIGE,3,MONGUELFO,whole,,59,MONGUELFO,1.0
senato-mattarellum-1993-corrected,TRENTINO-ALTO ADIGE,3,NAZ SCIAVES,whole,,59,NA2Z-SCIAVES,1.0
senato-mattarellum-1993-corrected,TRENTINO-ALTO ADIGE,3,NOVA LEVANTE,whole,,59,NOVA LEVANTE,1.0
senato-mattarellum-1993-corrected,TRENTINO-ALTO ADIGE,3,NOVA PONENTE,whole,,59,NOVA PONENTE,1.0
senato-mattarellum-1993-corrected,TRENTINO-ALTO ADIGE,3,ORTISEI,whole,,59,ORTISFI,0.857
senato-mattarellum-1993-corrected,TRENTINO-ALTO ADIGE,3,PERCA,whole,,59,PERCA,1.0
senato-mattarellum-1993-corrected,TRENTINO-ALTO ADIGE,3,PONTE GARDENA,whole,,59,PONTE GARDENA,1.0
senato-mattarellum-1993-corrected,TRENTINO-ALTO ADIGE,3,PREDOI,whole,,59,PREPBDOI,0.75
senato-mattarellum-1993-corrected,TRENTINO-ALTO ADIGE,3,RACINES,whole,,59,RACINES,1.0
senato-mattarellum-1993-corrected,TRENTINO-ALTO ADIGE,3,RASUN ANTERSELVA,whole,,59,RASUN ANTERSELVA,1.0
senato-mattarellum-1993-corrected,TRENTINO-ALTO ADIGE,3,RENON,whole,,59,RENON,1.0
senato-mattarellum-1993-corrected,TRENTINO-ALTO ADIGE,3,RIO DI PUSTERIA,whole,,59,RIO DI PUSTERIA,1.0
senato-mattarellum-1993-corrected,TRENTINO-ALTO ADIGE,3,RODENGO,whole,,59,RODENGO,1.0
senato-mattarellum-1993-corrected,TRENTINO-ALTO ADIGE,3,SAN CANDIDO,whole,,59,SAN CANDIDO,1.0
senato-mattarellum-1993-corrected,TRENTINO-ALTO ADIGE,3,SAN LORENZO DI SEBATO,whole,,59,SAN LORENZO DI SEBATO,1.0
senato-mattarellum-1993-corrected,TRENTINO-ALTO ADIGE,3,SAN MARTINO IN BADIA,whole,,59,SAN MARTINO IN BADIA,1.0
senato-mattarellum-1993-corrected,TRENTINO-ALTO ADIGE,3,SANTA CRISTINA VALGARDENA,whole,,59,SANTA CRISTINA VALGARDENA,1.0
senato-mattarellum-1993-corrected,TRENTINO-ALTO ADIGE,3,SELVA DEI MOLINI,whole,,59,SELVA DEI MOLINI,1.0
senato-mattarellum-1993-corrected,TRENTINO-ALTO ADIGE,3,SELVA DI VAL GARDENA,whole,,59,SELVA DI VAL GARDENA,1.0
senato-mattarellum-1993-corrected,TRENTINO-ALTO ADIGE,3,SESTO,whole,,59,SESTA,0.8
senato-mattarellum-1993-corrected,TRENTINO-ALTO ADIGE,3,TERENTO,whole,,59,TERENTO,1.0
senato-mattarellum-1993-corrected,TRENTINO-ALTO ADIGE,3,TIRES,whole,,59,TIRES,1.0
senato-mattarellum-1993-corrected,TRENTINO-ALTO ADIGE,3,VALDAORA,whole,,59,VALDAORA,1.0
senato-mattarellum-1993-corrected,TRENTINO-ALTO ADIGE,3,VAL DI VIZZE,whole,,59,VAL DI VIZZE,1.0
senato-mattarellum-1993-corrected,TRENTINO-ALTO ADIGE,3,VALLE AURINA,whole,,59,VALLE AURINA,1.0
senato-mattarellum-1993-corrected,TRENTINO-ALTO ADIGE,3,VALLE DI CASIES,whole,,59,VALLE BI CASIES,0.923
senato-mattarellum-1993-corrected,TRENTINO-ALTO ADIGE,3,VANDOIES,whole,,59,VANDOTES,0.875
senato-mattarellum-1993-corrected,TRENTINO-ALTO ADIGE,3,VARNA,whole,,59,VARNA,1.0
senato-mattarellum-1993-corrected,TRENTINO-ALTO ADIGE,3,VILLABASSA,whole,,59,VILLABASSA,1.0
senato-mattarellum-1993-corrected,TRENTINO-ALTO ADIGE,3,VILLANDRO,whole,,59,VILLANDRO,1.0
senato-mattarellum-1993-corrected,TRENTINO-ALTO ADIGE,3,VIPITENO,whole,,59,VIPITENO,1.0
senato-mattarellum-1993-corrected,TRENTINO-ALTO ADIGE,3,VELTURNO,whole,,59,VELTURNO,1.0
senato-mattarellum-1993-corrected,TRENTINO-ALTO ADIGE,3,LA VALLE,whole,,59,LA VALLE,1.0
senato-mattarellum-1993-corrected,TRENTINO-ALTO ADIGE,4,ALBIANO,whole,,59,ALBIANO,1.0
senato-mattarellum-1993-corrected,TRENTINO-ALTO ADIGE,4,ALDENO,whole,,59,ALDENO,1.0
senato-mattarellum-1993-corrected,TRENTINO-ALTO ADIGE,4,AMBLAR,whole,,59,AHMBLAR,0.857
senato-mattarellum-1993-corrected,TRENTINO-ALTO ADIGE,4,ANDALO,whole,,59,ANDALO,1.0
senato-mattarellum-1993-corrected,TRENTINO-ALTO ADIGE,4,BRESIMO,whole,,59,BRESIMO,1.0
senato-mattarellum-1993-corrected,TRENTINO-ALTO ADIGE,4,BREZ,whole,,59,BREZ,1.0
senato-mattarellum-1993-corrected,TRENTINO-ALTO ADIGE,4,CAGNO',whole,,59,CAGNO',1.0
senato-mattarellum-1993-corrected,TRENTINO-ALTO ADIGE,4,CALAVINO,whole,,60,CALAVINO,1.0
senato-mattarellum-1993-corrected,TRENTINO-ALTO ADIGE,4,CALDES,whole,,60,CAL DES,1.0
senato-mattarellum-1993-corrected,TRENTINO-ALTO ADIGE,4,CAMPODENNO,whole,,60,CAMPODE NNO,1.0
senato-mattarellum-1993-corrected,TRENTINO-ALTO ADIGE,4,CASTELFONDO,whole,,60,CASTELFONDO,1.0
senato-mattarellum-1993-corrected,TRENTINO-ALTO ADIGE,4,CAVARENO,whole,,60,CAVARENO,1.0
senato-mattarellum-1993-corrected,TRENTINO-ALTO ADIGE,4,CAVEDAGO,whole,,60,CAVE DAGO,1.0
senato-mattarellum-1993-corrected,TRENTINO-ALTO ADIGE,4,CAVEDINE,whole,,60,CAVEDINE,1.0
senato-mattarellum-1993-corrected,TRENTINO-ALTO ADIGE,4,CAVIZZANA,whole,,60,CAVIZZANA,1.0
senato-mattarellum-1993-corrected,TRENTINO-ALTO ADIGE,4,CEMBRA,whole,,60,CEMBRA,1.0
senato-mattarellum-1993-corrected,TRENTINO-ALTO ADIGE,4,CIMONE,whole,,60,CIMONE,1.0
senato-mattarellum-1993-corrected,TRENTINO-ALTO ADIGE,4,CIS,whole,,60,CIS,1.0
senato-mattarellum-1993-corrected,TRENTINO-ALTO ADIGE,4,CLES,whole,,60,CLES,1.0
senato-mattarellum-1993-corrected,TRENTINO-ALTO ADIGE,4,COMMEZZADURA,whole,,60,CUMME ZZADURA,0.917
senato-mattarellum-1993-corrected,TRENTINO-ALTO ADIGE,4,CROVIANA,whole,,60,CROVIANA,1.0
senato-mattarellum-1993-corrected,TRENTINO-ALTO ADIGE,4,CUNEVO,whole,,60,CUNE VO,1.0
senato-mattarellum-1993-corrected,TRENTINO-ALTO ADIGE,4,DAMBEL,whole,,60,DAMBEL,1.0
senato-mattarellum-1993-corrected,TRENTINO-ALTO ADIGE,4,DENNO,whole,,60,DENNO,1.0
senato-mattarellum-1993-corrected,TRENTINO-ALTO ADIGE,4,DIMARO,whole,,60,DIMARO,1.0
senato-mattarellum-1993-corrected,TRENTINO-ALTO ADIGE,4,DON,whole,,60,DON,1.0
senato-mattarellum-1993-corrected,TRENTINO-ALTO ADIGE,4,FAEDO,whole,,60,FAEDO,1.0
senato-mattarellum-1993-corrected,TRENTINO-ALTO ADIGE,4,FAI DELLA PAGANELLA,whole,,60,FA1 DELLA PFPAGANELLA,0.895
senato-mattarellum-1993-corrected,TRENTINO-ALTO ADIGE,4,FAVER,whole,,60,FAVER,1.0
senato-mattarellum-1993-corrected,TRENTINO-ALTO ADIGE,4,FLAVON,whole,,60,FLAVON,1.0
senato-mattarellum-1993-corrected,TRENTINO-ALTO ADIGE,4,FONDO,whole,,60,FONDO,1.0
senato-mattarellum-1993-corrected,TRENTINO-ALTO ADIGE,4,GARNIGA,whole,,60,GARNIGA,1.0
senato-mattarellum-1993-corrected,TRENTINO-ALTO ADIGE,4,GIOVO,whole,,60,GIOVO,1.0
senato-mattarellum-1993-corrected,TRENTINO-ALTO ADIGE,4,GRAUNO,whole,,60,GRAUNO,1.0
senato-mattarellum-1993-corrected,TRENTINO-ALTO ADIGE,4,GRUMES,whole,,60,GRUME S,1.0
senato-mattarellum-1993-corrected,TRENTINO-ALTO ADIGE,4,LASINO,whole,,60,LASINO,1.0
senato-mattarellum-1993-corrected,TRENTINO-ALTO ADIGE,4,LAVIS,whole,,60,LAVIS,1.0
senato-mattarellum-1993-corrected,TRENTINO-ALTO ADIGE,4,LISIGNAGO,whole,,60,LISIGNAGO,1.0
senato-mattarellum-1993-corrected,TRENTINO-ALTO ADIGE,4,LONA-LASES,whole,,60,LONA-LASES,1.0
senato-mattarellum-1993-corrected,TRENTINO-ALTO ADIGE,4,MALE',whole,,60,HALE!,1.0
senato-mattarellum-1993-corrected,TRENTINO-ALTO ADIGE,4,MALOSCO,whole,,60,MALOSCO,1.0
senato-mattarellum-1993-corrected,TRENTINO-ALTO ADIGE,4,MEZZANA,whole,,60,MEZZANA,1.0
senato-mattarellum-1993-corrected,TRENTINO-ALTO ADIGE,4,MEZZOCORONA,whole,,60,HMEZZOCORONA,0.917
senato-mattarellum-1993-corrected,TRENTINO-ALTO ADIGE,4,MEZZOLOMBARDO,whole,,60,HE ZZOLOMBAR DO,1.0
senato-mattarellum-1993-corrected,TRENTINO-ALTO ADIGE,4,MOLVENO,whole,,60,MOLVENO,1.0
senato-mattarellum-1993-corrected,TRENTINO-ALTO ADIGE,4,MONCLASSICO,whole,,60,MUNCLASSICO,0.909
senato-mattarellum-1993-corrected,TRENTINO-ALTO ADIGE,4,NANNO,whole,,60,NANNO,1.0
senato-mattarellum-1993-corrected,TRENTINO-ALTO ADIGE,4,NAVE SAN ROCCO,whole,,60,NAVE SAN ROCCO,1.0
senato-mattarellum-1993-corrected,TRENTINO-ALTO ADIGE,4,OSSANA,whole,,60,OSSANA,1.0
senato-mattarellum-1993-corrected,TRENTINO-ALTO ADIGE,4,PADERGNONE,whole,,60,PADERGHONE,0.9
senato-mattarellum-1993-corrected,TRENTINO-ALTO ADIGE,4,PEIO,whole,,60,PEIOQ,0.8
senato-mattarellum-1993-corrected,TRENTINO-ALTO ADIGE,4,PELLIZZANO,whole,,60,PELLIZZANO,1.0
senato-mattarellum-1993-corrected,TRENTINO-ALTO ADIGE,4,RABBI,whole,,60,RABBI,1.0
senato-mattarellum-1993-corrected,TRENTINO-ALTO ADIGE,4,REVO',whole,,60,REVO*,1.0
senato-mattarellum-1993-corrected,TRENTINO-ALTO ADIGE,4,ROMALLO,whole,,60,RONALLO,0.857
senato-mattarellum-1993-corrected,TRENTINO-ALTO ADIGE,4,ROMENO,whole,,60,ROMENO,1.0
senato-mattarellum-1993-corrected,TRENTINO-ALTO ADIGE,4,RONZONE,whole,,60,RONZONE,1.0
senato-mattarellum-1993-corrected,TRENTINO-ALTO ADIGE,4,ROVERE' DELLA LUNA,whole,,60,ROVERE* DELLA LUNA,1.0
senato-mattarellum-1993-corrected,TRENTINO-ALTO ADIGE,4,RUFFRE',whole,,60,"RUFFRE'""",1.0
senato-mattarellum-1993-corrected,TRENTINO-ALTO ADIGE,4,RUMO,whole,,60,RUMO,1.0
senato-mattarellum-1993-corrected,TRENTINO-ALTO ADIGE,4,SAN MICHELE ALL'ADIGE,whole,,60,SAN MICHELE ALL'ADIGE,1.0
senato-mattarellum-1993-corrected,TRENTINO-ALTO ADIGE,4,SANZENO,whole,,60,SANZENO,1.0
senato-mattarellum-1993-corrected,TRENTINO-ALTO ADIGE,4,SARNONICO,whole,,60,SARNONICO,1.0
senato-mattarellum-1993-corrected,TRENTINO-ALTO ADIGE,4,SEGONZANO,whole,,60,SEGONZANO,1.0
senato-mattarellum-1993-corrected,TRENTINO-ALTO ADIGE,4,SFRUZ,whole,,60,SFRUZ,1.0
senato-mattarellum-1993-corrected,TRENTINO-ALTO ADIGE,4,SMARANO,whole,,60,SMARANO,1.0
senato-mattarellum-1993-corrected,TRENTINO-ALTO ADIGE,4,SOVER,whole,,60,SQVER,0.8
senato-mattarellum-1993-corrected,TRENTINO-ALTO ADIGE,4,SPORMAGGIORE,whole,,60,SPURMAGGIORE,0.917
senato-mattarellum-1993-corrected,TRENTINO-ALTO ADIGE,4,SPORMINORE,whole,,60,SPORMINORE,1.0
senato-mattarellum-1993-corrected,TRENTINO-ALTO ADIGE,4,TAIO,whole,,60,TAIO,1.0
senato-mattarellum-1993-corrected,TRENTINO-ALTO ADIGE,4,TASSULLO,whole,,60,TASSULLO,1.0
senato-mattarellum-1993-corrected,TRENTINO-ALTO ADIGE,4,TERLAGO,whole,,60,TERLAGO,1.0
senato-mattarellum-1993-corrected,TRENTINO-ALTO ADIGE,4,TERRES,whole,,61,TERRES,1.0
senato-mattarellum-1993-corrected,TRENTINO-ALTO ADIGE,4,TERZOLAS,whole,,61,TERZOLAS,1.0
senato-mattarellum-1993-corrected,TRENTINO-ALTO ADIGE,4,TON,whole,,61,TON,1.0
senato-mattarellum-1993-corrected,TRENTINO-ALTO ADIGE,4,TRENTO,whole,,61,TRENTO,1.0
senato-mattarellum-1993-corrected,TRENTINO-ALTO ADIGE,4,TRES,whole,,61,TRES,1.0
senato-mattarellum-1993-corrected,TRENTINO-ALTO ADIGE,4,TUENNO,whole,,61,TUENNO,1.0
senato-mattarellum-1993-corrected,TRENTINO-ALTO ADIGE,4,VALDA,whole,,61,VALDA,1.0
senato-mattarellum-1993-corrected,TRENTINO-ALTO ADIGE,4,VERMIGLIO,whole,,61,VERMIGLIO,1.0
senato-mattarellum-1993-corrected,TRENTINO-ALTO ADIGE,4,VERVO',whole,,61,VERVO*,1.0
senato-mattarellum-1993-corrected,TRENTINO-ALTO ADIGE,4,VEZZANO,whole,,61,VEZZANO,1.0
senato-mattarellum-1993-corrected,TRENTINO-ALTO ADIGE,4,ZAMBANA,whole,,61,ZAMBANA,1.0
senato-mattarellum-1993-corrected,TRENTINO-ALTO ADIGE,5,ALA,whole,,61,ALA,1.0
senato-mattarellum-1993-corrected,TRENTINO-ALTO ADIGE,5,ARCO,whole,,61,ARCO,1.0
senato-mattarellum-1993-corrected,TRENTINO-ALTO ADIGE,5,AVIO,whole,,61,AVIO,1.0
senato-mattarellum-1993-corrected,TRENTINO-ALTO ADIGE,5,BERSONE,whole,,61,BERSONE,1.0
senato-mattarellum-1993-corrected,TRENTINO-ALTO ADIGE,5,BESENELLO,whole,,61,BESENELLO,1.0
senato-mattarellum-1993-corrected,TRENTINO-ALTO ADIGE,5,BEZZECCA,whole,,61,BEZZECCA,1.0
senato-mattarellum-1993-corrected,TRENTINO-ALTO ADIGE,5,BLEGGIO INFERIORE,whole,,61,BLEGGIO INFERIGRE,0.938
senato-mattarellum-1993-corrected,TRENTINO-ALTO ADIGE,5,BLEGGIO SUPERIORE,whole,,61,BLEGGIO SUPERIORE,1.0
senato-mattarellum-1993-corrected,TRENTINO-ALTO ADIGE,5,BOCENAGO,whole,,61,BOCENAGO,1.0
senato-mattarellum-1993-corrected,TRENTINO-ALTO ADIGE,5,BOLBENO,whole,,61,BOL BENO,1.0
senato-mattarellum-1993-corrected,TRENTINO-ALTO ADIGE,5,BONDO,whole,,61,BONDO,1.0
senato-mattarellum-1993-corrected,TRENTINO-ALTO ADIGE,5,BONDONE,whole,,61,BONDONE,1.0
senato-mattarellum-1993-corrected,TRENTINO-ALTO ADIGE,5,BREGUZZO,whole,,61,BREGUZZO,1.0
senato-mattarellum-1993-corrected,TRENTINO-ALTO ADIGE,5,BRENTONICO,whole,,61,BRENTONICO,1.0
senato-mattarellum-1993-corrected,TRENTINO-ALTO ADIGE,5,BRIONE,whole,,61,BRIONE,1.0
senato-mattarellum-1993-corrected,TRENTINO-ALTO ADIGE,5,CADERZONE,whole,,61,CADERZORNE,0.9
senato-mattarellum-1993-corrected,TRENTINO-ALTO ADIGE,5,CALLIANO,whole,,61,CALLIANGO,0.889
senato-mattarellum-1993-corrected,TRENTINO-ALTO ADIGE,5,CARISOLO,whole,,61,CARISOLO,1.0
senato-mattarellum-1993-corrected,TRENTINO-ALTO ADIGE,5,CASTEL CONDINO,whole,,61,CASTEL CONDINO,1.0
senato-mattarellum-1993-corrected,TRENTINO-ALTO ADIGE,5,CIMEGO,whole,,61,CIMEGO,1.0
senato-mattarellum-1993-corrected,TRENTINO-ALTO ADIGE,5,CONCEI,whole,,61,CONCE I,0.833
senato-mattarellum-1993-corrected,TRENTINO-ALTO ADIGE,5,CONDINO,whole,,61,CONDINO,1.0
senato-mattarellum-1993-corrected,TRENTINO-ALTO ADIGE,5,DAONE,whole,,61,DAONE,1.0
senato-mattarellum-1993-corrected,TRENTINO-ALTO ADIGE,5,DARE',whole,,61,DARE!,1.0
senato-mattarellum-1993-corrected,TRENTINO-ALTO ADIGE,5,DORSINO,whole,,61,DORSINO,1.0
senato-mattarellum-1993-corrected,TRENTINO-ALTO ADIGE,5,DRENA,whole,,61,ODRENA,0.833
senato-mattarellum-1993-corrected,TRENTINO-ALTO ADIGE,5,,whole,,61,DR,0.667
senato-mattarellum-1993-corrected,TRENTINO-ALTO ADIGE,5,FOLGARIA,whole,,61,FOLGARIA,1.0
senato-mattarellum-1993-corrected,TRENTINO-ALTO ADIGE,5,GIUSTINO,whole,,61,GIUSTINO,1.0
senato-mattarellum-1993-corrected,TRENTINO-ALTO ADIGE,5,ISERA,whole,,61,ISERA,1.0
senato-mattarellum-1993-corrected,TRENTINO-ALTO ADIGE,5,LARDARO,whole,,61,LARDARO,1.0
senato-mattarellum-1993-corrected,TRENTINO-ALTO ADIGE,5,LOMASO,whole,,61,LOMASO,1.0
senato-mattarellum-1993-corrected,TRENTINO-ALTO ADIGE,5,MASSIMENO,whole,,61,MASSIMENO,1.0
senato-mattarellum-1993-corrected,TRENTINO-ALTO ADIGE,5,MOLINA DI LEDRO,whole,,61,MOLINA DI LEDRO,1.0
senato-mattarellum-1993-corrected,TRENTINO-ALTO ADIGE,5,MONTAGNE,whole,,61,MONTAGNE,1.0
senato-mattarellum-1993-corrected,TRENTINO-ALTO ADIGE,5,MORI,whole,,61,MORI,1.0
senato-mattarellum-1993-corrected,TRENTINO-ALTO ADIGE,5,NAGO-TORBOLE,whole,,61,NAGU-TORBOLE,0.909
senato-mattarellum-1993-corrected,TRENTINO-ALTO ADIGE,5,NOGAREDO,whole,,61,NOGARE DO,1.0
senato-mattarellum-1993-corrected,TRENTINO-ALTO ADIGE,5,NOMI,whole,,61,NOMI,1.0
senato-mattarellum-1993-corrected,TRENTINO-ALTO ADIGE,5,RONZO-CHIENIS,whole,,61,RONZO-CHIENIS,1.0
senato-mattarellum-1993-corrected,TRENTINO-ALTO ADIGE,5,PELUGO,whole,,61,PELUGO,1.0
senato-mattarellum-1993-corrected,TRENTINO-ALTO ADIGE,5,PIEVE DI BONO,whole,,61,PIEVE Di BONO,1.0
senato-mattarellum-1993-corrected,TRENTINO-ALTO ADIGE,5,PIEVE DI LEDRO,whole,,61,PIEVE DI LEDRO,1.0
senato-mattarellum-1993-corrected,TRENTINO-ALTO ADIGE,5,PINZOLO,whole,,61,PINZOLO,1.0
senato-mattarellum-1993-corrected,TRENTINO-ALTO ADIGE,5,POMAROLO,whole,,61,POMAROLO,1.0
senato-mattarellum-1993-corrected,TRENTINO-ALTO ADIGE,5,PRASO,whole,,61,PRASO,1.0
senato-mattarellum-1993-corrected,TRENTINO-ALTO ADIGE,5,PREORE,whole,,61,PREORE,1.0
senato-mattarellum-1993-corrected,TRENTINO-ALTO ADIGE,5,PREZZO,whole,,61,PREZZO,1.0
senato-mattarellum-1993-corrected,TRENTINO-ALTO ADIGE,5,RAGOLI,whole,,61,RAGOLI,1.0
senato-mattarellum-1993-corrected,TRENTINO-ALTO ADIGE,5,RIVA DEL GARDA,whole,,61,RIVA DEL GARDA,1.0
senato-mattarellum-1993-corrected,TRENTINO-ALTO ADIGE,5,RONCONE,whole,,61,RUNCONE,0.857
senato-mattarellum-1993-corrected,TRENTINO-ALTO ADIGE,5,ROVERETO,whole,,61,ROVERETO,1.0
senato-mattarellum-1993-corrected,TRENTINO-ALTO ADIGE,5,SAN LORENZO IN BANALE,whole,,61,SAN LORENZO IN BANALE,1.0
senato-mattarellum-1993-corrected,TRENTINO-ALTO ADIGE,5,SPIAZZO,whole,,62,SPIAZZO,1.0
senato-mattarellum-1993-corrected,TRENTINO-ALTO ADIGE,5,STENICO,whole,,62,STENICO,1.0
senato-mattarellum-1993-corrected,TRENTINO-ALTO ADIGE,5,STORO,whole,,62,STORO,1.0
senato-mattarellum-1993-corrected,TRENTINO-ALTO ADIGE,5,STREMBO,whole,,62,STREMBO,1.0
senato-mattarellum-1993-corrected,TRENTINO-ALTO ADIGE,5,TENNO,whole,,62,TENNOU,0.833
senato-mattarellum-1993-corrected,TRENTINO-ALTO ADIGE,5,TERRAGNOLO,whole,,62,TERRAGNOLO,1.0
senato-mattarellum-1993-corrected,TRENTINO-ALTO ADIGE,5,TIARNO DI SOPRA,whole,,62,TIARND DI SOPRA,0.923
senato-mattarellum-1993-corrected,TRENTINO-ALTO ADIGE,5,TIARNO DI SOTTO,whole,,62,TIARNODO DI SOTTO,0.867
senato-mattarellum-1993-corrected,TRENTINO-ALTO ADIGE,5,TIONE DI TRENTO,whole,,62,T1ONE DI TRENTO,1.0
senato-mattarellum-1993-corrected,TRENTINO-ALTO ADIGE,5,TRAMBILENO,whole,,62,TRAMBILENGO,0.909
senato-mattarellum-1993-corrected,TRENTINO-ALTO ADIGE,5,VALLARSA,whole,,62,VALLARSA,1.0
senato-mattarellum-1993-corrected,TRENTINO-ALTO ADIGE,5,VIGO RENDENA,whole,,62,VIGO RENDENA,1.0
senato-mattarellum-1993-corrected,TRENTINO-ALTO ADIGE,5,VILLA LAGARINA,whole,,62,VILLA LAGARINA,1.0
senato-mattarellum-1993-corrected,TRENTINO-ALTO ADIGE,5,VILLA RENDENA,whole,,62,VILLA RENDENA,1.0
senato-mattarellum-1993-corrected,TRENTINO-ALTO ADIGE,5,VOLANO,whole,,62,VOLANO,1.0
senato-mattarellum-1993-corrected,TRENTINO-ALTO ADIGE,6,BASELGA DI PINE',whole,,62,BASELGA DI PINE!,1.0
senato-mattarellum-1993-corrected,TRENTINO-ALTO ADIGE,6,BEDOLLO,whole,,62,BEDOLLO,1.0
senato-mattarellum-1993-corrected,TRENTINO-ALTO ADIGE,6,BIENO,whole,,62,BIENO,1.0
senato-mattarellum-1993-corrected,TRENTINO-ALTO ADIGE,6,BORGO VALSUGANA,whole,,62,BORGO VALSUGANA,1.0
senato-mattarellum-1993-corrected,TRENTINO-ALTO ADIGE,6,BOSENTINO,whole,,62,BOSENTINO,1.0
senato-mattarellum-1993-corrected,TRENTINO-ALTO ADIGE,6,CALCERANICA AL LAGO,whole,,62,CALCERANICA AL LAGU,0.941
senato-mattarellum-1993-corrected,TRENTINO-ALTO ADIGE,6,CALDONAZZO,whole,,62,CAL DONAZZO,1.0
senato-mattarellum-1993-corrected,TRENTINO-ALTO ADIGE,6,CAMPITELLO DI FASSA,whole,,62,CAMPITELLO Di FASSA,1.0
senato-mattarellum-1993-corrected,TRENTINO-ALTO ADIGE,6,CANAL SAN BOVO,whole,,62,CANAL SAN BOGVO,0.923
senato-mattarellum-1993-corrected,TRENTINO-ALTO ADIGE,6,CANAZEI,whole,,62,CANAZEI,1.0
senato-mattarellum-1993-corrected,TRENTINO-ALTO ADIGE,6,CAPRIANA,whole,,62,CAPFRI1ANA,0.8
senato-mattarellum-1993-corrected,TRENTINO-ALTO ADIGE,6,CARANO,whole,,62,CARANO,1.0
senato-mattarellum-1993-corrected,TRENTINO-ALTO ADIGE,6,CARZANO,whole,,62,CARZANO,1.0
senato-mattarellum-1993-corrected,TRENTINO-ALTO ADIGE,6,CASTELLO-MOLINA DI FIEMME,whole,,62,CASTELLO-MOL INA DI FIENME,0.955
senato-mattarellum-1993-corrected,TRENTINO-ALTO ADIGE,6,CASTELLO TESINO,whole,,62,CASTELLO TESINO,1.0
senato-mattarellum-1993-corrected,TRENTINO-ALTO ADIGE,6,CASTELNUOVO,whole,,62,CASTELNUOVO,1.0
senato-mattarellum-1993-corrected,TRENTINO-ALTO ADIGE,6,CAVALESE,whole,,62,CAVALESE,1.0
senato-mattarellum-1993-corrected,TRENTINO-ALTO ADIGE,6,CENTA SAN NICOLO',whole,,62,CENTA SAN NICOLO?,1.0
senato-mattarellum-1993-corrected,TRENTINO-ALTO ADIGE,6,CINTE TESINO,whole,,62,CINTE TESINO,1.0
senato-mattarellum-1993-corrected,TRENTINO-ALTO ADIGE,6,CIVEZZANO,whole,,62,CIVEZZANO,1.0
senato-mattarellum-1993-corrected,TRENTINO-ALTO ADIGE,6,DAIANO,whole,,62,DA TANO,0.833
senato-mattarellum-1993-corrected,TRENTINO-ALTO ADIGE,6,FIERA DI PRIMIERO,whole,,62,FIERA DI PRIMIERO,1.0
senato-mattarellum-1993-corrected,TRENTINO-ALTO ADIGE,6,FIEROZZO,whole,,62,FIEROZZO,1.0
senato-mattarellum-1993-corrected,TRENTINO-ALTO ADIGE,6,FORNACE,whole,,62,FORNACE,1.0
senato-mattarellum-1993-corrected,TRENTINO-ALTO ADIGE,6,FRASSILONGO,whole,,62,FRASSILONGO,1.0
senato-mattarellum-1993-corrected,TRENTINO-ALTO ADIGE,6,GRIGNO,whole,,62,GR 1GNO,1.0
senato-mattarellum-1993-corrected,TRENTINO-ALTO ADIGE,6,IMER,whole,,62,TMER,0.75
senato-mattarellum-1993-corrected,TRENTINO-ALTO ADIGE,6,IVANO-FRACENA,whole,,62,IVANO-FRACENA,1.0
senato-mattarellum-1993-corrected,TRENTINO-ALTO ADIGE,6,LAVARONE,whole,,62,LAVAR ONE,1.0
senato-mattarellum-1993-corrected,TRENTINO-ALTO ADIGE,6,LEVICO TERME,whole,,62,LEVICO TERME,1.0
senato-mattarellum-1993-corrected,TRENTINO-ALTO ADIGE,6,LUSERNA,whole,,62,LUSERNA,1.0
senato-mattarellum-1993-corrected,TRENTINO-ALTO ADIGE,6,MAZZIN,whole,,62,HAZZIN,1.0
senato-mattarellum-1993-corrected,TRENTINO-ALTO ADIGE,6,MEZZANO,whole,,62,MEZZANO,1.0
senato-mattarellum-1993-corrected,TRENTINO-ALTO ADIGE,6,MOENA,whole,,62,HOENA,1.0
senato-mattarellum-1993-corrected,TRENTINO-ALTO ADIGE,6,NOVALEDO,whole,,62,NDVALE DOD,0.778
senato-mattarellum-1993-corrected,TRENTINO-ALTO ADIGE,6,OSPEDALETTO,whole,,62,OSPEDALE TTO,1.0
senato-mattarellum-1993-corrected,TRENTINO-ALTO ADIGE,6,PALU' DEL FERSINA,whole,,62,PALU' DEL FERSINA,1.0
senato-mattarellum-1993-corrected,TRENTINO-ALTO ADIGE,6,PANCHIA',whole,,62,PANCHIA',1.0
senato-mattarellum-1993-corrected,TRENTINO-ALTO ADIGE,6,PERGINE VALSUGANA,whole,,62,PERGINE VALSUGANA,1.0
senato-mattarellum-1993-corrected,TRENTINO-ALTO ADIGE,6,PIEVE TESINO,whole,,62,PIEVE TESINO,1.0
senato-mattarellum-1993-corrected,TRENTINO-ALTO ADIGE,6,POZZA DI FASSA,whole,,62,POZZA DI FASSA,1.0
senato-mattarellum-1993-corrected,TRENTINO-ALTO ADIGE,6,PREDAZZO,whole,,62,PREBAZZO,0.875
senato-mattarellum-1993-corrected,TRENTINO-ALTO ADIGE,6,RONCEGNO,whole,,62,RONCEGNO,1.0
senato-mattarellum-1993-corrected,TRENTINO-ALTO ADIGE,6,RONCHI VALSUGANA,whole,,62,RONCHI VALSUGANA,1.0
senato-mattarellum-1993-corrected,TRENTINO-ALTO ADIGE,6,SAGRON MIS,whole,,62,SAGRON MIS,1.0
senato-mattarellum-1993-corrected,TRENTINO-ALTO ADIGE,6,SAMONE,whole,,62,SAMONE,1.0
senato-mattarellum-1993-corrected,TRENTINO-ALTO ADIGE,6,SANT'ORSOLA TERME,whole,,62,SANT'ORSDLA TERME,0.933
senato-mattarellum-1993-corrected,TRENTINO-ALTO ADIGE,6,SCURELLE,whole,,62,SCURELLE,1.0
senato-mattarellum-1993-corrected,TRENTINO-ALTO ADIGE,6,SIROR,whole,,62,SIRDOR,0.833
senato-mattarellum-1993-corrected,TRENTINO-ALTO ADIGE,6,SORAGA,whole,,62,SURAGA,0.833
senato-mattarellum-1993-corrected,TRENTINO-ALTO ADIGE,6,SPERA,whole,,62,SPERA,1.0
senato-mattarellum-1993-corrected,TRENTINO-ALTO ADIGE,6,STRIGNO,whole,,63,STRIGNO,1.0
senato-mattarellum-1993-corrected,TRENTINO-ALTO ADIGE,6,TELVE,whole,,63,TELVE.,1.0
senato-mattarellum-1993-corrected,TRENTINO-ALTO ADIGE,6,TELVE DI SOPRA,whole,,63,TELVE DI SOPRA,1.0
senato-mattarellum-1993-corrected,TRENTINO-ALTO ADIGE,6,TENNA,whole,,63,TENNA,1.0
senato-mattarellum-1993-corrected,TRENTINO-ALTO ADIGE,6,TESERO,whole,,63,TESERO,1.0
senato-mattarellum-1993-corrected,TRENTINO-ALTO ADIGE,6,TONADICO,whole,,63,TONADICO,1.0
senato-mattarellum-1993-corrected,TRENTINO-ALTO ADIGE,6,TORCEGNO,whole,,63,TORCEGNO,1.0
senato-mattarellum-1993-corrected,TRENTINO-ALTO ADIGE,6,TRANSACQUA,whole,,63,TRANSACQUA,1.0
senato-mattarellum-1993-corrected,TRENTINO-ALTO ADIGE,6,VALFLORIANA,whole,,63,VALFLORITANA,0.917
senato-mattarellum-1993-corrected,TRENTINO-ALTO ADIGE,6,VARENA,whole,,63,VARENA,1.0
senato-mattarellum-1993-corrected,TRENTINO-ALTO ADIGE,6,VATTARO,whole,,63,VATTARO,1.0
senato-mattarellum-1993-corrected,TRENTINO-ALTO ADIGE,6,VIGNOLA-FALESINA,whole,,63,VIGNOLA-FALESINA,1.0
senato-mattarellum-1993-corrected,TRENTINO-ALTO ADIGE,6,VIGO DI FASSA,whole,,63,VIGO DI FASSA,1.0
senato-mattarellum-1993-corrected,TRENTINO-ALTO ADIGE,6,VIGOLO VATTARO,whole,,63,VIGOULO VATTARO,0.929
senato-mattarellum-1993-corrected,TRENTINO-ALTO ADIGE,6,VILLA AGNEDO,whole,,63,VILLA AGNEDO,1.0
senato-mattarellum-1993-corrected,TRENTINO-ALTO ADIGE,6,ZIANO DI FIEMME,whole,,63,ZIANO DI FIEMME,1.0
senato-mattarellum-1993-corrected,VENETO,1,SPINEA,whole,,64,SPINEA,1.0
senato-mattarellum-1993-corrected,VENETO,1,VENEZIA,zone,QUART.1,64,C VENEZIA-QUART.1 }),1.0
senato-mattarellum-1993-corrected,VENETO,1,VENEZIA,zone,QUART.2,64,( VENEZIA-QUART.2 :),1.0
senato-mattarellum-1993-corrected,VENETO,1,VENEZIA,zone,QUART.3,64,{ VENEZIA-QUART.3 ),1.0
senato-mattarellum-1993-corrected,VENETO,1,VENEZIA,zone,QUART.4,64,€ VENEZIA-QUART.4 )ì,1.0
senato-mattarellum-1993-corrected,VENETO,1,VENEZIA,zone,QUART.5,64,{ VENEZIA-QUART.5 ),1.0
senato-mattarellum-1993-corrected,VENETO,1,VENEZIA,zone,QUART.&,64,€ VENEZIA-QUART.& },1.0
senato-mattarellum-1993-corrected,VENETO,1,VENEZIA,zone,QUART.7,64,(€ VENEZIA-QUART.7 ),1.0
senato-mattarellum-1993-corrected,VENETO,1,VENEZIA,zone,QUART.8,64,( VENEZIA-QUART.8 ),1.0
senato-mattarellum-1993-corrected,VENETO,1,,whole,,64,C( VENEZIA -QUART.9 2,0.538
senato-mattarellum-1993-corrected,VENETO,1,VENEZIA,zone,QUART.12,64,{ VENEZIA-QUART.12 },1.0
senato-mattarellum-1993-corrected,VENETO,1,VENEZIA,zone,QUART.13,64,{ VENEZIA-QUART.13 ),1.0
senato-mattarellum-1993-corrected,VENETO,1,VENEZIA,zone,QUART.14,64,C VENEZIA-QUART.14 },1.0
senato-mattarellum-1993-corrected,VENETO,1,VENEZIA,zone,QUART.15,64,{ VENEZIA-QUART.15 3,1.0
senato-mattarellum-1993-corrected,VENETO,1,VENEZIA,zone,QUART.16,64,{ VENEZIA-QUART.16 3,1.0
senato-mattarellum-1993-corrected,VENETO,1,VENEZIA,zone,QUART.17,64,[ VENEZIA-QUART.17 },1.0
senato-mattarellum-1993-corrected,VENETO,1,VENEZIA,zone,QUART.1B,64,C( VENEZIA-QUART.1B ),1.0
senato-mattarellum-1993-corrected,VENETO,2,ANNONE VENETO,whole,,64,ANNONE VENETO,1.0
senato-mattarellum-1993-corrected,VENETO,2,CAORLE,whole,,64,CAORLE,1.0
senato-mattarellum-1993-corrected,VENETO,2,CEGGIA,whole,,64,CEGGIA,1.0
senato-mattarellum-1993-corrected,VENETO,2,CINTO CAOMAGGIORE,whole,,64,CINTO CAOMAGGIORE,1.0
senato-mattarellum-1993-corrected,VENETO,2,CONCORDIA SAGITTARIA,whole,,64,CONCORDIA SAGITTARIA,1.0
senato-mattarellum-1993-corrected,VENETO,2,ERACLEA,whole,,64,ERACLEA,1.0
senato-mattarellum-1993-corrected,VENETO,2,FOSSALTA DI PIAVE,whole,,64,FOSSALTA DI PIAVE,1.0
senato-mattarellum-1993-corrected,VENETO,2,FOSSALTA DI PORTOGRUARO,whole,,64,FOSSALTA DI PORTOGRUARO,1.0
senato-mattarellum-1993-corrected,VENETO,2,GRUARO,whole,,64,GRUARO,1.0
senato-mattarellum-1993-corrected,VENETO,2,JESOLO,whole,,64,1ESOLO,0.833
senato-mattarellum-1993-corrected,VENETO,2,MARCON,whole,,64,MARCON,1.0
senato-mattarellum-1993-corrected,VENETO,2,MEOLO,whole,,64,MEOLO,1.0
senato-mattarellum-1993-corrected,VENETO,2,MUSILE DI PIAVE,whole,,64,MUSILE DI PIAVE,1.0
senato-mattarellum-1993-corrected,VENETO,2,NOVENTA DI PIAVE,whole,,64,NOVENTA DI PIAVE,1.0
senato-mattarellum-1993-corrected,VENETO,2,PORTOGRUARO,whole,,64,PORTOGRUARO,1.0
senato-mattarellum-1993-corrected,VENETO,2,PRAMAGGIORE,whole,,64,PRAMAGGIORE,1.0
senato-mattarellum-1993-corrected,VENETO,2,QUARTO D'ALTINO,whole,,64,QUARTO D'ALTINO,1.0
senato-mattarellum-1993-corrected,VENETO,2,SAN DONA' DI PIAVE,whole,,64,"SAN DONA"" DI PIAVE",1.0
senato-mattarellum-1993-corrected,VENETO,2,SAN MICHELE AL TAGLIAMENTO,whole,,64,SAN MICHELE Ai TAGLIAMENTO,0.957
senato-mattarellum-1993-corrected,VENETO,2,SANTO STINO DI LIVENZA,whole,,64,SANTO STINO DI LIVENZA,1.0
senato-mattarellum-1993-corrected,VENETO,2,TEGLIO VENETO,whole,,64,TEGLIO VENETO,1.0
senato-mattarellum-1993-corrected,VENETO,2,TORRE DI MOSTO,whole,,64,TORRE DI MOSTO,1.0
senato-mattarellum-1993-corrected,VENETO,2,VENEZIA,zone,QUART.10,64,CC VENEZIA-QUART.10 >,1.0
senato-mattarellum-1993-corrected,VENETO,2,VENEZIA,zone,QUART.11,64,( VENEZIA-QUART.11 ),1.0
senato-mattarellum-1993-corrected,VENETO,3,CAMPAGNA LUPIA,whole,,64,CAMPAGNA LUPIA,1.0
senato-mattarellum-1993-corrected,VENETO,3,CAMPOLONGO MAGGIORE,whole,,64,CAMPOLONGO MAGGIORE,1.0
senato-mattarellum-1993-corrected,VENETO,3,CAMPONOGARA,whole,,64,CAMPONDGARA,0.909
senato-mattarellum-1993-corrected,VENETO,3,CAVARZERE,whole,,64,CAVARZERE,1.0
senato-mattarellum-1993-corrected,VENETO,3,CHIOGGIA,whole,,64,CHIOGGIA,1.0
senato-mattarellum-1993-corrected,VENETO,3,CONA,whole,,64,CONA,1.0
senato-mattarellum-1993-corrected,VENETO,3,DOLO,whole,,64,DOLO,1.0
senato-mattarellum-1993-corrected,VENETO,3,FIESSO D'ARTICO,whole,,64,FIESSO D'ARTICO,1.0
senato-mattarellum-1993-corrected,VENETO,3,MARTELLAGO,whole,,64,MARTELLAGO,1.0
senato-mattarellum-1993-corrected,VENETO,3,MIRA,whole,,64,HIRA,1.0
senato-mattarellum-1993-corrected,VENETO,3,MIRANO,whole,,64,HIRANO,1.0
senato-mattarellum-1993-corrected,VENETO,3,NOALE,whole,,64,NOALE,1.0
senato-mattarellum-1993-corrected,VENETO,3,PIANIGA,whole,,64,PIANIGA,1.0
senato-mattarellum-1993-corrected,VENETO,3,SALZANO,whole,,64,SALZANO,1.0
senato-mattarellum-1993-corrected,VENETO,3,SANTA MARIA DI SALA,whole,,64,SANTA MARIA DI SALA,1.0
senato-mattarellum-1993-corrected,VENETO,3,SCORZE',whole,,65,"SCORZE""",1.0
senato-mattarellum-1993-corrected,VENETO,3,STRA,whole,,65,STRA,1.0
senato-mattarellum-1993-corrected,VENETO,3,VIGONOVO,whole,,65,VIGONOVO,1.0
senato-mattarellum-1993-corrected,VENETO,4,ALTIVOLE,whole,,65,ALTIVOLE,1.0
senato-mattarellum-1993-corrected,VENETO,4,CASIER,whole,,65,CASIER,1.0
senato-mattarellum-1993-corrected,VENETO,4,CASTELFRANCO VENETO,whole,,65,CASTELFRANCO VENETO,1.0
senato-mattarellum-1993-corrected,VENETO,4,CASTELLO DI GODEGO,whole,,65,CASTELLO DI GODEGO,1.0
senato-mattarellum-1993-corrected,VENETO,4,ISTRANA,whole,,65,ISTRANA,1.0
senato-mattarellum-1993-corrected,VENETO,4,LORIA,whole,,65,LORIA,1.0
senato-mattarellum-1993-corrected,VENETO,4,MOGLIANO VENETO,whole,,65,MUGLIANO VENETO,0.929
senato-mattarellum-1993-corrected,VENETO,4,MORGANO,whole,,65,MORGANO,1.0
senato-mattarellum-1993-corrected,VENETO,4,PAESE,whole,,65,PAESE,1.0
senato-mattarellum-1993-corrected,VENETO,4,PREGANZIOL,whole,,65,PREGANZIOL,1.0
senato-mattarellum-1993-corrected,VENETO,4,QUINTO DI TREVISO,whole,,65,QUINTO DI TREVISO,1.0
senato-mattarellum-1993-corrected,VENETO,4,RESANA,whole,,65,RESANA,1.0
senato-mattarellum-1993-corrected,VENETO,4,RIESE PIO X,whole,,65,RIESE PiO XxX,0.818
senato-mattarellum-1993-corrected,VENETO,4,TREVISO,whole,,65,TREVISO,1.0
senato-mattarellum-1993-corrected,VENETO,4,VEDELAGO,whole,,65,VEDELAGO,1.0
senato-mattarellum-1993-corrected,VENETO,4,ZERO BRANCO,whole,,65,ZERO BRANCO,1.0
senato-mattarellum-1993-corrected,VENETO,5,ARCADE,whole,,65,ARCADE,1.0
senato-mattarellum-1993-corrected,VENETO,5,ASOLO,whole,,65,ASOLO,1.0
senato-mattarellum-1993-corrected,VENETO,5,CAERANO DI SAN MARCO,whole,,65,CAERANO DI SAN MARCO,1.0
senato-mattarellum-1993-corrected,VENETO,5,CAPPELLA MAGGIORE,whole,,65,CAPPELLA MAGGIORE,1.0
senato-mattarellum-1993-corrected,VENETO,5,CASTELCUCCO,whole,,65,CASTEL CUCCO,1.0
senato-mattarellum-1993-corrected,VENETO,5,CISON DI VALMARINO,whole,,65,CISON DI YALMARINOG,0.882
senato-mattarellum-1993-corrected,VENETO,5,COLLE UMBERTO,whole,,65,COLLE UMBERTO,1.0
senato-mattarellum-1993-corrected,VENETO,5,CORDIGNANO,whole,,65,CORDIGNANO,1.0
senato-mattarellum-1993-corrected,VENETO,5,CORNUDA,whole,,65,CORNUDA,1.0
senato-mattarellum-1993-corrected,VENETO,5,CROCETTA DEL MONTELLO,whole,,65,CROCETTA DEL MONTELLO,1.0
senato-mattarellum-1993-corrected,VENETO,5,FARRA DI SOLIGO,whole,,65,FARRA DI SOLIGO,1.0
senato-mattarellum-1993-corrected,VENETO,5,FOLLINA,whole,,65,FOLLINA,1.0
senato-mattarellum-1993-corrected,VENETO,5,FONTE,whole,,65,FONTE,1.0
senato-mattarellum-1993-corrected,VENETO,5,FREGONA,whole,,65,FREGUNA,0.857
senato-mattarellum-1993-corrected,VENETO,5,GIAVERA DEL MONTELLO,whole,,65,GIAVERA DEL MONTELLO,1.0
senato-mattarellum-1993-corrected,VENETO,5,GODEGA DI SANT'URBANO,whole,,65,GOUODEGA DI SANT'URBANO,0.9
senato-mattarellum-1993-corrected,VENETO,5,MASER,whole,,65,MASER,1.0
senato-mattarellum-1993-corrected,VENETO,5,MIANE,whole,,65,MIANE,1.0
senato-mattarellum-1993-corrected,VENETO,5,MONFUMO,whole,,65,MONFUMO,1.0
senato-mattarellum-1993-corrected,VENETO,5,MONTEBELLUNA,whole,,65,MONTEBELLUNA,1.0
senato-mattarellum-1993-corrected,VENETO,5,MORIAGO DELLA BATTAGLIA,whole,,65,MUORIAGO DELLA BATTAGLIA,0.955
senato-mattarellum-1993-corrected,VENETO,5,NERVESA DELLA BATTAGLIA,whole,,65,NERVESA DELLA BATTAGLIA,1.0
senato-mattarellum-1993-corrected,VENETO,5,ORSAGO,whole,,65,ORSAGO,1.0
senato-mattarellum-1993-corrected,VENETO,5,PIEVE DI SOLIGO,whole,,65,PIEVE OI SOLIGO,0.923
senato-mattarellum-1993-corrected,VENETO,5,PONZANO VENETO,whole,,65,PONZANO VENETO,1.0
senato-mattarellum-1993-corrected,VENETO,5,POVEGLIANO,whole,,65,POVEGLIANO,1.0
senato-mattarellum-1993-corrected,VENETO,5,REFRONTOLO,whole,,65,REFRONTOLO,1.0
senato-mattarellum-1993-corrected,VENETO,5,REVINE LAGO,whole,,65,REVINE LAGO,1.0
senato-mattarellum-1993-corrected,VENETO,5,SAN PIETRO DI FELETTO,whole,,65,SAN PIETRO DI FELETTO,1.0
senato-mattarellum-1993-corrected,VENETO,5,SAN ZENONE DEGLI EZZELINI,whole,,65,SAN ZENONE DEGLI EZZELINI,1.0
senato-mattarellum-1993-corrected,VENETO,5,SARMEDE,whole,,65,SARMEDE,1.0
senato-mattarellum-1993-corrected,VENETO,5,SERNAGLIA DELLA BATTAGLIA,whole,,65,SERNAGLIA DELLA BATTAGLIA,1.0
senato-mattarellum-1993-corrected,VENETO,5,SPRESIANO,whole,,65,SPRESTANO,0.889
senato-mattarellum-1993-corrected,VENETO,5,TARZO,whole,,65,TARZO,1.0
senato-mattarellum-1993-corrected,VENETO,5,TREVIGNANO,whole,,65,TREVIGNANO,1.0
senato-mattarellum-1993-corrected,VENETO,5,VALDOBBIADENE,whole,,65,VALDOBBIADENE,1.0
senato-mattarellum-1993-corrected,VENETO,5,VIDOR,whole,,65,VIDBOR,0.833
senato-mattarellum-1993-corrected,VENETO,5,VITTORIO VENETO,whole,,65,VITTORIO VENETO,1.0
senato-mattarellum-1993-corrected,VENETO,5,VOLPAGO DEL MONTELLO,whole,,65,VOLPAGO DEL MONTELLO,1.0
senato-mattarellum-1993-corrected,VENETO,6,BREDA DI PIAVE,whole,,65,BREDA DI PIAVE,1.0
senato-mattarellum-1993-corrected,VENETO,6,CARBONERA,whole,,65,CARBONERA,1.0
senato-mattarellum-1993-corrected,VENETO,6,CASALE SUL SILE,whole,,66,"CASALE SUL, SILE",1.0
senato-mattarellum-1993-corrected,VENETO,6,CESSALTO,whole,,66,CESSALTO,1.0
senato-mattarellum-1993-corrected,VENETO,6,CHIARANO,whole,,66,CHIARANGO,0.889
senato-mattarellum-1993-corrected,VENETO,6,CIMADOLMO,whole,,66,CIMADOL MO,1.0
senato-mattarellum-1993-corrected,VENETO,6,CODOGNE',whole,,66,CODOGNE ‘,1.0
senato-mattarellum-1993-corrected,VENETO,6,CONEGLIANO,whole,,66,CONEGL TANO,0.9
senato-mattarellum-1993-corrected,VENETO,6,FONTANELLE,whole,,66,FONTANELLE,1.0
senato-mattarellum-1993-corrected,VENETO,6,GAIARINE,whole,,66,GA TAR INE,0.875
senato-mattarellum-1993-corrected,VENETO,6,GORGO AL MONTICANO,whole,,66,GORGU AL MONTICANO,0.938
senato-mattarellum-1993-corrected,VENETO,6,MANSUE',whole,,66,MANSUE ®,1.0
senato-mattarellum-1993-corrected,VENETO,6,MARENO DI PIAVE,whole,,66,MARENKO NI PIAVE,0.857
senato-mattarellum-1993-corrected,VENETO,6,MASERADA SUL PIAVE,whole,,66,MASERADA SUL PIAVE,1.0
senato-mattarellum-1993-corrected,VENETO,6,MEDUNA DI LIVENZA,whole,,66,MEDUNA DI LIVENZA,1.0
senato-mattarellum-1993-corrected,VENETO,6,MONASTIER DI TREVISO,whole,,66,HONASTIER DI TREVISO,1.0
senato-mattarellum-1993-corrected,VENETO,6,MOTTA DI LIVENZA,whole,,66,MOTTA DI LIVENZA,1.0
senato-mattarellum-1993-corrected,VENETO,6,ODERZO,whole,,66,OQDERZO,0.857
senato-mattarellum-1993-corrected,VENETO,6,ORMELLE,whole,,66,ORMELLE,1.0
senato-mattarellum-1993-corrected,VENETO,6,PONTE DI PIAVE,whole,,66,PONTE DI PIAVE,1.0
senato-mattarellum-1993-corrected,VENETO,6,PORTOBUFFOLE',whole,,66,PORTOBUFFOLE *,1.0
senato-mattarellum-1993-corrected,VENETO,6,RONCADE,whole,,66,RONCADE,1.0
senato-mattarellum-1993-corrected,VENETO,6,SALGAREDA,whole,,66,SALGARE DA,1.0
senato-mattarellum-1993-corrected,VENETO,6,SAN BIAGIO DI CALLALTA,whole,,66,SAN BIAGIO DI CALLALTA,1.0
senato-mattarellum-1993-corrected,VENETO,6,SAN FIOR,whole,,66,SAN FIOR,1.0
senato-mattarellum-1993-corrected,VENETO,6,SAN POLO DI PIAVE,whole,,66,SAN POLO DI PIAVE,1.0
senato-mattarellum-1993-corrected,VENETO,6,SANTA LUCIA DI PIAVE,whole,,66,SANTA LUCIA DI PIAVE,1.0
senato-mattarellum-1993-corrected,VENETO,6,SAN VENDEMIANO,whole,,66,SAN VENDEMIANG,0.923
senato-mattarellum-1993-corrected,VENETO,6,SILEA,whole,,66,SILEA,1.0
senato-mattarellum-1993-corrected,VENETO,6,SUSEGANA,whole,,66,SUSEGANA,1.0
senato-mattarellum-1993-corrected,VENETO,6,VAZZOLA,whole,,66,VAZZOLA,1.0
senato-mattarellum-1993-corrected,VENETO,6,VILLORBA,whole,,66,VILLORBA,1.0
senato-mattarellum-1993-corrected,VENETO,6,ZENSON DI PIAVE,whole,,66,ZENSON DI PIAVE,1.0
senato-mattarellum-1993-corrected,VENETO,7,,whole,,66,AGOANDO,0.714
senato-mattarellum-1993-corrected,VENETO,7,ALANO DI PIAVE,whole,,66,ALANO DIE PIAVE,0.923
senato-mattarellum-1993-corrected,VENETO,7,ALLEGHE,whole,,66,ALLEGHE,1.0
senato-mattarellum-1993-corrected,VENETO,7,ARSIE',whole,,66,ARSÌIE*,1.0
senato-mattarellum-1993-corrected,VENETO,7,AURONZO DI CADORE,whole,,66,AURONZO DI CADORE,1.0
senato-mattarellum-1993-corrected,VENETO,7,BELLUNO,whole,,66,BELLUNO,1.0
senato-mattarellum-1993-corrected,VENETO,7,,whole,,66,SURTA DI CADORE,0.769
senato-mattarellum-1993-corrected,VENETO,7,CALALZO DI CADORE,whole,,66,CALALZO DI CADORE,1.0
senato-mattarellum-1993-corrected,VENETO,7,CASTELLO LAVAZZO,whole,,66,CASTELLO LAVAZZO,1.0
senato-mattarellum-1993-corrected,VENETO,7,CENCENIGHE AGORDINO,whole,,66,CENCENTIGHE AGORDINO,0.947
senato-mattarellum-1993-corrected,VENETO,7,CESIOMAGGIORE,whole,,66,CESIOMAGGIORE,1.0
senato-mattarellum-1993-corrected,VENETO,7,CHIES D'ALPAGO,whole,,66,CHIES D'ALPAGO,1.0
senato-mattarellum-1993-corrected,VENETO,7,CIBIANA DI CADORE,whole,,66,CIBIANA DI CADORE,1.0
senato-mattarellum-1993-corrected,VENETO,7,COLLE SANTA LUCIA,whole,,66,COLLE SANTA LUCIA,1.0
senato-mattarellum-1993-corrected,VENETO,7,COMELICO SUPERIORE,whole,,66,COMELICO SUPERIORE,1.0
senato-mattarellum-1993-corrected,VENETO,7,CORTINA D'AMPEZZO,whole,,66,CORTINA D'AMPEZZO,1.0
senato-mattarellum-1993-corrected,VENETO,7,DANTA DI CADORE,whole,,66,DANTA DI CADORE,1.0
senato-mattarellum-1993-corrected,VENETO,7,DOMEGGE DI CADORE,whole,,66,DOMEGGE DI CADORE,1.0
senato-mattarellum-1993-corrected,VENETO,7,FALCADE,whole,,66,FALCADE,1.0
senato-mattarellum-1993-corrected,VENETO,7,FARRA D'ALPAGO,whole,,66,FARRA D'ALPAGO,1.0
senato-mattarellum-1993-corrected,VENETO,7,FELTRE,whole,,66,FELTRE,1.0
senato-mattarellum-1993-corrected,VENETO,7,FONZASO,whole,,66,FONZASO,1.0
senato-mattarellum-1993-corrected,VENETO,7,CANALE D'AGORDO,whole,,66,CANALE D'AGORDO,1.0
senato-mattarellum-1993-corrected,VENETO,7,FORNO DI ZOLDO,whole,,66,FORNO DI ZGLDO,0.917
senato-mattarellum-1993-corrected,VENETO,7,GOSALDO,whole,,66,GOSAL DO,1.0
senato-mattarellum-1993-corrected,VENETO,7,LAMON,whole,,66,LAMON,1.0
senato-mattarellum-1993-corrected,VENETO,7,LA VALLE AGORDINA,whole,,66,LA VALLE AGORDINA,1.0
senato-mattarellum-1993-corrected,VENETO,7,LENTIAI,whole,,66,LENTIAIZ,0.875
senato-mattarellum-1993-corrected,VENETO,7,LIMANA,whole,,66,LIMANA,1.0
senato-mattarellum-1993-corrected,VENETO,7,LIVINALLONGO DEL COL DI LANA,whole,,66,LIVINALLONGO DEL COL DI LANA,1.0
senato-mattarellum-1993-corrected,VENETO,7,LONGARONE,whole,,66,LONGARONE,1.0
senato-mattarellum-1993-corrected,VENETO,7,LORENZAGO DI CADORE,whole,,66,LORENZAGO DI CADORE,1.0
senato-mattarellum-1993-corrected,VENETO,7,MEL,whole,,66,MEL,1.0
senato-mattarellum-1993-corrected,VENETO,7,OSPITALE DI CADORE,whole,,66,OSPITALE DI CADORE,1.0
senato-mattarellum-1993-corrected,VENETO,7,PEDAVENA,whole,,67,PEDAVENA,1.0
senato-mattarellum-1993-corrected,VENETO,7,PERAROLO DI CADORE,whole,,67,PERAROLO DI CADORE,1.0
senato-mattarellum-1993-corrected,VENETO,7,PIEVE D'ALPAGO,whole,,67,PIEVE D'ALPAGO,1.0
senato-mattarellum-1993-corrected,VENETO,7,PIEVE DI CADORE,whole,,67,PIEVE DI CADORE,1.0
senato-mattarellum-1993-corrected,VENETO,7,PONTE NELLE ALPI,whole,,67,PONTE NELLE ALPI,1.0
senato-mattarellum-1993-corrected,VENETO,7,PUOS D'ALPAGO,whole,,67,PUOS D'ALPAGO,1.0
senato-mattarellum-1993-corrected,VENETO,7,QUERO,whole,,67,QUERO,1.0
senato-mattarellum-1993-corrected,VENETO,7,RIVAMONTE AGORDINO,whole,,67,RIVAMONTE AGORDINO,1.0
senato-mattarellum-1993-corrected,VENETO,7,ROCCA PIETORE,whole,,67,ROCCA PIETORE,1.0
senato-mattarellum-1993-corrected,VENETO,7,SAN GREGORIO NELLE ALPI,whole,,67,SAN GREGORIO NELLE ALPI,1.0
senato-mattarellum-1993-corrected,VENETO,7,SAN NICOLO' DI COMELICO,whole,,67,SAN NICOLO’ DI COMELICO,1.0
senato-mattarellum-1993-corrected,VENETO,7,SAN PIETRO DI CADORE,whole,,67,SAN PIETRO DI CADORE,1.0
senato-mattarellum-1993-corrected,VENETO,7,SANTA GIUSTINA,whole,,67,SANTA GIUSTINA,1.0
senato-mattarellum-1993-corrected,VENETO,7,SAN TOMASO AGORDINO,whole,,67,SAN TOMASO AGGRDNINO,0.889
senato-mattarellum-1993-corrected,VENETO,7,SANTO STEFANO DI CADORE,whole,,67,SANTO STEFANO DI CADORE,1.0
senato-mattarellum-1993-corrected,VENETO,7,SAN VITO DI CADORE,whole,,67,SAN VITO DI CADORE,1.0
senato-mattarellum-1993-corrected,VENETO,7,SAPPADA,whole,,67,SAPPADA,1.0
senato-mattarellum-1993-corrected,VENETO,7,SEDICO,whole,,67,SEDICO,1.0
senato-mattarellum-1993-corrected,VENETO,7,SELVA DI CADORE,whole,,67,SELVA DI CADGRE,0.923
senato-mattarellum-1993-corrected,VENETO,7,SEREN DEL GRAPPA,whole,,67,SEREN DEL GRAPPA,1.0
senato-mattarellum-1993-corrected,VENETO,7,SOSPIROLO,whole,,67,SOSPIROLO,1.0
senato-mattarellum-1993-corrected,VENETO,7,SOVERZENE,whole,,67,SOVERZENE,1.0
senato-mattarellum-1993-corrected,VENETO,7,SOVRAMONTE,whole,,67,SOVRANONTE,0.9
senato-mattarellum-1993-corrected,VENETO,7,TAIBON AGORDINO,whole,,67,TAIBON AGORDINO,1.0
senato-mattarellum-1993-corrected,VENETO,7,TAMBRE,whole,,67,TAMBRE,1.0
senato-mattarellum-1993-corrected,VENETO,7,TRICHIANA,whole,,67,TRICHIANA,1.0
senato-mattarellum-1993-corrected,VENETO,7,VALLADA AGORDINA,whole,,67,VALLADA AGORDINA,1.0
senato-mattarellum-1993-corrected,VENETO,7,VALLE DI CADORE,whole,,67,VALLE DI CADORE,1.0
senato-mattarellum-1993-corrected,VENETO,7,VAS,whole,,67,VAS,1.0
senato-mattarellum-1993-corrected,VENETO,7,VIGO DI CADORE,whole,,67,VIGO DI CADORE,1.0
senato-mattarellum-1993-corrected,VENETO,7,VODO CADORE,whole,,67,VORO CADORE,0.9
senato-mattarellum-1993-corrected,VENETO,7,VOLTAGO AGORDINO,whole,,67,VOLTAGO AGORDINO,1.0
senato-mattarellum-1993-corrected,VENETO,7,ZOLDO ALTO,whole,,67,ZOLDO ALTO,1.0
senato-mattarellum-1993-corrected,VENETO,7,ZOPPE' DI CADORE,whole,,67,ZOPPE* DI CADORE,1.0
senato-mattarellum-1993-corrected,VENETO,7,BORSO DEL GRAPPA,whole,,67,BORSO DEL GRAPPA,1.0
senato-mattarellum-1993-corrected,VENETO,7,CAVASO DEL TOMBA,whole,,67,CAVASO DEL TOMBA,1.0
senato-mattarellum-1993-corrected,VENETO,7,CRESPANO DEL GRAPPA,whole,,67,CRESPANO DEL GRAPPA,1.0
senato-mattarellum-1993-corrected,VENETO,7,PADERNO DEL GRAPPA,whole,,67,PADERNO DEL GRAPPA,1.0
senato-mattarellum-1993-corrected,VENETO,7,PEDEROBBA,whole,,67,PEDEROBBA,1.0
senato-mattarellum-1993-corrected,VENETO,7,POSSAGNO,whole,,67,POSSAGNO,1.0
senato-mattarellum-1993-corrected,VENETO,7,SEGUSINO,whole,,67,SEGUSINO,1.0
senato-mattarellum-1993-corrected,VENETO,8,ADRIA,whole,,67,ADRIA,1.0
senato-mattarellum-1993-corrected,VENETO,8,ARIANO NEL POLESINE,whole,,67,ARIANO NEL POLESINE,1.0
senato-mattarellum-1993-corrected,VENETO,8,ARQUA' POLESINE,whole,,67,ARQUA' POLESINE,1.0
senato-mattarellum-1993-corrected,VENETO,8,BADIA POLESINE,whole,,67,BADIA POLESINE,1.0
senato-mattarellum-1993-corrected,VENETO,8,BAGNOLO DI PO,whole,,67,BAGNULO DI PO,0.909
senato-mattarellum-1993-corrected,VENETO,8,BERGANTINO,whole,,67,BERGANTINO,1.0
senato-mattarellum-1993-corrected,VENETO,8,BOSARO,whole,,67,BOSARO,1.0
senato-mattarellum-1993-corrected,VENETO,8,CALTO,whole,,67,CALTO,1.0
senato-mattarellum-1993-corrected,VENETO,8,CANARO,whole,,67,CANARO,1.0
senato-mattarellum-1993-corrected,VENETO,8,CANDA,whole,,67,CANDA,1.0
senato-mattarellum-1993-corrected,VENETO,8,CASTELGUGLIELMO,whole,,67,CASTELGUGLIELMO,1.0
senato-mattarellum-1993-corrected,VENETO,8,CASTELMASSA,whole,,67,CASTELMASSA,1.0
senato-mattarellum-1993-corrected,VENETO,8,CASTELNOVO BARIANO,whole,,67,CASTELNOVO BARIANO,1.0
senato-mattarellum-1993-corrected,VENETO,8,CENESELLI,whole,,67,CENESELLI,1.0
senato-mattarellum-1993-corrected,VENETO,8,CEREGNANO,whole,,67,CERE GSNANO,0.9
senato-mattarellum-1993-corrected,VENETO,8,CONTARINA,whole,,67,CONTARINA,1.0
senato-mattarellum-1993-corrected,VENETO,8,CORBOLA,whole,,67,CORBOLA,1.0
senato-mattarellum-1993-corrected,VENETO,8,COSTA DI ROVIGO,whole,,67,COSTA DI ROVIGO,1.0
senato-mattarellum-1993-corrected,VENETO,8,CRESPINO,whole,,67,CRESPINO,1.0
senato-mattarellum-1993-corrected,VENETO,8,DONADA,whole,,67,DONADA,1.0
senato-mattarellum-1993-corrected,VENETO,8,FICAROLO,whole,,67,FICAROLO,1.0
senato-mattarellum-1993-corrected,VENETO,8,FIESSO UMBERTIANO,whole,,67,FIESSO UMBERTIANO,1.0
senato-mattarellum-1993-corrected,VENETO,8,FRASSINELLE POLESINE,whole,,67,FRASSINELLE POLESINE,1.0
senato-mattarellum-1993-corrected,VENETO,8,FRATTA POLESINE,whole,,67,FRATTA POLESINE,1.0
senato-mattarellum-1993-corrected,VENETO,8,GAIBA,whole,,67,GAITBA,0.833
senato-mattarellum-1993-corrected,VENETO,8,GAVELLO,whole,,68,GAVELLO,1.0
senato-mattarellum-1993-corrected,VENETO,8,GIACCIANO CON BARUCHELLA,whole,,68,GIACCIANO CON BARUCHELLA,1.0
senato-mattarellum-1993-corrected,VENETO,8,GUARDA VENETA,whole,,68,GUARDA YENETA,0.917
senato-mattarellum-1993-corrected,VENETO,8,LENDINARA,whole,,68,LENDINARA,1.0
senato-mattarellum-1993-corrected,VENETO,8,LOREO,whole,,68,LOREO,1.0
senato-mattarellum-1993-corrected,VENETO,8,LUSIA,whole,,68,LUSIA,1.0
senato-mattarellum-1993-corrected,VENETO,8,MELARA,whole,,68,MELARA,1.0
senato-mattarellum-1993-corrected,VENETO,8,OCCHIOBELLO,whole,,68,OCCHIOBELLO,1.0
senato-mattarellum-1993-corrected,VENETO,8,PAPOZZE,whole,,68,PAPOZZE,1.0
senato-mattarellum-1993-corrected,VENETO,8,PETTORAZZA GRIMANI,whole,,68,PETTORAZZA GRIMANI,1.0
senato-mattarellum-1993-corrected,VENETO,8,PINCARA,whole,,68,PINCARA,1.0
senato-mattarellum-1993-corrected,VENETO,8,POLESELLA,whole,,68,POLESELLA,1.0
senato-mattarellum-1993-corrected,VENETO,8,PONTECCHIO POLESINE,whole,,68,PONTECCHIO POLESINE,1.0
senato-mattarellum-1993-corrected,VENETO,8,PORTO TOLLE,whole,,68,PORTO TOLLE,1.0
senato-mattarellum-1993-corrected,VENETO,8,ROSOLINA,whole,,68,ROSGLINA,0.875
senato-mattarellum-1993-corrected,VENETO,8,ROVIGO,whole,,68,ROVIGO,1.0
senato-mattarellum-1993-corrected,VENETO,8,SALARA,whole,,68,SALARA,1.0
senato-mattarellum-1993-corrected,VENETO,8,SAN BELLINO,whole,,68,SAN BELLINGO,0.909
senato-mattarellum-1993-corrected,VENETO,8,SAN MARTINO DI VENEZZE,whole,,68,SAN MARTINO DI VENEZZE.,1.0
senato-mattarellum-1993-corrected,VENETO,8,STIENTA,whole,,68,STIENTA,1.0
senato-mattarellum-1993-corrected,VENETO,8,TAGLIO DI PO,whole,,68,TAGLIO BI PO,0.9
senato-mattarellum-1993-corrected,VENETO,8,TRECENTA,whole,,68,TRECENTA,1.0
senato-mattarellum-1993-corrected,VENETO,8,VILLADOSE,whole,,68,VILLADOSE,1.0
senato-mattarellum-1993-corrected,VENETO,8,VILLAMARZANA,whole,,68,VILLAMARZANA,1.0
senato-mattarellum-1993-corrected,VENETO,8,VILLANOVA DEL GHEBBO,whole,,68,VILLANOVA DEL GHEBBO,1.0
senato-mattarellum-1993-corrected,VENETO,8,VILLANOVA MARCHESANA,whole,,68,VILLANOVA MARCHE SANA,1.0
senato-mattarellum-1993-corrected,VENETO,9,ALBIGNASEGO,whole,,68,ALBIGNASEGO,1.0
senato-mattarellum-1993-corrected,VENETO,9,LEGNARO,whole,,68,LEGNARO,1.0
senato-mattarellum-1993-corrected,VENETO,9,VENEZIA,zone,CENTRO STORICO,68,{ PO-CENTRO STORICO ),1.0
senato-mattarellum-1993-corrected,VENETO,9,VENEZIA,zone,SACRA FAMIGLIA,68,{ PD-SACRA FAMIGLIA ),1.0
senato-mattarellum-1993-corrected,VENETO,9,VENEZIA,zone,SAN GIUSEPPE,68,( PO-SAN GIUSEPPE },1.0
senato-mattarellum-1993-corrected,VENETO,9,VENEZIA,zone,FORTA TRENTO,68,( PD-FORTA TRENTO },1.0
senato-mattarellum-1993-corrected,VENETO,9,VENEZIA,zone,FIERA,68,{ PO-FIERA ?,1.0
senato-mattarellum-1993-corrected,VENETO,9,VENEZIA,zone,PDO-STANGA,68,{ PDO-STANGA },1.0
senato-mattarellum-1993-corrected,VENETO,9,VENEZIA,zone,FORCELLINI,68,€ PD-FORCELLINI >,1.0
senato-mattarellum-1993-corrected,VENETO,9,VENEZIA,zone,SANT' OSVALDO,68,{( PO-SANT'*OSVALDO ),1.0
senato-mattarellum-1993-corrected,VENETO,9,VENEZIA,zone,MADONNA PELLEGRINA,68,( PD-MADONNA PELLEGRINA ),1.0
senato-mattarellum-1993-corrected,VENETO,9,VENEZIA,zone,VOLTABAROZZO,68,{( PD-VOLTABAROZZO ),1.0
senato-mattarellum-1993-corrected,VENETO,9,VENEZIA,zone,CROCEFISSO,68,{ PD-CROCEFISSO ),1.0
senato-mattarellum-1993-corrected,VENETO,9,VENEZIA,zone,SAL BORO,68,{ PO-SAL BORO},1.0
senato-mattarellum-1993-corrected,VENETO,9,VENEZIA,zone,GUITZZA,68,{ PD-GUITZZA è,1.0
senato-mattarellum-1993-corrected,VENETO,9,VENEZIA,zone,MANDRIA,68,{ PD-MANDRIA }?,1.0
senato-mattarellum-1993-corrected,VENETO,9,VENEZIA,zone,PUO-BRUSEGANA,68,{ PUO-BRUSEGANA ),1.0
senato-mattarellum-1993-corrected,VENETO,9,VENEZIA,zone,CAVE,68,Ul PD-CAVE ?,1.0
senato-mattarellum-1993-corrected,VENETO,9,VENEZIA,zone,BRENTELLE,68,{ PD-BRENTELLE,1.0
senato-mattarellum-1993-corrected,VENETO,9,VENEZIA,zone,SANT'IGNAZIO,68,U PD-SANT'IGNAZIO ),1.0
senato-mattarellum-1993-corrected,VENETO,9,VENEZIA,zone,HONTA',68,{ PD-HONTA' ),1.0
senato-mattarellum-1993-corrected,VENETO,9,,whole,,68,C PUO-PONTERGTTO 2,0.429
senato-mattarellum-1993-corrected,VENETO,9,VENEZIA,zone,SACRO CUORE,68,{ PD-SACRO CUORE ),1.0
senato-mattarellum-1993-corrected,VENETO,9,VENEZIA,zone,ALTICHIERO,68,{ PD-ALTICHIERO },1.0
senato-mattarellum-1993-corrected,VENETO,9,VENEZIA,zone,PONTEVIGODARZERE,68,( PO-PONTEVIGODARZERE ?,1.0
senato-mattarellum-1993-corrected,VENETO,9,VENEZIA,zone,SAN CARLO,68,{ PD-SAN CARLO è,1.0
senato-mattarellum-1993-corrected,VENETO,9,VENEZIA,zone,ARCELLA,68,{( PO-ARCELLA ?,1.0
senato-mattarellum-1993-corrected,VENETO,9,VENEZIA,zone,MORTISE,68,C PD-MORTISE ),1.0
senato-mattarellum-1993-corrected,VENETO,9,VENEZIA,zone,TORRE +,68,{ PO-TORRE +,1.0
senato-mattarellum-1993-corrected,VENETO,9,VENEZIA,zone,PDO-SAN LAZZARO,68,{ PDO-SAN LAZZARO ),1.0
senato-mattarellum-1993-corrected,VENETO,9,VENEZIA,zone,PONTE DI BRENTA,68,( PD-PONTE DI BRENTA è,1.0
senato-mattarellum-1993-corrected,VENETO,9,VENEZIA,zone,ZONA INDUSTRIALE,68,{ PO-ZONA INDUSTRIALE },1.0
senato-mattarellum-1993-corrected,VENETO,9,VENEZIA,zone,CAMIN,68,{ PO-CAMIN ),1.0
senato-mattarellum-1993-corrected,VENETO,9,VENEZIA,zone,GRANZE,68,(€ PD-GRANZE 2,1.0
senato-mattarellum-1993-corrected,VENETO,9,PONTE SAN NICOLO',whole,,68,PONTE SAN NICOLO?,1.0
senato-mattarellum-1993-corrected,VENETO,9,RUBANO,whole,,68,RUBANO,1.0
senato-mattarellum-1993-corrected,VENETO,9,SELVAZZANO DENTRO,whole,,68,SELVAZZANO DENTRO,1.0
senato-mattarellum-1993-corrected,VENETO,10,BORGORICCO,whole,,68,BORGORICCO,1.0
senato-mattarellum-1993-corrected,VENETO,10,CADONEGHE,whole,,68,CADONEGHE,1.0
senato-mattarellum-1993-corrected,VENETO,10,CAMPODARSEGO,whole,,69,CAMPODARSEGO,1.0
senato-mattarellum-1993-corrected,VENETO,10,CAMPODORO,whole,,69,CAMPODORO,1.0
senato-mattarellum-1993-corrected,VENETO,10,CAMPOSAMPIERO,whole,,69,CAMPOSAMPIERO,1.0
senato-mattarellum-1993-corrected,VENETO,10,CAMPO SAN MARTINO,whole,,69,CAMPO SAN MARTINO,1.0
senato-mattarellum-1993-corrected,VENETO,10,CARMIGNANO DI BRENTA,whole,,69,CARMIGNANO DI BRENTA,1.0
senato-mattarellum-1993-corrected,VENETO,10,CERVARESE SANTA CROCE,whole,,69,CERVARESE SANTA CROCE,1.0
senato-mattarellum-1993-corrected,VENETO,10,CITTADELLA,whole,,69,CITTADELLA,1.0
senato-mattarellum-1993-corrected,VENETO,10,CURTAROLO,whole,,69,CURTAROLO,1.0
senato-mattarellum-1993-corrected,VENETO,10,FONTANIVA,whole,,69,FONTANIVA,1.0
senato-mattarellum-1993-corrected,VENETO,10,GALLIERA VENETA,whole,,69,GALLIERA VENETA,1.0
senato-mattarellum-1993-corrected,VENETO,10,GAZZO,whole,,69,GAZZO,1.0
senato-mattarellum-1993-corrected,VENETO,10,GRANTORTO,whole,,69,GRANTORTO,1.0
senato-mattarellum-1993-corrected,VENETO,10,LIMENA,whole,,69,LIMENA,1.0
senato-mattarellum-1993-corrected,VENETO,10,LOREGGIA,whole,,69,LOREGGIA,1.0
senato-mattarellum-1993-corrected,VENETO,10,MASSANZAGO,whole,,69,NASSANZAGO,0.9
senato-mattarellum-1993-corrected,VENETO,10,MESTRINO,whole,,69,MESTRINO,1.0
senato-mattarellum-1993-corrected,VENETO,10,NOVENTA PADOVANA,whole,,69,NOVENTA PADOVANA,1.0
senato-mattarellum-1993-corrected,VENETO,10,PIAZZOLA SUL BRENTA,whole,,69,PIAZZOLA SUL BRENTA,1.0
senato-mattarellum-1993-corrected,VENETO,10,PIOMBINO DESE,whole,,69,PIOMBINO DESE,1.0
senato-mattarellum-1993-corrected,VENETO,10,ROVOLON,whole,,69,ROVUOLON,0.875
senato-mattarellum-1993-corrected,VENETO,10,SACCOLONGO,whole,,69,SACCOLONGO,1.0
senato-mattarellum-1993-corrected,VENETO,10,SAN GIORGIO DELLE PERTICHE,whole,,69,SAN GIURGIO DELLE PERTICHE,0.957
senato-mattarellum-1993-corrected,VENETO,10,SAN GIORGIO IN BOSCO,whole,,69,SAN GIORGIO IN BUOSCO,0.944
senato-mattarellum-1993-corrected,VENETO,10,SAN MARTINO DI LUPARI,whole,,69,SAN MARTINO DI LUPARI,1.0
senato-mattarellum-1993-corrected,VENETO,10,SAN PIETRO IN GU,whole,,69,SAN FIETRO IN GU,0.923
senato-mattarellum-1993-corrected,VENETO,10,SANTA GIUSTINA IN COLLE,whole,,69,SANTA GIUSTINA IN COLLE,1.0
senato-mattarellum-1993-corrected,VENETO,10,TEOLO,whole,,69,TEOLU,0.8
senato-mattarellum-1993-corrected,VENETO,10,TOMBOLO,whole,,69,TOMBOLO,1.0
senato-mattarellum-1993-corrected,VENETO,10,TREBASELEGHE,whole,,69,TREBASELEGHE,1.0
senato-mattarellum-1993-corrected,VENETO,10,VEGGIANO,whole,,69,VEGGIANO,1.0
senato-mattarellum-1993-corrected,VENETO,10,VIGODARZERE,whole,,69,VIGODARZERE,1.0
senato-mattarellum-1993-corrected,VENETO,10,VIGONZA,whole,,69,VIGONZA,1.0
senato-mattarellum-1993-corrected,VENETO,10,VILLA DEL CONTE,whole,,69,VILLA DEL CONTE,1.0
senato-mattarellum-1993-corrected,VENETO,10,VILLAFRANCA PADOVANA,whole,,69,VILLAFRANCA PADOVANA,1.0
senato-mattarellum-1993-corrected,VENETO,10,VILLANOVA DI CAMPOSAMPIERO,whole,,69,VILLANOVA DI CAMPOSAMPIERO,1.0
senato-mattarellum-1993-corrected,VENETO,11,ABANO TERME,whole,,69,ABANO TERME,1.0
senato-mattarellum-1993-corrected,VENETO,11,AGNA,whole,,69,AGNA,1.0
senato-mattarellum-1993-corrected,VENETO,11,ANGUILLARA VENETA,whole,,69,ANGUILLARA VENETA,1.0
senato-mattarellum-1993-corrected,VENETO,11,ARQUA' PETRARCA,whole,,69,ARQUA' PETRARCA,1.0
senato-mattarellum-1993-corrected,VENETO,11,ARRE,whole,,69,ARRE,1.0
senato-mattarellum-1993-corrected,VENETO,11,ARZERGRANDE,whole,,69,ARZERGR ANDE,1.0
senato-mattarellum-1993-corrected,VENETO,11,BAGNOLI DI SOPRA,whole,,69,BAGNOLI DI SOPRA,1.0
senato-mattarellum-1993-corrected,VENETO,11,BAONE,whole,,69,BAONE,1.0
senato-mattarellum-1993-corrected,VENETO,11,BARBONA,whole,,69,BAR BONA,1.0
senato-mattarellum-1993-corrected,VENETO,11,BATTAGLIA TERME,whole,,69,BATTAGLIA TERNE,0.929
senato-mattarellum-1993-corrected,VENETO,11,BOARA PISANI,whole,,69,BOARA PISANI,1.0
senato-mattarellum-1993-corrected,VENETO,11,BOVOLENTA,whole,,69,BOVOLENTA,1.0
senato-mattarellum-1993-corrected,VENETO,11,BRUGINE,whole,,69,BRUGINE,1.0
senato-mattarellum-1993-corrected,VENETO,11,CANDIANA,whole,,69,CANDIANA,1.0
senato-mattarellum-1993-corrected,VENETO,11,CARCERI,whole,,69,CARCERI,1.0
senato-mattarellum-1993-corrected,VENETO,11,CARRARA SAN GIORGIO,whole,,69,CARRARA SAN GIORGIO,1.0
senato-mattarellum-1993-corrected,VENETO,11,CARRARA SANTO STEFANO,whole,,69,CARRARA SANTO STEFANO,1.0
senato-mattarellum-1993-corrected,VENETO,11,CARTURA,whole,,69,CARTURA,1.0
senato-mattarellum-1993-corrected,VENETO,11,CASALE DI SCODOSIA,whole,,69,CASALE DI SCGODOSIA,0.941
senato-mattarellum-1993-corrected,VENETO,11,CASALSERUGO,whole,,69,CASALSERUGO,1.0
senato-mattarellum-1993-corrected,VENETO,11,CASTELBALDO,whole,,69,CASTEL BAL DO,1.0
senato-mattarellum-1993-corrected,VENETO,11,CINTO EUGANEO,whole,,69,CINTO EUGANEO,1.0
senato-mattarellum-1993-corrected,VENETO,11,CODEVIGO,whole,,69,CODEYVIGO,0.889
senato-mattarellum-1993-corrected,VENETO,11,CONSELVE,whole,,69,CONSELVE,1.0
senato-mattarellum-1993-corrected,VENETO,11,CORREZZOLA,whole,,69,CORREZZOLA,1.0
senato-mattarellum-1993-corrected,VENETO,11,ESTE,whole,,69,ESTE,1.0
senato-mattarellum-1993-corrected,VENETO,11,GALZIGNANO TERME,whole,,69,GALZIGNANO TERME,1.0
senato-mattarellum-1993-corrected,VENETO,11,GRANZE,whole,,69,GRANZE,1.0
senato-mattarellum-1993-corrected,VENETO,11,LOZZO ATESTINO,whole,,69,LOZZO ATESTINO,1.0
senato-mattarellum-1993-corrected,VENETO,11,MASERA' DI PADOVA,whole,,69,MASERA* DI PADOVA,1.0
senato-mattarellum-1993-corrected,VENETO,11,MASI,whole,,69,HASI,1.0
senato-mattarellum-1993-corrected,VENETO,11,MEGLIADINO SAN FIDENZIO,whole,,70,HEGLIADINO SAN FIDENZIO,1.0
senato-mattarellum-1993-corrected,VENETO,11,MEGLIADINO SAN VITALE,whole,,70,MEGLIADINO SAN VITALE,1.0
senato-mattarellum-1993-corrected,VENETO,11,MERLARA,whole,,70,MERLARA,1.0
senato-mattarellum-1993-corrected,VENETO,11,MONSELICE,whole,,70,MONSELICE,1.0
senato-mattarellum-1993-corrected,VENETO,11,MONTAGNANA,whole,,70,MONTAGNANA,1.0
senato-mattarellum-1993-corrected,VENETO,11,MONTEGROTTO TERME,whole,,70,MONTEGROTTO TERME,1.0
senato-mattarellum-1993-corrected,VENETO,11,OSPEDALETTO EUGANEO,whole,,70,OSPEDALE TTO EUGANEO,1.0
senato-mattarellum-1993-corrected,VENETO,11,PERNUMIA,whole,,70,PERNUMIFA,0.889
senato-mattarellum-1993-corrected,VENETO,11,PIACENZA D'ADIGE,whole,,70,PIACENZA D'ADIGE,1.0
senato-mattarellum-1993-corrected,VENETO,11,PIOVE DI SACCO,whole,,70,PIGVE DI SACCO,0.917
senato-mattarellum-1993-corrected,VENETO,11,POLVERARA,whole,,70,POLVERARA,1.0
senato-mattarellum-1993-corrected,VENETO,11,PONSO,whole,,70,PONSO,1.0
senato-mattarellum-1993-corrected,VENETO,11,PONTELONGO,whole,,70,PUNTELUNGO,0.8
senato-mattarellum-1993-corrected,VENETO,11,POZZONOVO,whole,,70,PoOZZONOVO,0.9
senato-mattarellum-1993-corrected,VENETO,11,SALETTO,whole,,70,SALETTO,1.0
senato-mattarellum-1993-corrected,VENETO,11,SAN PIETRO VIMINARIO,whole,,70,SAN PIETRO VININARIO,0.944
senato-mattarellum-1993-corrected,VENETO,11,SANTA MARGHERITA D'ADIGE,whole,,70,SANTA MARGHERITA D'ADIGE,1.0
senato-mattarellum-1993-corrected,VENETO,11,SANT'ANGELO DI PIOVE DI SACCO,whole,,70,SANT'ANGELO DI PIOVE DI SACCO,1.0
senato-mattarellum-1993-corrected,VENETO,11,SANT'ELENA,whole,,70,SANT'ELENA,1.0
senato-mattarellum-1993-corrected,VENETO,11,SANT'URBANO,whole,,70,SANT'URBANO,1.0
senato-mattarellum-1993-corrected,VENETO,11,SAONARA,whole,,70,SAONARA,1.0
senato-mattarellum-1993-corrected,VENETO,11,SOLESINO,whole,,70,SOLESINO,1.0
senato-mattarellum-1993-corrected,VENETO,11,STANGHELLA,whole,,70,STANGHELLA,1.0
senato-mattarellum-1993-corrected,VENETO,11,TERRASSA PADOVANA,whole,,70,TERRASSA PADOVANA,1.0
senato-mattarellum-1993-corrected,VENETO,11,TORREGLIA,whole,,70,TURREGLIA,0.889
senato-mattarellum-1993-corrected,VENETO,11,TRIBANO,whole,,70,TR1BANO,1.0
senato-mattarellum-1993-corrected,VENETO,11,URBANA,whole,,70,URBANA,1.0
senato-mattarellum-1993-corrected,VENETO,11,VESCOVANA,whole,,70,VESCOVANA,1.0
senato-mattarellum-1993-corrected,VENETO,11,VIGHIZZOLO D'ESTE,whole,,70,VIGHIZZOLO D'ESTE,1.0
senato-mattarellum-1993-corrected,VENETO,11,VILLA ESTENSE,whole,,70,VILLA ESTENSE,1.0
senato-mattarellum-1993-corrected,VENETO,12,AGUGLIARO,whole,,70,AGUGL TARDO,0.8
senato-mattarellum-1993-corrected,VENETO,12,ALBETTONE,whole,,70,ALBETTONE,1.0
senato-mattarellum-1993-corrected,VENETO,12,ALONTE,whole,,70,ALONTE,1.0
senato-mattarellum-1993-corrected,VENETO,12,ARCUGNANO,whole,,70,ARCUGNANO,1.0
senato-mattarellum-1993-corrected,VENETO,12,ASIGLIANO VENETO,whole,,70,ASIGLIANO VENETO,1.0
senato-mattarellum-1993-corrected,VENETO,12,BARBARANO VICENTINO,whole,,70,BARBARANO VICENTINO,1.0
senato-mattarellum-1993-corrected,VENETO,12,BOLZANO VICENTINO,whole,,70,BOLZANO VICENTINO,1.0
senato-mattarellum-1993-corrected,VENETO,12,BRENDOLA,whole,,70,BRENDOLA,1.0
senato-mattarellum-1993-corrected,VENETO,12,CAMISANO VICENTINO,whole,,70,CANMISANO VICENTINO,0.944
senato-mattarellum-1993-corrected,VENETO,12,,whole,,70,CAMPTGI TA NFT RFRICI,0.556
senato-mattarellum-1993-corrected,VENETO,12,CASTEGNERO,whole,,70,CASTEGNERO,1.0
senato-mattarellum-1993-corrected,VENETO,12,GAMBELLARA,whole,,70,GAMBELLARA,1.0
senato-mattarellum-1993-corrected,VENETO,12,GRANCONA,whole,,70,GRANCGCNA,0.778
senato-mattarellum-1993-corrected,VENETO,12,GRISIGNANO DI ZOCCO,whole,,70,GRISIGNANO DI ZOCCO,1.0
senato-mattarellum-1993-corrected,VENETO,12,GRUMOLO DELLE ABBADESSE,whole,,70,GRUMOLO DELLE ABBADESSE,1.0
senato-mattarellum-1993-corrected,VENETO,12,LONGARE,whole,,70,LONGARE,1.0
senato-mattarellum-1993-corrected,VENETO,12,LONIGO,whole,,70,LONIGO,1.0
senato-mattarellum-1993-corrected,VENETO,12,MONTEBELLO VICENTINO,whole,,70,MONTEBELLO VICENTINO,1.0
senato-mattarellum-1993-corrected,VENETO,12,MONTEGALDA,whole,,70,HONTEGAL DA,1.0
senato-mattarellum-1993-corrected,VENETO,12,MONTEGALDELLA,whole,,70,MONTEGAL DELLA,1.0
senato-mattarellum-1993-corrected,VENETO,12,MONTICELLO CONTE OTTO,whole,,70,MONTICELLO CONTE OTTO,1.0
senato-mattarellum-1993-corrected,VENETO,12,MOSSANO,whole,,70,HOSSANO,1.0
senato-mattarellum-1993-corrected,VENETO,12,NANTO,whole,,70,NANTO,1.0
senato-mattarellum-1993-corrected,VENETO,12,NOVENTA VICENTINA,whole,,70,NOVENTA VICENTINA,1.0
senato-mattarellum-1993-corrected,VENETO,12,ORGIANO,whole,,70,ORGIANO,1.0
senato-mattarellum-1993-corrected,VENETO,12,POIANA MAGGIORE,whole,,70,POIANA MAGGIORE,1.0
senato-mattarellum-1993-corrected,VENETO,12,QUINTO VICENTINO,whole,,70,QUINTO VICENTINO,1.0
senato-mattarellum-1993-corrected,VENETO,12,SAN GERMANO DEI BERICI,whole,,70,SAN GERMANO DEI BERICI,1.0
senato-mattarellum-1993-corrected,VENETO,12,SAREGO,whole,,70,SAREGO,1.0
senato-mattarellum-1993-corrected,VENETO,12,SOSSANO,whole,,70,SOSSANO,1.0
senato-mattarellum-1993-corrected,VENETO,12,TORRI DI QUARTESOLO,whole,,70,TORRI DI QUARTESOLO,1.0
senato-mattarellum-1993-corrected,VENETO,12,VICENZA,whole,,70,VICENZA,1.0
senato-mattarellum-1993-corrected,VENETO,12,VILLAGA,whole,,70,VILLAGA,1.0
senato-mattarellum-1993-corrected,VENETO,12,ZOVENCEDO,whole,,70,ZOVENCE DO,1.0
senato-mattarellum-1993-corrected,VENETO,13,ASIAGO,whole,,70,ASITAGO,0.857
senato-mattarellum-1993-corrected,VENETO,13,BASSANO DEL GRAPPA,whole,,70,BASSANO DEL GRAPPA,1.0
senato-mattarellum-1993-corrected,VENETO,13,BREGANZE,whole,,70,BREGANZE,1.0
senato-mattarellum-1993-corrected,VENETO,13,BRESSANVIDO,whole,,71,BRE SSANVIDO,1.0
senato-mattarellum-1993-corrected,VENETO,13,CALTRANO,whole,,71,CAL TRANO,1.0
senato-mattarellum-1993-corrected,VENETO,13,CALVENE,whole,,71,CAL VENE,1.0
senato-mattarellum-1993-corrected,VENETO,13,CAMPOLONGO SUL BRENTA,whole,,71,CAMPOLONGO SUL BRENTA,1.0
senato-mattarellum-1993-corrected,VENETO,13,CARRE',whole,,71,CARRE*,1.0
senato-mattarellum-1993-corrected,VENETO,13,CARTIGLIANO,whole,,71,CARTIGLIANO,1.0
senato-mattarellum-1993-corrected,VENETO,13,CASSOLA,whole,,71,CASSOLA,1.0
senato-mattarellum-1993-corrected,VENETO,13,CHIUPPANO,whole,,71,CHIUPPANO,1.0
senato-mattarellum-1993-corrected,VENETO,13,CISMON DEL GRAPPA,whole,,71,CISMON DEL GRAPPA,1.0
senato-mattarellum-1993-corrected,VENETO,13,CONCO,whole,,71,CONCO,1.0
senato-mattarellum-1993-corrected,VENETO,13,DUEVILLE,whole,,71,DUEVILLE,1.0
senato-mattarellum-1993-corrected,VENETO,13,ENEGO,whole,,71,ENE GO,1.0
senato-mattarellum-1993-corrected,VENETO,13,FARA VICENTINO,whole,,71,FARA VICENTINO,1.0
senato-mattarellum-1993-corrected,VENETO,13,FOZA,whole,,71,FOZA,1.0
senato-mattarellum-1993-corrected,VENETO,13,GALLIO,whole,,71,GALLIO,1.0
senato-mattarellum-1993-corrected,VENETO,13,LUGO DI VICENZA,whole,,71,LUGO DI VICENZA,1.0
senato-mattarellum-1993-corrected,VENETO,13,LUSIANA,whole,,71,LUSIANA,1.0
senato-mattarellum-1993-corrected,VENETO,13,MARANO VICENTINO,whole,,71,MARANO VICENTINO,1.0
senato-mattarellum-1993-corrected,VENETO,13,MAROSTICA,whole,,71,HAROSTICA,1.0
senato-mattarellum-1993-corrected,VENETO,13,MASON VICENTINO,whole,,71,HASON VICENTINO,1.0
senato-mattarellum-1993-corrected,VENETO,13,MOLVENA,whole,,71,MOLVENA,1.0
senato-mattarellum-1993-corrected,VENETO,13,MONTECCHIO PRECALCINO,whole,,71,MONTECCHIO PRECALCINO,1.0
senato-mattarellum-1993-corrected,VENETO,13,MUSSOLENTE,whole,,71,MUSSOLENTE,1.0
senato-mattarellum-1993-corrected,VENETO,13,NOVE,whole,,71,NOVE,1.0
senato-mattarellum-1993-corrected,VENETO,13,PIANEZZE,whole,,71,PIANEZZE,1.0
senato-mattarellum-1993-corrected,VENETO,13,POVE DEL GRAPPA,whole,,71,POVE DEL GRAPPA,1.0
senato-mattarellum-1993-corrected,VENETO,13,POZZOLEONE,whole,,71,POZZOLEONE,1.0
senato-mattarellum-1993-corrected,VENETO,13,ROANA,whole,,71,RUOANA,0.833
senato-mattarellum-1993-corrected,VENETO,13,ROMANO D'EZZELINO,whole,,71,ROMANO D'EZZELINO,1.0
senato-mattarellum-1993-corrected,VENETO,13,ROSA',whole,,71,"ROSA""",1.0
senato-mattarellum-1993-corrected,VENETO,13,ROSSANO VENETO,whole,,71,ROSSANO VENETO,1.0
senato-mattarellum-1993-corrected,VENETO,13,SALCEDO,whole,,71,SALCEDO,1.0
senato-mattarellum-1993-corrected,VENETO,13,SANDRIGO,whole,,71,SANDR ISO,0.875
senato-mattarellum-1993-corrected,VENETO,13,SAN NAZARIO,whole,,71,SAN NAZARIO,1.0
senato-mattarellum-1993-corrected,VENETO,13,SARCEDO,whole,,71,SARCE DU,0.857
senato-mattarellum-1993-corrected,VENETO,13,SCHIAVON,whole,,71,SCHIAVON,1.0
senato-mattarellum-1993-corrected,VENETO,13,SOLAGNA,whole,,71,SOLAGNA,1.0
senato-mattarellum-1993-corrected,VENETO,13,TEZZE SUL BRENTA,whole,,71,TEZZE SUL BRENTA,1.0
senato-mattarellum-1993-corrected,VENETO,13,THIENE,whole,,71,THIENE,1.0
senato-mattarellum-1993-corrected,VENETO,13,VALSTAGNA,whole,,71,VALSTAGNA,1.0
senato-mattarellum-1993-corrected,VENETO,13,VILLAVERLA,whole,,71,VILLAVERLA,1.0
senato-mattarellum-1993-corrected,VENETO,13,ZANE',whole,,71,ZANE',1.0
senato-mattarellum-1993-corrected,VENETO,13,ZUGLIANO,whole,,71,ZUGLIANO,1.0
senato-mattarellum-1993-corrected,VENETO,14,ALTAVILLA VICENTINA,whole,,71,ALTAVILLA VICENTINA,1.0
senato-mattarellum-1993-corrected,VENETO,14,ALTISSIMO,whole,,71,ALTISSIMO,1.0
senato-mattarellum-1993-corrected,VENETO,14,ARSIERO,whole,,71,ARSIERO,1.0
senato-mattarellum-1993-corrected,VENETO,14,ARZIGNANO,whole,,71,ARZIGNANO,1.0
senato-mattarellum-1993-corrected,VENETO,14,BROGLIANO,whole,,71,BROGLIANO,1.0
senato-mattarellum-1993-corrected,VENETO,14,CALDOGNO,whole,,71,CAL DUOGNO,0.889
senato-mattarellum-1993-corrected,VENETO,14,CASTELGOMBERTO,whole,,71,CASTELGOMBERTO,1.0
senato-mattarellum-1993-corrected,VENETO,14,CHIAMPO,whole,,71,CHIAMPO,1.0
senato-mattarellum-1993-corrected,VENETO,14,COGOLLO DEL CENGIO,whole,,71,COGOLLO DEL CENGIO,1.0
senato-mattarellum-1993-corrected,VENETO,14,CORNEDO VICENTINO,whole,,71,CORNEDO VICENTINO,1.0
senato-mattarellum-1993-corrected,VENETO,14,COSTABISSARA,whole,,71,COSTABISSARA,1.0
senato-mattarellum-1993-corrected,VENETO,14,CREAZZO,whole,,71,CREAZZO,1.0
senato-mattarellum-1993-corrected,VENETO,14,CRESPADORO,whole,,71,CRE SPADORO,1.0
senato-mattarellum-1993-corrected,VENETO,14,GAMBUGLIANO,whole,,71,GAMBUGL ITANO,0.917
senato-mattarellum-1993-corrected,VENETO,14,ISOLA VICENTINA,whole,,71,ISOLA VICENTINA,1.0
senato-mattarellum-1993-corrected,VENETO,14,LAGHI,whole,,71,LAGHI,1.0
senato-mattarellum-1993-corrected,VENETO,14,LASTEBASSE,whole,,71,LASTE BASSE,1.0
senato-mattarellum-1993-corrected,VENETO,14,MALO,whole,,71,MALO,1.0
senato-mattarellum-1993-corrected,VENETO,14,MONTECCHIO MAGGIORE,whole,,71,MONTECCHIO MAGGIORE,1.0
senato-mattarellum-1993-corrected,VENETO,14,MONTE DI MALO,whole,,71,MONTE DI HALO,1.0
senato-mattarellum-1993-corrected,VENETO,14,MONTEVIALE,whole,,71,MHONTEVIALE,0.909
senato-mattarellum-1993-corrected,VENETO,14,MONTORSO VICENTINO,whole,,71,HONTORSO VICENTINO,1.0
senato-mattarellum-1993-corrected,VENETO,14,NOGAROLE VICENTINO,whole,,72,NOGAROLE VICENTINO,1.0
senato-mattarellum-1993-corrected,VENETO,14,PEDEMONTE,whole,,72,PEDEMONTE,1.0
senato-mattarellum-1993-corrected,VENETO,14,PIOVENE ROCCHETTE,whole,,72,PIOVENE ROCCHETTE,1.0
senato-mattarellum-1993-corrected,VENETO,14,POSINA,whole,,72,POSINA,1.0
senato-mattarellum-1993-corrected,VENETO,14,RECOARO TERME,whole,,72,RECOARO TERME,1.0
senato-mattarellum-1993-corrected,VENETO,14,SAN PIETRO MUSSOLINO,whole,,72,SAN PIETRO MUSSOLINO,1.0
senato-mattarellum-1993-corrected,VENETO,14,SANTORSO,whole,,72,SANTORSO,1.0
senato-mattarellum-1993-corrected,VENETO,14,SAN VITO DI LEGUZZANO,whole,,72,SAN VITO DI LEGUZZANO,1.0
senato-mattarellum-1993-corrected,VENETO,14,SCHIO,whole,,72,SCHIO,1.0
senato-mattarellum-1993-corrected,VENETO,14,TONEZZA DEL CIMONE,whole,,72,TONEZZA DEL CIMONE,1.0
senato-mattarellum-1993-corrected,VENETO,14,TORREBELVICINO,whole,,72,TORREBELVICINO,1.0
senato-mattarellum-1993-corrected,VENETO,14,TRISSINO,whole,,72,TRISSINO,1.0
senato-mattarellum-1993-corrected,VENETO,14,VALDAGNO,whole,,72,VALDAGNO,1.0
senato-mattarellum-1993-corrected,VENETO,14,VALDASTICO,whole,,72,VALDASTICO,1.0
senato-mattarellum-1993-corrected,VENETO,14,VALLI DEL PASUBIO,whole,,72,VALLI DEL PASUBIO,1.0
senato-mattarellum-1993-corrected,VENETO,14,VELO D'ASTICO,whole,,72,VELO D'ASTICO,1.0
senato-mattarellum-1993-corrected,VENETO,14,ZERMEGHEDO,whole,,72,ZERMEGHEDO,1.0
senato-mattarellum-1993-corrected,VENETO,15,AFFI,whole,,72,AFFI,1.0
senato-mattarellum-1993-corrected,VENETO,15,BADIA CALAVENA,whole,,72,BADIA CALAVENA,1.0
senato-mattarellum-1993-corrected,VENETO,15,BARDOLINO,whole,,72,BARDOLINO,1.0
senato-mattarellum-1993-corrected,VENETO,15,BOSCO CHIESANUOVA,whole,,72,BOSCO CHIESANUOVA,1.0
senato-mattarellum-1993-corrected,VENETO,15,BRENTINO BELLUNO,whole,,72,BRENTINO BELLUNO,1.0
senato-mattarellum-1993-corrected,VENETO,15,BRENZONE,whole,,72,BRENZONE,1.0
senato-mattarellum-1993-corrected,VENETO,15,BUSSOLENGO,whole,,72,BUSSOLENGO,1.0
senato-mattarellum-1993-corrected,VENETO,15,CAPRINO VERONESE,whole,,72,CAPRINO VERONESE,1.0
senato-mattarellum-1993-corrected,VENETO,15,CASTELNUOVO DEL GARDA,whole,,72,CASTELNUOVO DEL GARDA,1.0
senato-mattarellum-1993-corrected,VENETO,15,CAVAION VERONESE,whole,,72,CAVAION VERONESE,1.0
senato-mattarellum-1993-corrected,VENETO,15,CAZZANO DI TRAMIGNA,whole,,72,CAZZANO DPI TRAMIGNA,0.944
senato-mattarellum-1993-corrected,VENETO,15,CERRO VERONESE,whole,,72,CERRO VERONESE,1.0
senato-mattarellum-1993-corrected,VENETO,15,COLOGNOLA AI COLLI,whole,,72,COLOGNOLA Al COLLI,0.938
senato-mattarellum-1993-corrected,VENETO,15,COSTERMANO,whole,,72,COSTERMANO,1.0
senato-mattarellum-1993-corrected,VENETO,15,DOLCE',whole,,72,DOLCE’,1.0
senato-mattarellum-1993-corrected,VENETO,15,ERBEZZO,whole,,72,ERBEZZO,1.0
senato-mattarellum-1993-corrected,VENETO,15,FERRARA DI MONTE BALDO,whole,,72,FERRARA DI MONTE BAL DO,1.0
senato-mattarellum-1993-corrected,VENETO,15,FUMANE,whole,,72,FUMANE,1.0
senato-mattarellum-1993-corrected,VENETO,15,GARDA,whole,,72,GARDA,1.0
senato-mattarellum-1993-corrected,VENETO,15,GREZZANA,whole,,72,GREZZANA,1.0
senato-mattarellum-1993-corrected,VENETO,15,ILLASI,whole,,72,ILLAST,0.833
senato-mattarellum-1993-corrected,VENETO,15,LAVAGNO,whole,,72,LAVAGNO,1.0
senato-mattarellum-1993-corrected,VENETO,15,LAZISE,whole,,72,LAZISE,1.0
senato-mattarellum-1993-corrected,VENETO,15,MALCESINE,whole,,72,HALCESINE,1.0
senato-mattarellum-1993-corrected,VENETO,15,MARANO DI VALPOLICELLA,whole,,72,MARANO DI VALPOLICELLA,1.0
senato-mattarellum-1993-corrected,VENETO,15,MEZZANE DI SOTTO,whole,,72,MEZZANE DI SOTTO,1.0
senato-mattarellum-1993-corrected,VENETO,15,MONTECCHIA DI CROSARA,whole,,72,MONTECCHIA DI CROSARA,1.0
senato-mattarellum-1993-corrected,VENETO,15,MONTEFORTE D'ALPONE,whole,,72,MONTEFORTE D'ALPONE,1.0
senato-mattarellum-1993-corrected,VENETO,15,NEGRAR,whole,,72,NEGRAR,1.0
senato-mattarellum-1993-corrected,VENETO,15,PASTRENGO,whole,,72,PASTRENGO,1.0
senato-mattarellum-1993-corrected,VENETO,15,PESCANTINA,whole,,72,PESCANTINA,1.0
senato-mattarellum-1993-corrected,VENETO,15,PESCHIERA DEL GARDA,whole,,72,PESCHIERA DEL GARDA,1.0
senato-mattarellum-1993-corrected,VENETO,15,RIVOLI VERONESE,whole,,72,RIVOLI VERONESE,1.0
senato-mattarellum-1993-corrected,VENETO,15,RONCA',whole,,72,RONCA *,1.0
senato-mattarellum-1993-corrected,VENETO,15,ROVERE' VERONESE,whole,,72,ROVERE * VERONESE,1.0
senato-mattarellum-1993-corrected,VENETO,15,SAN BONIFACIO,whole,,72,SAN BONIFACIO”,1.0
senato-mattarellum-1993-corrected,VENETO,15,SAN GIOVANNI ILARIONE,whole,,72,SAN GIOVANNI ILARITONE-,0.95
senato-mattarellum-1993-corrected,VENETO,15,SAN MARTINO BUON ALBERGO,whole,,72,SAN MARTINO BUON ALBERGO,1.0
senato-mattarellum-1993-corrected,VENETO,15,SAN MAURO DI SALINE,whole,,72,SAN MAURO DI SALINE,1.0
senato-mattarellum-1993-corrected,VENETO,15,SAN PIETRO IN CARIANO,whole,,72,SAN PIETRO IN CARIANO,1.0
senato-mattarellum-1993-corrected,VENETO,15,SANT'AMBROGIO DI VALPOLICELLA,whole,,72,SANT'’AMBROGIO DI VALPOLICELLA,1.0
senato-mattarellum-1993-corrected,VENETO,15,SANT'ANNA D'ALFAEDO,whole,,72,SANT'ANNA D'ALFAEBDO,0.941
senato-mattarellum-1993-corrected,VENETO,15,SAN ZENO DI MONTAGNA,whole,,72,SAN ZENO DI MONTAGNA,1.0
senato-mattarellum-1993-corrected,VENETO,15,SELVA DI PROGNO,whole,,72,SELVA DI PROGNO,1.0
senato-mattarellum-1993-corrected,VENETO,15,SOAVE,whole,,72,SOAVE,1.0
senato-mattarellum-1993-corrected,VENETO,15,SOMMACAMPAGNA,whole,,72,SOMMACAMPAGNA,1.0
senato-mattarellum-1993-corrected,VENETO,15,SONA,whole,,72,SONA,1.0
senato-mattarellum-1993-corrected,VENETO,15,TORRI DEL BENACO,whole,,72,TORRI DEL BENACO,1.0
senato-mattarellum-1993-corrected,VENETO,15,TREGNAGO,whole,,72,TREGNAGO,1.0
senato-mattarellum-1993-corrected,VENETO,15,VALEGGIO SUL MINCIO,whole,,73,VALEGGIO SUL MINCIU,0.941
senato-mattarellum-1993-corrected,VENETO,15,VELO VERONESE,whole,,73,VELO VERONESE,1.0
senato-mattarellum-1993-corrected,VENETO,15,VESTENANOVA,whole,,73,VESTENANOVA,1.0
senato-mattarellum-1993-corrected,VENETO,16,,whole,,73,{ VERONA-ZONA AMM.1 3),0.429
senato-mattarellum-1993-corrected,VENETO,16,,whole,,73,{ VERONA-ZONA AMM.2 ),0.462
senato-mattarellum-1993-corrected,VENETO,16,,whole,,73,{ VERUNA-ZONA ANM.3 ),0.462
senato-mattarellum-1993-corrected,VENETO,16,,whole,,73,€ VERONA-ZONA AMM.4 ),0.462
senato-mattarellum-1993-corrected,VENETO,16,,whole,,73,{ VERONA-ZONA AMM.10 }),0.4
senato-mattarellum-1993-corrected,VENETO,16,,whole,,73,{ VERONA-ZONA AMBM.11 2,0.375
senato-mattarellum-1993-corrected,VENETO,16,,whole,,73,{ VERONA-ZONA AMM.18 ),0.4
senato-mattarellum-1993-corrected,VENETO,16,,whole,,73,{( VERONA-ZONA AMM.30 },0.429
senato-mattarellum-1993-corrected,VENETO,16,,whole,,73,{ VERONA-ZONA AMM.38 ),0.429
senato-mattarellum-1993-corrected,VENETO,16,,whole,,73,C( VERONA-ZONA AMN.39 ),0.429
senato-mattarellum-1993-corrected,VENETO,16,,whole,,73,( VERONA-ZONA AMH.16 3,0.429
senato-mattarellum-1993-corrected,VENETO,16,,whole,,73,( YVERONA-ZONA AMM.37 },0.429
senato-mattarellum-1993-corrected,VENETO,16,VENEZIA,zone,VERONA -ZONA AMM. 15,73,( VERONA -ZONA AMM.}15 },1.0
senato-mattarellum-1993-corrected,VENETO,16,,whole,,73,({ VERONA-ZONA AMNMN.17 ),0.375
senato-mattarellum-1993-corrected,VENETO,16,,whole,,73,{ YERONA-ZONA AMM.14G ),0.333
senato-mattarellum-1993-corrected,VENETO,16,,whole,,73,{ VERONA-ZONA AMM.36 ),0.462
senato-mattarellum-1993-corrected,VENETO,16,,whole,,73,{ VERONA-ZONA AMM.12 ),0.429
senato-mattarellum-1993-corrected,VENETO,16,,whole,,73,( VERONA-ZONA AMHM.13 >,0.4
senato-mattarellum-1993-corrected,VENETO,16,,whole,,73,{ YERONA-ZONA AMM.35 ),0.357
senato-mattarellum-1993-corrected,VENETO,16,,whole,,73,{ VERONA-ZONA AMM.31 },0.429
senato-mattarellum-1993-corrected,VENETO,16,,whole,,73,"{ YERONA-ZONA AMM.,32 )",0.385
senato-mattarellum-1993-corrected,VENETO,16,,whole,,73,{ VERONA-ZONA AMM.33 ),0.462
senato-mattarellum-1993-corrected,VENETO,16,,whole,,73,"{( YERONA-ZONA AMM.,34 )",0.385
senato-mattarellum-1993-corrected,VENETO,17,ALBAREDO D'ADIGE,whole,,73,ALBAREDO D'ADIGE,1.0
senato-mattarellum-1993-corrected,VENETO,17,ANGIARI,whole,,73,ANGIARI,1.0
senato-mattarellum-1993-corrected,VENETO,17,ARCOLE,whole,,73,ARCOLE,1.0
senato-mattarellum-1993-corrected,VENETO,17,BELFIORE,whole,,73,BELF IORE,1.0
senato-mattarellum-1993-corrected,VENETO,17,BEVILACQUA,whole,,73,BEVILACQUA,1.0
senato-mattarellum-1993-corrected,VENETO,17,BONAVIGO,whole,,73,BONAVIGO,1.0
senato-mattarellum-1993-corrected,VENETO,17,BOSCHI SANT'ANNA,whole,,73,BOSCHI SANT'ANNA,1.0
senato-mattarellum-1993-corrected,VENETO,17,BOVOLONE,whole,,73,BOVOLONE,1.0
senato-mattarellum-1993-corrected,VENETO,17,BUTTAPIETRA,whole,,73,BUTTAPIETRA,1.0
senato-mattarellum-1993-corrected,VENETO,17,CALDIERO,whole,,73,CALDIERO,1.0
senato-mattarellum-1993-corrected,VENETO,17,CASALEONE,whole,,73,CASALEONE,1.0
senato-mattarellum-1993-corrected,VENETO,17,CASTAGNARO,whole,,73,CASTAGNARO,1.0
senato-mattarellum-1993-corrected,VENETO,17,CASTEL D'AZZANO,whole,,73,CASTEL D'AZZANO,1.0
senato-mattarellum-1993-corrected,VENETO,17,CEREA,whole,,73,CEREA,1.0
senato-mattarellum-1993-corrected,VENETO,17,COLOGNA VENETA,whole,,73,COLOGNA VENETA,1.0
senato-mattarellum-1993-corrected,VENETO,17,CONCAMARISE,whole,,73,CONCAMAR ISE,1.0
senato-mattarellum-1993-corrected,VENETO,17,ERBE',whole,,73,"ERBE""",1.0
senato-mattarellum-1993-corrected,VENETO,17,GAZZO VERONESE,whole,,73,GAZZO VERONESE,1.0
senato-mattarellum-1993-corrected,VENETO,17,ISOLA DELLA SCALA,whole,,73,ISULA DELLA SCALA,0.933
senato-mattarellum-1993-corrected,VENETO,17,ISOLA RIZZA,whole,,73,ISOLA RIZZA,1.0
senato-mattarellum-1993-corrected,VENETO,17,LEGNAGO,whole,,73,LEGNAGO,1.0
senato-mattarellum-1993-corrected,VENETO,17,MINERBE,whole,,73,MINER BE,1.0
senato-mattarellum-1993-corrected,VENETO,17,MOZZECANE,whole,,73,MOZZECANE,1.0
senato-mattarellum-1993-corrected,VENETO,17,NOGARA,whole,,73,NOGARA,1.0
senato-mattarellum-1993-corrected,VENETO,17,NOGAROLE ROCCA,whole,,73,NOGAROLE ROCCA,1.0
senato-mattarellum-1993-corrected,VENETO,17,OPPEANO,whole,,73,OUPPEANO,0.875
senato-mattarellum-1993-corrected,VENETO,17,PALU',whole,,73,PALU*,1.0
senato-mattarellum-1993-corrected,VENETO,17,POVEGLIANO VERONESE,whole,,73,POVEGLIANO VERONESE,1.0
senato-mattarellum-1993-corrected,VENETO,17,PRESSANA,whole,,73,PRESSANA,1.0
senato-mattarellum-1993-corrected,VENETO,17,RONCO ALL'ADIGE,whole,,73,RONCO ALL'ADIGE,1.0
senato-mattarellum-1993-corrected,VENETO,17,ROVERCHIARA,whole,,73,ROVERCHIARA,1.0
senato-mattarellum-1993-corrected,VENETO,17,ROVEREDO DI GUA',whole,,73,ROVEREDO DI GUA*,1.0
senato-mattarellum-1993-corrected,VENETO,17,SALIZZOLE,whole,,73,SAL IZZOLE,1.0
senato-mattarellum-1993-corrected,VENETO,17,SAN GIOVANNI LUPATOTO,whole,,73,SAN GIOVANNI LUPATOTO,1.0
senato-mattarellum-1993-corrected,VENETO,17,SANGUINETTO,whole,,73,SANGUINETTO,1.0
senato-mattarellum-1993-corrected,VENETO,17,SAN PIETRO DI MORUBIO,whole,,73,SAN PIETRO DI MORUBIO,1.0
senato-mattarellum-1993-corrected,VENETO,17,SORGA',whole,,74,SORGA*®,1.0
senato-mattarellum-1993-corrected,VENETO,17,TERRAZZO,whole,,74,TERRAZZO,1.0
senato-mattarellum-1993-corrected,VENETO,17,TREVENZUOLO,whole,,74,TREVENZUOLO,1.0
senato-mattarellum-1993-corrected,VENETO,17,VERONELLA,whole,,74,VERQNELLA,0.889
senato-mattarellum-1993-corrected,VENETO,17,VIGASIO,whole,,74,VIGASIO,1.0
senato-mattarellum-1993-corrected,VENETO,17,VILLA BARTOLOMEA,whole,,74,VILLA BARTOLOMEA,1.0
senato-mattarellum-1993-corrected,VENETO,17,VILLAFRANCA DI VERONA,whole,,74,VILLAFRANCA DI VERONA,1.0
senato-mattarellum-1993-corrected,VENETO,17,ZEVIO,whole,,74,ZEVIO,1.0
senato-mattarellum-1993-corrected,VENETO,17,ZIMELLA,whole,,74,ZIMELLA,1.0
senato-mattarellum-1993-corrected,FRIULI-VENEZIA GIULIA,1,MUGGIA,whole,,75,MUGGIA,1.0
senato-mattarellum-1993-corrected,FRIULI-VENEZIA GIULIA,1,SAN DORLIGO DELLA VALLE,whole,,75,SAN DORLIGO DELLA VALLE,1.0
senato-mattarellum-1993-corrected,FRIULI-VENEZIA GIULIA,1,TRIESTE,whole,,75,TRIESTE,1.0
senato-mattarellum-1993-corrected,FRIULI-VENEZIA GIULIA,2,AIELLO DEL FRIULI,whole,,75,ATELLO DEL FRIULI,0.933
senato-mattarellum-1993-corrected,FRIULI-VENEZIA GIULIA,2,AQUILEIA,whole,,75,AQUILEIA,1.0
senato-mattarellum-1993-corrected,FRIULI-VENEZIA GIULIA,2,ATTIMIS,whole,,75,ATTIMIS,1.0
senato-mattarellum-1993-corrected,FRIULI-VENEZIA GIULIA,2,CAMPOLONGO AL TORRE,whole,,75,CAMPOLONGO AL TORRE,1.0
senato-mattarellum-1993-corrected,FRIULI-VENEZIA GIULIA,2,CERVIGNANO DEL FRIULI,whole,,75,CERVIGNANO DEL FRIULI,1.0
senato-mattarellum-1993-corrected,FRIULI-VENEZIA GIULIA,2,CHIOPRIS-VISCONE,whole,,75,CHIOPRI1IS-VISCONE,0.882
senato-mattarellum-1993-corrected,FRIULI-VENEZIA GIULIA,2,CIVIDALE DEL FRIULI,whole,,75,CIVIDALE DEL FRIULI,1.0
senato-mattarellum-1993-corrected,FRIULI-VENEZIA GIULIA,2,CORNO DI ROSAZZO,whole,,75,CORNO DI ROSAZZO,1.0
senato-mattarellum-1993-corrected,FRIULI-VENEZIA GIULIA,2,DRENCHIA,whole,,75,ODRENCHIA,0.889
senato-mattarellum-1993-corrected,FRIULI-VENEZIA GIULIA,2,FAEDIS,whole,,75,FAEDIS,1.0
senato-mattarellum-1993-corrected,FRIULI-VENEZIA GIULIA,2,FIUMICELLO,whole,,75,FIUMICELLO,1.0
senato-mattarellum-1993-corrected,FRIULI-VENEZIA GIULIA,2,GRIMACCO,whole,,75,GRIMACCO,1.0
senato-mattarellum-1993-corrected,FRIULI-VENEZIA GIULIA,2,LUSEVERA,whole,,75,LUSEVERA,1.0
senato-mattarellum-1993-corrected,FRIULI-VENEZIA GIULIA,2,MANZANO,whole,,75,MANZANO,1.0
senato-mattarellum-1993-corrected,FRIULI-VENEZIA GIULIA,2,MOIMACCO,whole,,75,HO1MACCO,1.0
senato-mattarellum-1993-corrected,FRIULI-VENEZIA GIULIA,2,NIMIS,whole,,75,NIMIS,1.0
senato-mattarellum-1993-corrected,FRIULI-VENEZIA GIULIA,2,PREMARIACCO,whole,,75,PREMARITACCO,0.917
senato-mattarellum-1993-corrected,FRIULI-VENEZIA GIULIA,2,PREPOTTO,whole,,75,PREPOTTO,1.0
senato-mattarellum-1993-corrected,FRIULI-VENEZIA GIULIA,2,PULFERO,whole,,75,PULFERO,1.0
senato-mattarellum-1993-corrected,FRIULI-VENEZIA GIULIA,2,RESIA,whole,,75,RESIA,1.0
senato-mattarellum-1993-corrected,FRIULI-VENEZIA GIULIA,2,RUDA,whole,,75,RUDA,1.0
senato-mattarellum-1993-corrected,FRIULI-VENEZIA GIULIA,2,SAN GIOVANNI AL NATISONE,whole,,75,SAN GIOVANNI AL NATISONE,1.0
senato-mattarellum-1993-corrected,FRIULI-VENEZIA GIULIA,2,SAN LEONARDO,whole,,75,SAN LEONARDO,1.0
senato-mattarellum-1993-corrected,FRIULI-VENEZIA GIULIA,2,SAN PIETRO AL NATISONE,whole,,75,SAN PIETRO AL NATISONE,1.0
senato-mattarellum-1993-corrected,FRIULI-VENEZIA GIULIA,2,SAN VITO AL TORRE,whole,,75,SAN VITO AL TORRE,1.0
senato-mattarellum-1993-corrected,FRIULI-VENEZIA GIULIA,2,SAVOGNA,whole,,75,SAVOGNA,1.0
senato-mattarellum-1993-corrected,FRIULI-VENEZIA GIULIA,2,STREGNA,whole,,75,STREGHNA,0.875
senato-mattarellum-1993-corrected,FRIULI-VENEZIA GIULIA,2,TAIPANA,whole,,75,TAIPANA,1.0
senato-mattarellum-1993-corrected,FRIULI-VENEZIA GIULIA,2,TAPOGLIANO,whole,,75,TAPOGLIANO,1.0
senato-mattarellum-1993-corrected,FRIULI-VENEZIA GIULIA,2,TERZO D'AQUILEIA,whole,,75,TERZO D'AQUILETA,0.929
senato-mattarellum-1993-corrected,FRIULI-VENEZIA GIULIA,2,TORREANO,whole,,75,TORREANO,1.0
senato-mattarellum-1993-corrected,FRIULI-VENEZIA GIULIA,2,TRIVIGNANO UDINESE,whole,,75,TRIVIGNANO UDINESE,1.0
senato-mattarellum-1993-corrected,FRIULI-VENEZIA GIULIA,2,VILLA VICENTINA,whole,,75,VILLA VICENTINA,1.0
senato-mattarellum-1993-corrected,FRIULI-VENEZIA GIULIA,2,VISCO,whole,,75,VISCO,1.0
senato-mattarellum-1993-corrected,FRIULI-VENEZIA GIULIA,2,CAPRIVA DEL FRIULI,whole,,75,CAPRIVA DEL FRIULI,1.0
senato-mattarellum-1993-corrected,FRIULI-VENEZIA GIULIA,2,CORMONS,whole,,75,CORMONS,1.0
senato-mattarellum-1993-corrected,FRIULI-VENEZIA GIULIA,2,DOBERDO' DEL LAGO,whole,,75,DOBERDO* DEL LAGO,1.0
senato-mattarellum-1993-corrected,FRIULI-VENEZIA GIULIA,2,DOLEGNA DEL COLLIO,whole,,75,DOLEGNA DEL COLLIU,0.938
senato-mattarellum-1993-corrected,FRIULI-VENEZIA GIULIA,2,FARRA D'ISONZO,whole,,75,FARRA D'ISONZO,1.0
senato-mattarellum-1993-corrected,FRIULI-VENEZIA GIULIA,2,FOGLIANO REDIPUGLIA,whole,,75,FOGLIANO REBIPUGLIA,0.944
senato-mattarellum-1993-corrected,FRIULI-VENEZIA GIULIA,2,GORIZIA,whole,,75,GORIZIA,1.0
senato-mattarellum-1993-corrected,FRIULI-VENEZIA GIULIA,2,GRADISCA D'ISONZO,whole,,75,GRADISCA D'ISONZO,1.0
senato-mattarellum-1993-corrected,FRIULI-VENEZIA GIULIA,2,GRADO,whole,,75,GRADO,1.0
senato-mattarellum-1993-corrected,FRIULI-VENEZIA GIULIA,2,MARIANO DEL FRIULI,whole,,75,MARIANO DEL FRIULI,1.0
senato-mattarellum-1993-corrected,FRIULI-VENEZIA GIULIA,2,MEDEA,whole,,75,MEDEA,1.0
senato-mattarellum-1993-corrected,FRIULI-VENEZIA GIULIA,2,MONFALCONE,whole,,75,MONFALCONE,1.0
senato-mattarellum-1993-corrected,FRIULI-VENEZIA GIULIA,2,MORARO,whole,,75,NORARO,0.833
senato-mattarellum-1993-corrected,FRIULI-VENEZIA GIULIA,2,MOSSA,whole,,75,MOSSA,1.0
senato-mattarellum-1993-corrected,FRIULI-VENEZIA GIULIA,2,ROMANS D'ISONZO,whole,,75,ROMANS D'’iISUNZO,0.857
senato-mattarellum-1993-corrected,FRIULI-VENEZIA GIULIA,2,RONCHI DEI LEGIONARI,whole,,75,RUNCHI DEI LEGIONARI,0.944
senato-mattarellum-1993-corrected,FRIULI-VENEZIA GIULIA,2,SAGRADO,whole,,75,SAGRADO,1.0
senato-mattarellum-1993-corrected,FRIULI-VENEZIA GIULIA,2,SAN CANZIAN D'ISONZO,whole,,75,SAN CANZIAN D*ISONZO,1.0
senato-mattarellum-1993-corrected,FRIULI-VENEZIA GIULIA,2,SAN FLORIANO DEL COLLIO,whole,,75,SAN FLORIANO DEL COLLI,0.95
senato-mattarellum-1993-corrected,FRIULI-VENEZIA GIULIA,2,SAN LORENZO ISONTINO,whole,,75,SAN LORENZO ISONTING,0.944
senato-mattarellum-1993-corrected,FRIULI-VENEZIA GIULIA,2,SAN PIER D'ISONZO,whole,,75,SAN PIER D'ISONZAO,0.933
senato-mattarellum-1993-corrected,FRIULI-VENEZIA GIULIA,2,SAVOGNA D'ISONZO,whole,,75,SAVOGNA D'ISONZO,1.0
senato-mattarellum-1993-corrected,FRIULI-VENEZIA GIULIA,2,STARANZANO,whole,,75,STARANZANO,1.0
senato-mattarellum-1993-corrected,FRIULI-VENEZIA GIULIA,2,TURRIACO,whole,,76,FURRIACO,0.875
senato-mattarellum-1993-corrected,FRIULI-VENEZIA GIULIA,2,VILLESSE,whole,,76,VILLESSE,1.0
senato-mattarellum-1993-corrected,FRIULI-VENEZIA GIULIA,2,DUINO AURISINA,whole,,76,DU INDO-AURISINA,0.929
senato-mattarellum-1993-corrected,FRIULI-VENEZIA GIULIA,2,MONRUPINO,whole,,76,MONRUP INO,1.0
senato-mattarellum-1993-corrected,FRIULI-VENEZIA GIULIA,2,SGONICO,whole,,76,&SGONICO,1.0
senato-mattarellum-1993-corrected,FRIULI-VENEZIA GIULIA,3,BAGNARIA ARSA,whole,,76,BAGNARIA ARSA,1.0
senato-mattarellum-1993-corrected,FRIULI-VENEZIA GIULIA,3,BICINICCO,whole,,76,BICINICCO,1.0
senato-mattarellum-1993-corrected,FRIULI-VENEZIA GIULIA,3,BUTTRIO,whole,,76,BUTTRIOQ,0.875
senato-mattarellum-1993-corrected,FRIULI-VENEZIA GIULIA,3,CAMPOFORMIDO,whole,,76,CANPOFORMIDO,0.917
senato-mattarellum-1993-corrected,FRIULI-VENEZIA GIULIA,3,CARLINO,whole,,76,CARL ENO,0.857
senato-mattarellum-1993-corrected,FRIULI-VENEZIA GIULIA,3,CASTIONS DI STRADA,whole,,76,CASTIONS DI STRADA,1.0
senato-mattarellum-1993-corrected,FRIULI-VENEZIA GIULIA,3,GONARS,whole,,76,GONARS,1.0
senato-mattarellum-1993-corrected,FRIULI-VENEZIA GIULIA,3,LATISANA,whole,,76,LATISANA,1.0
senato-mattarellum-1993-corrected,FRIULI-VENEZIA GIULIA,3,LIGNANO SABBIADORO,whole,,76,LIGNANO SABBIADORO,1.0
senato-mattarellum-1993-corrected,FRIULI-VENEZIA GIULIA,3,MARANO LAGUNARE,whole,,76,MARANO LAGUNARE,1.0
senato-mattarellum-1993-corrected,FRIULI-VENEZIA GIULIA,3,MORTEGLIANO,whole,,76,MORTEGL TANO,0.909
senato-mattarellum-1993-corrected,FRIULI-VENEZIA GIULIA,3,MUZZANA DEL TURGNANO,whole,,76,MUZZANA DEL TURGNANO,1.0
senato-mattarellum-1993-corrected,FRIULI-VENEZIA GIULIA,3,PALAZZOLO DELLO STELLA,whole,,76,PALAZZOLO DELLO STELLA,1.0
senato-mattarellum-1993-corrected,FRIULI-VENEZIA GIULIA,3,PALMANOVA,whole,,76,PALMANOVA,1.0
senato-mattarellum-1993-corrected,FRIULI-VENEZIA GIULIA,3,PAVIA DI UDINE,whole,,76,PAVIA DI UDINE,1.0
senato-mattarellum-1993-corrected,FRIULI-VENEZIA GIULIA,3,POCENIA,whole,,76,POCENITA,0.875
senato-mattarellum-1993-corrected,FRIULI-VENEZIA GIULIA,3,PORPETTO,whole,,76,PORPETTO,1.0
senato-mattarellum-1993-corrected,FRIULI-VENEZIA GIULIA,3,POZZUOLO DEL FRIULI,whole,,76,POZZUOLO DEL FRIULI,1.0
senato-mattarellum-1993-corrected,FRIULI-VENEZIA GIULIA,3,PRADAMANO,whole,,76,PRADAMANO,1.0
senato-mattarellum-1993-corrected,FRIULI-VENEZIA GIULIA,3,PRECENICCO,whole,,76,PRECENICCO,1.0
senato-mattarellum-1993-corrected,FRIULI-VENEZIA GIULIA,3,REMANZACCO,whole,,76,REMANZACCOA,0.909
senato-mattarellum-1993-corrected,FRIULI-VENEZIA GIULIA,3,RIVIGNANO,whole,,76,RIVIGNANO,1.0
senato-mattarellum-1993-corrected,FRIULI-VENEZIA GIULIA,3,RONCHIS,whole,,76,RONCHIS,1.0
senato-mattarellum-1993-corrected,FRIULI-VENEZIA GIULIA,3,SAN GIORGIO DI NOGARO,whole,,76,SAN GIORGIO DI NOGARO,1.0
senato-mattarellum-1993-corrected,FRIULI-VENEZIA GIULIA,3,SANTA MARIA LA LONGA,whole,,76,SANTA MARIA LA LONSGA,0.944
senato-mattarellum-1993-corrected,FRIULI-VENEZIA GIULIA,3,TALMASSONS,whole,,76,TALMASSONS,1.0
senato-mattarellum-1993-corrected,FRIULI-VENEZIA GIULIA,3,TAVAGNACCO,whole,,76,TAVAGNACCO,1.0
senato-mattarellum-1993-corrected,FRIULI-VENEZIA GIULIA,3,TEOR,whole,,76,TEOR,1.0
senato-mattarellum-1993-corrected,FRIULI-VENEZIA GIULIA,3,TORVISCOSA,whole,,76,TORVISCOSA,1.0
senato-mattarellum-1993-corrected,FRIULI-VENEZIA GIULIA,3,UDINE,whole,,76,UDINE,1.0
senato-mattarellum-1993-corrected,FRIULI-VENEZIA GIULIA,3,VARMO,whole,,76,VARMO,1.0
senato-mattarellum-1993-corrected,FRIULI-VENEZIA GIULIA,4,AMARO,whole,,76,AMARU,0.8
senato-mattarellum-1993-corrected,FRIULI-VENEZIA GIULIA,4,AMPEZZO,whole,,76,AMPEZZO,1.0
senato-mattarellum-1993-corrected,FRIULI-VENEZIA GIULIA,4,ARTA TERME,whole,,76,ARTA TERME,1.0
senato-mattarellum-1993-corrected,FRIULI-VENEZIA GIULIA,4,ARTEGNA,whole,,76,ARTEGNA,1.0
senato-mattarellum-1993-corrected,FRIULI-VENEZIA GIULIA,4,BASILIANO,whole,,76,BASIL IANO,1.0
senato-mattarellum-1993-corrected,FRIULI-VENEZIA GIULIA,4,BERTIOLO,whole,,76,BERTIOGLO,0.889
senato-mattarellum-1993-corrected,FRIULI-VENEZIA GIULIA,4,BORDANO,whole,,76,BORDANO,1.0
senato-mattarellum-1993-corrected,FRIULI-VENEZIA GIULIA,4,BUIA,whole,,76,BU IA,1.0
senato-mattarellum-1993-corrected,FRIULI-VENEZIA GIULIA,4,CAMINO AL TAGLIAMENTO,whole,,76,CAMINO AL TAGLIAMENTO,1.0
senato-mattarellum-1993-corrected,FRIULI-VENEZIA GIULIA,4,CASSACCO,whole,,76,CASSACCO,1.0
senato-mattarellum-1993-corrected,FRIULI-VENEZIA GIULIA,4,CAVAZZO CARNICO,whole,,76,CAVAZZO CARNICO,1.0
senato-mattarellum-1993-corrected,FRIULI-VENEZIA GIULIA,4,CERCIVENTO,whole,,76,CERCIVENTO,1.0
senato-mattarellum-1993-corrected,FRIULI-VENEZIA GIULIA,4,CHIUSAFORTE,whole,,76,CHIUSAFGRTE,0.909
senato-mattarellum-1993-corrected,FRIULI-VENEZIA GIULIA,4,CODROIPO,whole,,76,CODRO1PO,1.0
senato-mattarellum-1993-corrected,FRIULI-VENEZIA GIULIA,4,COLLOREDO DI MONTE ALBANO,whole,,76,COLLOREDO DI MONTE ALBANO,1.0
senato-mattarellum-1993-corrected,FRIULI-VENEZIA GIULIA,4,COMEGLIANS,whole,,76,COME GL IANS,1.0
senato-mattarellum-1993-corrected,FRIULI-VENEZIA GIULIA,4,COSEANO,whole,,76,COSE ANO,1.0
senato-mattarellum-1993-corrected,FRIULI-VENEZIA GIULIA,4,DIGNANO,whole,,76,DIGNANO,1.0
senato-mattarellum-1993-corrected,FRIULI-VENEZIA GIULIA,4,DOGNA,whole,,76,DOGNA,1.0
senato-mattarellum-1993-corrected,FRIULI-VENEZIA GIULIA,4,ENEMONZO,whole,,76,ENEMONZO,1.0
senato-mattarellum-1993-corrected,FRIULI-VENEZIA GIULIA,4,FAGAGNA,whole,,76,FAGAGNA,1.0
senato-mattarellum-1993-corrected,FRIULI-VENEZIA GIULIA,4,FLAIBANO,whole,,76,FLAITBANG,0.778
senato-mattarellum-1993-corrected,FRIULI-VENEZIA GIULIA,4,FORNI AVOLTRI,whole,,76,FORNI AVOLTRI,1.0
senato-mattarellum-1993-corrected,FRIULI-VENEZIA GIULIA,4,FORNI DI SOPRA,whole,,76,FORNI DI SOPRA,1.0
senato-mattarellum-1993-corrected,FRIULI-VENEZIA GIULIA,4,FORNI DI SOTTO,whole,,76,FORNI DI SUTTO,0.917
senato-mattarellum-1993-corrected,FRIULI-VENEZIA GIULIA,4,GEMONA DEL FRIULI,whole,,76,GEMONA DEL FRIULI,1.0
senato-mattarellum-1993-corrected,FRIULI-VENEZIA GIULIA,4,LAUCO,whole,,76,LAUCO,1.0
senato-mattarellum-1993-corrected,FRIULI-VENEZIA GIULIA,4,LESTIZZA,whole,,77,LESTIZZA,1.0
senato-mattarellum-1993-corrected,FRIULI-VENEZIA GIULIA,4,LIGOSULLO,whole,,77,LIGOSULLO,1.0
senato-mattarellum-1993-corrected,FRIULI-VENEZIA GIULIA,4,MAGNANO IN RIVIERA,whole,,77,MAGNANO IN RIVIERA,1.0
senato-mattarellum-1993-corrected,FRIULI-VENEZIA GIULIA,4,MAJANO,whole,,77,MAJANO,1.0
senato-mattarellum-1993-corrected,FRIULI-VENEZIA GIULIA,4,MALBORGHETTO-VALBRUNA,whole,,77,MAL BORGHETTO VALBRUNA,1.0
senato-mattarellum-1993-corrected,FRIULI-VENEZIA GIULIA,4,MARTIGNACCO,whole,,77,MARTIGNACCO,1.0
senato-mattarellum-1993-corrected,FRIULI-VENEZIA GIULIA,4,MERETO DI TOMBA,whole,,77,MERETO DI TOMBA,1.0
senato-mattarellum-1993-corrected,FRIULI-VENEZIA GIULIA,4,MOGGIO UDINESE,whole,,77,MOGGIO UDINESE,1.0
senato-mattarellum-1993-corrected,FRIULI-VENEZIA GIULIA,4,MONTENARS,whole,,77,HONTENARS,1.0
senato-mattarellum-1993-corrected,FRIULI-VENEZIA GIULIA,4,MORUZZO,whole,,77,HMHORUZZO,0.778
senato-mattarellum-1993-corrected,FRIULI-VENEZIA GIULIA,4,OSOPPO,whole,,77,DSOPPO,0.833
senato-mattarellum-1993-corrected,FRIULI-VENEZIA GIULIA,4,OVARO,whole,,77,UVARO,0.8
senato-mattarellum-1993-corrected,FRIULI-VENEZIA GIULIA,4,PAGNACCO,whole,,77,PAGNACCO,1.0
senato-mattarellum-1993-corrected,FRIULI-VENEZIA GIULIA,4,PALUZZA,whole,,77,PALUZZA,1.0
senato-mattarellum-1993-corrected,FRIULI-VENEZIA GIULIA,4,PASIAN DI PRATO,whole,,77,PASIAN DI PRATO,1.0
senato-mattarellum-1993-corrected,FRIULI-VENEZIA GIULIA,4,PAULARO,whole,,77,PAULARO,1.0
senato-mattarellum-1993-corrected,FRIULI-VENEZIA GIULIA,4,PONTEBBA,whole,,77,PONTEBBA,1.0
senato-mattarellum-1993-corrected,FRIULI-VENEZIA GIULIA,4,POVOLETTO,whole,,77,POVOLETTO,1.0
senato-mattarellum-1993-corrected,FRIULI-VENEZIA GIULIA,4,PRATO CARNICO,whole,,77,PRATO CARNICO,1.0
senato-mattarellum-1993-corrected,FRIULI-VENEZIA GIULIA,4,PREONE,whole,,77,PRE ONE,1.0
senato-mattarellum-1993-corrected,FRIULI-VENEZIA GIULIA,4,RAGOGNA,whole,,77,RAGOGNA,1.0
senato-mattarellum-1993-corrected,FRIULI-VENEZIA GIULIA,4,RAVASCLETTO,whole,,77,RAVASCLETTO,1.0
senato-mattarellum-1993-corrected,FRIULI-VENEZIA GIULIA,4,RAVEO,whole,,77,RAVEO,1.0
senato-mattarellum-1993-corrected,FRIULI-VENEZIA GIULIA,4,REANA DEL ROIALE,whole,,77,REANA DEL ROIALE,1.0
senato-mattarellum-1993-corrected,FRIULI-VENEZIA GIULIA,4,RESIUTTA,whole,,77,RESIUTTA,1.0
senato-mattarellum-1993-corrected,FRIULI-VENEZIA GIULIA,4,RIGOLATO,whole,,77,RIGOLATO,1.0
senato-mattarellum-1993-corrected,FRIULI-VENEZIA GIULIA,4,RIVE D'ARCANO,whole,,77,RIVE D'ARCANO,1.0
senato-mattarellum-1993-corrected,FRIULI-VENEZIA GIULIA,4,SAN DANIELE DEL FRIULI,whole,,77,SAN DANIELE DEL FRIULI,1.0
senato-mattarellum-1993-corrected,FRIULI-VENEZIA GIULIA,4,SAN VITO DI FAGAGNA,whole,,77,SAN VITO DI FAGAGNA,1.0
senato-mattarellum-1993-corrected,FRIULI-VENEZIA GIULIA,4,SAURIS,whole,,77,SAURIS,1.0
senato-mattarellum-1993-corrected,FRIULI-VENEZIA GIULIA,4,SEDEGLIANO,whole,,77,SEDEGL TANO,0.9
senato-mattarellum-1993-corrected,FRIULI-VENEZIA GIULIA,4,SOCCHIEVE,whole,,77,SUOCCHIEVE,0.9
senato-mattarellum-1993-corrected,FRIULI-VENEZIA GIULIA,4,SUTRIO,whole,,77,SUTRIO,1.0
senato-mattarellum-1993-corrected,FRIULI-VENEZIA GIULIA,4,TARCENTO,whole,,77,TARCENTO,1.0
senato-mattarellum-1993-corrected,FRIULI-VENEZIA GIULIA,4,TARVISIO,whole,,77,TARVISIO,1.0
senato-mattarellum-1993-corrected,FRIULI-VENEZIA GIULIA,4,TOLMEZZO,whole,,77,TOLMEZZO,1.0
senato-mattarellum-1993-corrected,FRIULI-VENEZIA GIULIA,4,TRASAGHIS,whole,,77,TRASAGHIS,1.0
senato-mattarellum-1993-corrected,FRIULI-VENEZIA GIULIA,4,TREPPO CARNICO,whole,,77,TREPPO CARNICO,1.0
senato-mattarellum-1993-corrected,FRIULI-VENEZIA GIULIA,4,TREPPO GRANDE,whole,,77,TREPPO GRANDE,1.0
senato-mattarellum-1993-corrected,FRIULI-VENEZIA GIULIA,4,TRICESIMO,whole,,77,TRICESIMO,1.0
senato-mattarellum-1993-corrected,FRIULI-VENEZIA GIULIA,4,VENZONE,whole,,77,VENZONE,1.0
senato-mattarellum-1993-corrected,FRIULI-VENEZIA GIULIA,4,VERZEGNIS,whole,,77,VERZEGNIS,1.0
senato-mattarellum-1993-corrected,FRIULI-VENEZIA GIULIA,4,VILLA SANTINA,whole,,77,VILLA SANTINA,1.0
senato-mattarellum-1993-corrected,FRIULI-VENEZIA GIULIA,4,ZUGLIO,whole,,77,ZUGLIO,1.0
senato-mattarellum-1993-corrected,FRIULI-VENEZIA GIULIA,4,FORGARIA NEL FRIULI,whole,,77,FORGARIA NEL FRIULI,1.0
senato-mattarellum-1993-corrected,FRIULI-VENEZIA GIULIA,4,ARBA,whole,,77,ARBA,1.0
senato-mattarellum-1993-corrected,FRIULI-VENEZIA GIULIA,4,CASTELNOVO DEL FRIULI,whole,,77,CASTELNOVO DEL FRIULI,1.0
senato-mattarellum-1993-corrected,FRIULI-VENEZIA GIULIA,4,CAVASSO NUOVO,whole,,77,CAVASSO NUOVO,1.0
senato-mattarellum-1993-corrected,FRIULI-VENEZIA GIULIA,4,CLAUZETTO,whole,,77,CLAUZETTO,1.0
senato-mattarellum-1993-corrected,FRIULI-VENEZIA GIULIA,4,FANNA,whole,,77,FANNA,1.0
senato-mattarellum-1993-corrected,FRIULI-VENEZIA GIULIA,4,FRISANCO,whole,,77,FRISANCO,1.0
senato-mattarellum-1993-corrected,FRIULI-VENEZIA GIULIA,4,MEDUNO,whole,,77,HE DUNO,1.0
senato-mattarellum-1993-corrected,FRIULI-VENEZIA GIULIA,4,PINZANO AL TAGLIAMENTO,whole,,77,PINZANO AL TAGLIAMENTO,1.0
senato-mattarellum-1993-corrected,FRIULI-VENEZIA GIULIA,4,SEQUALS,whole,,77,SEQUALS,1.0
senato-mattarellum-1993-corrected,FRIULI-VENEZIA GIULIA,4,TRAMONTI DI SOPRA,whole,,77,TRAMONTI DI SOPRA,1.0
senato-mattarellum-1993-corrected,FRIULI-VENEZIA GIULIA,4,TRAMONTI DI SOTTO,whole,,77,TRAMONTI DI SOTTO,1.0
senato-mattarellum-1993-corrected,FRIULI-VENEZIA GIULIA,4,TRAVESIO,whole,,77,TRAVESIO,1.0
senato-mattarellum-1993-corrected,FRIULI-VENEZIA GIULIA,4,VITO D'ASIO,whole,,77,VITO D'ASIO,1.0
senato-mattarellum-1993-corrected,FRIULI-VENEZIA GIULIA,5,ANDREIS,whole,,77,ANDRE IS,1.0
senato-mattarellum-1993-corrected,FRIULI-VENEZIA GIULIA,5,ARZENE,whole,,77,ARZENE,1.0
senato-mattarellum-1993-corrected,FRIULI-VENEZIA GIULIA,5,AVIANO,whole,,77,AVIANO,1.0
senato-mattarellum-1993-corrected,FRIULI-VENEZIA GIULIA,5,AZZANO DECIMO,whole,,77,AZZANU DECIMO,0.917
senato-mattarellum-1993-corrected,FRIULI-VENEZIA GIULIA,5,BARCIS,whole,,77,BARCIS,1.0
senato-mattarellum-1993-corrected,FRIULI-VENEZIA GIULIA,5,BRUGNERA,whole,,77,BRUGNERA,1.0
senato-mattarellum-1993-corrected,FRIULI-VENEZIA GIULIA,5,BUDOIA,whole,,77,BUDOIA,1.0
senato-mattarellum-1993-corrected,FRIULI-VENEZIA GIULIA,5,CANEVA,whole,,77,CANEVA,1.0
senato-mattarellum-1993-corrected,FRIULI-VENEZIA GIULIA,5,CASARSA DELLA DELIZIA,whole,,78,CASARSA DELLA DELIZIA,1.0
senato-mattarellum-1993-corrected,FRIULI-VENEZIA GIULIA,5,CHIONS,whole,,78,CHIOQNS,0.857
senato-mattarellum-1993-corrected,FRIULI-VENEZIA GIULIA,5,CIMOLAIS,whole,,78,CIMOLAITS,0.889
senato-mattarellum-1993-corrected,FRIULI-VENEZIA GIULIA,5,CLAUT,whole,,78,CLAUT,1.0
senato-mattarellum-1993-corrected,FRIULI-VENEZIA GIULIA,5,CORDENONS,whole,,78,CORDENONS,1.0
senato-mattarellum-1993-corrected,FRIULI-VENEZIA GIULIA,5,CORDOVADO,whole,,78,CORDOVADO,1.0
senato-mattarellum-1993-corrected,FRIULI-VENEZIA GIULIA,5,ERTO E CASSO,whole,,78,ERTO E CASSO,1.0
senato-mattarellum-1993-corrected,FRIULI-VENEZIA GIULIA,5,FIUME VENETO,whole,,78,FIUME VENETO,1.0
senato-mattarellum-1993-corrected,FRIULI-VENEZIA GIULIA,5,FONTANAFREDDA,whole,,78,FONTANAFREDDA,1.0
senato-mattarellum-1993-corrected,FRIULI-VENEZIA GIULIA,5,MANIAGO,whole,,78,MANIAGO,1.0
senato-mattarellum-1993-corrected,FRIULI-VENEZIA GIULIA,5,,whole,,78,MONTERFAL F VAI CRIS INA,0.7
senato-mattarellum-1993-corrected,FRIULI-VENEZIA GIULIA,5,MORSANO AL TAGLIAMENTO,whole,,78,MORSANO AL TAGLIAMENTO,1.0
senato-mattarellum-1993-corrected,FRIULI-VENEZIA GIULIA,5,PASIANO DI PORDENONE,whole,,78,PASIANO DI PORDENONE,1.0
senato-mattarellum-1993-corrected,FRIULI-VENEZIA GIULIA,5,POLCENIGO,whole,,78,POLCENIGO,1.0
senato-mattarellum-1993-corrected,FRIULI-VENEZIA GIULIA,5,PORCIA,whole,,78,PORCIA,1.0
senato-mattarellum-1993-corrected,FRIULI-VENEZIA GIULIA,5,PORDENONE,whole,,78,PORDENONE,1.0
senato-mattarellum-1993-corrected,FRIULI-VENEZIA GIULIA,5,PRATA DI PORDENONE,whole,,78,PRATA DI PORDENONE,1.0
senato-mattarellum-1993-corrected,FRIULI-VENEZIA GIULIA,5,PRAVISDOMINI,whole,,78,PRAVISDOMINI,1.0
senato-mattarellum-1993-corrected,FRIULI-VENEZIA GIULIA,5,ROVEREDO IN PIANO,whole,,78,ROVEREDO IN PIANO,1.0
senato-mattarellum-1993-corrected,FRIULI-VENEZIA GIULIA,5,SACILE,whole,,78,SACILE,1.0
senato-mattarellum-1993-corrected,FRIULI-VENEZIA GIULIA,5,SAN GIORGIO DELLA RICHINVELDA,whole,,78,SAN GIORGIO DELLA RICHINVELDA,1.0
senato-mattarellum-1993-corrected,FRIULI-VENEZIA GIULIA,5,SAN MARTINO AL TAGLIAMENTO,whole,,78,SAN MARTINO AL TAGLIAMENTO,1.0
senato-mattarellum-1993-corrected,FRIULI-VENEZIA GIULIA,5,SAN QUIRINO,whole,,78,SAN QUIRINO,1.0
senato-mattarellum-1993-corrected,FRIULI-VENEZIA GIULIA,5,SAN VITO AL TAGLIAMENTO,whole,,78,SAN VITO AL TAGLIAMENTO,1.0
senato-mattarellum-1993-corrected,FRIULI-VENEZIA GIULIA,5,SESTO AL REGHENA,whole,,78,SESTO AL REGHENA,1.0
senato-mattarellum-1993-corrected,FRIULI-VENEZIA GIULIA,5,SPILIMBERGO,whole,,78,SPIL1MBERGO,1.0
senato-mattarellum-1993-corrected,FRIULI-VENEZIA GIULIA,5,VALVASONE,whole,,78,VALVASONE,1.0
senato-mattarellum-1993-corrected,FRIULI-VENEZIA GIULIA,5,VIVARO,whole,,78,VIVARO,1.0
senato-mattarellum-1993-corrected,FRIULI-VENEZIA GIULIA,5,ZOPPOLA,whole,,78,2ZOPPOLA,1.0
senato-mattarellum-1993-corrected,FRIULI-VENEZIA GIULIA,5,VAJONT,whole,,78,VAJONT,1.0
senato-mattarellum-1993-corrected,LIGURIA,1,AIROLE,whole,,79,AIROLE,1.0
senato-mattarellum-1993-corrected,LIGURIA,1,APRICALE,whole,,79,APRICALE,1.0
senato-mattarellum-1993-corrected,LIGURIA,1,AQUILA DI ARROSCIA,whole,,79,AQUILA DI ARROSCIA,1.0
senato-mattarellum-1993-corrected,LIGURIA,1,ARMO,whole,,79,ARMO,1.0
senato-mattarellum-1993-corrected,LIGURIA,1,AURIGO,whole,,79,AURIGO,1.0
senato-mattarellum-1993-corrected,LIGURIA,1,BADALUCCO,whole,,79,BADALUCCO,1.0
senato-mattarellum-1993-corrected,LIGURIA,1,BAIARDO,whole,,79,BAIARDO,1.0
senato-mattarellum-1993-corrected,LIGURIA,1,BORDIGHERA,whole,,79,BORDIGHERA,1.0
senato-mattarellum-1993-corrected,LIGURIA,1,BORGHETTO D'ARROSCIA,whole,,79,BORGHETTO D'ARROSCIA,1.0
senato-mattarellum-1993-corrected,LIGURIA,1,BORGOMARO,whole,,79,BORGOMARO,1.0
senato-mattarellum-1993-corrected,LIGURIA,1,CAMPOROSSO,whole,,79,CAMPOROSSO,1.0
senato-mattarellum-1993-corrected,LIGURIA,1,CARAVONICA,whole,,79,CARAVONICA,1.0
senato-mattarellum-1993-corrected,LIGURIA,1,CARPASIO,whole,,79,CARPASIO,1.0
senato-mattarellum-1993-corrected,LIGURIA,1,CASTELLARO,whole,,79,CASTELLARO,1.0
senato-mattarellum-1993-corrected,LIGURIA,1,CASTEL VITTORIO,whole,,79,CASTEL VITTORIO,1.0
senato-mattarellum-1993-corrected,LIGURIA,1,CERIANA,whole,,79,CERITANA,0.875
senato-mattarellum-1993-corrected,LIGURIA,1,CERVO,whole,,79,CERYO,0.8
senato-mattarellum-1993-corrected,LIGURIA,1,CESIO,whole,,79,CESIO,1.0
senato-mattarellum-1993-corrected,LIGURIA,1,CHIUSANICO,whole,,79,CHIUSANICO,1.0
senato-mattarellum-1993-corrected,LIGURIA,1,CHIUSAVECCHIA,whole,,79,CHIUSAVECCHIA,1.0
senato-mattarellum-1993-corrected,LIGURIA,1,CIPRESSA,whole,,79,CIPRESSA,1.0
senato-mattarellum-1993-corrected,LIGURIA,1,CIVEZZA,whole,,79,CIVEZZA,1.0
senato-mattarellum-1993-corrected,LIGURIA,1,COSIO DI ARROSCIA,whole,,79,COSTO DI ARROSCIA,0.933
senato-mattarellum-1993-corrected,LIGURIA,1,COSTARAINERA,whole,,79,COSTARAINERA,1.0
senato-mattarellum-1993-corrected,LIGURIA,1,DIANO ARENTINO,whole,,79,DIANO ARENTINO,1.0
senato-mattarellum-1993-corrected,LIGURIA,1,DIANO CASTELLO,whole,,79,DIANO CASTELLO,1.0
senato-mattarellum-1993-corrected,LIGURIA,1,DIANO MARINA,whole,,79,BIANO MARINA,0.909
senato-mattarellum-1993-corrected,LIGURIA,1,DIANO SAN PIETRO,whole,,79,DIANO SAN PIETRO,1.0
senato-mattarellum-1993-corrected,LIGURIA,1,DOLCEACQUA,whole,,79,DOLCEACQUA,1.0
senato-mattarellum-1993-corrected,LIGURIA,1,DOLCEDO,whole,,79,DOLCE DO,1.0
senato-mattarellum-1993-corrected,LIGURIA,1,IMPERIA,whole,,79,IMPERIA,1.0
senato-mattarellum-1993-corrected,LIGURIA,1,ISOLABONA,whole,,79,ISOLABONA,1.0
senato-mattarellum-1993-corrected,LIGURIA,1,LUCINASCO,whole,,79,LUCINASCO,1.0
senato-mattarellum-1993-corrected,LIGURIA,1,MENDATICA,whole,,79,HENDATICA,1.0
senato-mattarellum-1993-corrected,LIGURIA,1,MOLINI DI TRIORA,whole,,79,MOL INI DI TRIORA,1.0
senato-mattarellum-1993-corrected,LIGURIA,1,MONTALTO LIGURE,whole,,79,MONTALTO LIGURE,1.0
senato-mattarellum-1993-corrected,LIGURIA,1,MONTEGROSSO PIAN LATTE,whole,,79,MONTEGROSSO PIAN LATTE,1.0
senato-mattarellum-1993-corrected,LIGURIA,1,OLIVETTA SAN MICHELE,whole,,79,ULIVETTA SAN MICHELE,0.944
senato-mattarellum-1993-corrected,LIGURIA,1,OSPEDALETTI,whole,,79,OSPEDALETTI,1.0
senato-mattarellum-1993-corrected,LIGURIA,1,PERINALDO,whole,,79,PERINALDO,1.0
senato-mattarellum-1993-corrected,LIGURIA,1,PIETRABRUNA,whole,,79,PIETRABRUNA,1.0
senato-mattarellum-1993-corrected,LIGURIA,1,PIEVE DI TECO,whole,,79,PIEVE DI TECO,1.0
senato-mattarellum-1993-corrected,LIGURIA,1,PIGNA,whole,,79,PIGNA,1.0
senato-mattarellum-1993-corrected,LIGURIA,1,POMPEIANA,whole,,79,POMPE TANA,0.889
senato-mattarellum-1993-corrected,LIGURIA,1,PONTEDASSIO,whole,,79,PONTEDASSIO,1.0
senato-mattarellum-1993-corrected,LIGURIA,1,PORNASSIO,whole,,79,PORNASSIO,1.0
senato-mattarellum-1993-corrected,LIGURIA,1,PRELA',whole,,79,PRELAt,0.833
senato-mattarellum-1993-corrected,LIGURIA,1,RANZO,whole,,79,RANZO,1.0
senato-mattarellum-1993-corrected,LIGURIA,1,REZZO,whole,,79,REZZO,1.0
senato-mattarellum-1993-corrected,LIGURIA,1,RIVA LIGURE,whole,,79,RIVA LIGURE,1.0
senato-mattarellum-1993-corrected,LIGURIA,1,ROCCHETTA NERVINA,whole,,79,ROCCHETTA NERVINA,1.0
senato-mattarellum-1993-corrected,LIGURIA,1,SAN BARTOLOMEO AL MARE,whole,,79,SAN BARTOLOMEO AL MARE,1.0
senato-mattarellum-1993-corrected,LIGURIA,1,SAN BIAGIO DELLA CIMA,whole,,79,SAN BIAGIO DELLA CIMA,1.0
senato-mattarellum-1993-corrected,LIGURIA,1,SAN LORENZO AL MARE,whole,,79,SAN LORENZO AL MARE,1.0
senato-mattarellum-1993-corrected,LIGURIA,1,SAN REMO,whole,,79,SAN REMO,1.0
senato-mattarellum-1993-corrected,LIGURIA,1,SANTO STEFANO AL MARE,whole,,79,SANTO STEFANO AL MARE,1.0
senato-mattarellum-1993-corrected,LIGURIA,1,SEBORGA,whole,,79,SE BORGA,1.0
senato-mattarellum-1993-corrected,LIGURIA,1,SOLDANO,whole,,79,SOL DANO,1.0
senato-mattarellum-1993-corrected,LIGURIA,1,TAGGIA,whole,,79,TAGGIA,1.0
senato-mattarellum-1993-corrected,LIGURIA,1,TERZORIO,whole,,79,TERZORITO,0.889
senato-mattarellum-1993-corrected,LIGURIA,1,TRIORA,whole,,79,TRIORA,1.0
senato-mattarellum-1993-corrected,LIGURIA,1,VALLEBONA,whole,,79,VALLE BONA,1.0
senato-mattarellum-1993-corrected,LIGURIA,1,VALLECROSIA,whole,,79,VALLECROSIA,1.0
senato-mattarellum-1993-corrected,LIGURIA,1,VASIA,whole,,80,VASIA,1.0
senato-mattarellum-1993-corrected,LIGURIA,1,VENTIMIGLIA,whole,,80,VENTIMIGLIA,1.0
senato-mattarellum-1993-corrected,LIGURIA,1,VESSALICO,whole,,80,VESSALICO,1.0
senato-mattarellum-1993-corrected,LIGURIA,1,VILLA FARALDI,whole,,80,VILLA FARALDI,1.0
senato-mattarellum-1993-corrected,LIGURIA,1,ALASSIO,whole,,80,ALASSIO,1.0
senato-mattarellum-1993-corrected,LIGURIA,1,ALBENGA,whole,,80,ALBENGA,1.0
senato-mattarellum-1993-corrected,LIGURIA,1,ANDORA,whole,,80,ANDORA,1.0
senato-mattarellum-1993-corrected,LIGURIA,1,ARNASCO,whole,,80,ARNASCO,1.0
senato-mattarellum-1993-corrected,LIGURIA,1,CASANOVA LERRONE,whole,,80,CASANDVA LERRONE,0.933
senato-mattarellum-1993-corrected,LIGURIA,1,CASTELBIANCO,whole,,80,CASTELBIANCO,1.0
senato-mattarellum-1993-corrected,LIGURIA,1,CASTELVECCHIO DI ROCCA BARBENA,whole,,80,CASTELVETCHIO DI ROCCA BARBENA,0.963
senato-mattarellum-1993-corrected,LIGURIA,1,CERIALE,whole,,80,CERTALE,0.857
senato-mattarellum-1993-corrected,LIGURIA,1,CISANO SUL NEVA,whole,,80,CISANO SUL NEVA,1.0
senato-mattarellum-1993-corrected,LIGURIA,1,ERLI,whole,,80,ERLI,1.0
senato-mattarellum-1993-corrected,LIGURIA,1,GARLENDA,whole,,80,GARLENDA,1.0
senato-mattarellum-1993-corrected,LIGURIA,1,LAIGUEGLIA,whole,,80,LAIGUEGLIA,1.0
senato-mattarellum-1993-corrected,LIGURIA,1,NASINO,whole,,80,NASINO,1.0
senato-mattarellum-1993-corrected,LIGURIA,1,ONZO,whole,,80,ONZO,1.0
senato-mattarellum-1993-corrected,LIGURIA,1,ORTOVERO,whole,,80,ORTOVERO,1.0
senato-mattarellum-1993-corrected,LIGURIA,1,STELLANELLO,whole,,80,STELLANELLO,1.0
senato-mattarellum-1993-corrected,LIGURIA,1,TESTICO,whole,,80,YESTICO,0.857
senato-mattarellum-1993-corrected,LIGURIA,1,VENDONE,whole,,80,VENDONE,1.0
senato-mattarellum-1993-corrected,LIGURIA,1,VILLANOVA D'ALBENGA,whole,,80,VILLANOVA D'ALBENGA,1.0
senato-mattarellum-1993-corrected,LIGURIA,1,ZUCCARELLO,whole,,80,ZUCCARELLO,1.0
senato-mattarellum-1993-corrected,LIGURIA,2,ALBISOLA MARINA,whole,,80,ALBISOLA MARINRA,0.933
senato-mattarellum-1993-corrected,LIGURIA,2,ALBISOLA SUPERIORE,whole,,80,ALBISOLA SUPERIORE,1.0
senato-mattarellum-1993-corrected,LIGURIA,2,ALTARE,whole,,80,ALTARE,1.0
senato-mattarellum-1993-corrected,LIGURIA,2,BALESTRINO,whole,,80,BALESTRINO,1.0
senato-mattarellum-1993-corrected,LIGURIA,2,BARDINETO,whole,,80,BARDINETO,1.0
senato-mattarellum-1993-corrected,LIGURIA,2,BERGEGGI,whole,,80,BERGEGGI,1.0
senato-mattarellum-1993-corrected,LIGURIA,2,BOISSANO,whole,,80,BO1SSANO,1.0
senato-mattarellum-1993-corrected,LIGURIA,2,BORGHETTO SANTO SPIRITO,whole,,80,BORGHETTO SANTO SPIRITO,1.0
senato-mattarellum-1993-corrected,LIGURIA,2,BORGIO VEREZZI,whole,,80,BORGIO VEREZZI,1.0
senato-mattarellum-1993-corrected,LIGURIA,2,BORMIDA,whole,,80,BORMIDA,1.0
senato-mattarellum-1993-corrected,LIGURIA,2,CAIRO MONTENOTTE,whole,,80,CAIRO MONTENOTTE,1.0
senato-mattarellum-1993-corrected,LIGURIA,2,CALICE LIGURE,whole,,80,CALICE LIGURE,1.0
senato-mattarellum-1993-corrected,LIGURIA,2,CALIZZANO,whole,,80,CAL 1ZZANO,1.0
senato-mattarellum-1993-corrected,LIGURIA,2,CARCARE,whole,,80,CARCARE,1.0
senato-mattarellum-1993-corrected,LIGURIA,2,CELLE LIGURE,whole,,80,CELLE LIGURE,1.0
senato-mattarellum-1993-corrected,LIGURIA,2,CENGIO,whole,,80,CENGIO,1.0
senato-mattarellum-1993-corrected,LIGURIA,2,COSSERIA,whole,,80,COSSERIA,1.0
senato-mattarellum-1993-corrected,LIGURIA,2,DEGO,whole,,80,DESO,0.75
senato-mattarellum-1993-corrected,LIGURIA,2,FINALE LIGURE,whole,,80,FINALE LIGURE,1.0
senato-mattarellum-1993-corrected,LIGURIA,2,GIUSTENICE,whole,,80,GIUSTENICE,1.0
senato-mattarellum-1993-corrected,LIGURIA,2,GIUSVALLA,whole,,80,GIUSVALLA,1.0
senato-mattarellum-1993-corrected,LIGURIA,2,LOANO,whole,,80,LOANO,1.0
senato-mattarellum-1993-corrected,LIGURIA,2,MAGLIOLO,whole,,80,HMAGLIQLO,0.778
senato-mattarellum-1993-corrected,LIGURIA,2,MALLARE,whole,,80,MALLARE,1.0
senato-mattarellum-1993-corrected,LIGURIA,2,MASSIMINO,whole,,80,MASSIMINO,1.0
senato-mattarellum-1993-corrected,LIGURIA,2,MILLESIMO,whole,,80,MILLESIMO,1.0
senato-mattarellum-1993-corrected,LIGURIA,2,MIOGLIA,whole,,80,MIOGLIA,1.0
senato-mattarellum-1993-corrected,LIGURIA,2,MURIALDO,whole,,80,MUR TALDO,0.875
senato-mattarellum-1993-corrected,LIGURIA,2,NOLI,whole,,80,NOLI,1.0
senato-mattarellum-1993-corrected,LIGURIA,2,ORCO FEGLINO,whole,,80,ORCO FEGLINO,1.0
senato-mattarellum-1993-corrected,LIGURIA,2,OSIGLIA,whole,,80,OSIGLIA,1.0
senato-mattarellum-1993-corrected,LIGURIA,2,PALLARE,whole,,80,PALLARE,1.0
senato-mattarellum-1993-corrected,LIGURIA,2,PIANA CRIXIA,whole,,80,PIANA CRIXIA,1.0
senato-mattarellum-1993-corrected,LIGURIA,2,PIETRA LIGURE,whole,,80,PIETRA LIGURE,1.0
senato-mattarellum-1993-corrected,LIGURIA,2,PLODIO,whole,,80,PLODIO,1.0
senato-mattarellum-1993-corrected,LIGURIA,2,PONTINVREA,whole,,80,PONTINVREA,1.0
senato-mattarellum-1993-corrected,LIGURIA,2,QUILIANO,whole,,80,QUILIANO,1.0
senato-mattarellum-1993-corrected,LIGURIA,2,RIALTO,whole,,80,RIALTO,1.0
senato-mattarellum-1993-corrected,LIGURIA,2,ROCCAVIGNALE,whole,,80,ROCCAVI1GNALE,0.923
senato-mattarellum-1993-corrected,LIGURIA,2,SASSELLO,whole,,80,SASSELLO,1.0
senato-mattarellum-1993-corrected,LIGURIA,2,SAVONA,whole,,80,SAVONA,1.0
senato-mattarellum-1993-corrected,LIGURIA,2,SPOTORNO,whole,,80,SPOTORNO,1.0
senato-mattarellum-1993-corrected,LIGURIA,2,STELLA,whole,,81,STELLA,1.0
senato-mattarellum-1993-corrected,LIGURIA,2,TOIRANO,whole,,81,TOIRANO,1.0
senato-mattarellum-1993-corrected,LIGURIA,2,TOVO SAN GIACOMO,whole,,81,TOVO SAN GIACOMO,1.0
senato-mattarellum-1993-corrected,LIGURIA,2,URBE,whole,,81,URBE,1.0
senato-mattarellum-1993-corrected,LIGURIA,2,VADO LIGURE,whole,,81,VADG LIGURE,0.9
senato-mattarellum-1993-corrected,LIGURIA,2,VARAZZE,whole,,81,VARAZZE,1.0
senato-mattarellum-1993-corrected,LIGURIA,2,VEZZI PORTIO,whole,,81,VEZZI PORTIO,1.0
senato-mattarellum-1993-corrected,LIGURIA,2,ARENZANO,whole,,81,ARENZANO,1.0
senato-mattarellum-1993-corrected,LIGURIA,2,CAMPO LIGURE,whole,,81,CAMPO LIGURE,1.0
senato-mattarellum-1993-corrected,LIGURIA,2,COGOLETO,whole,,81,COGOLETO,1.0
senato-mattarellum-1993-corrected,LIGURIA,2,MASONE,whole,,81,HASGONE,0.857
senato-mattarellum-1993-corrected,LIGURIA,2,MELE,whole,,81,MELE,1.0
senato-mattarellum-1993-corrected,LIGURIA,2,ROSSIGLIONE,whole,,81,ROSSIGLIONE,1.0
senato-mattarellum-1993-corrected,LIGURIA,2,TIGLIETO,whole,,81,TIGLIETO,1.0
senato-mattarellum-1993-corrected,LIGURIA,3,CAMPOMORONE,whole,,81,CAMPOMORGONE,0.917
senato-mattarellum-1993-corrected,LIGURIA,3,CERANESI,whole,,81,CERANESI,1.0
senato-mattarellum-1993-corrected,LIGURIA,3,GENOVA,zone,CREVARI,81,C GE-CREVARI },1.0
senato-mattarellum-1993-corrected,LIGURIA,3,GENOVA,zone,VOLTRI,81,( GE-VOLTRI,1.0
senato-mattarellum-1993-corrected,LIGURIA,3,GENOVA,zone,CA' NUOVA 1,81,{ GE-CA' NUOVA 1,1.0
senato-mattarellum-1993-corrected,LIGURIA,3,GENOVA,zone,PALMARO,81,( GE-PALMARO ),1.0
senato-mattarellum-1993-corrected,LIGURIA,3,GENOVA,zone,PRA',81,( GE-PRA' ),1.0
senato-mattarellum-1993-corrected,LIGURIA,3,GENOVA,zone,CASTELLUCCIO,81,{ GE-CASTELLUCCIO },1.0
senato-mattarellum-1993-corrected,LIGURIA,3,GENOVA,zone,PEGLI +,81,{ GE-PEGLI +},1.0
senato-mattarellum-1993-corrected,LIGURIA,3,GENOVA,zone,MULTEDO,81,{ GE-MULTEDO ),1.0
senato-mattarellum-1993-corrected,LIGURIA,3,GENOVA,zone,SESTRI,81,( GE-SESTRI ),1.0
senato-mattarellum-1993-corrected,LIGURIA,3,GENOVA,zone,S. G. BATTISTA,81,{( GE-S. G. BATTISTA },1.0
senato-mattarellum-1993-corrected,LIGURIA,3,GENOVA,zone,CALCINARA,81,( GE-CALCINARA 3,1.0
senato-mattarellum-1993-corrected,LIGURIA,3,GENOVA,zone,BORZOLI OVEST,81,{ GE-BORZOLI OVEST },1.0
senato-mattarellum-1993-corrected,LIGURIA,3,GENOVA,zone,BORZOLI EST,81,{ GE-BORZOLI EST },1.0
senato-mattarellum-1993-corrected,LIGURIA,3,GENOVA,zone,CERTOSA,81,{( GE-CERTOSA },1.0
senato-mattarellum-1993-corrected,LIGURIA,3,GENOVA,zone,RIVAROLO,81,( GE-RIVAROLO è,1.0
senato-mattarellum-1993-corrected,LIGURIA,3,GENOVA,zone,TEGLIA,81,( GE-TEGLIA ?,1.0
senato-mattarellum-1993-corrected,LIGURIA,3,GENOVA,zone,BEGATO,81,{ GE-BEGATO ),1.0
senato-mattarellum-1993-corrected,LIGURIA,3,GENOVA,zone,BOLZANETO,81,{ GE-BOLZANETO ),1.0
senato-mattarellum-1993-corrected,LIGURIA,3,GENOVA,zone,MOREGO,81,( GE-MOREGO 2,1.0
senato-mattarellum-1993-corrected,LIGURIA,3,GENOVA,zone,S. GQUIRICO,81,( GE-S. GQUIRICO 3),1.0
senato-mattarellum-1993-corrected,LIGURIA,3,GENOVA,zone,PONTEDECIMO,81,( GE-PONTEDECIMO ),1.0
senato-mattarellum-1993-corrected,LIGURIA,3,GENOVA,zone,CORNIGLIANO,81,{ GE-CORNIGLIANO },1.0
senato-mattarellum-1993-corrected,LIGURIA,3,GENOVA,zone,CAMPI,81,{ GE-CAMPI >),1.0
senato-mattarellum-1993-corrected,LIGURIA,3,GENOVA,zone,CAMPASSO,81,{ GE-CAMPASSO },1.0
senato-mattarellum-1993-corrected,LIGURIA,3,GENOVA,zone,S. GAETANO,81,( GE-S. GAETANO ),1.0
senato-mattarellum-1993-corrected,LIGURIA,3,GENOVA,zone,SAMPIERDARENA,81,( GE-SAMPIERDARENA ),1.0
senato-mattarellum-1993-corrected,LIGURIA,3,GENOVA,zone,BELVEDERE,81,{( GE-BELVEDERE ),1.0
senato-mattarellum-1993-corrected,LIGURIA,3,GENOVA,zone,S. BARTOLOMEO,81,( GE-S. BARTOLOMEO ),1.0
senato-mattarellum-1993-corrected,LIGURIA,3,MIGNANEGO,whole,,81,MHIGNANEGO,0.9
senato-mattarellum-1993-corrected,LIGURIA,3,SANT'OLCESE,whole,,81,SANT'*OLCESE,1.0
senato-mattarellum-1993-corrected,LIGURIA,3,SERRA RICCO',whole,,81,SERRA RICCO*,1.0
senato-mattarellum-1993-corrected,LIGURIA,4,BARGAGLI,whole,,81,BARGAGLI,1.0
senato-mattarellum-1993-corrected,LIGURIA,4,DAVAGNA,whole,,81,DAVAGNA,1.0
senato-mattarellum-1993-corrected,LIGURIA,4,GENOVA,zone,ANGELI,81,{ GE-ANGELI ),1.0
senato-mattarellum-1993-corrected,LIGURIA,4,GENOVA,zone,S. TEODORO,81,{ GE-S. TEODORO ),1.0
senato-mattarellum-1993-corrected,LIGURIA,4,GENOVA,zone,LAGACCIO,81,({ GE-LAGACCIO )ì,1.0
senato-mattarellum-1993-corrected,LIGURIA,4,GENOVA,zone,OREGINA,81,( GE-OREGINA ),1.0
senato-mattarellum-1993-corrected,LIGURIA,4,GENOVA,zone,PRE',81,({ GE-PRE' 3,1.0
senato-mattarellum-1993-corrected,LIGURIA,4,GENOVA,zone,MADDALENA,81,( GE-MADDALENA ),1.0
senato-mattarellum-1993-corrected,LIGURIA,4,GENOVA,zone,MOLO,81,{ GE-MOLO },1.0
senato-mattarellum-1993-corrected,LIGURIA,4,GENOVA,zone,S. NICOLA,81,{ GE-S. NICOLA ),1.0
senato-mattarellum-1993-corrected,LIGURIA,4,GENOVA,zone,CASTELLETTO,81,{( GE-CASTELLETTO ),1.0
senato-mattarellum-1993-corrected,LIGURIA,4,GENOVA,zone,MANIN,81,C( GE-MANIN 3),1.0
senato-mattarellum-1993-corrected,LIGURIA,4,GENOVA,zone,S. AGATA,81,C GE-S. AGATA ),1.0
senato-mattarellum-1993-corrected,LIGURIA,4,GENOVA,zone,S. FRUTFTUOSO,81,{( GE-S. FRUTFTUOSO ),1.0
senato-mattarellum-1993-corrected,LIGURIA,4,GENOVA,zone,QUEZZI 1,81,{ GE-QUEZZI 1,1.0
senato-mattarellum-1993-corrected,LIGURIA,4,GENOVA,zone,FEREGGIANO,81,( GE-FEREGGIANO 2,1.0
senato-mattarellum-1993-corrected,LIGURIA,4,GENOVA,zone,MARASSI,82,{ GE-MARASSI ),1.0
senato-mattarellum-1993-corrected,LIGURIA,4,GENOVA,zone,FORTE QUEZZI,82,{ GE-FORTE QUEZZI >,1.0
senato-mattarellum-1993-corrected,LIGURIA,4,GENOVA,zone,PARERNZO,82,{ GE-PARERNZO ),1.0
senato-mattarellum-1993-corrected,LIGURIA,4,GENOVA,zone,S. FPANTALED,82,( GE-S. FPANTALED è,1.0
senato-mattarellum-1993-corrected,LIGURIA,4,GENOVA,zone,MONTESIGNANO,82,( GE-MONTESIGNANO ),1.0
senato-mattarellum-1993-corrected,LIGURIA,4,GENOVA,zone,S. EUSEBIO,82,{ GE-S. EUSEBIO 3},1.0
senato-mattarellum-1993-corrected,LIGURIA,4,GENOVA,zone,MOLASSANA,82,{ GE-MOLASSANA ),1.0
senato-mattarellum-1993-corrected,LIGURIA,4,GENOVA,zone,DORIA,82,( GE-DORIA ì,1.0
senato-mattarellum-1993-corrected,LIGURIA,4,GENOVA,zone,PRATO 1,82,{ GE-PRATO 1,1.0
senato-mattarellum-1993-corrected,LIGURIA,4,GENOVA,zone,BAVARI,82,{ GE-BAVARI ),1.0
senato-mattarellum-1993-corrected,LIGURIA,4,GENOVA,zone,S. DESIDERIO,82,{( GE-S. DESIDERIO 2,1.0
senato-mattarellum-1993-corrected,LIGURIA,4,GENOVA,zone,APPARIZIONE,82,( GE-APPARIZIONE ?},1.0
senato-mattarellum-1993-corrected,LIGURIA,4,GENOVA,zone,HBHORGO RATTI,82,{ GE-HBHORGO RATTI },1.0
senato-mattarellum-1993-corrected,LIGURIA,4,GENOVA,zone,CHIAPPETO,82,( GE-CHIAPPETO ),1.0
senato-mattarellum-1993-corrected,LIGURIA,5,AVEGNO,whole,,82,AVEGNO,1.0
senato-mattarellum-1993-corrected,LIGURIA,5,BOGLIASCO,whole,,82,BOGLIASCO,1.0
senato-mattarellum-1993-corrected,LIGURIA,5,BORZONASCA,whole,,82,BORZONASCA,1.0
senato-mattarellum-1993-corrected,LIGURIA,5,BUSALLA,whole,,82,BUSALLA,1.0
senato-mattarellum-1993-corrected,LIGURIA,5,CAMOGLI,whole,,82,CAMOGLI,1.0
senato-mattarellum-1993-corrected,LIGURIA,5,CARASCO,whole,,82,CARASCO,1.0
senato-mattarellum-1993-corrected,LIGURIA,5,CASELLA,whole,,82,CASELLA,1.0
senato-mattarellum-1993-corrected,LIGURIA,5,CHIAVARI,whole,,82,CHIAVARI,1.0
senato-mattarellum-1993-corrected,LIGURIA,5,CICAGNA,whole,,82,CICAGNA,1.0
senato-mattarellum-1993-corrected,LIGURIA,5,COGORNO,whole,,82,COGORNO,1.0
senato-mattarellum-1993-corrected,LIGURIA,5,COREGLIA LIGURE,whole,,82,COREGLIA LIGURE,1.0
senato-mattarellum-1993-corrected,LIGURIA,5,CROCEFIESCHI,whole,,82,CROCEFTESCHI,0.917
senato-mattarellum-1993-corrected,LIGURIA,5,FASCIA,whole,,82,FASCIA,1.0
senato-mattarellum-1993-corrected,LIGURIA,5,FAVALE DI MALVARO,whole,,82,FAVALE DI MALVARO,1.0
senato-mattarellum-1993-corrected,LIGURIA,5,FONTANIGORDA,whole,,82,FONTANIGORDA,1.0
senato-mattarellum-1993-corrected,LIGURIA,5,GENOVA,zone,S. VINCENZO,82,{ GE-S. VINCENZO )},1.0
senato-mattarellum-1993-corrected,LIGURIA,5,GENOVA,zone,CARIGNANO,82,i GE-CARIGNANO ),1.0
senato-mattarellum-1993-corrected,LIGURIA,5,GENOVA,zone,FOCE,82,{ GE-FOCE >),1.0
senato-mattarellum-1993-corrected,LIGURIA,5,GENOVA,zone,BRIGNOLE,82,{ GE-BRIGNOLE >},1.0
senato-mattarellum-1993-corrected,LIGURIA,5,GENOVA,zone,S. MARTINO,82,( GE-S. MARTINO 3,1.0
senato-mattarellum-1993-corrected,LIGURIA,5,GENOVA,zone,ALBARO,82,{( GE-ALBARO 3),1.0
senato-mattarellum-1993-corrected,LIGURIA,5,GENOVA,zone,S. GIULIANO,82,{( GE-S. GIULIANO ),1.0
senato-mattarellum-1993-corrected,LIGURIA,5,GENOVA,zone,LIPO,82,( GE-LIPO I),1.0
senato-mattarellum-1993-corrected,LIGURIA,5,GENOVA,zone,PUGGIA,82,( GE-PUGGIA ),1.0
senato-mattarellum-1993-corrected,LIGURIA,5,GENOVA,zone,STURLA,82,+ GE-STURLA 3},1.0
senato-mattarellum-1993-corrected,LIGURIA,5,GENOVA,zone,QUARTO,82,{ GE-QUARTO },1.0
senato-mattarellum-1993-corrected,LIGURIA,5,GENOVA,zone,QUARTARA,82,{ GE-QUARTARA 3),1.0
senato-mattarellum-1993-corrected,LIGURIA,5,GENOVA,zone,CASTAGNA,82,{ GE-CASTAGNA },1.0
senato-mattarellum-1993-corrected,LIGURIA,5,GENOVA,zone,QUINTO,82,{€ GE-QUINTO 2,1.0
senato-mattarellum-1993-corrected,LIGURIA,5,GENOVA,zone,NERVI,82,{ GE-NERVI ),1.0
senato-mattarellum-1993-corrected,LIGURIA,5,GORRETO,whole,,82,GORRETO,1.0
senato-mattarellum-1993-corrected,LIGURIA,5,ISOLA DEL CANTONE,whole,,82,ISOLA DEL CANTONE,1.0
senato-mattarellum-1993-corrected,LIGURIA,5,LAVAGNA,whole,,82,LAVAGNA,1.0
senato-mattarellum-1993-corrected,LIGURIA,5,LEIVI,whole,,82,LEVI,0.8
senato-mattarellum-1993-corrected,LIGURIA,5,LORSICA,whole,,82,LORSICA,1.0
senato-mattarellum-1993-corrected,LIGURIA,5,LUMARZO,whole,,82,LUMARZO,1.0
senato-mattarellum-1993-corrected,LIGURIA,5,MEZZANEGO,whole,,82,ME ZZANEGO,1.0
senato-mattarellum-1993-corrected,LIGURIA,5,MOCONESI,whole,,82,HMOCONESTI,0.8
senato-mattarellum-1993-corrected,LIGURIA,5,MONTEBRUNO,whole,,82,MONTE BRUNO,1.0
senato-mattarellum-1993-corrected,LIGURIA,5,MONTOGGIO,whole,,82,MONTOUGGIO,0.9
senato-mattarellum-1993-corrected,LIGURIA,5,NE,whole,,82,NE,1.0
senato-mattarellum-1993-corrected,LIGURIA,5,NEIRONE,whole,,82,NE TRONE,0.857
senato-mattarellum-1993-corrected,LIGURIA,5,ORERO,whole,,82,URERO,0.8
senato-mattarellum-1993-corrected,LIGURIA,5,PIEVE LIGURE,whole,,82,PIEVE LIGURE,1.0
senato-mattarellum-1993-corrected,LIGURIA,5,PORTOFINO,whole,,82,PORTOF INO,1.0
senato-mattarellum-1993-corrected,LIGURIA,5,PROPATA,whole,,82,PROPATA,1.0
senato-mattarellum-1993-corrected,LIGURIA,5,RAPALLO,whole,,82,RAPALLO,1.0
senato-mattarellum-1993-corrected,LIGURIA,5,RECCO,whole,,82,RECCO,1.0
senato-mattarellum-1993-corrected,LIGURIA,5,REZZOAGLIO,whole,,82,REZZOAGLIO,1.0
senato-mattarellum-1993-corrected,LIGURIA,5,RONCO SCRIVIA,whole,,82,RUONCO SCRIVIA,0.923
senato-mattarellum-1993-corrected,LIGURIA,5,RONDANINA,whole,,82,RONDANINA,1.0
senato-mattarellum-1993-corrected,LIGURIA,5,ROVEGNO,whole,,82,ROVEGNO,1.0
senato-mattarellum-1993-corrected,LIGURIA,5,SAN COLOMBANO CERTENOLI,whole,,83,SAN COLOMBANO CERTENOLI,1.0
senato-mattarellum-1993-corrected,LIGURIA,5,SANTA MARGHERITA LIGURE,whole,,83,SANTA MARGHERITA LIGURE,1.0
senato-mattarellum-1993-corrected,LIGURIA,5,SANTO STEFANO D'AVETO,whole,,83,SANTO STEFANO D'AVETO,1.0
senato-mattarellum-1993-corrected,LIGURIA,5,SAVIGNONE,whole,,83,SAVIGNONE,1.0
senato-mattarellum-1993-corrected,LIGURIA,5,SORI,whole,,83,SORT,0.75
senato-mattarellum-1993-corrected,LIGURIA,5,TORRIGLIA,whole,,83,TORRIGLIA,1.0
senato-mattarellum-1993-corrected,LIGURIA,5,TRIBOGNA,whole,,83,TRIBOGNA,1.0
senato-mattarellum-1993-corrected,LIGURIA,5,VALBREVENNA,whole,,83,VAL BREVENNA,1.0
senato-mattarellum-1993-corrected,LIGURIA,5,VOBBIA,whole,,83,VOBBIA,1.0
senato-mattarellum-1993-corrected,LIGURIA,5,ZOAGLI,whole,,83,ZOAGLI,1.0
senato-mattarellum-1993-corrected,LIGURIA,6,CASARZA LIGURE,whole,,83,CASARZA LIGURE,1.0
senato-mattarellum-1993-corrected,LIGURIA,6,CASTIGLIONE CHIAVARESE,whole,,83,CASTIGLIONE CHIAYVARESE,0.955
senato-mattarellum-1993-corrected,LIGURIA,6,MONEGLIA,whole,,83,MONEGLIA,1.0
senato-mattarellum-1993-corrected,LIGURIA,6,SESTRI LEVANTE,whole,,83,SESTRI LEVANTE,1.0
senato-mattarellum-1993-corrected,LIGURIA,6,AMEGLIA,whole,,83,AMEGLIA,1.0
senato-mattarellum-1993-corrected,LIGURIA,6,ARCOLA,whole,,83,ARCOLA,1.0
senato-mattarellum-1993-corrected,LIGURIA,6,BEVERINO,whole,,83,BE VER IND,0.875
senato-mattarellum-1993-corrected,LIGURIA,6,BOLANO,whole,,83,BOL ANO,1.0
senato-mattarellum-1993-corrected,LIGURIA,6,BONASSOLA,whole,,83,BONASSOLA,1.0
senato-mattarellum-1993-corrected,LIGURIA,6,BORGHETTO DI VARA,whole,,83,BORGHETTO DI VARA,1.0
senato-mattarellum-1993-corrected,LIGURIA,6,BRUGNATO,whole,,83,BRUGNATO,1.0
senato-mattarellum-1993-corrected,LIGURIA,6,CALICE AL CORNOVIGLIO,whole,,83,CALICE AL CORNOVIGLIO,1.0
senato-mattarellum-1993-corrected,LIGURIA,6,CARRO,whole,,83,CARRO,1.0
senato-mattarellum-1993-corrected,LIGURIA,6,CARRODANO,whole,,83,CARRODANO,1.0
senato-mattarellum-1993-corrected,LIGURIA,6,CASTELNUOVO MAGRA,whole,,83,CASTELNUOVO MAGRA,1.0
senato-mattarellum-1993-corrected,LIGURIA,6,DEIVA MARINA,whole,,83,DEIVA MARINA,1.0
senato-mattarellum-1993-corrected,LIGURIA,6,FOLLO,whole,,83,FOLLO,1.0
senato-mattarellum-1993-corrected,LIGURIA,6,FRAMURA,whole,,83,FRAMURA,1.0
senato-mattarellum-1993-corrected,LIGURIA,6,LA SPEZIA,whole,,83,LA SPEZIA,1.0
senato-mattarellum-1993-corrected,LIGURIA,6,LERICI,whole,,83,LERICI,1.0
senato-mattarellum-1993-corrected,LIGURIA,6,LEVANTO,whole,,83,LEVANTO,1.0
senato-mattarellum-1993-corrected,LIGURIA,6,MAISSANA,whole,,83,MA 1SSANA,1.0
senato-mattarellum-1993-corrected,LIGURIA,6,MONTEROSSO AL MARE,whole,,83,HONTEROSSO Ai MARE,0.938
senato-mattarellum-1993-corrected,LIGURIA,6,ORTONOVO,whole,,83,ORTONOVO,1.0
senato-mattarellum-1993-corrected,LIGURIA,6,PIGNONE,whole,,83,P1GNONE,1.0
senato-mattarellum-1993-corrected,LIGURIA,6,PORTOVENERE,whole,,83,PORTOVENERE,1.0
senato-mattarellum-1993-corrected,LIGURIA,6,RICCO' DEL GOLFO DI SPEZIA,whole,,83,RICCO’ DEL GOLFO DI SPEZIA,1.0
senato-mattarellum-1993-corrected,LIGURIA,6,RIOMAGGIORE,whole,,83,RIOMAGGIORE,1.0
senato-mattarellum-1993-corrected,LIGURIA,6,ROCCHETTA DI VARA,whole,,83,ROCCHETTA DI VARA,1.0
senato-mattarellum-1993-corrected,LIGURIA,6,SANTO STEFANO DI MAGRA,whole,,83,SANTO STEFANO DI MAGRA,1.0
senato-mattarellum-1993-corrected,LIGURIA,6,SARZANA,whole,,83,SARZANA,1.0
senato-mattarellum-1993-corrected,LIGURIA,6,SESTA GODANO,whole,,83,SESTA GUODANO,0.917
senato-mattarellum-1993-corrected,LIGURIA,6,VARESE LIGURE,whole,,83,VARESE LIGURE,1.0
senato-mattarellum-1993-corrected,LIGURIA,6,VERNAZZA,whole,,83,VERNAZZA,1.0
senato-mattarellum-1993-corrected,LIGURIA,6,VEZZANO LIGURE,whole,,83,VEZZANO LIGURE,1.0
senato-mattarellum-1993-corrected,LIGURIA,6,ZIGNAGO,whole,,83,ZIGNAGO,1.0
senato-mattarellum-1993-corrected,EMILIA-ROMAGNA,1,BAGNACAVALLO,whole,,84,BAGNACAVALLO,1.0
senato-mattarellum-1993-corrected,EMILIA-ROMAGNA,1,BAGNARA DI ROMAGNA,whole,,84,BAGNARA DI ROMAGNA,1.0
senato-mattarellum-1993-corrected,EMILIA-ROMAGNA,1,BRISIGHELLA,whole,,84,BRISIGHELLA,1.0
senato-mattarellum-1993-corrected,EMILIA-ROMAGNA,1,CASOLA VALSENIO,whole,,84,CASULA VALSENIO,0.929
senato-mattarellum-1993-corrected,EMILIA-ROMAGNA,1,CASTEL BOLOGNESE,whole,,84,CASTEL BOLOGNESE,1.0
senato-mattarellum-1993-corrected,EMILIA-ROMAGNA,1,COTIGNOLA,whole,,84,COTIGENOLA,0.9
senato-mattarellum-1993-corrected,EMILIA-ROMAGNA,1,FAENZA,whole,,84,FAENZA,1.0
senato-mattarellum-1993-corrected,EMILIA-ROMAGNA,1,FUSIGNANO,whole,,84,FUSISNANO,0.889
senato-mattarellum-1993-corrected,EMILIA-ROMAGNA,1,MASSA LOMBARDA,whole,,84,HASSA LOMBARDA,1.0
senato-mattarellum-1993-corrected,EMILIA-ROMAGNA,1,RIOLO TERME,whole,,84,RIOLO TERME,1.0
senato-mattarellum-1993-corrected,EMILIA-ROMAGNA,1,RUSSI,whole,,84,RUSSI,1.0
senato-mattarellum-1993-corrected,EMILIA-ROMAGNA,1,SANT'AGATA SUL SANTERNO,whole,,84,SANT'AGATA SUL SANTERNO,1.0
senato-mattarellum-1993-corrected,EMILIA-ROMAGNA,1,SOLAROLO,whole,,84,SOLAROLO,1.0
senato-mattarellum-1993-corrected,EMILIA-ROMAGNA,1,FORLI',whole,,84,FORLI?,1.0
senato-mattarellum-1993-corrected,EMILIA-ROMAGNA,2,BAGNO DI ROMAGNA,whole,,84,BAGNO DI ROMAGNA,1.0
senato-mattarellum-1993-corrected,EMILIA-ROMAGNA,2,BERTINORO,whole,,84,BERTINORO,1.0
senato-mattarellum-1993-corrected,EMILIA-ROMAGNA,2,BORGHI,whole,,84,BORGHI,1.0
senato-mattarellum-1993-corrected,EMILIA-ROMAGNA,2,CASTROCARO TERME E TERRA DEL SOLE,whole,,84,CASTROCARO TERME € TERRA DEL SOLE,0.964
senato-mattarellum-1993-corrected,EMILIA-ROMAGNA,2,CESENA,whole,,84,CESENA,1.0
senato-mattarellum-1993-corrected,EMILIA-ROMAGNA,2,CESENATICO,whole,,84,CESENATICO,1.0
senato-mattarellum-1993-corrected,EMILIA-ROMAGNA,2,CIVITELLA DI ROMAGNA,whole,,84,CIVITELLA DI ROMAGNA,1.0
senato-mattarellum-1993-corrected,EMILIA-ROMAGNA,2,DOVADOLA,whole,,84,DOVACGOLA,0.778
senato-mattarellum-1993-corrected,EMILIA-ROMAGNA,2,FORLIMPOPOLI,whole,,84,FORLIMNPOPOLI,0.923
senato-mattarellum-1993-corrected,EMILIA-ROMAGNA,2,GALEATA,whole,,84,GALEATA,1.0
senato-mattarellum-1993-corrected,EMILIA-ROMAGNA,2,GAMBETTOLA,whole,,84,GAMBETTOLA,1.0
senato-mattarellum-1993-corrected,EMILIA-ROMAGNA,2,GATTEO,whole,,84,SATTEO,0.833
senato-mattarellum-1993-corrected,EMILIA-ROMAGNA,2,LONGIANO,whole,,84,LONGIANO,1.0
senato-mattarellum-1993-corrected,EMILIA-ROMAGNA,2,MELDOLA,whole,,84,NELDOLA,0.857
senato-mattarellum-1993-corrected,EMILIA-ROMAGNA,2,MERCATO SARACENO,whole,,84,HERCATO SARACENO,1.0
senato-mattarellum-1993-corrected,EMILIA-ROMAGNA,2,MODIGLIANA,whole,,84,MHODIGL IANA,0.909
senato-mattarellum-1993-corrected,EMILIA-ROMAGNA,2,MONTIANO,whole,,84,HONTIANO,1.0
senato-mattarellum-1993-corrected,EMILIA-ROMAGNA,2,PORTICO E SAN BENEDETTO,whole,,84,PORTICO E SAN BENEDETTO,1.0
senato-mattarellum-1993-corrected,EMILIA-ROMAGNA,2,PREDAPPIO,whole,,84,PREDAPPFIO,0.9
senato-mattarellum-1993-corrected,EMILIA-ROMAGNA,2,PREMILCUORE,whole,,84,PREMILCUORE,1.0
senato-mattarellum-1993-corrected,EMILIA-ROMAGNA,2,ROCCA SAN CASCIANO,whole,,84,ROCCA SAN CASCIANO,1.0
senato-mattarellum-1993-corrected,EMILIA-ROMAGNA,2,RONCOFREDDO,whole,,84,RONCOFREDDO,1.0
senato-mattarellum-1993-corrected,EMILIA-ROMAGNA,2,SAN MAURO PASCOLI,whole,,84,SAN MAURO PASCOLI,1.0
senato-mattarellum-1993-corrected,EMILIA-ROMAGNA,2,SANTA SOFIA,whole,,84,SANTA SOFIA,1.0
senato-mattarellum-1993-corrected,EMILIA-ROMAGNA,2,SARSINA,whole,,84,SARS INA,1.0
senato-mattarellum-1993-corrected,EMILIA-ROMAGNA,2,SAVIGNANO SUL RUBICONE,whole,,84,SAVIGNANO SUL RUBICONE,1.0
senato-mattarellum-1993-corrected,EMILIA-ROMAGNA,2,SOGLIANO AL RUBICONE,whole,,84,SOGLIANO AL RUBICONE,1.0
senato-mattarellum-1993-corrected,EMILIA-ROMAGNA,2,TREDOZIO,whole,,84,TREDOZIO,1.0
senato-mattarellum-1993-corrected,EMILIA-ROMAGNA,2,VERGHERETO,whole,,84,VERGHERETO,1.0
senato-mattarellum-1993-corrected,EMILIA-ROMAGNA,3,ARGENTA,whole,,84,ARGENTA,1.0
senato-mattarellum-1993-corrected,EMILIA-ROMAGNA,3,COMACCHIO,whole,,84,COMACCHIO,1.0
senato-mattarellum-1993-corrected,EMILIA-ROMAGNA,3,LAGOSANTO,whole,,84,LAGOSANTO,1.0
senato-mattarellum-1993-corrected,EMILIA-ROMAGNA,3,MASI TORELLO,whole,,84,MASI TORELLO,1.0
senato-mattarellum-1993-corrected,EMILIA-ROMAGNA,3,MASSAFISCAGLIA,whole,,84,HASSA FISCAGLIA,1.0
senato-mattarellum-1993-corrected,EMILIA-ROMAGNA,3,MIGLIARINO,whole,,84,HIGLIARINO,1.0
senato-mattarellum-1993-corrected,EMILIA-ROMAGNA,3,OSTELLATO,whole,,84,BSTELLATO,0.889
senato-mattarellum-1993-corrected,EMILIA-ROMAGNA,3,PORTOMAGGIORE,whole,,84,PORTUMHAGGIORE,0.857
senato-mattarellum-1993-corrected,EMILIA-ROMAGNA,3,VOGHIERA,whole,,84,VOGHIERA,1.0
senato-mattarellum-1993-corrected,EMILIA-ROMAGNA,3,TRESIGALLO,whole,,84,TRESIGALLO,1.0
senato-mattarellum-1993-corrected,EMILIA-ROMAGNA,3,MIGLIARO,whole,,84,MIGLIARO,1.0
senato-mattarellum-1993-corrected,EMILIA-ROMAGNA,3,ALFONSINE,whole,,84,ALFONSINE,1.0
senato-mattarellum-1993-corrected,EMILIA-ROMAGNA,3,CERVIA,whole,,84,CERVIA,1.0
senato-mattarellum-1993-corrected,EMILIA-ROMAGNA,3,CONSELICE,whole,,84,CONSEL ICE,1.0
senato-mattarellum-1993-corrected,EMILIA-ROMAGNA,3,RAVENNA,whole,,84,RAVENNA,1.0
senato-mattarellum-1993-corrected,EMILIA-ROMAGNA,3,,whole,,84,— LA —,0.4
senato-mattarellum-1993-corrected,EMILIA-ROMAGNA,4,BERRA,whole,,85,BERRA,1.0
senato-mattarellum-1993-corrected,EMILIA-ROMAGNA,4,BONDENO,whole,,85,BONDE NO,1.0
senato-mattarellum-1993-corrected,EMILIA-ROMAGNA,4,CENTO,whole,,85,CENTO,1.0
senato-mattarellum-1993-corrected,EMILIA-ROMAGNA,4,CODIGORO,whole,,85,CGUDIGORO,0.778
senato-mattarellum-1993-corrected,EMILIA-ROMAGNA,4,COPPARO,whole,,85,COPPARO,1.0
senato-mattarellum-1993-corrected,EMILIA-ROMAGNA,4,FERRARA,whole,,85,FERRARA,1.0
senato-mattarellum-1993-corrected,EMILIA-ROMAGNA,4,FORMIGNANA,whole,,85,FORMIGNANA,1.0
senato-mattarellum-1993-corrected,EMILIA-ROMAGNA,4,IOLANDA DI SAVOIA,whole,,85,JOLANDA DI SAVOIA,0.933
senato-mattarellum-1993-corrected,EMILIA-ROMAGNA,4,MESOLA,whole,,85,ME SOLA,1.0
senato-mattarellum-1993-corrected,EMILIA-ROMAGNA,4,MIRABELLO,whole,,85,MIRABELLO,1.0
senato-mattarellum-1993-corrected,EMILIA-ROMAGNA,4,POGGIO RENATICO,whole,,85,POGGIO RENATICO,1.0
senato-mattarellum-1993-corrected,EMILIA-ROMAGNA,4,SANT'AGOSTINO,whole,,85,SANT'AGOSTINO,1.0
senato-mattarellum-1993-corrected,EMILIA-ROMAGNA,4,VIGARANO MAINARDA,whole,,85,VIGARANO MAINARDA,1.0
senato-mattarellum-1993-corrected,EMILIA-ROMAGNA,4,GORO,whole,,85,S0RO,0.75
senato-mattarellum-1993-corrected,EMILIA-ROMAGNA,5,BORGO TOSSIGNANO,whole,,85,BORGO TOSSIGNANO,1.0
senato-mattarellum-1993-corrected,EMILIA-ROMAGNA,5,BUDRIO,whole,,85,BUDR1iO,0.857
senato-mattarellum-1993-corrected,EMILIA-ROMAGNA,5,CAMUGNANO,whole,,85,CAMUGNANO,1.0
senato-mattarellum-1993-corrected,EMILIA-ROMAGNA,5,CASALFIUMANESE,whole,,85,CASALF IUMANESE,1.0
senato-mattarellum-1993-corrected,EMILIA-ROMAGNA,5,CASTEL DEL RIO,whole,,85,CASTEL DEL RID,0.917
senato-mattarellum-1993-corrected,EMILIA-ROMAGNA,5,CASTEL GUELFO DI BOLOGNA,whole,,85,CASTEL GUELFO DI BOLOGNA,1.0
senato-mattarellum-1993-corrected,EMILIA-ROMAGNA,5,CASTEL SAN PIETRO TERME,whole,,85,CASTEL SAN PIETRO TERME,1.0
senato-mattarellum-1993-corrected,EMILIA-ROMAGNA,5,CASTENASO,whole,,85,CASTENASO,1.0
senato-mattarellum-1993-corrected,EMILIA-ROMAGNA,5,CASTIGLIONE DEI PEPOLI,whole,,85,CASTIGLIONE DEI PEPFOLI,0.952
senato-mattarellum-1993-corrected,EMILIA-ROMAGNA,5,DOZZA,whole,,85,DOZZA,1.0
senato-mattarellum-1993-corrected,EMILIA-ROMAGNA,5,FONTANELICE,whole,,85,FONTANEL ICE,1.0
senato-mattarellum-1993-corrected,EMILIA-ROMAGNA,5,GRANAROLO DELL'EMILIA,whole,,85,GRANAROLO DELL'EMILIA,1.0
senato-mattarellum-1993-corrected,EMILIA-ROMAGNA,5,GRIZZANA MORANDI,whole,,85,GRIZZANA MORANDI,1.0
senato-mattarellum-1993-corrected,EMILIA-ROMAGNA,5,IMOLA,whole,,85,IMOLA,1.0
senato-mattarellum-1993-corrected,EMILIA-ROMAGNA,5,,whole,,85,LOANO,0.833
senato-mattarellum-1993-corrected,EMILIA-ROMAGNA,5,MEDICINA,whole,,85,MEDICINA,1.0
senato-mattarellum-1993-corrected,EMILIA-ROMAGNA,5,MINERBIO,whole,,85,MINERBIO,1.0
senato-mattarellum-1993-corrected,EMILIA-ROMAGNA,5,MOLINELLA,whole,,85,MOLINELLA,1.0
senato-mattarellum-1993-corrected,EMILIA-ROMAGNA,5,MONGHIDORO,whole,,85,MONGHIDORO,1.0
senato-mattarellum-1993-corrected,EMILIA-ROMAGNA,5,MONTERENZIO,whole,,85,HONTERENZIO,1.0
senato-mattarellum-1993-corrected,EMILIA-ROMAGNA,5,MONZUNO,whole,,85,MONZUNO,1.0
senato-mattarellum-1993-corrected,EMILIA-ROMAGNA,5,MORDANO,whole,,85,MORDANO,1.0
senato-mattarellum-1993-corrected,EMILIA-ROMAGNA,5,OZZANO DELL'EMILIA,whole,,85,OZZANO DELL'EMILIA,1.0
senato-mattarellum-1993-corrected,EMILIA-ROMAGNA,5,PIANORO,whole,,85,PIANORO,1.0
senato-mattarellum-1993-corrected,EMILIA-ROMAGNA,5,SAN BENEDETTO VAL DI SAMBRO,whole,,85,SAN BENEDETTO VAL DI SAMBRO,1.0
senato-mattarellum-1993-corrected,EMILIA-ROMAGNA,5,SAN LAZZARO DI SAVENA,whole,,85,SAN LAZZARO DI SAVENA,1.0
senato-mattarellum-1993-corrected,EMILIA-ROMAGNA,6,BOLOGNA,zone,B BOLOGNINA,85,( BO-B BOLOGNINA ),1.0
senato-mattarellum-1993-corrected,EMILIA-ROMAGNA,6,BOLOGNA,zone,E CORTICELLA,85,( BO-E CORTICELLA ),1.0
senato-mattarellum-1993-corrected,EMILIA-ROMAGNA,6,BOLOGNA,zone,M MARCONI,85,C BO-M MARCONI ),1.0
senato-mattarellum-1993-corrected,EMILIA-ROMAGNA,6,BOLOGNA,zone,Q SAN DONATO,85,( BO-Q SAN DONATO ),1.0
senato-mattarellum-1993-corrected,EMILIA-ROMAGNA,6,BOLOGNA,zone,D COLLI,85,( BO-D COLLI >),1.0
senato-mattarellum-1993-corrected,EMILIA-ROMAGNA,6,BOLOGNA,zone,G GALVANI àì,85,{ BU-G GALVANI àì,1.0
senato-mattarellum-1993-corrected,EMILIA-ROMAGNA,6,BOLOGNA,zone,O MURRI,85,C( BO-O MURRI ),1.0
senato-mattarellum-1993-corrected,EMILIA-ROMAGNA,6,BOLOGNA,zone,H IRNERIO,85,€ BO-H IRNERIO 3,1.0
senato-mattarellum-1993-corrected,EMILIA-ROMAGNA,6,BOLOGNA,zone,T SAN VITALE,85,{ BO-T SAN VITALE ),1.0
senato-mattarellum-1993-corrected,EMILIA-ROMAGNA,6,BOLOGNA,zone,L MALPIGHI,85,( BG-L MALPIGHI 3),1.0
senato-mattarellum-1993-corrected,EMILIA-ROMAGNA,6,BOLOGNA,zone,N MAZZINI,85,(€ BO-N MAZZINI ),1.0
senato-mattarellum-1993-corrected,EMILIA-ROMAGNA,6,BOLOGNA,zone,R SAN RUFFILLO,85,C( BO-R SAN RUFFILLO ),1.0
senato-mattarellum-1993-corrected,EMILIA-ROMAGNA,7,BAZZANO,whole,,85,BAZZANO,1.0
senato-mattarellum-1993-corrected,EMILIA-ROMAGNA,7,BOLOGNA,zone,C BORGO PANIGALE 1,85,{( BO-C BORGO PANIGALE 1),1.0
senato-mattarellum-1993-corrected,EMILIA-ROMAGNA,7,BOLOGNA,zone,1 LAME,85,{ BO-1 LAME >),1.0
senato-mattarellum-1993-corrected,EMILIA-ROMAGNA,7,BOLOGNA,zone,P SAFFI,85,€ BO-P SAFFI },1.0
senato-mattarellum-1993-corrected,EMILIA-ROMAGNA,7,BOLOGNA,zone,BUO-A BARCA,85,{ BUO-A BARCA ),1.0
senato-mattarellum-1993-corrected,EMILIA-ROMAGNA,7,BOLOGNA,zone,S SANTA VIOLA,85,( BO-S SANTA VIOLA >,1.0
senato-mattarellum-1993-corrected,EMILIA-ROMAGNA,7,BOLOGNA,zone,F COSTA-SARAGOZZA,85,{ BO-F COSTA-SARAGOZZA ),1.0
senato-mattarellum-1993-corrected,EMILIA-ROMAGNA,7,CASALECCHIO DI RENO,whole,,86,CASALECCHIO DI RENO,1.0
senato-mattarellum-1993-corrected,EMILIA-ROMAGNA,7,CASTEL D'AIANO,whole,,86,CASTEL D'AIANG,0.917
senato-mattarellum-1993-corrected,EMILIA-ROMAGNA,7,CASTEL DI CASIO,whole,,86,CASTEL DI CASIO,1.0
senato-mattarellum-1993-corrected,EMILIA-ROMAGNA,7,CASTELLO DI SERRAVALLE,whole,,86,CASTELLO DI SERRAVALLE,1.0
senato-mattarellum-1993-corrected,EMILIA-ROMAGNA,7,CRESPELLANO,whole,,86,CRESPELLANO,1.0
senato-mattarellum-1993-corrected,EMILIA-ROMAGNA,7,GAGGIO MONTANO,whole,,86,6AGGIO MONTANO,0.923
senato-mattarellum-1993-corrected,EMILIA-ROMAGNA,7,GRANAGLIONE,whole,,86,GRANAGL 1O0NE,0.917
senato-mattarellum-1993-corrected,EMILIA-ROMAGNA,7,LIZZANO IN BELVEDERE,whole,,86,LIZZANO IN BELVEDERE,1.0
senato-mattarellum-1993-corrected,EMILIA-ROMAGNA,7,MARZABOTTO,whole,,86,MARZABOTTO,1.0
senato-mattarellum-1993-corrected,EMILIA-ROMAGNA,7,MONTE SAN PIETRO,whole,,86,HONTE SAN PIETRO,1.0
senato-mattarellum-1993-corrected,EMILIA-ROMAGNA,7,MONTEVEGLIO,whole,,86,MONTE VESL IO,0.909
senato-mattarellum-1993-corrected,EMILIA-ROMAGNA,7,PORRETTA TERME,whole,,86,PORRETTA TERME,1.0
senato-mattarellum-1993-corrected,EMILIA-ROMAGNA,7,SASSO MARCONI,whole,,86,SASSO MARCONI,1.0
senato-mattarellum-1993-corrected,EMILIA-ROMAGNA,7,SAVIGNO,whole,,86,SAVIGNO,1.0
senato-mattarellum-1993-corrected,EMILIA-ROMAGNA,7,VERGATO,whole,,86,VERGATO,1.0
senato-mattarellum-1993-corrected,EMILIA-ROMAGNA,7,ZOLA PREDOSA,whole,,86,ZOLA PREDOSA,1.0
senato-mattarellum-1993-corrected,EMILIA-ROMAGNA,8,BASTIGLIA,whole,,86,BASTIGLIA,1.0
senato-mattarellum-1993-corrected,EMILIA-ROMAGNA,8,BOMPORTO,whole,,86,BOMPORTO,1.0
senato-mattarellum-1993-corrected,EMILIA-ROMAGNA,8,CAMPOSANTO,whole,,86,CAMPOSANTO,1.0
senato-mattarellum-1993-corrected,EMILIA-ROMAGNA,8,CAVEZZO,whole,,86,CAVEZZO,1.0
senato-mattarellum-1993-corrected,EMILIA-ROMAGNA,8,CONCORDIA SULLA SECCHIA,whole,,86,CONCORDIA SULLA SECCHIA,1.0
senato-mattarellum-1993-corrected,EMILIA-ROMAGNA,8,FINALE EMILIA,whole,,86,FINALE EMILIA,1.0
senato-mattarellum-1993-corrected,EMILIA-ROMAGNA,8,MEDOLLA,whole,,86,MEDOLLA,1.0
senato-mattarellum-1993-corrected,EMILIA-ROMAGNA,8,MIRANDOLA,whole,,86,MIRANDOLA,1.0
senato-mattarellum-1993-corrected,EMILIA-ROMAGNA,8,NONANTOLA,whole,,86,NONANTOLA,1.0
senato-mattarellum-1993-corrected,EMILIA-ROMAGNA,8,NOVI DI MODENA,whole,,86,NOV DI HODENA,0.917
senato-mattarellum-1993-corrected,EMILIA-ROMAGNA,8,RAVARINO,whole,,86,RAVARINO,1.0
senato-mattarellum-1993-corrected,EMILIA-ROMAGNA,8,SAN FELICE SUL PANARO,whole,,86,SAN FELICE SUL PANARO,1.0
senato-mattarellum-1993-corrected,EMILIA-ROMAGNA,8,SAN POSSIDONIO,whole,,86,SAN POSSIDONITIO,0.867
senato-mattarellum-1993-corrected,EMILIA-ROMAGNA,8,SAN PROSPERO,whole,,86,SAN PROSPERO,1.0
senato-mattarellum-1993-corrected,EMILIA-ROMAGNA,8,ANZOLA DELL'EMILIA,whole,,86,ANZOLA DELL'EHILIA,1.0
senato-mattarellum-1993-corrected,EMILIA-ROMAGNA,8,ARGELATO,whole,,86,ARGELATO,1.0
senato-mattarellum-1993-corrected,EMILIA-ROMAGNA,8,BARICELLA,whole,,86,BARICELLA,1.0
senato-mattarellum-1993-corrected,EMILIA-ROMAGNA,8,BENTIVOGLIO,whole,,86,BENTIVOGLIO,1.0
senato-mattarellum-1993-corrected,EMILIA-ROMAGNA,8,CALDERARA DI RENO,whole,,86,CALDERARA DI RENO,1.0
senato-mattarellum-1993-corrected,EMILIA-ROMAGNA,8,CASTELLO D'ARGILE,whole,,86,CASTELLO D'ARGILE,1.0
senato-mattarellum-1993-corrected,EMILIA-ROMAGNA,8,CASTEL MAGGIORE,whole,,86,CASTEL MAGGIORE,1.0
senato-mattarellum-1993-corrected,EMILIA-ROMAGNA,8,CREVALCORE,whole,,86,CRE VALCORE,1.0
senato-mattarellum-1993-corrected,EMILIA-ROMAGNA,8,GALLIERA,whole,,86,SALLIERA,0.875
senato-mattarellum-1993-corrected,EMILIA-ROMAGNA,8,MALALBERGO,whole,,86,MALAL BERGO,1.0
senato-mattarellum-1993-corrected,EMILIA-ROMAGNA,8,PIEVE DI CENTO,whole,,86,PIEVE OI CENTO,0.917
senato-mattarellum-1993-corrected,EMILIA-ROMAGNA,8,SALA BOLOGNESE,whole,,86,SALA BOLOGNESE,1.0
senato-mattarellum-1993-corrected,EMILIA-ROMAGNA,8,SAN GIORGIO DI PIANO,whole,,86,SAN GIORGIO DI PIANO,1.0
senato-mattarellum-1993-corrected,EMILIA-ROMAGNA,8,SAN GIOVANNI IN PERSICETO,whole,,86,SAN GIOVANNI IN PERSICETO,1.0
senato-mattarellum-1993-corrected,EMILIA-ROMAGNA,8,SAN PIETRO IN CASALE,whole,,86,SAN PIETRO IN CASALE,1.0
senato-mattarellum-1993-corrected,EMILIA-ROMAGNA,8,SANT'AGATA BOLOGNESE,whole,,86,SANT'AGATA BOLOGNESE,1.0
senato-mattarellum-1993-corrected,EMILIA-ROMAGNA,9,CAMPOGALLIANO,whole,,86,CAMPOGALLIANO,1.0
senato-mattarellum-1993-corrected,EMILIA-ROMAGNA,9,CARPI,whole,,86,CARPI,1.0
senato-mattarellum-1993-corrected,EMILIA-ROMAGNA,9,,whole,,86,{ MODENA-CIRC.1 ),0.545
senato-mattarellum-1993-corrected,EMILIA-ROMAGNA,9,,whole,,86,{ MODENA-CIRC.2 },0.6
senato-mattarellum-1993-corrected,EMILIA-ROMAGNA,9,,whole,,86,{ MODENA-CIRC.3 ),0.6
senato-mattarellum-1993-corrected,EMILIA-ROMAGNA,9,,whole,,86,{ MODENA-CIRC.4 ),0.6
senato-mattarellum-1993-corrected,EMILIA-ROMAGNA,9,,whole,,86,( MODENA-CIRC.5 ),0.545
senato-mattarellum-1993-corrected,EMILIA-ROMAGNA,9,,whole,,86,{ MOUDENA-CIRC.6 ),0.545
senato-mattarellum-1993-corrected,EMILIA-ROMAGNA,9,,whole,,86,( MODENA-CIRC.7 ),0.6
senato-mattarellum-1993-corrected,EMILIA-ROMAGNA,9,SOLIERA,whole,,86,SOLIERA,1.0
senato-mattarellum-1993-corrected,EMILIA-ROMAGNA,10,CASTELFRANCO EMILIA,whole,,86,CASTELFRANCO EMILIA,1.0
senato-mattarellum-1993-corrected,EMILIA-ROMAGNA,10,CASTELNUOVO RANGONE,whole,,86,CASTELNUOVO RANGONE,1.0
senato-mattarellum-1993-corrected,EMILIA-ROMAGNA,10,CASTELVETRO DI MODENA,whole,,86,CASTELVETRO DI MODENA,1.0
senato-mattarellum-1993-corrected,EMILIA-ROMAGNA,10,FANANO,whole,,86,FANANO,1.0
senato-mattarellum-1993-corrected,EMILIA-ROMAGNA,10,FIORANO MODENESE,whole,,86,FIORANO MODENESE,1.0
senato-mattarellum-1993-corrected,EMILIA-ROMAGNA,10,FIUMALBO,whole,,86,FIUMAL BO,1.0
senato-mattarellum-1993-corrected,EMILIA-ROMAGNA,10,FORMIGINE,whole,,87,FORMIGINE,1.0
senato-mattarellum-1993-corrected,EMILIA-ROMAGNA,10,FRASSINORO,whole,,87,FRASSINORO,1.0
senato-mattarellum-1993-corrected,EMILIA-ROMAGNA,10,GUIGLIA,whole,,87,GUIGLIA,1.0
senato-mattarellum-1993-corrected,EMILIA-ROMAGNA,10,LAMA MOCOGNO,whole,,87,LAMA MOCOGNO,1.0
senato-mattarellum-1993-corrected,EMILIA-ROMAGNA,10,MARANELLO,whole,,87,MARANELLO,1.0
senato-mattarellum-1993-corrected,EMILIA-ROMAGNA,10,MARANO SUL PANARO,whole,,87,MARANO SUL PANARO,1.0
senato-mattarellum-1993-corrected,EMILIA-ROMAGNA,10,MONTECRETO,whole,,87,MONTECRETO,1.0
senato-mattarellum-1993-corrected,EMILIA-ROMAGNA,10,MONTEFIORINO,whole,,87,MONTEF TORINO,0.917
senato-mattarellum-1993-corrected,EMILIA-ROMAGNA,10,MONTESE,whole,,87,MONTESE,1.0
senato-mattarellum-1993-corrected,EMILIA-ROMAGNA,10,PALAGANO,whole,,87,PALAGANO,1.0
senato-mattarellum-1993-corrected,EMILIA-ROMAGNA,10,PAVULLO NEL FRIGNANO,whole,,87,PAVULLO NEL FRIGNANO,1.0
senato-mattarellum-1993-corrected,EMILIA-ROMAGNA,10,PIEVEPELAGO,whole,,87,PIEVEPELAGO,1.0
senato-mattarellum-1993-corrected,EMILIA-ROMAGNA,10,POLINAGO,whole,,87,POLINAGO,1.0
senato-mattarellum-1993-corrected,EMILIA-ROMAGNA,10,PRIGNANO SULLA SECCHIA,whole,,87,PRIGNANO SULLA SECCHIA,1.0
senato-mattarellum-1993-corrected,EMILIA-ROMAGNA,10,RIOLUNATO,whole,,87,RIOLUNATO,1.0
senato-mattarellum-1993-corrected,EMILIA-ROMAGNA,10,SAN CESARIO SUL PANARO,whole,,87,SAN CESARIO SUL PANARO,1.0
senato-mattarellum-1993-corrected,EMILIA-ROMAGNA,10,SASSUOLO,whole,,87,SASSUOLO,1.0
senato-mattarellum-1993-corrected,EMILIA-ROMAGNA,10,SAVIGNANO SUL PANARO,whole,,87,SAVIGNANO SUL PANARO,1.0
senato-mattarellum-1993-corrected,EMILIA-ROMAGNA,10,SERRAMAZZONI,whole,,87,SERRAMAZZONI,1.0
senato-mattarellum-1993-corrected,EMILIA-ROMAGNA,10,SESTOLA,whole,,87,SESTOLA,1.0
senato-mattarellum-1993-corrected,EMILIA-ROMAGNA,10,SPILAMBERTO,whole,,87,SPILAMBERTO,1.0
senato-mattarellum-1993-corrected,EMILIA-ROMAGNA,10,VIGNOLA,whole,,87,VIGNOLA,1.0
senato-mattarellum-1993-corrected,EMILIA-ROMAGNA,10,ZOCCA,whole,,87,ZOCCA,1.0
senato-mattarellum-1993-corrected,EMILIA-ROMAGNA,11,ALBINEA,whole,,87,ALBINEA,1.0
senato-mattarellum-1993-corrected,EMILIA-ROMAGNA,11,BAISO,whole,,87,BAISO,1.0
senato-mattarellum-1993-corrected,EMILIA-ROMAGNA,11,BIBBIANO,whole,,87,BIBBIANO,1.0
senato-mattarellum-1993-corrected,EMILIA-ROMAGNA,11,BUSANA,whole,,87,BUSANA,1.0
senato-mattarellum-1993-corrected,EMILIA-ROMAGNA,11,CARPINETI,whole,,87,CARPINETI,1.0
senato-mattarellum-1993-corrected,EMILIA-ROMAGNA,11,CASALGRANDE,whole,,87,CASALGRANDE,1.0
senato-mattarellum-1993-corrected,EMILIA-ROMAGNA,11,CASINA,whole,,87,CASINA,1.0
senato-mattarellum-1993-corrected,EMILIA-ROMAGNA,11,CASTELLARANO,whole,,87,CASTELLARANO,1.0
senato-mattarellum-1993-corrected,EMILIA-ROMAGNA,11,CASTELNOVO NE' MONTI,whole,,87,CASTELNOVO NE'MONTI,1.0
senato-mattarellum-1993-corrected,EMILIA-ROMAGNA,11,CAVRIAGO,whole,,87,CAVRIAGO,1.0
senato-mattarellum-1993-corrected,EMILIA-ROMAGNA,11,CANOSSA,whole,,87,CANOSSA,1.0
senato-mattarellum-1993-corrected,EMILIA-ROMAGNA,11,COLLAGNA,whole,,87,COLLAGNA,1.0
senato-mattarellum-1993-corrected,EMILIA-ROMAGNA,11,LIGONCHIO,whole,,87,LIGONCHIO,1.0
senato-mattarellum-1993-corrected,EMILIA-ROMAGNA,11,MONTECCHIO EMILIA,whole,,87,MONTECCHIO EMILIA,1.0
senato-mattarellum-1993-corrected,EMILIA-ROMAGNA,11,QUATTRO CASTELLA,whole,,87,QUATTRO CASTELLA,1.0
senato-mattarellum-1993-corrected,EMILIA-ROMAGNA,11,RAMISETO,whole,,87,RAMISETO,1.0
senato-mattarellum-1993-corrected,EMILIA-ROMAGNA,11,REGGIO NELL'EMILIA,whole,,87,REGGIO NELL'EMILIA,1.0
senato-mattarellum-1993-corrected,EMILIA-ROMAGNA,11,SAN POLO D'ENZA,whole,,87,SAN POLO D'ENZA,1.0
senato-mattarellum-1993-corrected,EMILIA-ROMAGNA,11,SCANDIANO,whole,,87,SCANDIANO,1.0
senato-mattarellum-1993-corrected,EMILIA-ROMAGNA,11,TOANO,whole,,87,TOANO,1.0
senato-mattarellum-1993-corrected,EMILIA-ROMAGNA,11,VETTO,whole,,87,VETTO,1.0
senato-mattarellum-1993-corrected,EMILIA-ROMAGNA,11,VEZZANO SUL CROSTOLO,whole,,87,VEZZANO SUL CROSTOLO,1.0
senato-mattarellum-1993-corrected,EMILIA-ROMAGNA,11,VIANO,whole,,87,VIANO,1.0
senato-mattarellum-1993-corrected,EMILIA-ROMAGNA,11,VILLA MINOZZO,whole,,87,VILLA MINOZZO,1.0
senato-mattarellum-1993-corrected,EMILIA-ROMAGNA,12,BUSSETO,whole,,87,BUSSETO,1.0
senato-mattarellum-1993-corrected,EMILIA-ROMAGNA,12,COLORNO,whole,,87,COLORNO,1.0
senato-mattarellum-1993-corrected,EMILIA-ROMAGNA,12,FIDENZA,whole,,87,FIDENZA,1.0
senato-mattarellum-1993-corrected,EMILIA-ROMAGNA,12,FONTANELLATO,whole,,87,FONTANELLATO,1.0
senato-mattarellum-1993-corrected,EMILIA-ROMAGNA,12,FONTEVIVO,whole,,87,FONTEVIVO,1.0
senato-mattarellum-1993-corrected,EMILIA-ROMAGNA,12,MEDESANO,whole,,87,HE DE SANO,1.0
senato-mattarellum-1993-corrected,EMILIA-ROMAGNA,12,MEZZANI,whole,,87,ME2ZANI,0.857
senato-mattarellum-1993-corrected,EMILIA-ROMAGNA,12,NOCETO,whole,,87,NOCE TO,1.0
senato-mattarellum-1993-corrected,EMILIA-ROMAGNA,12,PELLEGRINO PARMENSE,whole,,87,PELLEGRINO PARMENSE,1.0
senato-mattarellum-1993-corrected,EMILIA-ROMAGNA,12,POLESINE PARMENSE,whole,,87,POLESINE PARMENSE,1.0
senato-mattarellum-1993-corrected,EMILIA-ROMAGNA,12,ROCCABIANCA,whole,,87,ROCCABIANCA,1.0
senato-mattarellum-1993-corrected,EMILIA-ROMAGNA,12,SALSOMAGGIORE TERME,whole,,87,SALSOMAGGIORE TERME,1.0
senato-mattarellum-1993-corrected,EMILIA-ROMAGNA,12,SAN SECONDO PARMENSE,whole,,87,SAN SECONDO PARMENSE,1.0
senato-mattarellum-1993-corrected,EMILIA-ROMAGNA,12,SISSA,whole,,87,SISSA,1.0
senato-mattarellum-1993-corrected,EMILIA-ROMAGNA,12,SORAGNA,whole,,87,SURAGNA,0.857
senato-mattarellum-1993-corrected,EMILIA-ROMAGNA,12,SORBOLO,whole,,87,SORBOLO,1.0
senato-mattarellum-1993-corrected,EMILIA-ROMAGNA,12,TORRILE,whole,,87,TORRILE,1.0
senato-mattarellum-1993-corrected,EMILIA-ROMAGNA,12,TRECASALI,whole,,88,TRECASALI,1.0
senato-mattarellum-1993-corrected,EMILIA-ROMAGNA,12,ZIBELLO,whole,,88,ZIBELLO,1.0
senato-mattarellum-1993-corrected,EMILIA-ROMAGNA,12,BAGNOLO IN PIANO,whole,,88,BAGNOLO IN PIANO,1.0
senato-mattarellum-1993-corrected,EMILIA-ROMAGNA,12,BORETTO,whole,,88,BORETTO,1.0
senato-mattarellum-1993-corrected,EMILIA-ROMAGNA,12,BRESCELLO,whole,,88,BRESCELLO,1.0
senato-mattarellum-1993-corrected,EMILIA-ROMAGNA,12,CADELBOSCO DI SOPRA,whole,,88,CADEL BOSCO DI SOPRA,1.0
senato-mattarellum-1993-corrected,EMILIA-ROMAGNA,12,CAMPAGNOLA EMILIA,whole,,88,CAMPAGNOLA EMILIA,1.0
senato-mattarellum-1993-corrected,EMILIA-ROMAGNA,12,CAMPEGINE,whole,,88,CAMPEGINE,1.0
senato-mattarellum-1993-corrected,EMILIA-ROMAGNA,12,CASTELNOVO DI SOTTO,whole,,88,CASTELNOVO DI SOTTO,1.0
senato-mattarellum-1993-corrected,EMILIA-ROMAGNA,12,CORREGGIO,whole,,88,CORREGGIO,1.0
senato-mattarellum-1993-corrected,EMILIA-ROMAGNA,12,FABBRICO,whole,,88,FABBR1ICO,0.889
senato-mattarellum-1993-corrected,EMILIA-ROMAGNA,12,GATTATICO,whole,,88,GATTATICO,1.0
senato-mattarellum-1993-corrected,EMILIA-ROMAGNA,12,GUALTIERI,whole,,88,GUALTIERI,1.0
senato-mattarellum-1993-corrected,EMILIA-ROMAGNA,12,GUASTALLA,whole,,88,GUASTALLA,1.0
senato-mattarellum-1993-corrected,EMILIA-ROMAGNA,12,LUZZARA,whole,,88,LUZZARA,1.0
senato-mattarellum-1993-corrected,EMILIA-ROMAGNA,12,NOVELLARA,whole,,88,NOVELLARA,1.0
senato-mattarellum-1993-corrected,EMILIA-ROMAGNA,12,POVIGLIO,whole,,88,POVIGLIO,1.0
senato-mattarellum-1993-corrected,EMILIA-ROMAGNA,12,REGGIOLO,whole,,88,REGGIOLO,1.0
senato-mattarellum-1993-corrected,EMILIA-ROMAGNA,12,RIO SALICETO,whole,,88,RIO SALICETO,1.0
senato-mattarellum-1993-corrected,EMILIA-ROMAGNA,12,ROLO,whole,,88,ROLO,1.0
senato-mattarellum-1993-corrected,EMILIA-ROMAGNA,12,RUBIERA,whole,,88,RUBIERA,1.0
senato-mattarellum-1993-corrected,EMILIA-ROMAGNA,12,SAN MARTINO IN RIO,whole,,88,SAN MARTINO IN RIO,1.0
senato-mattarellum-1993-corrected,EMILIA-ROMAGNA,12,SANT'ILARIO D'ENZA,whole,,88,SANT'ILARIO D'ENZA,1.0
senato-mattarellum-1993-corrected,EMILIA-ROMAGNA,13,ALBARETO,whole,,88,ALBARETO,1.0
senato-mattarellum-1993-corrected,EMILIA-ROMAGNA,13,BARDI,whole,,88,BARDI,1.0
senato-mattarellum-1993-corrected,EMILIA-ROMAGNA,13,BEDONIA,whole,,88,BEDONIFA,0.875
senato-mattarellum-1993-corrected,EMILIA-ROMAGNA,13,BERCETO,whole,,88,BERCE TO,1.0
senato-mattarellum-1993-corrected,EMILIA-ROMAGNA,13,BORE,whole,,88,BORE,1.0
senato-mattarellum-1993-corrected,EMILIA-ROMAGNA,13,BORGO VAL DI TARO,whole,,88,BORGO VAL DI TARO,1.0
senato-mattarellum-1993-corrected,EMILIA-ROMAGNA,13,CALESTANO,whole,,88,CALESTANO,1.0
senato-mattarellum-1993-corrected,EMILIA-ROMAGNA,13,COLLECCHIO,whole,,88,COLLECCHIO,1.0
senato-mattarellum-1993-corrected,EMILIA-ROMAGNA,13,COMPIANO,whole,,88,COMNPIANO,0.889
senato-mattarellum-1993-corrected,EMILIA-ROMAGNA,13,CORNIGLIO,whole,,88,CORNIGLIO,1.0
senato-mattarellum-1993-corrected,EMILIA-ROMAGNA,13,FELINO,whole,,88,FELINO,1.0
senato-mattarellum-1993-corrected,EMILIA-ROMAGNA,13,FORNOVO DI TARO,whole,,88,FORNOVO DI TARO,1.0
senato-mattarellum-1993-corrected,EMILIA-ROMAGNA,13,LANGHIRANO,whole,,88,LANGHIRANO,1.0
senato-mattarellum-1993-corrected,EMILIA-ROMAGNA,13,LESIGNANO DE' BAGNI,whole,,88,LESIGNANO DE ' BAGNI,1.0
senato-mattarellum-1993-corrected,EMILIA-ROMAGNA,13,MONCHIO DELLE CORTI,whole,,88,HONCHIO DELLE CORTE,0.941
senato-mattarellum-1993-corrected,EMILIA-ROMAGNA,13,MONTECHIARUGOLO,whole,,88,HONTECHIARUGOLO,1.0
senato-mattarellum-1993-corrected,EMILIA-ROMAGNA,13,NEVIANO DEGLI ARDUINI,whole,,88,NEVIANO DEGLI ARDUINI,1.0
senato-mattarellum-1993-corrected,EMILIA-ROMAGNA,13,PALANZANO,whole,,88,PALANZANO,1.0
senato-mattarellum-1993-corrected,EMILIA-ROMAGNA,13,,whole,,88,C( PARMA-CIRC.1 ),0.455
senato-mattarellum-1993-corrected,EMILIA-ROMAGNA,13,,whole,,88,( PARMA-CIRC.2 }),0.556
senato-mattarellum-1993-corrected,EMILIA-ROMAGNA,13,,whole,,88,{ PARMA-CIRC.3 }),0.556
senato-mattarellum-1993-corrected,EMILIA-ROMAGNA,13,,whole,,88,{€ PARMA-CIRC.4 ),0.556
senato-mattarellum-1993-corrected,EMILIA-ROMAGNA,13,,whole,,88,€ PARMA-CIRC.5 ),0.5
senato-mattarellum-1993-corrected,EMILIA-ROMAGNA,13,,whole,,88,{ PARMA-CIRC.é ì,0.556
senato-mattarellum-1993-corrected,EMILIA-ROMAGNA,13,,whole,,88,{ PARMA-CIRC.7 3,0.556
senato-mattarellum-1993-corrected,EMILIA-ROMAGNA,13,SALA BAGANZA,whole,,88,SALA BAGANZA,1.0
senato-mattarellum-1993-corrected,EMILIA-ROMAGNA,13,SOLIGNANO,whole,,88,SOL IGNANO,1.0
senato-mattarellum-1993-corrected,EMILIA-ROMAGNA,13,TERENZO,whole,,88,TERENZO,1.0
senato-mattarellum-1993-corrected,EMILIA-ROMAGNA,13,TIZZANO VAL PARMA,whole,,88,TiZZANO VAL PARMA,1.0
senato-mattarellum-1993-corrected,EMILIA-ROMAGNA,13,TORNOLO,whole,,88,TORNOLO,1.0
senato-mattarellum-1993-corrected,EMILIA-ROMAGNA,13,TRAVERSETOLO,whole,,88,TRAVERSETOLO,1.0
senato-mattarellum-1993-corrected,EMILIA-ROMAGNA,13,VALMOZZOLA,whole,,88,VALMOZZOLA,1.0
senato-mattarellum-1993-corrected,EMILIA-ROMAGNA,13,VARANO DE' MELEGARI,whole,,88,VARANO DE *HELEGARI,1.0
senato-mattarellum-1993-corrected,EMILIA-ROMAGNA,13,VARSI,whole,,88,VARSIE,0.833
senato-mattarellum-1993-corrected,EMILIA-ROMAGNA,14,AGAZZANO,whole,,88,AGAZZANO,1.0
senato-mattarellum-1993-corrected,EMILIA-ROMAGNA,14,ALSENO,whole,,88,ALSENG,0.833
senato-mattarellum-1993-corrected,EMILIA-ROMAGNA,14,BESENZONE,whole,,88,BE SE NZONE,1.0
senato-mattarellum-1993-corrected,EMILIA-ROMAGNA,14,BETTOLA,whole,,88,BE TTOLA,1.0
senato-mattarellum-1993-corrected,EMILIA-ROMAGNA,14,BOBBIO,whole,,88,BOBBIO,1.0
senato-mattarellum-1993-corrected,EMILIA-ROMAGNA,14,BORGONOVO VAL TIDONE,whole,,88,BORGONOVO VAL TIDONE,1.0
senato-mattarellum-1993-corrected,EMILIA-ROMAGNA,14,CADEO,whole,,88,CADEO,1.0
senato-mattarellum-1993-corrected,EMILIA-ROMAGNA,14,CALENDASCO,whole,,89,CALENDASCO,1.0
senato-mattarellum-1993-corrected,EMILIA-ROMAGNA,14,CAMINATA,whole,,89,CAMINATA,1.0
senato-mattarellum-1993-corrected,EMILIA-ROMAGNA,14,CAORSO,whole,,89,CAORSO,1.0
senato-mattarellum-1993-corrected,EMILIA-ROMAGNA,14,CARPANETO PIACENTINO,whole,,89,CARPANETO PIACENTINO,1.0
senato-mattarellum-1993-corrected,EMILIA-ROMAGNA,14,CASTELL'ARQUATO,whole,,89,CASTELL'ARQUATO,1.0
senato-mattarellum-1993-corrected,EMILIA-ROMAGNA,14,CASTEL SAN GIOVANNI,whole,,89,CASTEL SAN GIOVANNI,1.0
senato-mattarellum-1993-corrected,EMILIA-ROMAGNA,14,CASTELVETRO PIACENTINO,whole,,89,CASTELVETRO PIACENTINO,1.0
senato-mattarellum-1993-corrected,EMILIA-ROMAGNA,14,CERIGNALE,whole,,89,CERIGNALE,1.0
senato-mattarellum-1993-corrected,EMILIA-ROMAGNA,14,COLI,whole,,89,COLI,1.0
senato-mattarellum-1993-corrected,EMILIA-ROMAGNA,14,CORTE BRUGNATELLA,whole,,89,CORTE BRUGNATELLA,1.0
senato-mattarellum-1993-corrected,EMILIA-ROMAGNA,14,CORTEMAGGIORE,whole,,89,CORTEMAGGIORE,1.0
senato-mattarellum-1993-corrected,EMILIA-ROMAGNA,14,FARINI,whole,,89,FARINI,1.0
senato-mattarellum-1993-corrected,EMILIA-ROMAGNA,14,FERRIERE,whole,,89,FERRIERE,1.0
senato-mattarellum-1993-corrected,EMILIA-ROMAGNA,14,FIORENZUOLA D'ARDA,whole,,89,FIORENZUOLA D'ARDA,1.0
senato-mattarellum-1993-corrected,EMILIA-ROMAGNA,14,GAZZOLA,whole,,89,GAZZOLA,1.0
senato-mattarellum-1993-corrected,EMILIA-ROMAGNA,14,GOSSOLENGO,whole,,89,GOSSOLENGO,1.0
senato-mattarellum-1993-corrected,EMILIA-ROMAGNA,14,GRAGNANO TREBBIENSE,whole,,89,GRAGNANO TREBBIENSE,1.0
senato-mattarellum-1993-corrected,EMILIA-ROMAGNA,14,GROPPARELLO,whole,,89,GROPPARELLO,1.0
senato-mattarellum-1993-corrected,EMILIA-ROMAGNA,14,LUGAGNANO VAL D'ARDA,whole,,89,LUGAGNANO VAL D'ARDA,1.0
senato-mattarellum-1993-corrected,EMILIA-ROMAGNA,14,MONTICELLI D'ONGINA,whole,,89,MONTICELLI D'ONGINA,1.0
senato-mattarellum-1993-corrected,EMILIA-ROMAGNA,14,MORFASSO,whole,,89,MORFASSO,1.0
senato-mattarellum-1993-corrected,EMILIA-ROMAGNA,14,NIBBIANO,whole,,89,NiBBIANO,1.0
senato-mattarellum-1993-corrected,EMILIA-ROMAGNA,14,OTTONE,whole,,89,OTTONE,1.0
senato-mattarellum-1993-corrected,EMILIA-ROMAGNA,14,PECORARA,whole,,89,PECORARA,1.0
senato-mattarellum-1993-corrected,EMILIA-ROMAGNA,14,PIACENZA,whole,,89,PIACENZA,1.0
senato-mattarellum-1993-corrected,EMILIA-ROMAGNA,14,PIANELLO VAL TIDONE,whole,,89,PIANELLO VAL TIDONE,1.0
senato-mattarellum-1993-corrected,EMILIA-ROMAGNA,14,,whole,,89,PI1O0OZZANO,0.727
senato-mattarellum-1993-corrected,EMILIA-ROMAGNA,14,PODENZANO,whole,,89,PODENZ ANO,1.0
senato-mattarellum-1993-corrected,EMILIA-ROMAGNA,14,PONTE DELL'OLIO,whole,,89,PONTE DELL'OLIO,1.0
senato-mattarellum-1993-corrected,EMILIA-ROMAGNA,14,PONTENURE,whole,,89,PONTENURE,1.0
senato-mattarellum-1993-corrected,EMILIA-ROMAGNA,14,RIVERGARO,whole,,89,RIVERGARO,1.0
senato-mattarellum-1993-corrected,EMILIA-ROMAGNA,14,ROTTOFRENO,whole,,89,RUOTTOFRENO,0.909
senato-mattarellum-1993-corrected,EMILIA-ROMAGNA,14,SAN GIORGIO PIACENTINO,whole,,89,SAN GIORGIO PIACENTINO,1.0
senato-mattarellum-1993-corrected,EMILIA-ROMAGNA,14,SAN PIETRO IN CERRO,whole,,89,SAN PIETRO IN CERRO,1.0
senato-mattarellum-1993-corrected,EMILIA-ROMAGNA,14,SARMATO,whole,,89,SARMATO,1.0
senato-mattarellum-1993-corrected,EMILIA-ROMAGNA,14,TRAVO,whole,,89,TRAVO,1.0
senato-mattarellum-1993-corrected,EMILIA-ROMAGNA,14,VERNASCA,whole,,89,VERNASCA,1.0
senato-mattarellum-1993-corrected,EMILIA-ROMAGNA,14,VIGOLZONE,whole,,89,VIGOLZONE,1.0
senato-mattarellum-1993-corrected,EMILIA-ROMAGNA,14,VILLANOVA SULL'ARDA,whole,,89,VILLANOVA SULL'ARDA,1.0
senato-mattarellum-1993-corrected,EMILIA-ROMAGNA,14,ZERBA,whole,,89,ZERBA,1.0
senato-mattarellum-1993-corrected,EMILIA-ROMAGNA,14,ZIANO PIACENTINO,whole,,89,ZIANO PIACENTINO,1.0
senato-mattarellum-1993-corrected,EMILIA-ROMAGNA,15,BELLARIA-IGEA MARINA,whole,,89,BELLARIA-IGEA MARINA,1.0
senato-mattarellum-1993-corrected,EMILIA-ROMAGNA,15,CATTOLICA,whole,,89,CATTOLICA,1.0
senato-mattarellum-1993-corrected,EMILIA-ROMAGNA,15,CORIANO,whole,,89,CORITANO,0.875
senato-mattarellum-1993-corrected,EMILIA-ROMAGNA,15,GEMMANO,whole,,89,GE MMANO,1.0
senato-mattarellum-1993-corrected,EMILIA-ROMAGNA,15,MISANO ADRIATICO,whole,,89,MISANO ADRIATICO,1.0
senato-mattarellum-1993-corrected,EMILIA-ROMAGNA,15,MONDAINO,whole,,89,MONDAINO,1.0
senato-mattarellum-1993-corrected,EMILIA-ROMAGNA,15,MONTE COLOMBO,whole,,89,MONTE COLOMBO,1.0
senato-mattarellum-1993-corrected,EMILIA-ROMAGNA,15,MONTEFIORE CONCA,whole,,89,MONTEFIORE CONCA,1.0
senato-mattarellum-1993-corrected,EMILIA-ROMAGNA,15,MONTEGRIDOLFO,whole,,89,MONTEGRIDOLFO,1.0
senato-mattarellum-1993-corrected,EMILIA-ROMAGNA,15,MONTESCUDO,whole,,89,HONTESCUDO,1.0
senato-mattarellum-1993-corrected,EMILIA-ROMAGNA,15,MORCIANO DI ROMAGNA,whole,,89,MORCIANO DI ROMAGNA,1.0
senato-mattarellum-1993-corrected,EMILIA-ROMAGNA,15,POGGIO BERNI,whole,,89,POGGIO BERNI,1.0
senato-mattarellum-1993-corrected,EMILIA-ROMAGNA,15,RICCIONE,whole,,89,RICCIONE,1.0
senato-mattarellum-1993-corrected,EMILIA-ROMAGNA,15,,whole,,89,RN € CENTRO STORICO - SAN GIULIANO 2,0.0
senato-mattarellum-1993-corrected,EMILIA-ROMAGNA,15,BOLOGNA,zone,BORGO XX SETTEMBRE - LAGUNMAGGIO,89,{ BORGO XX SETTEMBRE - LAGUNMAGGIO),1.0
senato-mattarellum-1993-corrected,EMILIA-ROMAGNA,15,BOLOGNA,zone,BELLARIVA —- MIRAMARE,89,{ BELLARIVA —- MIRAMARE ?,1.0
senato-mattarellum-1993-corrected,EMILIA-ROMAGNA,15,BOLOGNA,zone,BORGO MAZZINI - INA CASA - VERGIANO CORP,89,{ BORGO MAZZINI - INA CASA - VERGIANO CORP.),1.0
senato-mattarellum-1993-corrected,EMILIA-ROMAGNA,15,BOLOGNA,zone,CELLE - VISERBA - S. VITO - S. GIUSTINA,89,( CELLE - VISERBA - S. VITO - S. GIUSTINA),1.0
senato-mattarellum-1993-corrected,EMILIA-ROMAGNA,15,BOLOGNA,zone,AUSA - GROTTA ROSSA —- GAGLIOFANA,89,( AUSA - GROTTA ROSSA —- GAGLIOFANA)},1.0
senato-mattarellum-1993-corrected,EMILIA-ROMAGNA,15,SALUDECIO,whole,,89,SALUDECIO,1.0
senato-mattarellum-1993-corrected,EMILIA-ROMAGNA,15,SAN CLEMENTE,whole,,89,SAN CLEMFNTE,0.909
senato-mattarellum-1993-corrected,EMILIA-ROMAGNA,15,SAN GIOVANNI IN MARIGNANO,whole,,89,SAN GIOVANNI IN HARIGNANO,1.0
senato-mattarellum-1993-corrected,EMILIA-ROMAGNA,15,SANTARCANGELO DI ROMAGNA,whole,,89,SANTARCANGELO DI ROMAGNA,1.0
senato-mattarellum-1993-corrected,EMILIA-ROMAGNA,15,TORRIANA,whole,,89,TORRIANA,1.0
senato-mattarellum-1993-corrected,EMILIA-ROMAGNA,15,VERUCCHIO,whole,,89,VERUCCHIO,1.0
senato-mattarellum-1993-corrected,TOSCANA,1,FIRENZE,zone,EX-QUART.1,90,{ FI EX-QUART.1 }),1.0
senato-mattarellum-1993-corrected,TOSCANA,1,FIRENZE,zone,EX-QUART.&6,90,( FI EX-QUART.&6 ),1.0
senato-mattarellum-1993-corrected,TOSCANA,1,FIRENZE,zone,EX-QUART.7,90,{( FI EX-QUART.7 ),1.0
senato-mattarellum-1993-corrected,TOSCANA,1,,whole,,90,C FI EX-QUART.8 I,0.273
senato-mattarellum-1993-corrected,TOSCANA,1,FIRENZE,zone,EX-QUART.9,90,€ FI EX-QUART.9 ),1.0
senato-mattarellum-1993-corrected,TOSCANA,1,FIRENZE,zone,EX-QUART.10,90,( F1 EX-QUART.10 ),1.0
senato-mattarellum-1993-corrected,TOSCANA,1,FIRENZE,zone,EX-QUART.11,90,C( FI EX-QUART.11 ),1.0
senato-mattarellum-1993-corrected,TOSCANA,1,FIRENZE,zone,EX-QUART.12,90,{€ FI EX-QUART.12 ),1.0
senato-mattarellum-1993-corrected,TOSCANA,1,FIRENZE,zone,EX-QUART.13,90,€ FI EX-QUART.13 è},1.0
senato-mattarellum-1993-corrected,TOSCANA,1,FIRENZE,zone,EX-QUART.16,90,{ FI EX-QUART.16 },1.0
senato-mattarellum-1993-corrected,TOSCANA,2,FIRENZE,zone,EX-QUART.2,90,{ FI EX-QUART.2 }),1.0
senato-mattarellum-1993-corrected,TOSCANA,2,FIRENZE,zone,EX-QUART.3,90,TC FI EX-QUART.3 },1.0
senato-mattarellum-1993-corrected,TOSCANA,2,FIRENZE,zone,EX-QUART.4,90,{( FI EX-QUART.4 ),1.0
senato-mattarellum-1993-corrected,TOSCANA,2,FIRENZE,zone,EX-QUART.5,90,{ FI EX-QUART.5 >,1.0
senato-mattarellum-1993-corrected,TOSCANA,2,IMPRUNETA,whole,,90,IMPRUNETA,1.0
senato-mattarellum-1993-corrected,TOSCANA,2,LASTRA A SIGNA,whole,,90,LASTRA A SIGNA,1.0
senato-mattarellum-1993-corrected,TOSCANA,2,SCANDICCI,whole,,90,SCANDICCI,1.0
senato-mattarellum-1993-corrected,TOSCANA,2,SIGNA,whole,,90,SIGNA,1.0
senato-mattarellum-1993-corrected,TOSCANA,3,BARBERINO DI MUGELLO,whole,,90,BARBERINO DI HUGELLO,1.0
senato-mattarellum-1993-corrected,TOSCANA,3,BORGO SAN LORENZO,whole,,90,BORGO SAN LORENZO,1.0
senato-mattarellum-1993-corrected,TOSCANA,3,CALENZANO,whole,,90,CALENZANO,1.0
senato-mattarellum-1993-corrected,TOSCANA,3,CAMPI BISENZIO,whole,,90,CAMPI BISENZIO,1.0
senato-mattarellum-1993-corrected,TOSCANA,3,DICOMANO,whole,,90,DICOMHANO,0.889
senato-mattarellum-1993-corrected,TOSCANA,3,FIESOLE,whole,,90,FIESOLE,1.0
senato-mattarellum-1993-corrected,TOSCANA,3,FIRENZUOLA,whole,,90,FIRENZUOLA,1.0
senato-mattarellum-1993-corrected,TOSCANA,3,LONDA,whole,,90,LONDA,1.0
senato-mattarellum-1993-corrected,TOSCANA,3,MARRADI,whole,,90,MARRADI,1.0
senato-mattarellum-1993-corrected,TOSCANA,3,PALAZZUOLO SUL SENIO,whole,,90,PALAZZUOLO SUL SENIO,1.0
senato-mattarellum-1993-corrected,TOSCANA,3,PELAGO,whole,,90,PELAGO,1.0
senato-mattarellum-1993-corrected,TOSCANA,3,PONTASSIEVE,whole,,90,PONTASSIEVE,1.0
senato-mattarellum-1993-corrected,TOSCANA,3,REGGELLO,whole,,90,REGGELLO,1.0
senato-mattarellum-1993-corrected,TOSCANA,3,RUFINA,whole,,90,RUF INA,1.0
senato-mattarellum-1993-corrected,TOSCANA,3,SAN GODENZO,whole,,90,SAN GODENZO,1.0
senato-mattarellum-1993-corrected,TOSCANA,3,SAN PIERO A SIEVE,whole,,90,SAN PIERO A SIEVE,1.0
senato-mattarellum-1993-corrected,TOSCANA,3,SCARPERIA,whole,,90,SCARPERITA,0.9
senato-mattarellum-1993-corrected,TOSCANA,3,SESTO FIORENTINO,whole,,90,SESTO FIORENTINO,1.0
senato-mattarellum-1993-corrected,TOSCANA,3,VAGLIA,whole,,90,VAGLIA,1.0
senato-mattarellum-1993-corrected,TOSCANA,3,VICCHIO,whole,,90,VICCHIO,1.0
senato-mattarellum-1993-corrected,TOSCANA,3,CASTELFRANCO DI SOPRA,whole,,90,CASTELFRANCO DI SOPRA,1.0
senato-mattarellum-1993-corrected,TOSCANA,3,LORO CIUFFENNA,whole,,90,LORO CIUFFENNA,1.0
senato-mattarellum-1993-corrected,TOSCANA,3,PIAN DI SCO,whole,,90,PIAN DI SCO,1.0
senato-mattarellum-1993-corrected,TOSCANA,3,TERRANUOVA BRACCIOLINI,whole,,90,FTERRANUVOVA BRACECIOLINI,0.875
senato-mattarellum-1993-corrected,TOSCANA,4,LAMPORECCHIO,whole,,90,LAMPORECCHIO,1.0
senato-mattarellum-1993-corrected,TOSCANA,4,LARCIANO,whole,,90,LARCIANO,1.0
senato-mattarellum-1993-corrected,TOSCANA,4,QUARRATA,whole,,90,QUARRATA,1.0
senato-mattarellum-1993-corrected,TOSCANA,4,BAGNO A RIPOLI,whole,,90,BAGNO A RIPOLI,1.0
senato-mattarellum-1993-corrected,TOSCANA,4,BARBERINO VAL D'ELSA,whole,,90,BARBERINO VAL D'ELSA,1.0
senato-mattarellum-1993-corrected,TOSCANA,4,CAPRAIA E LIMITE,whole,,90,CAPRAIA E LIMITE,1.0
senato-mattarellum-1993-corrected,TOSCANA,4,CERRETO GUIDI,whole,,90,CERRETO SUIDI,0.917
senato-mattarellum-1993-corrected,TOSCANA,4,CERTALDO,whole,,90,CERTALDO,1.0
senato-mattarellum-1993-corrected,TOSCANA,4,EMPOLI,whole,,90,EMPOLI,1.0
senato-mattarellum-1993-corrected,TOSCANA,4,FIGLINE VALDARNO,whole,,90,FIGLINE VALDARNO,1.0
senato-mattarellum-1993-corrected,TOSCANA,4,GREVE IN CHIANTI,whole,,90,GREVE IN CHIANTI,1.0
senato-mattarellum-1993-corrected,TOSCANA,4,INCISA IN VAL D'ARNO,whole,,90,INCISA IN VAL D'ARNO,1.0
senato-mattarellum-1993-corrected,TOSCANA,4,MONTELUPO FIORENTINO,whole,,91,HONTELUPO FIORENTINO,1.0
senato-mattarellum-1993-corrected,TOSCANA,4,MONTESPERTOLI,whole,,91,HONTESPERTOLI,1.0
senato-mattarellum-1993-corrected,TOSCANA,4,RIGNANO SULL'ARNO,whole,,91,RIGNANO SULL'ARNO,1.0
senato-mattarellum-1993-corrected,TOSCANA,4,SAN CASCIANO IN VAL DI PESA,whole,,91,SAN CASCIANO IN VAL DI PESA,1.0
senato-mattarellum-1993-corrected,TOSCANA,4,TAVARNELLE VAL DI PESA,whole,,91,TAVARNELLE VAL DI PESA,1.0
senato-mattarellum-1993-corrected,TOSCANA,4,VINCI,whole,,91,VINCI,1.0
senato-mattarellum-1993-corrected,TOSCANA,5,AGLIANA,whole,,91,AGLIANA,1.0
senato-mattarellum-1993-corrected,TOSCANA,5,MONTALE,whole,,91,HONTALE,1.0
senato-mattarellum-1993-corrected,TOSCANA,5,CANTAGALLO,whole,,91,CANTAGALLO,1.0
senato-mattarellum-1993-corrected,TOSCANA,5,CARMIGNANO,whole,,91,CARMIGNANO,1.0
senato-mattarellum-1993-corrected,TOSCANA,5,MONTEMURLO,whole,,91,MONTEMURLO,1.0
senato-mattarellum-1993-corrected,TOSCANA,5,POGGIO A CAIANO,whole,,91,POGGIO A CAIANO,1.0
senato-mattarellum-1993-corrected,TOSCANA,5,PRATO,whole,,91,PRATO,1.0
senato-mattarellum-1993-corrected,TOSCANA,5,VAIANO,whole,,91,VAIANO,1.0
senato-mattarellum-1993-corrected,TOSCANA,5,VERNIO,whole,,91,YERNIO,0.833
senato-mattarellum-1993-corrected,TOSCANA,6,ALTOPASCIO,whole,,91,ALTOPASCIO,1.0
senato-mattarellum-1993-corrected,TOSCANA,6,CAPANNORI,whole,,91,CAPANNORI,1.0
senato-mattarellum-1993-corrected,TOSCANA,6,MONTECARLO,whole,,91,MONTECARLO,1.0
senato-mattarellum-1993-corrected,TOSCANA,6,PORCARI,whole,,91,PORCARI,1.0
senato-mattarellum-1993-corrected,TOSCANA,6,ABETONE,whole,,91,ABE TONE,1.0
senato-mattarellum-1993-corrected,TOSCANA,6,BUGGIANO,whole,,91,BUGGIANO,1.0
senato-mattarellum-1993-corrected,TOSCANA,6,CUTIGLIANO,whole,,91,CUTIGL IANO,1.0
senato-mattarellum-1993-corrected,TOSCANA,6,MARLIANA,whole,,91,HARLIANA,1.0
senato-mattarellum-1993-corrected,TOSCANA,6,MASSA E COZZILE,whole,,91,HASSA E COZZILE,1.0
senato-mattarellum-1993-corrected,TOSCANA,6,MONSUMMANO TERME,whole,,91,MONSUMMANO TERME,1.0
senato-mattarellum-1993-corrected,TOSCANA,6,MONTECATINI-TERME,whole,,91,MONTECATINI-TERME,1.0
senato-mattarellum-1993-corrected,TOSCANA,6,PESCIA,whole,,91,PESCIA,1.0
senato-mattarellum-1993-corrected,TOSCANA,6,PIEVE A NIEVOLE,whole,,91,PIEVE A NIEVOLE,1.0
senato-mattarellum-1993-corrected,TOSCANA,6,PISTOIA,whole,,91,PISTOIA,1.0
senato-mattarellum-1993-corrected,TOSCANA,6,PITEGLIO,whole,,91,PITESL IO,0.875
senato-mattarellum-1993-corrected,TOSCANA,6,PONTE BUGGIANESE,whole,,91,PONTE BUGGIANESE,1.0
senato-mattarellum-1993-corrected,TOSCANA,6,SAMBUCA PISTOIESE,whole,,91,SAMBUCA PISTOIESE,1.0
senato-mattarellum-1993-corrected,TOSCANA,6,SAN MARCELLO PISTOIESE,whole,,91,SAN MARCELLO PISTO1ESE,1.0
senato-mattarellum-1993-corrected,TOSCANA,6,SERRAVALLE PISTOIESE,whole,,91,SERRAVALLE PISTOLTESE,0.9
senato-mattarellum-1993-corrected,TOSCANA,6,UZZANO,whole,,91,UZZANO,1.0
senato-mattarellum-1993-corrected,TOSCANA,6,CHIESINA UZZANESE,whole,,91,CHIESINA UZZANESE,1.0
senato-mattarellum-1993-corrected,TOSCANA,7,ANGHIARI,whole,,91,ANGHIARI,1.0
senato-mattarellum-1993-corrected,TOSCANA,7,AREZZO,whole,,91,AREZZO,1.0
senato-mattarellum-1993-corrected,TOSCANA,7,BADIA TEDALDA,whole,,91,BADIA TEDALDA,1.0
senato-mattarellum-1993-corrected,TOSCANA,7,BIBBIENA,whole,,91,BIBBIENA,1.0
senato-mattarellum-1993-corrected,TOSCANA,7,BUCINE,whole,,91,BUCINE,1.0
senato-mattarellum-1993-corrected,TOSCANA,7,CAPOLONA,whole,,91,CAPOL ONA,1.0
senato-mattarellum-1993-corrected,TOSCANA,7,CAPRESE MICHELANGELO,whole,,91,CAPRESE MICHELANGELO,1.0
senato-mattarellum-1993-corrected,TOSCANA,7,CASTEL FOCOGNANO,whole,,91,CASTEL FOCOGNANO,1.0
senato-mattarellum-1993-corrected,TOSCANA,7,CASTEL SAN NICCOLO',whole,,91,CASTEL SAN NIiICCOLO*',0.889
senato-mattarellum-1993-corrected,TOSCANA,7,CASTIGLION FIBOCCHI,whole,,91,CASTIGLION FIBGCCHI,0.944
senato-mattarellum-1993-corrected,TOSCANA,7,CAVRIGLIA,whole,,91,CAVRIGLIA,1.0
senato-mattarellum-1993-corrected,TOSCANA,7,CHITIGNANO,whole,,91,CHITIGNANO,1.0
senato-mattarellum-1993-corrected,TOSCANA,7,CHIUSI DELLA VERNA,whole,,91,CHIUSI DELLA VERNA,1.0
senato-mattarellum-1993-corrected,TOSCANA,7,CIVITELLA IN VAL DI CHIANA,whole,,91,CIVITELLA IN VAL DI CHIANA,1.0
senato-mattarellum-1993-corrected,TOSCANA,7,LATERINA,whole,,91,LATERINA,1.0
senato-mattarellum-1993-corrected,TOSCANA,7,MONTEMIGNAIO,whole,,91,MONTEMIGNAITCO,0.857
senato-mattarellum-1993-corrected,TOSCANA,7,MONTERCHI,whole,,91,MONTERCHI,1.0
senato-mattarellum-1993-corrected,TOSCANA,7,MONTE SAN SAVINO,whole,,91,MONTE SAN SAVINO,1.0
senato-mattarellum-1993-corrected,TOSCANA,7,MONTEVARCHI,whole,,91,MONTE VARCHI,1.0
senato-mattarellum-1993-corrected,TOSCANA,7,ORTIGNANO RAGGIOLO,whole,,91,ORTIGNANGO RAGGIOLO,0.944
senato-mattarellum-1993-corrected,TOSCANA,7,PERGINE VALDARNO,whole,,91,PERGINE VALDARNO,1.0
senato-mattarellum-1993-corrected,TOSCANA,7,PIEVE SANTO STEFANO,whole,,91,PIEVE SANTO STEFANO,1.0
senato-mattarellum-1993-corrected,TOSCANA,7,POPPI,whole,,91,POPPI,1.0
senato-mattarellum-1993-corrected,TOSCANA,7,PRATOVECCHIO,whole,,91,PRATOVECCHIO,1.0
senato-mattarellum-1993-corrected,TOSCANA,7,SAN GIOVANNI VALDARNO,whole,,92,SAN GIOVANNI VALDARNO,1.0
senato-mattarellum-1993-corrected,TOSCANA,7,SANSEPOLCRO,whole,,92,SANSEPOLCRO,1.0
senato-mattarellum-1993-corrected,TOSCANA,7,SESTINO,whole,,92,SESTINO,1.0
senato-mattarellum-1993-corrected,TOSCANA,7,STIA,whole,,92,STIA,1.0
senato-mattarellum-1993-corrected,TOSCANA,7,SUBBIANO,whole,,92,SUBBITANO,0.889
senato-mattarellum-1993-corrected,TOSCANA,7,TALLA,whole,,92,TALLA,1.0
senato-mattarellum-1993-corrected,TOSCANA,8,AULLA,whole,,92,AULLA,1.0
senato-mattarellum-1993-corrected,TOSCANA,8,BAGNONE,whole,,92,BAGNONE,1.0
senato-mattarellum-1993-corrected,TOSCANA,8,CARRARA,whole,,92,CARRARA,1.0
senato-mattarellum-1993-corrected,TOSCANA,8,CASOLA IN LUNIGIANA,whole,,92,CASOLA IN LUNIGIANA,1.0
senato-mattarellum-1993-corrected,TOSCANA,8,COMANO,whole,,92,COMANO,1.0
senato-mattarellum-1993-corrected,TOSCANA,8,FILATTIERA,whole,,92,FILATTIERA,1.0
senato-mattarellum-1993-corrected,TOSCANA,8,FIVIZZANO,whole,,92,F1V12ZZANO,1.0
senato-mattarellum-1993-corrected,TOSCANA,8,FOSDINOVO,whole,,92,FOSDINOVO,1.0
senato-mattarellum-1993-corrected,TOSCANA,8,LICCIANA NARDI,whole,,92,LICCIANA NARDI,1.0
senato-mattarellum-1993-corrected,TOSCANA,8,MASSA,whole,,92,MASSA,1.0
senato-mattarellum-1993-corrected,TOSCANA,8,MONTIGNOSO,whole,,92,HONTIGNOSO,1.0
senato-mattarellum-1993-corrected,TOSCANA,8,MULAZZO,whole,,92,HULAZZO,1.0
senato-mattarellum-1993-corrected,TOSCANA,8,PODENZANA,whole,,92,PODENZANA,1.0
senato-mattarellum-1993-corrected,TOSCANA,8,PONTREMOLI,whole,,92,PONTREMOLI,1.0
senato-mattarellum-1993-corrected,TOSCANA,8,TRESANA,whole,,92,TRESANA,1.0
senato-mattarellum-1993-corrected,TOSCANA,8,VILLAFRANCA IN LUNIGIANA,whole,,92,VILLAFRANCA IN LUNIGIANA,1.0
senato-mattarellum-1993-corrected,TOSCANA,8,ZERI,whole,,92,ZERI,1.0
senato-mattarellum-1993-corrected,TOSCANA,8,FORTE DEI MARMI,whole,,92,FORTE DEI MARNI,0.923
senato-mattarellum-1993-corrected,TOSCANA,8,PIETRASANTA,whole,,92,PIETRASANTA,1.0
senato-mattarellum-1993-corrected,TOSCANA,8,SERAVEZZA,whole,,92,SERAVEZZA,1.0
senato-mattarellum-1993-corrected,TOSCANA,8,STAZZEMA,whole,,92,STAZZEMA,1.0
senato-mattarellum-1993-corrected,TOSCANA,9,BAGNI DI LUCCA,whole,,92,BAGNI DI LUCCA,1.0
senato-mattarellum-1993-corrected,TOSCANA,9,BARGA,whole,,92,BAR GA,1.0
senato-mattarellum-1993-corrected,TOSCANA,9,BORGO A MOZZANO,whole,,92,BORGO A MOZZANO,1.0
senato-mattarellum-1993-corrected,TOSCANA,9,CAMAIORE,whole,,92,CAMAIORE,1.0
senato-mattarellum-1993-corrected,TOSCANA,9,CAMPORGIANO,whole,,92,CAMHPORG IANO,0.917
senato-mattarellum-1993-corrected,TOSCANA,9,CAREGGINE,whole,,92,CAREGGINE,1.0
senato-mattarellum-1993-corrected,TOSCANA,9,CASTELNUOVO DI GARFAGNANA,whole,,92,CASTELNUOVO DI GARFAGNANA,1.0
senato-mattarellum-1993-corrected,TOSCANA,9,CASTIGLIONE DI GARFAGNANA,whole,,92,CASTIGLIONE DI GARFAGNANA,1.0
senato-mattarellum-1993-corrected,TOSCANA,9,COREGLIA ANTELMINELLI,whole,,92,COREGLIA ANTELMINELLI,1.0
senato-mattarellum-1993-corrected,TOSCANA,9,FABBRICHE DI VALLICO,whole,,92,FABBRICHE DI VALLICO,1.0
senato-mattarellum-1993-corrected,TOSCANA,9,FOSCIANDORA,whole,,92,FOSCIANDORA,1.0
senato-mattarellum-1993-corrected,TOSCANA,9,GALLICANO,whole,,92,GALLICANO,1.0
senato-mattarellum-1993-corrected,TOSCANA,9,GIUNCUGNANO,whole,,92,GIUNCUGNANO,1.0
senato-mattarellum-1993-corrected,TOSCANA,9,LUCCA,whole,,92,LUCCA,1.0
senato-mattarellum-1993-corrected,TOSCANA,9,MASSAROSA,whole,,92,MASSAROSA,1.0
senato-mattarellum-1993-corrected,TOSCANA,9,MINUCCIANO,whole,,92,HMINUCCITANO,0.833
senato-mattarellum-1993-corrected,TOSCANA,9,MOLAZZANA,whole,,92,HOLAZZANA,1.0
senato-mattarellum-1993-corrected,TOSCANA,9,PESCAGLIA,whole,,92,PESCAGLIA,1.0
senato-mattarellum-1993-corrected,TOSCANA,9,PIAZZA AL SERCHIO,whole,,92,PIAZZA AL SERCHIO,1.0
senato-mattarellum-1993-corrected,TOSCANA,9,PIEVE FOSCIANA,whole,,92,PIEVE FOSCIANA,1.0
senato-mattarellum-1993-corrected,TOSCANA,9,SAN ROMANO IN GARFAGNANA,whole,,92,SAN ROMANO IN GARFAGNANA,1.0
senato-mattarellum-1993-corrected,TOSCANA,9,SILLANO,whole,,92,SILLANGO,0.875
senato-mattarellum-1993-corrected,TOSCANA,9,VAGLI SOTTO,whole,,92,VAGLI SOTTO,1.0
senato-mattarellum-1993-corrected,TOSCANA,9,VERGEMOLI,whole,,92,VERGENMOLI,0.9
senato-mattarellum-1993-corrected,TOSCANA,9,VIAREGGIO,whole,,92,VIAREGGIO,1.0
senato-mattarellum-1993-corrected,TOSCANA,9,VILLA BASILICA,whole,,92,VILLA BASILICA,1.0
senato-mattarellum-1993-corrected,TOSCANA,9,VILLA COLLEMANDINA,whole,,92,VILLA COLLEMANDINA,1.0
senato-mattarellum-1993-corrected,TOSCANA,10,BIENTINA,whole,,92,BIENTINA,1.0
senato-mattarellum-1993-corrected,TOSCANA,10,BUTI,whole,,92,BUTI,1.0
senato-mattarellum-1993-corrected,TOSCANA,10,CALCI,whole,,92,CALCI,1.0
senato-mattarellum-1993-corrected,TOSCANA,10,CALCINAIA,whole,,92,CALCINAIA,1.0
senato-mattarellum-1993-corrected,TOSCANA,10,CASCINA,whole,,92,CASCINA,1.0
senato-mattarellum-1993-corrected,TOSCANA,10,CASTELFRANCO DI SOTTO,whole,,92,CASTELFRANCO DI SOTTO,1.0
senato-mattarellum-1993-corrected,TOSCANA,10,PISA,whole,,93,P1SA,1.0
senato-mattarellum-1993-corrected,TOSCANA,10,SAN GIULIANO TERME,whole,,93,SAN GIULIANO TERME,1.0
senato-mattarellum-1993-corrected,TOSCANA,10,SANTA CROCE SULL'ARNO,whole,,93,SANTA CROCE SULL'ARNO,1.0
senato-mattarellum-1993-corrected,TOSCANA,10,SANTA MARIA A MONTE,whole,,93,SANTA MARIA A MONTE,1.0
senato-mattarellum-1993-corrected,TOSCANA,10,VECCHIANO,whole,,93,VECCHIANO,1.0
senato-mattarellum-1993-corrected,TOSCANA,10,VICOPISANO,whole,,93,VICOPISANO,1.0
senato-mattarellum-1993-corrected,TOSCANA,11,CASTELFIORENTINO,whole,,93,CASTELFIORENTINO,1.0
senato-mattarellum-1993-corrected,TOSCANA,11,FUCECCHIO,whole,,93,FUCECCHIO,1.0
senato-mattarellum-1993-corrected,TOSCANA,11,GAMBASSI TERME,whole,,93,GAMBASSI TERME,1.0
senato-mattarellum-1993-corrected,TOSCANA,11,MONTAIONE,whole,,93,MONTA IONE,1.0
senato-mattarellum-1993-corrected,TOSCANA,11,CAPANNOLI,whole,,93,CAPANNOLI,1.0
senato-mattarellum-1993-corrected,TOSCANA,11,CASALE MARITTIMO,whole,,93,CASALE MARITTIMO,1.0
senato-mattarellum-1993-corrected,TOSCANA,11,CASCIANA TERME,whole,,93,CASCIANA TERME,1.0
senato-mattarellum-1993-corrected,TOSCANA,11,CASTELLINA MARITTIMA,whole,,93,CASTELLINA MARITTIMA,1.0
senato-mattarellum-1993-corrected,TOSCANA,11,CASTELNUOVO DI VAL DI CECINA,whole,,93,CASTELNUOVO DI VAL DI CECINA,1.0
senato-mattarellum-1993-corrected,TOSCANA,11,CHIANNI,whole,,93,CHIANNI,1.0
senato-mattarellum-1993-corrected,TOSCANA,11,CRESPINA,whole,,93,CRESPINA,1.0
senato-mattarellum-1993-corrected,TOSCANA,11,FAUGLIA,whole,,93,FAUGLIA,1.0
senato-mattarellum-1993-corrected,TOSCANA,11,GUARDISTALLO,whole,,93,GUARDISTALLO,1.0
senato-mattarellum-1993-corrected,TOSCANA,11,LAJATICO,whole,,93,LAJATICO,1.0
senato-mattarellum-1993-corrected,TOSCANA,11,LARI,whole,,93,LARI,1.0
senato-mattarellum-1993-corrected,TOSCANA,11,LORENZANA,whole,,93,LORENZANA,1.0
senato-mattarellum-1993-corrected,TOSCANA,11,MONTECATINI VAL DI CECINA,whole,,93,MONTECATINI YAL OI CECINA,0.909
senato-mattarellum-1993-corrected,TOSCANA,11,MONTESCUDAIO,whole,,93,MONFTESCUDA1O,0.923
senato-mattarellum-1993-corrected,TOSCANA,11,MONTEVERDI MARITTIMO,whole,,93,MONTEVERDI MARITTIMO,1.0
senato-mattarellum-1993-corrected,TOSCANA,11,MONTOPOLI IN VAL D'ARNO,whole,,93,MONTOPOLI IN VAL D'ARHNO,0.95
senato-mattarellum-1993-corrected,TOSCANA,11,ORCIANO PISANO,whole,,93,ORCIANO PISANO,1.0
senato-mattarellum-1993-corrected,TOSCANA,11,PALAIA,whole,,93,PALAIA,1.0
senato-mattarellum-1993-corrected,TOSCANA,11,PECCIOLI,whole,,93,PECCIOLI,1.0
senato-mattarellum-1993-corrected,TOSCANA,11,POMARANCE,whole,,93,POMARANCE,1.0
senato-mattarellum-1993-corrected,TOSCANA,11,PONSACCO,whole,,93,PONSACCO,1.0
senato-mattarellum-1993-corrected,TOSCANA,11,PONTEDERA,whole,,93,PONTENERA,0.889
senato-mattarellum-1993-corrected,TOSCANA,11,RIPARBELLA,whole,,93,RIPARBELLA,1.0
senato-mattarellum-1993-corrected,TOSCANA,11,SAN MINIATO,whole,,93,SAN MINIATO,1.0
senato-mattarellum-1993-corrected,TOSCANA,11,SANTA LUCE,whole,,93,SANTA LUCE,1.0
senato-mattarellum-1993-corrected,TOSCANA,11,TERRICCIOLA,whole,,93,TERRICCIOLA,1.0
senato-mattarellum-1993-corrected,TOSCANA,11,VOLTERRA,whole,,93,YOLTERRA,0.875
senato-mattarellum-1993-corrected,TOSCANA,11,CASOLE D'ELSA,whole,,93,CASOLE D'ELSA,1.0
senato-mattarellum-1993-corrected,TOSCANA,11,COLLE DI VAL D'ELSA,whole,,93,COLLE DI VAL D'ELSA,1.0
senato-mattarellum-1993-corrected,TOSCANA,11,POGGIBONSI,whole,,93,POGGIBONSI,1.0
senato-mattarellum-1993-corrected,TOSCANA,11,RADICONDOLI,whole,,93,RADICONBDBOLI,0.846
senato-mattarellum-1993-corrected,TOSCANA,11,SAN GIMIGNANO,whole,,93,SAN GIMIGNANO,1.0
senato-mattarellum-1993-corrected,TOSCANA,12,CASTIGLION FIORENTINO,whole,,93,CASTIGLION FIORENTINO,1.0
senato-mattarellum-1993-corrected,TOSCANA,12,CORTONA,whole,,93,CORTONA,1.0
senato-mattarellum-1993-corrected,TOSCANA,12,FOIANO DELLA CHIANA,whole,,93,FOTANO DELLI.A CHIANA,0.889
senato-mattarellum-1993-corrected,TOSCANA,12,LUCIGNANO,whole,,93,LUCIGNANO,1.0
senato-mattarellum-1993-corrected,TOSCANA,12,MARCIANO DELLA CHIANA,whole,,93,MARCIANO DELLA CHIANA,1.0
senato-mattarellum-1993-corrected,TOSCANA,12,ABBADIA SAN SALVATORE,whole,,93,ABBADIA SAN SALVATORE,1.0
senato-mattarellum-1993-corrected,TOSCANA,12,ASCIANO,whole,,93,ASCITANO,0.875
senato-mattarellum-1993-corrected,TOSCANA,12,BUONCONVENTO,whole,,93,BUONCONVENTO,1.0
senato-mattarellum-1993-corrected,TOSCANA,12,CASTELLINA IN CHIANTI,whole,,93,CASTELLINA IN CHIANTI,1.0
senato-mattarellum-1993-corrected,TOSCANA,12,CASTELNUOVO BERARDENGA,whole,,93,CASTELNUOVO BERARDENGA,1.0
senato-mattarellum-1993-corrected,TOSCANA,12,CASTIGLIONE D'ORCIA,whole,,93,CASTIGLIONE D'ORCIA,1.0
senato-mattarellum-1993-corrected,TOSCANA,12,CETONA,whole,,93,CETONA,1.0
senato-mattarellum-1993-corrected,TOSCANA,12,CHIANCIANO TERME,whole,,93,CHIANCIANO TERME,1.0
senato-mattarellum-1993-corrected,TOSCANA,12,CHIUSDINO,whole,,93,CHIUSDING,0.889
senato-mattarellum-1993-corrected,TOSCANA,12,CHIUSI,whole,,93,CHIUSI,1.0
senato-mattarellum-1993-corrected,TOSCANA,12,GAIOLE IN CHIANTI,whole,,93,GAIOLE IN CHIANTI,1.0
senato-mattarellum-1993-corrected,TOSCANA,12,MONTALCINO,whole,,93,MONTALCINO,1.0
senato-mattarellum-1993-corrected,TOSCANA,12,MONTEPULCIANO,whole,,93,MONTEPULCIANO,1.0
senato-mattarellum-1993-corrected,TOSCANA,12,MONTERIGGIONI,whole,,93,MONTERIGGIONI,1.0
senato-mattarellum-1993-corrected,TOSCANA,12,MONTERONI D'ARBIA,whole,,93,MONTERONI D'ARBIA,1.0
senato-mattarellum-1993-corrected,TOSCANA,12,MONTICIANO,whole,,93,MONTICIANO,1.0
senato-mattarellum-1993-corrected,TOSCANA,12,MURLO,whole,,94,MURLO,1.0
senato-mattarellum-1993-corrected,TOSCANA,12,PIANCASTAGNAIO,whole,,94,PIANCASTAGNA1O,1.0
senato-mattarellum-1993-corrected,TOSCANA,12,PIENZA,whole,,94,PIENZA,1.0
senato-mattarellum-1993-corrected,TOSCANA,12,RADDA IN CHIANTI,whole,,94,RADDA IN CHIANTE,0.929
senato-mattarellum-1993-corrected,TOSCANA,12,RADICOFANI,whole,,94,RADICOF ANI,1.0
senato-mattarellum-1993-corrected,TOSCANA,12,RAPOLANO TERME,whole,,94,RAPOLANO TERME,1.0
senato-mattarellum-1993-corrected,TOSCANA,12,SAN CASCIANO DEI BAGNI,whole,,94,SAN CASCIANO DEI BAGNI,1.0
senato-mattarellum-1993-corrected,TOSCANA,12,SAN GIOVANNI D'ASSO,whole,,94,SAN GIOVANNI D'ASSO,1.0
senato-mattarellum-1993-corrected,TOSCANA,12,SAN QUIRICO D'ORCIA,whole,,94,SAN QUIRICO D'ORCIA,1.0
senato-mattarellum-1993-corrected,TOSCANA,12,SARTEANO,whole,,94,SARTE ANO,1.0
senato-mattarellum-1993-corrected,TOSCANA,12,SIENA,whole,,94,SIENA,1.0
senato-mattarellum-1993-corrected,TOSCANA,12,SINALUNGA,whole,,94,SINALUNGA,1.0
senato-mattarellum-1993-corrected,TOSCANA,12,SOVICILLE,whole,,94,SOVICILLE,1.0
senato-mattarellum-1993-corrected,TOSCANA,12,TORRITA DI SIENA,whole,,94,TORRITA DI SIENA,1.0
senato-mattarellum-1993-corrected,TOSCANA,12,TREQUANDA,whole,,94,TREQUANDA,1.0
senato-mattarellum-1993-corrected,TOSCANA,12,ARCIDOSSO,whole,,94,ARCI1DOSSO,0.9
senato-mattarellum-1993-corrected,TOSCANA,12,CASTEL DEL PIANO,whole,,94,CASTEL DEL PIANO,1.0
senato-mattarellum-1993-corrected,TOSCANA,12,CASTELL'AZZARA,whole,,94,CASTELL'AZZARA,1.0
senato-mattarellum-1993-corrected,TOSCANA,12,ROCCALBEGNA,whole,,94,ROCCALBEGNA,1.0
senato-mattarellum-1993-corrected,TOSCANA,12,SANTA FIORA,whole,,94,SANTA FIORA,1.0
senato-mattarellum-1993-corrected,TOSCANA,12,SEGGIANO,whole,,94,SEGG IANO,1.0
senato-mattarellum-1993-corrected,TOSCANA,12,SEMPRONIANO,whole,,94,SEMPRONITANO,0.917
senato-mattarellum-1993-corrected,TOSCANA,13,BIBBONA,whole,,94,BIBBONA,1.0
senato-mattarellum-1993-corrected,TOSCANA,13,CAMPIGLIA MARITTIMA,whole,,94,CAMPIGLIA MARITTIMA,1.0
senato-mattarellum-1993-corrected,TOSCANA,13,CAPRAIA ISOLA,whole,,94,CAPRAIA ISOLA,1.0
senato-mattarellum-1993-corrected,TOSCANA,13,CASTAGNETO CARDUCCI,whole,,94,CASTAGNETO CARDUCCI,1.0
senato-mattarellum-1993-corrected,TOSCANA,13,CECINA,whole,,94,CECINA,1.0
senato-mattarellum-1993-corrected,TOSCANA,13,COLLESALVETTI,whole,,94,COLLESALVETTI,1.0
senato-mattarellum-1993-corrected,TOSCANA,13,LIVORNO,whole,,94,LIVORNO,1.0
senato-mattarellum-1993-corrected,TOSCANA,13,ROSIGNANO MARITTIMO,whole,,94,ROSIGNANO MARITTIMO,1.0
senato-mattarellum-1993-corrected,TOSCANA,13,SAN VINCENZO,whole,,94,SAN VINCENZO,1.0
senato-mattarellum-1993-corrected,TOSCANA,13,SASSETTA,whole,,94,SASSETTA,1.0
senato-mattarellum-1993-corrected,TOSCANA,13,SUVERETO,whole,,94,SUVERETO,1.0
senato-mattarellum-1993-corrected,TOSCANA,14,CAMPO NELL'ELBA,whole,,94,CAMPO NELL’'ELBA,1.0
senato-mattarellum-1993-corrected,TOSCANA,14,CAPOLIVERI,whole,,94,CAPOLIVERI,1.0
senato-mattarellum-1993-corrected,TOSCANA,14,MARCIANA,whole,,94,MARCIANA,1.0
senato-mattarellum-1993-corrected,TOSCANA,14,MARCIANA MARINA,whole,,94,MARCIANA MARINA,1.0
senato-mattarellum-1993-corrected,TOSCANA,14,PIOMBINO,whole,,94,PIOMBINO,1.0
senato-mattarellum-1993-corrected,TOSCANA,14,PORTO AZZURRO,whole,,94,PORTO AZZURRO,1.0
senato-mattarellum-1993-corrected,TOSCANA,14,PORTOFERRAIO,whole,,94,PORTOFERRAIO,1.0
senato-mattarellum-1993-corrected,TOSCANA,14,RIO MARINA,whole,,94,R10 NARINA,0.889
senato-mattarellum-1993-corrected,TOSCANA,14,RIO NELL'ELBA,whole,,94,RIO NELL'ELBA,1.0
senato-mattarellum-1993-corrected,TOSCANA,14,CAMPAGNATICO,whole,,94,CAMPAGNATICO,1.0
senato-mattarellum-1993-corrected,TOSCANA,14,CAPALBIO,whole,,94,CAPALBIO,1.0
senato-mattarellum-1993-corrected,TOSCANA,14,CASTIGLIONE DELLA PESCAIA,whole,,94,CASTIGLIONE DELLA PESCAIA,1.0
senato-mattarellum-1993-corrected,TOSCANA,14,CINIGIANO,whole,,94,CINIGIANO,1.0
senato-mattarellum-1993-corrected,TOSCANA,14,CIVITELLA PAGANICO,whole,,94,CIVITELLA PAGANICO,1.0
senato-mattarellum-1993-corrected,TOSCANA,14,FOLLONICA,whole,,94,FOLLONICA,1.0
senato-mattarellum-1993-corrected,TOSCANA,14,GAVORRANO,whole,,94,GAVORRANO,1.0
senato-mattarellum-1993-corrected,TOSCANA,14,GROSSETO,whole,,94,GROSSE TO,1.0
senato-mattarellum-1993-corrected,TOSCANA,14,ISOLA DEL GIGLIO,whole,,94,ISOLA DEL GIGLIO,1.0
senato-mattarellum-1993-corrected,TOSCANA,14,MAGLIANO IN TOSCANA,whole,,94,MAGLIANO IN TOSCANA,1.0
senato-mattarellum-1993-corrected,TOSCANA,14,MANCIANO,whole,,94,HANCIANO,1.0
senato-mattarellum-1993-corrected,TOSCANA,14,MASSA MARITTIMA,whole,,94,MASSA MARITTIMA,1.0
senato-mattarellum-1993-corrected,TOSCANA,14,MONTE ARGENTARIO,whole,,94,MONTE ARGENTARIO,1.0
senato-mattarellum-1993-corrected,TOSCANA,14,MONTIERI,whole,,94,MONTIERI,1.0
senato-mattarellum-1993-corrected,TOSCANA,14,ORBETELLO,whole,,94,ORBETELLO,1.0
senato-mattarellum-1993-corrected,TOSCANA,14,PITIGLIANO,whole,,94,PITIGLIANO,1.0
senato-mattarellum-1993-corrected,TOSCANA,14,ROCCASTRADA,whole,,94,ROCCASTRADA,1.0
senato-mattarellum-1993-corrected,TOSCANA,14,SCANSANO,whole,,94,SCANSANO,1.0
senato-mattarellum-1993-corrected,TOSCANA,14,SCARLINO,whole,,94,SCARLINO,1.0
senato-mattarellum-1993-corrected,TOSCANA,14,SORANO,whole,,94,SORANO,1.0
senato-mattarellum-1993-corrected,TOSCANA,14,MONTEROTONDO MARITTIMO,whole,,94,MONTEROTONDO MARITTIMO,1.0
senato-mattarellum-1993-corrected,UMBRIA,1,BETTONA,whole,,95,BETTONA,1.0
senato-mattarellum-1993-corrected,UMBRIA,1,DERUTA,whole,,95,DERUTA,1.0
senato-mattarellum-1993-corrected,UMBRIA,1,PERUGIA,whole,,95,PERUGIA,1.0
senato-mattarellum-1993-corrected,UMBRIA,1,TORGIANO,whole,,95,TORGIANO,1.0
senato-mattarellum-1993-corrected,UMBRIA,2,CASTIGLIONE DEL LAGO,whole,,95,CASTIGLIGNE DEL LAGO,0.944
senato-mattarellum-1993-corrected,UMBRIA,2,CITTA' DELLA PIEVE,whole,,95,CITTA' DELLA PIEVE,1.0
senato-mattarellum-1993-corrected,UMBRIA,2,COLLAZZONE,whole,,95,COLLAZZUNE,0.9
senato-mattarellum-1993-corrected,UMBRIA,2,CORCIANO,whole,,95,CORCIANO,1.0
senato-mattarellum-1993-corrected,UMBRIA,2,FRATTA TODINA,whole,,95,FRATTA YODINA,0.917
senato-mattarellum-1993-corrected,UMBRIA,2,MAGIONE,whole,,95,MAGIONE,1.0
senato-mattarellum-1993-corrected,UMBRIA,2,MARSCIANO,whole,,95,MARSCIANO,1.0
senato-mattarellum-1993-corrected,UMBRIA,2,MONTE CASTELLO DI VIBIO,whole,,95,MONTE CASTELLO DI VIBIO,1.0
senato-mattarellum-1993-corrected,UMBRIA,2,PACIANO,whole,,95,PACIANO,1.0
senato-mattarellum-1993-corrected,UMBRIA,2,PANICALE,whole,,95,PANICALE,1.0
senato-mattarellum-1993-corrected,UMBRIA,2,PASSIGNANO SUL TRASIMENO,whole,,95,PASSIGNANO SUL TRASIMENO,1.0
senato-mattarellum-1993-corrected,UMBRIA,2,PIEGARO,whole,,95,PIEGARO,1.0
senato-mattarellum-1993-corrected,UMBRIA,2,TODI,whole,,95,TODI,1.0
senato-mattarellum-1993-corrected,UMBRIA,2,TUORO SUL TRASIMENO,whole,,95,TUORO SUL TRASIMENO,1.0
senato-mattarellum-1993-corrected,UMBRIA,2,ALLERONA,whole,,95,ALLERONA,1.0
senato-mattarellum-1993-corrected,UMBRIA,2,ALVIANO,whole,,95,ALVIANO,1.0
senato-mattarellum-1993-corrected,UMBRIA,2,AMELIA,whole,,95,AMELTA,0.833
senato-mattarellum-1993-corrected,UMBRIA,2,ATTIGLIANO,whole,,95,ATTIGLIANO,1.0
senato-mattarellum-1993-corrected,UMBRIA,2,BASCHI,whole,,95,BASCHI,1.0
senato-mattarellum-1993-corrected,UMBRIA,2,CASTEL GIORGIO,whole,,95,CASTEL GIORGIO,1.0
senato-mattarellum-1993-corrected,UMBRIA,2,CASTEL VISCARDO,whole,,95,CASTEL VISCARDO,1.0
senato-mattarellum-1993-corrected,UMBRIA,2,FABRO,whole,,95,FABRO,1.0
senato-mattarellum-1993-corrected,UMBRIA,2,FICULLE,whole,,95,FICULLE,1.0
senato-mattarellum-1993-corrected,UMBRIA,2,GIOVE,whole,,95,GIOVE,1.0
senato-mattarellum-1993-corrected,UMBRIA,2,GUARDEA,whole,,95,GUARDEA,1.0
senato-mattarellum-1993-corrected,UMBRIA,2,LUGNANO IN TEVERINA,whole,,95,LUGNANO IN TEVERINA,1.0
senato-mattarellum-1993-corrected,UMBRIA,2,MONTECCHIO,whole,,95,MONTECCHIO,1.0
senato-mattarellum-1993-corrected,UMBRIA,2,MONTEGABBIONE,whole,,95,HONTEGABB IONE,1.0
senato-mattarellum-1993-corrected,UMBRIA,2,MONTELEONE D'ORVIETO,whole,,95,MONTELEONE D'ORVIETO,1.0
senato-mattarellum-1993-corrected,UMBRIA,2,ORVIETO,whole,,95,ORVIETO,1.0
senato-mattarellum-1993-corrected,UMBRIA,2,PARRANO,whole,,95,PARRANO,1.0
senato-mattarellum-1993-corrected,UMBRIA,2,PENNA IN TEVERINA,whole,,95,PENNA IN TEVERINA,1.0
senato-mattarellum-1993-corrected,UMBRIA,2,PORANO,whole,,95,PORANO,1.0
senato-mattarellum-1993-corrected,UMBRIA,2,SAN VENANZO,whole,,95,SAN VENANZO,1.0
senato-mattarellum-1993-corrected,UMBRIA,3,ASSISI,whole,,95,ASSISI,1.0
senato-mattarellum-1993-corrected,UMBRIA,3,BASTIA,whole,,95,BASTIA,1.0
senato-mattarellum-1993-corrected,UMBRIA,3,CITERNA,whole,,95,CITERNA,1.0
senato-mattarellum-1993-corrected,UMBRIA,3,CITTA' DI CASTELLO,whole,,95,CITTA! DI CASTELLO,1.0
senato-mattarellum-1993-corrected,UMBRIA,3,COSTACCIARO,whole,,95,COSTACCITARO,0.917
senato-mattarellum-1993-corrected,UMBRIA,3,FOSSATO DI VICO,whole,,95,FOSSATO DI vICO,1.0
senato-mattarellum-1993-corrected,UMBRIA,3,GUALDO TADINO,whole,,95,GUALDO TADINO,1.0
senato-mattarellum-1993-corrected,UMBRIA,3,GUBBIO,whole,,95,GUBBIO,1.0
senato-mattarellum-1993-corrected,UMBRIA,3,LISCIANO NICCONE,whole,,95,LISCIANO NICCONE,1.0
senato-mattarellum-1993-corrected,UMBRIA,3,MONTE SANTA MARIA TIBERINA,whole,,95,MONTE SANTA MARIA TIBERINA,1.0
senato-mattarellum-1993-corrected,UMBRIA,3,MONTONE,whole,,95,MONTONE,1.0
senato-mattarellum-1993-corrected,UMBRIA,3,PIETRALUNGA,whole,,95,PIETRALUNGA,1.0
senato-mattarellum-1993-corrected,UMBRIA,3,SAN GIUSTINO,whole,,95,SAN GIUSTINO,1.0
senato-mattarellum-1993-corrected,UMBRIA,3,SCHEGGIA E PASCELUPO,whole,,95,SCHEGGIA E PASCELUPO,1.0
senato-mattarellum-1993-corrected,UMBRIA,3,SIGILLO,whole,,95,SIGILLO,1.0
senato-mattarellum-1993-corrected,UMBRIA,3,,whole,,95,UNBERTEI BE,0.7
senato-mattarellum-1993-corrected,UMBRIA,3,VALFABBRICA,whole,,95,VALFABBRICA,1.0
senato-mattarellum-1993-corrected,UMBRIA,4,BEVAGNA,whole,,96,BEVAGNA,1.0
senato-mattarellum-1993-corrected,UMBRIA,4,CAMPELLO SUL CLITUNNO,whole,,96,CAMPELLO SUL CLITUNNO,1.0
senato-mattarellum-1993-corrected,UMBRIA,4,CANNARA,whole,,96,CANNARA,1.0
senato-mattarellum-1993-corrected,UMBRIA,4,CASCIA,whole,,96,CASCIA,1.0
senato-mattarellum-1993-corrected,UMBRIA,4,CASTEL RITALDI,whole,,96,CASTEL RITALDI,1.0
senato-mattarellum-1993-corrected,UMBRIA,4,CERRETO DI SPOLETO,whole,,96,CERRETO 01 SPOLETO,0.938
senato-mattarellum-1993-corrected,UMBRIA,4,FOLIGNO,whole,,96,FOLIGNO,1.0
senato-mattarellum-1993-corrected,UMBRIA,4,GIANO DELL'UMBRIA,whole,,96,GIANO DELL'UMBRIA,1.0
senato-mattarellum-1993-corrected,UMBRIA,4,GUALDO CATTANEO,whole,,96,GUALDO CATTANEO,1.0
senato-mattarellum-1993-corrected,UMBRIA,4,MASSA MARTANA,whole,,96,HASSA MARTANA,1.0
senato-mattarellum-1993-corrected,UMBRIA,4,MONTEFALCO,whole,,96,MONTEFALCO,1.0
senato-mattarellum-1993-corrected,UMBRIA,4,MONTELEONE DI SPOLETO,whole,,96,MONTELEONE DI SPOLETO,1.0
senato-mattarellum-1993-corrected,UMBRIA,4,NOCERA UMBRA,whole,,96,NOCERA UMBRA,1.0
senato-mattarellum-1993-corrected,UMBRIA,4,NORCIA,whole,,96,NORCIA,1.0
senato-mattarellum-1993-corrected,UMBRIA,4,POGGIODOMO,whole,,96,POGGIODOHMO,0.909
senato-mattarellum-1993-corrected,UMBRIA,4,PRECI,whole,,96,PRECI,1.0
senato-mattarellum-1993-corrected,UMBRIA,4,SANT'ANATOLIA DI NARCO,whole,,96,SANT*ANATOLIA DI NARCO,1.0
senato-mattarellum-1993-corrected,UMBRIA,4,SCHEGGINO,whole,,96,SCHEGGINO,1.0
senato-mattarellum-1993-corrected,UMBRIA,4,SELLANO,whole,,96,SELLANO,1.0
senato-mattarellum-1993-corrected,UMBRIA,4,SPELLO,whole,,96,SPELLO,1.0
senato-mattarellum-1993-corrected,UMBRIA,4,SPOLETO,whole,,96,SPOLETO,1.0
senato-mattarellum-1993-corrected,UMBRIA,4,TREVI,whole,,96,TREVI,1.0
senato-mattarellum-1993-corrected,UMBRIA,4,VALLO DI NERA,whole,,96,VALLO DI NERA,1.0
senato-mattarellum-1993-corrected,UMBRIA,4,VALTOPINA,whole,,96,VALTOPINA,1.0
senato-mattarellum-1993-corrected,UMBRIA,5,ACQUASPARTA,whole,,96,ACQUASPARTA,1.0
senato-mattarellum-1993-corrected,UMBRIA,5,ARRONE,whole,,96,ARRONE,1.0
senato-mattarellum-1993-corrected,UMBRIA,5,CALVI DELL'UMBRIA,whole,,96,CALY1 DELL'UMBRIA,0.933
senato-mattarellum-1993-corrected,UMBRIA,5,FERENTILLO,whole,,96,FERENTILLO,1.0
senato-mattarellum-1993-corrected,UMBRIA,5,MONTECASTRILLI,whole,,96,MONTECASTRILLI,1.0
senato-mattarellum-1993-corrected,UMBRIA,5,MONTEFRANCO,whole,,96,MOMTEFRANCO,0.909
senato-mattarellum-1993-corrected,UMBRIA,5,NARNI,whole,,96,NARNI,1.0
senato-mattarellum-1993-corrected,UMBRIA,5,OTRICOLI,whole,,96,DTRICOLI,0.875
senato-mattarellum-1993-corrected,UMBRIA,5,POLINO,whole,,96,POL INA,0.833
senato-mattarellum-1993-corrected,UMBRIA,5,SAN GEMINI,whole,,96,SAN GEHINI,1.0
senato-mattarellum-1993-corrected,UMBRIA,5,STRONCONE,whole,,96,STRONCONE,1.0
senato-mattarellum-1993-corrected,UMBRIA,5,TERNI,whole,,96,TERNI,1.0
senato-mattarellum-1993-corrected,UMBRIA,5,AVIGLIANO UMBRO,whole,,96,AVIGLIANO UMBRO,1.0
senato-mattarellum-1993-corrected,MARCHE,1,ACQUASANTA TERME,whole,,97,ACQUASANTA TERME,1.0
senato-mattarellum-1993-corrected,MARCHE,1,ACQUAVIVA PICENA,whole,,97,ACQUAVIVA PICENA,1.0
senato-mattarellum-1993-corrected,MARCHE,1,ALTIDONA,whole,,97,ALTIDONA,1.0
senato-mattarellum-1993-corrected,MARCHE,1,AMANDOLA,whole,,97,AMANDOLA,1.0
senato-mattarellum-1993-corrected,MARCHE,1,APPIGNANO DEL TRONTO,whole,,97,APPIGNANO DEL TRONTO,1.0
senato-mattarellum-1993-corrected,MARCHE,1,ARQUATA DEL TRONTO,whole,,97,ARQUATA DEL TRONTO,1.0
senato-mattarellum-1993-corrected,MARCHE,1,ASCOLI PICENO,whole,,97,ASCOLI PICENO,1.0
senato-mattarellum-1993-corrected,MARCHE,1,BELMONTE PICENO,whole,,97,BELMONTE PICENO,1.0
senato-mattarellum-1993-corrected,MARCHE,1,CAMPOFILONE,whole,,97,CAMPOF 1L ONE,1.0
senato-mattarellum-1993-corrected,MARCHE,1,CARASSAI,whole,,97,CARASSAI,1.0
senato-mattarellum-1993-corrected,MARCHE,1,CASTEL DI LAMA,whole,,97,CASTEL DI LAMA,1.0
senato-mattarellum-1993-corrected,MARCHE,1,CASTIGNANO,whole,,97,CASTIGNANO,1.0
senato-mattarellum-1993-corrected,MARCHE,1,CASTORANO,whole,,97,CASTORANO,1.0
senato-mattarellum-1993-corrected,MARCHE,1,COLLI DEL TRONTO,whole,,97,COLLI DEL TRONTO,1.0
senato-mattarellum-1993-corrected,MARCHE,1,COMUNANZA,whole,,97,COMUNANZA,1.0
senato-mattarellum-1993-corrected,MARCHE,1,COSSIGNANO,whole,,97,COSSIGNANO,1.0
senato-mattarellum-1993-corrected,MARCHE,1,CUPRA MARITTIMA,whole,,97,CUPRA MARITTIMA,1.0
senato-mattarellum-1993-corrected,MARCHE,1,FOLIGNANO,whole,,97,FOOL 1GNANO,0.9
senato-mattarellum-1993-corrected,MARCHE,1,FORCE,whole,,97,FORCE,1.0
senato-mattarellum-1993-corrected,MARCHE,1,GROTTAMMARE,whole,,97,GROTTAMMARE,1.0
senato-mattarellum-1993-corrected,MARCHE,1,GROTTAZZOLINA,whole,,97,GRUTTAZZOUL INA,0.857
senato-mattarellum-1993-corrected,MARCHE,1,LAPEDONA,whole,,97,LAPE DONA,1.0
senato-mattarellum-1993-corrected,MARCHE,1,MAGLIANO DI TENNA,whole,,97,MAGLIANO DI TENNA,1.0
senato-mattarellum-1993-corrected,MARCHE,1,MALTIGNANO,whole,,97,MALTIGNANO,1.0
senato-mattarellum-1993-corrected,MARCHE,1,MASSIGNANO,whole,,97,MASSIGNANO,1.0
senato-mattarellum-1993-corrected,MARCHE,1,MONSAMPIETRO MORICO,whole,,97,MUNSAMPIETRO MORICO,0.944
senato-mattarellum-1993-corrected,MARCHE,1,MONSAMPOLO DEL TRONTO,whole,,97,MONSAMPOLO DEL TRONTO,1.0
senato-mattarellum-1993-corrected,MARCHE,1,MONTALTO DELLE MARCHE,whole,,97,MONTALTO DELLE MARCHE,1.0
senato-mattarellum-1993-corrected,MARCHE,1,MONTEDINOVE,whole,,97,HONTEDINOVE,1.0
senato-mattarellum-1993-corrected,MARCHE,1,MONTEFALCONE APPENNINO,whole,,97,MONTEFALCONE APPENNINO,1.0
senato-mattarellum-1993-corrected,MARCHE,1,MONTEFIORE DELL'ASO,whole,,97,HONTEFIORE DELL *ASO,1.0
senato-mattarellum-1993-corrected,MARCHE,1,MONTEFORTINO,whole,,97,MONTEFORTINO,1.0
senato-mattarellum-1993-corrected,MARCHE,1,MONTEGALLO,whole,,97,MONTEGALLO,1.0
senato-mattarellum-1993-corrected,MARCHE,1,MONTE GIBERTO,whole,,97,MONTE GIBERTO,1.0
senato-mattarellum-1993-corrected,MARCHE,1,MONTELEONE DI FERMO,whole,,97,MONTELEONE DI FERMO,1.0
senato-mattarellum-1993-corrected,MARCHE,1,MONTELPARO,whole,,97,MONTELPARO,1.0
senato-mattarellum-1993-corrected,MARCHE,1,MONTEMONACO,whole,,97,MONTEMONACO,1.0
senato-mattarellum-1993-corrected,MARCHE,1,MONTEPRANDONE,whole,,97,HMONTEPRANDONE,0.929
senato-mattarellum-1993-corrected,MARCHE,1,MONTE RINALDO,whole,,97,MONTE RINAL DO,1.0
senato-mattarellum-1993-corrected,MARCHE,1,MONTERUBBIANO,whole,,97,MONTERUVBBIANO,0.929
senato-mattarellum-1993-corrected,MARCHE,1,MONTE VIDON COMBATTE,whole,,97,HONTE VIDON COMBATTE,1.0
senato-mattarellum-1993-corrected,MARCHE,1,MONTOTTONE,whole,,97,MONTOTTONE,1.0
senato-mattarellum-1993-corrected,MARCHE,1,MORESCO,whole,,97,MORESCO,1.0
senato-mattarellum-1993-corrected,MARCHE,1,OFFIDA,whole,,97,OFFIDA,1.0
senato-mattarellum-1993-corrected,MARCHE,1,ORTEZZANO,whole,,97,ORTEZZANO,1.0
senato-mattarellum-1993-corrected,MARCHE,1,PALMIANO,whole,,97,PALMIANO,1.0
senato-mattarellum-1993-corrected,MARCHE,1,PEDASO,whole,,97,PEDASO,1.0
senato-mattarellum-1993-corrected,MARCHE,1,PETRITOLI,whole,,97,PETRITOLI,1.0
senato-mattarellum-1993-corrected,MARCHE,1,PONZANO DI FERMO,whole,,97,PONZANO DI FERMO,1.0
senato-mattarellum-1993-corrected,MARCHE,1,RIPATRANSONE,whole,,97,RIPATRANSONE,1.0
senato-mattarellum-1993-corrected,MARCHE,1,ROCCAFLUVIONE,whole,,97,ROCCAFLUVIONE,1.0
senato-mattarellum-1993-corrected,MARCHE,1,ROTELLA,whole,,97,ROTELLA,1.0
senato-mattarellum-1993-corrected,MARCHE,1,SAN BENEDETTO DEL TRONTO,whole,,97,SAN BENEDETTO DEL TRONTO,1.0
senato-mattarellum-1993-corrected,MARCHE,1,SANTA VITTORIA IN MATENANO,whole,,97,SANTA VITTORIA IN MATENANO,1.0
senato-mattarellum-1993-corrected,MARCHE,1,SMERILLO,whole,,97,SMERILLO,1.0
senato-mattarellum-1993-corrected,MARCHE,1,SPINETOLI,whole,,97,SPINETOLI,1.0
senato-mattarellum-1993-corrected,MARCHE,1,VENAROTTA,whole,,97,VENAROTTA,1.0
senato-mattarellum-1993-corrected,MARCHE,2,LORETO,whole,,97,LORETO,1.0
senato-mattarellum-1993-corrected,MARCHE,2,CIVITANOVA MARCHE,whole,,97,CIVITANOVA MARCHE,1.0
senato-mattarellum-1993-corrected,MARCHE,2,MONTECOSARO,whole,,97,MONTECOSARO,1.0
senato-mattarellum-1993-corrected,MARCHE,2,MONTELUPONE,whole,,98,MONTELUPONE,1.0
senato-mattarellum-1993-corrected,MARCHE,2,MONTE SAN GIUSTO,whole,,98,MONTE SAN GIUSTO,1.0
senato-mattarellum-1993-corrected,MARCHE,2,MORROVALLE,whole,,98,MORROVALLE,1.0
senato-mattarellum-1993-corrected,MARCHE,2,PORTO RECANATI,whole,,98,PORTO RECANATI,1.0
senato-mattarellum-1993-corrected,MARCHE,2,POTENZA PICENA,whole,,98,POTENZA PICENA,1.0
senato-mattarellum-1993-corrected,MARCHE,2,RECANATI,whole,,98,RECANATI,1.0
senato-mattarellum-1993-corrected,MARCHE,2,FALERONE,whole,,98,FALERGNE,0.875
senato-mattarellum-1993-corrected,MARCHE,2,FERMO,whole,,98,FERMO,1.0
senato-mattarellum-1993-corrected,MARCHE,2,FRANCAVILLA D'ETE,whole,,98,FRANCAVILLA D'ETE,1.0
senato-mattarellum-1993-corrected,MARCHE,2,MASSA FERMANA,whole,,98,MASSA FERMANA,1.0
senato-mattarellum-1993-corrected,MARCHE,2,MONTAPPONE,whole,,98,MONTAPP ONE,1.0
senato-mattarellum-1993-corrected,MARCHE,2,MONTEGIORGIO,whole,,98,MONTEGIORGIO,1.0
senato-mattarellum-1993-corrected,MARCHE,2,MONTEGRANARO,whole,,98,MONTEGRANARO,1.0
senato-mattarellum-1993-corrected,MARCHE,2,MONTE SAN PIETRANGELI,whole,,98,MONTE SAN PIETRANGELI,1.0
senato-mattarellum-1993-corrected,MARCHE,2,MONTE URANO,whole,,98,MONTE URANO,1.0
senato-mattarellum-1993-corrected,MARCHE,2,MONTE VIDON CORRADO,whole,,98,MONTE VIDON CORRADO,1.0
senato-mattarellum-1993-corrected,MARCHE,2,PORTO SAN GIORGIO,whole,,98,PORTO SAN GIORGIO,1.0
senato-mattarellum-1993-corrected,MARCHE,2,PORTO SANT'ELPIDIO,whole,,98,PORTO SANT*ELPIDIO,1.0
senato-mattarellum-1993-corrected,MARCHE,2,RAPAGNANO,whole,,98,RAPAGNANO,1.0
senato-mattarellum-1993-corrected,MARCHE,2,SANT'ELPIDIO A MARE,whole,,98,SANT'ELPIDIO A MARE,1.0
senato-mattarellum-1993-corrected,MARCHE,2,SERVIGLIANO,whole,,98,SERYVI1GL IANO,0.846
senato-mattarellum-1993-corrected,MARCHE,2,TORRE SAN PATRIZIO,whole,,98,TORRE SAN PATRIZIO,1.0
senato-mattarellum-1993-corrected,MARCHE,3,CASTELFIDARDO,whole,,98,CASTELF IDARDG,0.923
senato-mattarellum-1993-corrected,MARCHE,3,FILOTTRANO,whole,,98,FILOTTRANO,1.0
senato-mattarellum-1993-corrected,MARCHE,3,OSIMO,whole,,98,OSTHO,0.8
senato-mattarellum-1993-corrected,MARCHE,3,ACQUACANINA,whole,,98,ACQUACANTINA,0.917
senato-mattarellum-1993-corrected,MARCHE,3,APIRO,whole,,98,APIRO,1.0
senato-mattarellum-1993-corrected,MARCHE,3,APPIGNANO,whole,,98,APP 1GNHANO,0.9
senato-mattarellum-1993-corrected,MARCHE,3,BELFORTE DEL CHIENTI,whole,,98,BELFORTE DEL CHIENTI,1.0
senato-mattarellum-1993-corrected,MARCHE,3,BOLOGNOLA,whole,,98,BOLOGNOLA,1.0
senato-mattarellum-1993-corrected,MARCHE,3,CALDAROLA,whole,,98,CALUVAROLA,0.8
senato-mattarellum-1993-corrected,MARCHE,3,CAMERINO,whole,,98,CAMERINO,1.0
senato-mattarellum-1993-corrected,MARCHE,3,CAMPOROTONDO DI FIASTRONE,whole,,98,CAMPOROTONDOA DI FIASTRONE,0.958
senato-mattarellum-1993-corrected,MARCHE,3,CASTELRAIMONDO,whole,,98,CASTELRAITMONDO,0.933
senato-mattarellum-1993-corrected,MARCHE,3,CASTELSANTANGELO SUL NERA,whole,,98,CASTELSANTANGELO SUL NERA,1.0
senato-mattarellum-1993-corrected,MARCHE,3,CESSAPALOMBO,whole,,98,CESSAPALOMBO,1.0
senato-mattarellum-1993-corrected,MARCHE,3,CINGOLI,whole,,98,CINGOLI,1.0
senato-mattarellum-1993-corrected,MARCHE,3,COLMURANO,whole,,98,COLMURANO,1.0
senato-mattarellum-1993-corrected,MARCHE,3,CORRIDONIA,whole,,98,CORR IDONIA,1.0
senato-mattarellum-1993-corrected,MARCHE,3,ESANATOGLIA,whole,,98,ESANATOGLIA,1.0
senato-mattarellum-1993-corrected,MARCHE,3,FIASTRA,whole,,98,FIASTRA,1.0
senato-mattarellum-1993-corrected,MARCHE,3,FIORDIMONTE,whole,,98,FIORDIMONTE,1.0
senato-mattarellum-1993-corrected,MARCHE,3,FIUMINATA,whole,,98,FIUMINATA,1.0
senato-mattarellum-1993-corrected,MARCHE,3,GAGLIOLE,whole,,98,GAGL Î9LE,0.75
senato-mattarellum-1993-corrected,MARCHE,3,GUALDO,whole,,98,GUALDO,1.0
senato-mattarellum-1993-corrected,MARCHE,3,LORO PICENO,whole,,98,LORO PICENO,1.0
senato-mattarellum-1993-corrected,MARCHE,3,MACERATA,whole,,98,MACERATA,1.0
senato-mattarellum-1993-corrected,MARCHE,3,MATELICA,whole,,98,MATELICA,1.0
senato-mattarellum-1993-corrected,MARCHE,3,MOGLIANO,whole,,98,HOGL TANO,0.875
senato-mattarellum-1993-corrected,MARCHE,3,MONTECASSIANO,whole,,98,RONTECASSIANO,0.923
senato-mattarellum-1993-corrected,MARCHE,3,MONTE CAVALLO,whole,,98,MONTE CAVALLO,1.0
senato-mattarellum-1993-corrected,MARCHE,3,MONTEFANO,whole,,98,HONTEF ANO,1.0
senato-mattarellum-1993-corrected,MARCHE,3,MONTE SAN MARTINO,whole,,98,MONTE SAN HARI1TINO,0.882
senato-mattarellum-1993-corrected,MARCHE,3,MUCCIA,whole,,98,MUCCIA,1.0
senato-mattarellum-1993-corrected,MARCHE,3,PENNA SAN GIOVANNI,whole,,98,PENNA SAN GIOVANNI,1.0
senato-mattarellum-1993-corrected,MARCHE,3,,whole,,98,PETRITOLO,0.889
senato-mattarellum-1993-corrected,MARCHE,3,PIEVEBOVIGLIANA,whole,,98,PIEVE BOVIGLIANA,1.0
senato-mattarellum-1993-corrected,MARCHE,3,PIEVE TORINA,whole,,98,PIEVE TORINA,1.0
senato-mattarellum-1993-corrected,MARCHE,3,PIORACO,whole,,98,PIORACO,1.0
senato-mattarellum-1993-corrected,MARCHE,3,POGGIO SAN VICINO,whole,,98,POGGIO SAN VICINO,1.0
senato-mattarellum-1993-corrected,MARCHE,3,POLLENZA,whole,,98,POLLENZA,1.0
senato-mattarellum-1993-corrected,MARCHE,3,RIPE SAN GINESIO,whole,,98,RIPE SAN GINESIO,1.0
senato-mattarellum-1993-corrected,MARCHE,3,SAN GINESIO,whole,,98,SAN GINESIO,1.0
senato-mattarellum-1993-corrected,MARCHE,3,SAN SEVERINO MARCHE,whole,,98,SAN SEVERINO MARCHE,1.0
senato-mattarellum-1993-corrected,MARCHE,3,SANT'ANGELO IN PONTANO,whole,,98,SANT'ANGELO IN PONTANO,1.0
senato-mattarellum-1993-corrected,MARCHE,3,SARNANO,whole,,98,SARNANO,1.0
senato-mattarellum-1993-corrected,MARCHE,3,SEFRO,whole,,99,SEFRO,1.0
senato-mattarellum-1993-corrected,MARCHE,3,SERRAPETRONA,whole,,99,SERRAPETRONA,1.0
senato-mattarellum-1993-corrected,MARCHE,3,SERRAVALLE DI CHIENTI,whole,,99,SERRAVALLE DI CHIENTI,1.0
senato-mattarellum-1993-corrected,MARCHE,3,TOLENTINO,whole,,99,TOLENTINO,1.0
senato-mattarellum-1993-corrected,MARCHE,3,TREIA,whole,,99,TREIA,1.0
senato-mattarellum-1993-corrected,MARCHE,3,URBISAGLIA,whole,,99,URBISAGLIA,1.0
senato-mattarellum-1993-corrected,MARCHE,3,USSITA,whole,,99,USSITA,1.0
senato-mattarellum-1993-corrected,MARCHE,3,,whole,,99,VIiSSUÙ,0.667
senato-mattarellum-1993-corrected,MARCHE,4,AGUGLIANO,whole,,99,AGUGL 1 ANO,1.0
senato-mattarellum-1993-corrected,MARCHE,4,ANCONA,whole,,99,ANCONA,1.0
senato-mattarellum-1993-corrected,MARCHE,4,ARCEVIA,whole,,99,ARCEVIA,1.0
senato-mattarellum-1993-corrected,MARCHE,4,BELVEDERE OSTRENSE,whole,,99,BELVEDERE USTRENSE,0.941
senato-mattarellum-1993-corrected,MARCHE,4,CAMERANO,whole,,99,CAMERANDO,0.889
senato-mattarellum-1993-corrected,MARCHE,4,CAMERATA PICENA,whole,,99,CAMERATA PICENA,1.0
senato-mattarellum-1993-corrected,MARCHE,4,CASTELBELLINO,whole,,99,CASTELBELL INO,1.0
senato-mattarellum-1993-corrected,MARCHE,4,CASTELPLANIO,whole,,99,CASTELPLANIO,1.0
senato-mattarellum-1993-corrected,MARCHE,4,CERRETO D'ESI,whole,,99,CERRETO D'ESI,1.0
senato-mattarellum-1993-corrected,MARCHE,4,CUPRAMONTANA,whole,,99,CUPRAMONTANA,1.0
senato-mattarellum-1993-corrected,MARCHE,4,FABRIANO,whole,,99,FABRIANO,1.0
senato-mattarellum-1993-corrected,MARCHE,4,GENGA,whole,,99,GENGA,1.0
senato-mattarellum-1993-corrected,MARCHE,4,JESI,whole,,99,JESI,1.0
senato-mattarellum-1993-corrected,MARCHE,4,MAIOLATI SPONTINI,whole,,99,MATOLATI SPONTINI,0.938
senato-mattarellum-1993-corrected,MARCHE,4,MERGO,whole,,99,MERGO,1.0
senato-mattarellum-1993-corrected,MARCHE,4,MONSANO,whole,,99,MONSANO,1.0
senato-mattarellum-1993-corrected,MARCHE,4,MONTE ROBERTO,whole,,99,MONTE ROBERTO,1.0
senato-mattarellum-1993-corrected,MARCHE,4,MORRO D'ALBA,whole,,99,MORRO D'ALBA,1.0
senato-mattarellum-1993-corrected,MARCHE,4,NUMANA,whole,,99,NUMANA,1.0
senato-mattarellum-1993-corrected,MARCHE,4,OFFAGNA,whole,,99,OFFAGNA,1.0
senato-mattarellum-1993-corrected,MARCHE,4,POLVERIGI,whole,,99,POLVERIGI,1.0
senato-mattarellum-1993-corrected,MARCHE,4,ROSORA,whole,,99,ROSORA,1.0
senato-mattarellum-1993-corrected,MARCHE,4,SAN MARCELLO,whole,,99,SAN MARCELLO,1.0
senato-mattarellum-1993-corrected,MARCHE,4,SAN PAOLO DI JESI,whole,,99,SAN PAOLO DI JESI,1.0
senato-mattarellum-1993-corrected,MARCHE,4,SANTA MARIA NUOVA,whole,,99,SANTA MARIA NUOVA,1.0
senato-mattarellum-1993-corrected,MARCHE,4,SASSOFERRATO,whole,,99,SASSOFERRATO,1.0
senato-mattarellum-1993-corrected,MARCHE,4,SERRA SAN QUIRICO,whole,,99,SERRA SAN QUIRICO,1.0
senato-mattarellum-1993-corrected,MARCHE,4,SIROLO,whole,,99,SIRUOLO,0.857
senato-mattarellum-1993-corrected,MARCHE,4,STAFFOLO,whole,,99,STAFFOLO,1.0
senato-mattarellum-1993-corrected,MARCHE,5,BARCHI,whole,,99,BARCHI,1.0
senato-mattarellum-1993-corrected,MARCHE,5,CARTOCETO,whole,,99,CARTOCE TO,1.0
senato-mattarellum-1993-corrected,MARCHE,5,FANO,whole,,99,FANO,1.0
senato-mattarellum-1993-corrected,MARCHE,5,FOSSOMBRONE,whole,,99,FOSSOMBRONE,1.0
senato-mattarellum-1993-corrected,MARCHE,5,ISOLA DEL PIANO,whole,,99,ISOLA DEL PIANO,1.0
senato-mattarellum-1993-corrected,MARCHE,5,MONDAVIO,whole,,99,MONDAY IO,0.875
senato-mattarellum-1993-corrected,MARCHE,5,MONDOLFO,whole,,99,MONDOLFO,1.0
senato-mattarellum-1993-corrected,MARCHE,5,MONTEFELCINO,whole,,99,MONTEFELCINO,1.0
senato-mattarellum-1993-corrected,MARCHE,5,MONTEMAGGIORE AL METAURO,whole,,99,MONTEMAGGIORE AL METAURO,1.0
senato-mattarellum-1993-corrected,MARCHE,5,MONTE PORZIO,whole,,99,MONTE PORZIO,1.0
senato-mattarellum-1993-corrected,MARCHE,5,ORCIANO DI PESARO,whole,,99,ORCIANO DI PESARO,1.0
senato-mattarellum-1993-corrected,MARCHE,5,PIAGGE,whole,,99,PIAGGE,1.0
senato-mattarellum-1993-corrected,MARCHE,5,SALTARA,whole,,99,SALTARA,1.0
senato-mattarellum-1993-corrected,MARCHE,5,SAN COSTANZO,whole,,99,SAN COSTANZO,1.0
senato-mattarellum-1993-corrected,MARCHE,5,SAN GIORGIO DI PESARO,whole,,99,SAN GIORGIO DI PESARO,1.0
senato-mattarellum-1993-corrected,MARCHE,5,SANT'IPPOLITO,whole,,99,SANT'IPPOLITO,1.0
senato-mattarellum-1993-corrected,MARCHE,5,SERRUNGARINA,whole,,99,SERRUNGAR INA,1.0
senato-mattarellum-1993-corrected,MARCHE,5,BARBARA,whole,,99,BARBARA,1.0
senato-mattarellum-1993-corrected,MARCHE,5,CASTEL COLONNA,whole,,99,CASTEL COLONNA,1.0
senato-mattarellum-1993-corrected,MARCHE,5,CASTELLEONE DI SUASA,whole,,99,CASTELLEONE DI SUASA,1.0
senato-mattarellum-1993-corrected,MARCHE,5,CHIARAVALLE,whole,,99,CHIARAVALLE,1.0
senato-mattarellum-1993-corrected,MARCHE,5,CORINALDO,whole,,99,CORINALDO,1.0
senato-mattarellum-1993-corrected,MARCHE,5,FALCONARA MARITTIMA,whole,,99,FALCONARA MARITTIMA,1.0
senato-mattarellum-1993-corrected,MARCHE,5,MONTECAROTTO,whole,,99,MONTECAROTTO,1.0
senato-mattarellum-1993-corrected,MARCHE,5,MONTEMARCIANO,whole,,99,MONTEMARCIANO,1.0
senato-mattarellum-1993-corrected,MARCHE,5,MONTERADO,whole,,100,MONTERADO,1.0
senato-mattarellum-1993-corrected,MARCHE,5,MONTE SAN VITO,whole,,100,MONTE SAN VITO,1.0
senato-mattarellum-1993-corrected,MARCHE,5,OSTRA,whole,,100,OSTRA,1.0
senato-mattarellum-1993-corrected,MARCHE,5,OSTRA VETERE,whole,,100,OSTRA VETERE,1.0
senato-mattarellum-1993-corrected,MARCHE,5,POGGIO SAN MARCELLO,whole,,100,POGG10 SAN MARCELLO,1.0
senato-mattarellum-1993-corrected,MARCHE,5,RIPE,whole,,100,RIPÉE,1.0
senato-mattarellum-1993-corrected,MARCHE,5,SENIGALLIA,whole,,100,SENIGALLIA,1.0
senato-mattarellum-1993-corrected,MARCHE,5,SERRA DE'CONTI,whole,,100,SERRA DE *CONTI,1.0
senato-mattarellum-1993-corrected,MARCHE,6,ACQUALAGNA,whole,,100,ACQUAL AGNA,1.0
senato-mattarellum-1993-corrected,MARCHE,6,APECCHIO,whole,,100,APECCHIO,1.0
senato-mattarellum-1993-corrected,MARCHE,6,AUDITORE,whole,,100,AUDITORE,1.0
senato-mattarellum-1993-corrected,MARCHE,6,BELFORTE ALL'ISAURO,whole,,100,BELFORTE ALL'ISAURO,1.0
senato-mattarellum-1993-corrected,MARCHE,6,BORGO PACE,whole,,100,BORGO PACE,1.0
senato-mattarellum-1993-corrected,MARCHE,6,CAGLI,whole,,100,CAGLI,1.0
senato-mattarellum-1993-corrected,MARCHE,6,CANTIANO,whole,,100,CANTIANO,1.0
senato-mattarellum-1993-corrected,MARCHE,6,CARPEGNA,whole,,100,CTARPEGNA,0.889
senato-mattarellum-1993-corrected,MARCHE,6,CASTELDELCI,whole,,100,CASTELDELCI,1.0
senato-mattarellum-1993-corrected,MARCHE,6,COLBORDOLO,whole,,100,COL BORDOLO,1.0
senato-mattarellum-1993-corrected,MARCHE,6,FERMIGNANO,whole,,100,FERMIGNANO,1.0
senato-mattarellum-1993-corrected,MARCHE,6,FRATTE ROSA,whole,,100,FRATTE ROSA,1.0
senato-mattarellum-1993-corrected,MARCHE,6,FRONTINO,whole,,100,FRONT INO,1.0
senato-mattarellum-1993-corrected,MARCHE,6,FRONTONE,whole,,100,FRONTONE,1.0
senato-mattarellum-1993-corrected,MARCHE,6,GABICCE MARE,whole,,100,GABICCE HARE,1.0
senato-mattarellum-1993-corrected,MARCHE,6,GRADARA,whole,,100,GRADARA,1.0
senato-mattarellum-1993-corrected,MARCHE,6,LUNANO,whole,,100,LUNANO,1.0
senato-mattarellum-1993-corrected,MARCHE,6,MACERATA FELTRIA,whole,,100,MACERATA FELTRIA,1.0
senato-mattarellum-1993-corrected,MARCHE,6,MAIOLO,whole,,100,HAIOLO,1.0
senato-mattarellum-1993-corrected,MARCHE,6,MERCATELLO SUL METAURO,whole,,100,HERCATELLO SUL NETAURO,0.95
senato-mattarellum-1993-corrected,MARCHE,6,MERCATINO CONCA,whole,,100,HERCATINO CONCA,1.0
senato-mattarellum-1993-corrected,MARCHE,6,MOMBAROCCIO,whole,,100,HMOMBAROCCIO,0.917
senato-mattarellum-1993-corrected,MARCHE,6,MONTECALVO IN FOGLIA,whole,,100,MONTECALVO IN FOGLIA,1.0
senato-mattarellum-1993-corrected,MARCHE,6,MONTE CERIGNONE,whole,,100,HONTE CERIGNONE,1.0
senato-mattarellum-1993-corrected,MARCHE,6,MONTECICCARDO,whole,,100,MONTECICCARDBO,0.929
senato-mattarellum-1993-corrected,MARCHE,6,MONTECOPIOLO,whole,,100,HONTECOPIOLO,1.0
senato-mattarellum-1993-corrected,MARCHE,6,MONTE GRIMANO,whole,,100,MONTE GRTNMANO,0.846
senato-mattarellum-1993-corrected,MARCHE,6,MONTELABBATE,whole,,100,MONTELABBATE,1.0
senato-mattarellum-1993-corrected,MARCHE,6,NOVAFELTRIA,whole,,100,NOVAFELTRIA,1.0
senato-mattarellum-1993-corrected,MARCHE,6,PEGLIO,whole,,100,PESLIO,0.833
senato-mattarellum-1993-corrected,MARCHE,6,PENNABILLI,whole,,100,FPENNABILLI,0.909
senato-mattarellum-1993-corrected,MARCHE,6,PERGOLA,whole,,100,PERGOLA,1.0
senato-mattarellum-1993-corrected,MARCHE,6,PESARO,whole,,100,PESARO,1.0
senato-mattarellum-1993-corrected,MARCHE,6,PETRIANO,whole,,100,PETRIANO,1.0
senato-mattarellum-1993-corrected,MARCHE,6,PIANDIMELETO,whole,,100,PIANDEMELETO,0.917
senato-mattarellum-1993-corrected,MARCHE,6,PIETRARUBBIA,whole,,100,PIETRARUBBIA,1.0
senato-mattarellum-1993-corrected,MARCHE,6,PIOBBICO,whole,,100,PIOBBICO,1.0
senato-mattarellum-1993-corrected,MARCHE,6,SAN LEO,whole,,100,SAN LEO,1.0
senato-mattarellum-1993-corrected,MARCHE,6,SAN LORENZO IN CAMPO,whole,,100,SAN LORENZO IN CAMPO,1.0
senato-mattarellum-1993-corrected,MARCHE,6,SANT'AGATA FELTRIA,whole,,100,SANT'AGATA FELTRIA,1.0
senato-mattarellum-1993-corrected,MARCHE,6,SANT'ANGELO IN LIZZOLA,whole,,100,SANT'ANGELO IN LIZZOLA,1.0
senato-mattarellum-1993-corrected,MARCHE,6,SANT'ANGELO IN VADO,whole,,100,SANT'ANGELO IN VADO,1.0
senato-mattarellum-1993-corrected,MARCHE,6,SASSOCORVARO,whole,,100,SASSOCORVARO,1.0
senato-mattarellum-1993-corrected,MARCHE,6,SASSOFELTRIO,whole,,100,SASSUOFELTRIO,0.923
senato-mattarellum-1993-corrected,MARCHE,6,SERRA SANT'ABBONDIO,whole,,100,SERRA SANT'ABBONDIO,1.0
senato-mattarellum-1993-corrected,MARCHE,6,TALAMELLO,whole,,100,FALAMELLO,0.889
senato-mattarellum-1993-corrected,MARCHE,6,TAVOLETO,whole,,100,TAVOLE TO,1.0
senato-mattarellum-1993-corrected,MARCHE,6,TAVULLIA,whole,,100,TAVULLIA,1.0
senato-mattarellum-1993-corrected,MARCHE,6,URBANIA,whole,,100,URBANIA,1.0
senato-mattarellum-1993-corrected,MARCHE,6,URBINO,whole,,100,URBINO,1.0
senato-mattarellum-1993-corrected,LAZIO,1,ROMA,zone,MONTI,101,(RM-MONTI)},1.0
senato-mattarellum-1993-corrected,LAZIO,1,ROMA,zone,TREVI1,101,(RM-TREVI1),1.0
senato-mattarellum-1993-corrected,LAZIO,1,ROMA,zone,COLONNA,101,{RM-COLONNA),1.0
senato-mattarellum-1993-corrected,LAZIO,1,ROMA,zone,CAMPO MARZIO,101,(RM-CAMPO MARZIO),1.0
senato-mattarellum-1993-corrected,LAZIO,1,ROMA,zone,PONTE,101,(RM-PONTE),1.0
senato-mattarellum-1993-corrected,LAZIO,1,ROMA,zone,PARIONE,101,{RM-PARIONE),1.0
senato-mattarellum-1993-corrected,LAZIO,1,ROMA,zone,REGOLA,101,{RM-REGOLA),1.0
senato-mattarellum-1993-corrected,LAZIO,1,ROMA,zone,SANT EUSTACHIO,101,{RM-SANT*EUSTACHIO),1.0
senato-mattarellum-1993-corrected,LAZIO,1,ROMA,zone,PIGNA,101,(RM-PIGNA},1.0
senato-mattarellum-1993-corrected,LAZIO,1,ROMA,zone,CAMPITELLI,101,(RM-CAMPITELLI),1.0
senato-mattarellum-1993-corrected,LAZIO,1,ROMA,zone,SANT'ANGELO,101,(RM-SANT'ANGELO),1.0
senato-mattarellum-1993-corrected,LAZIO,1,ROMA,zone,RIPA,101,(RM-RIPA),1.0
senato-mattarellum-1993-corrected,LAZIO,1,ROMA,zone,BORGO,101,{RM-BORGO),1.0
senato-mattarellum-1993-corrected,LAZIO,1,ROMA,zone,ESQUILINO,101,(RM-ESQUILINO),1.0
senato-mattarellum-1993-corrected,LAZIO,1,ROMA,zone,LUDOVISI,101,(RM-LUDOVISI},1.0
senato-mattarellum-1993-corrected,LAZIO,1,ROMA,zone,SAL LUSTIANO,101,{RM-SAL LUSTIANO),1.0
senato-mattarellum-1993-corrected,LAZIO,1,ROMA,zone,CASTRO PRETORIO,101,(RM-CASTRO PRETORIO),1.0
senato-mattarellum-1993-corrected,LAZIO,1,ROMA,zone,CTEL IO,101,(RM-CTEL IO},1.0
senato-mattarellum-1993-corrected,LAZIO,1,ROMA,zone,TSTACCIO,101,(RM-TSTACCIO},1.0
senato-mattarellum-1993-corrected,LAZIO,1,ROMA,zone,SAN SABA,101,{RM-SAN SABA),1.0
senato-mattarellum-1993-corrected,LAZIO,1,ROMA,zone,PRATI,101,{RM-PRATI)},1.0
senato-mattarellum-1993-corrected,LAZIO,1,ROMA,zone,QUARTIERE FLAMINIO,101,{RM-QUARTIERE FLAMINIO},1.0
senato-mattarellum-1993-corrected,LAZIO,1,ROMA,zone,QUARTIERE TRIONFALE,101,{RM-QUARTIERE TRIONFALE),1.0
senato-mattarellum-1993-corrected,LAZIO,1,ROMA,zone,QUARTIERE DELLA VITTORIA,101,{RM-QUARTIERE DELLA VITTORIA),1.0
senato-mattarellum-1993-corrected,LAZIO,2,ROMA,zone,PARIOLI,101,{RM-PARIOLI),1.0
senato-mattarellum-1993-corrected,LAZIO,2,ROMA,zone,P INC1ANO,101,{RM-P INC1ANO),1.0
senato-mattarellum-1993-corrected,LAZIO,2,ROMA,zone,SALAR10,101,(RM-SALAR10),1.0
senato-mattarellum-1993-corrected,LAZIO,2,ROMA,zone,NOMENTANOD,101,(RM-NOMENTANOD},1.0
senato-mattarellum-1993-corrected,LAZIO,2,ROMA,zone,MONTE SACRO,101,(RM-MONTE SACRO),1.0
senato-mattarellum-1993-corrected,LAZIO,2,ROMA,zone,TRIESTE,101,{(RM-TRIESTE),1.0
senato-mattarellum-1993-corrected,LAZIO,2,ROMA,zone,QUARTIERE TOR DI QUINTO,101,(RM- QUARTIERE TOR DI QUINTO),1.0
senato-mattarellum-1993-corrected,LAZIO,3,ROMA,zone,SUBURBIO TOR DI QUINTO,101,{RM-SUBURBIO TOR DI QUINTO),1.0
senato-mattarellum-1993-corrected,LAZIO,3,ROMA,zone,SUBURBIO DELLA VITTORIA,101,{RM-SUBURBIO DELLA VITTORIA),1.0
senato-mattarellum-1993-corrected,LAZIO,3,ROMA,zone,VAL MELAINA,101,(RM-VAL MELAINA),1.0
senato-mattarellum-1993-corrected,LAZIO,3,ROMA,zone,CASTEL GIUBILEO,101,( RM-CASTEL GIUBILEO 2,1.0
senato-mattarellum-1993-corrected,LAZIO,3,ROMA,zone,MARCIGLIANA,101,{ RM-MARCIGLIANA >),1.0
senato-mattarellum-1993-corrected,LAZIO,3,ROMA,zone,CASAL BOCCONE,101,€ RM-CASAL BOCCONE ?,1.0
senato-mattarellum-1993-corrected,LAZIO,3,ROMA,zone,T7OR SAN GIOVANNI,101,{ RM-T7OR SAN GIOVANNI >),1.0
senato-mattarellum-1993-corrected,LAZIO,3,,whole,,101,C RMH-SETTECAMINI 2,0.4
senato-mattarellum-1993-corrected,LAZIO,3,ROMA,zone,SANTA MARIA DI GALE,101,{ RM-SANTA MARIA DI GALE ),1.0
senato-mattarellum-1993-corrected,LAZIO,3,ROMA,zone,OTTAVIA,101,{ RM-OTTAVIA },1.0
senato-mattarellum-1993-corrected,LAZIO,3,ROMA,zone,LA STORTA,101,{( RM-LA STORTA 2),1.0
senato-mattarellum-1993-corrected,LAZIO,3,ROMA,zone,CESANO,101,( RM-CESANO ),1.0
senato-mattarellum-1993-corrected,LAZIO,3,ROMA,zone,TOMBA DI NERONE,101,{( RM-TOMBA DI NERONE ),1.0
senato-mattarellum-1993-corrected,LAZIO,3,ROMA,zone,LA GIUSTINIANA,101,{ RM-LA GIUSTINIANA ),1.0
senato-mattarellum-1993-corrected,LAZIO,3,ROMA,zone,1SULA FARNESE 1,101,( RM-1SULA FARNESE 1},1.0
senato-mattarellum-1993-corrected,LAZIO,3,ROMA,zone,GRUTTARGOSSA,101,€ RM-GRUTTARGOSSA ),1.0
senato-mattarellum-1993-corrected,LAZIO,3,ROMA,zone,LABARO,101,( RM-LABARO 3},1.0
senato-mattarellum-1993-corrected,LAZIO,3,ROMA,zone,PRIMA PORTA,101,{ RM-PRIMA PORTA ),1.0
senato-mattarellum-1993-corrected,LAZIO,3,ROMA,zone,POLLINE- MARTIGNANO,101,{( RM-POLLINE- MARTIGNANO },1.0
senato-mattarellum-1993-corrected,LAZIO,4,ROMA,zone,PIETRALATA,101,{ RM-PIETRALATA >,1.0
senato-mattarellum-1993-corrected,LAZIO,4,ROMA,zone,COLLATINO ',101,( RM-COLLATINO ‘>,1.0
senato-mattarellum-1993-corrected,LAZIO,4,ROMA,zone,MONTE SACRO ALTO,101,{ RM-MONTE SACRO ALTO ),1.0
senato-mattarellum-1993-corrected,LAZIO,4,ROMA,zone,PONTE MAMMOLO,101,{ RM-PONTE MAMMOLO >,1.0
senato-mattarellum-1993-corrected,LAZIO,4,ROMA,zone,SAN BASILIO,101,{ RM-SAN BASILIO ),1.0
senato-mattarellum-1993-corrected,LAZIO,4,ROMA,zone,TOR CERVARA »,101,(€ RM-TOR CERVARA »),1.0
senato-mattarellum-1993-corrected,LAZIO,4,ROMA,zone,TOR SAPIENZA,101,{ RM-TOR SAPIENZA ),1.0
senato-mattarellum-1993-corrected,LAZIO,4,ROMA,zone,ACQUA VERGINE,102,{ RM-ACQUA VERGINE ),1.0
senato-mattarellum-1993-corrected,LAZIO,4,ROMA,zone,LUNGHEZZA,102,( RM-LUNGHEZZA ),1.0
senato-mattarellum-1993-corrected,LAZIO,4,ROMA,zone,SAN VITTORINO,102,€ RM-SAN VITTORINO ),1.0
senato-mattarellum-1993-corrected,LAZIO,5,ROMA,zone,TIBURTINO,102,{ RM-TIBURTINO ),1.0
senato-mattarellum-1993-corrected,LAZIO,5,ROMA,zone,PRENESTINO-LABICANO,102,{ RM-PRENESTINO-LABICANO },1.0
senato-mattarellum-1993-corrected,LAZIO,5,ROMA,zone,PRENESTINO-CENTOCEL 5,102,€ RM-PRENESTINO-CENTOCEL 5,1.0
senato-mattarellum-1993-corrected,LAZIO,5,ROMA,zone,ALESSANDRINO,102,€ RM-ALESSANDRINO ),1.0
senato-mattarellum-1993-corrected,LAZIO,5,ROMA,zone,TORRE SPACCATA,102,€ RM-TORRE SPACCATA ),1.0
senato-mattarellum-1993-corrected,LAZIO,6,ROMA,zone,TUSCOLANO,102,( RM-TUSCOLANO ì,1.0
senato-mattarellum-1993-corrected,LAZIO,6,ROMA,zone,DON BOSCO,102,{ RM-DON BOSCO ?,1.0
senato-mattarellum-1993-corrected,LAZIO,6,ROMA,zone,APFiO CLAUDIO +,102,€ RM-APFiO CLAUDIO +},1.0
senato-mattarellum-1993-corrected,LAZIO,6,ROMA,zone,APPIO-PIGNATELLE,102,{ RM-APPIO-PIGNATELLE >,1.0
senato-mattarellum-1993-corrected,LAZIO,6,ROMA,zone,TORRE MAURA,102,€ RM-TORRE MAURA ),1.0
senato-mattarellum-1993-corrected,LAZIO,7,ROMA,zone,TORRE ANGELA,102,{( RH-TORRE ANGELA ì,1.0
senato-mattarellum-1993-corrected,LAZIO,7,ROMA,zone,BORGHESIANA,102,{ RM-BORGHESIANA ),1.0
senato-mattarellum-1993-corrected,LAZIO,7,ROMA,zone,TORRENODOVA,102,{ RM-TORRENODOVA ),1.0
senato-mattarellum-1993-corrected,LAZIO,7,ROMA,zone,TORRE GAIA,102,{ RM-TORRE GAIA ),1.0
senato-mattarellum-1993-corrected,LAZIO,7,ROMA,zone,CAPANNELLE,102,( RM-CAPANNELLE >),1.0
senato-mattarellum-1993-corrected,LAZIO,7,ROMA,zone,CASAL HORENA,102,{ RN-CASAL HORENA },1.0
senato-mattarellum-1993-corrected,LAZIO,7,ROMA,zone,AEREOPORTG DI CIAMP,102,€ RM-AEREOPORTG DI CIAMP ),1.0
senato-mattarellum-1993-corrected,LAZIO,7,ROMA,zone,TORRICOLA,102,€ RM-TORRICOLA ),1.0
senato-mattarellum-1993-corrected,LAZIO,7,ROMA,zone,CECCHIGNOLA,102,€ RM-CECCHIGNOLA ),1.0
senato-mattarellum-1993-corrected,LAZIO,7,ROMA,zone,RAM-CASTEL DI LEVA,102,{ RAM-CASTEL DI LEVA }),1.0
senato-mattarellum-1993-corrected,LAZIO,7,ROMA,zone,FONTE OSTIENSE,102,€ RM-FONTE OSTIENSE è,1.0
senato-mattarellum-1993-corrected,LAZIO,7,ROMA,zone,VALLERANO,102,€ RM-VALLERANO 3),1.0
senato-mattarellum-1993-corrected,LAZIO,7,ROMA,zone,CASTEL Di DECIMA,102,C( RM-CASTEL Di DECIMA èì,1.0
senato-mattarellum-1993-corrected,LAZIO,7,ROMA,zone,TOR DE CENCI,102,{ RM-TOR DE* CENCI >,1.0
senato-mattarellum-1993-corrected,LAZIO,7,CIAMPINO,whole,,102,CIANP INO,0.875
senato-mattarellum-1993-corrected,LAZIO,8,ROMA,zone,APPIO-LATINO,102,€ RM-APPIO-LATINO ),1.0
senato-mattarellum-1993-corrected,LAZIO,8,ROMA,zone,OSTFIENSE,102,{ RM-OSTFIENSE ì,1.0
senato-mattarellum-1993-corrected,LAZIO,8,ROMA,zone,ARDEATINO,102,{( RM-ARDEATINO },1.0
senato-mattarellum-1993-corrected,LAZIO,8,ROMA,zone,GIULFANO-DALMATA,102,{( RM-GIULFANO-DALMATA ),1.0
senato-mattarellum-1993-corrected,LAZIO,8,ROMA,zone,EUROPA E.U.R,102,{ RM-EUROPA E.U.R. ),1.0
senato-mattarellum-1993-corrected,LAZIO,9,ROMA,zone,LIDOG DI OSTIA PONEN,102,( RH-LIDOG DI OSTIA PONEN }),1.0
senato-mattarellum-1993-corrected,LAZIO,9,ROMA,zone,LIDO 01 OSTIA LEVAN,102,€ RM-LIDO 01 OSTIA LEVAN >?,1.0
senato-mattarellum-1993-corrected,LAZIO,9,ROMA,zone,LIDO DI CASTEL FUSA,102,{ RM-LIDO DI CASTEL FUSA è,1.0
senato-mattarellum-1993-corrected,LAZIO,9,ROMA,zone,TORRINO,102,( RM-TORRINO >?,1.0
senato-mattarellum-1993-corrected,LAZIO,9,ROMA,zone,CASTEL PORZIANO,102,€ RM-CASTEL PORZIANO ?,1.0
senato-mattarellum-1993-corrected,LAZIO,9,ROMA,zone,CASTEL FUSANO,102,{ RM-CASTEL FUSANO >),1.0
senato-mattarellum-1993-corrected,LAZIO,9,ROMA,zone,MEZZOCAMINO,102,{ RM-MEZZOCAMINO },1.0
senato-mattarellum-1993-corrected,LAZIO,9,ROMA,zone,ACILIA NORD,102,{ RM-ACILIA NORD ),1.0
senato-mattarellum-1993-corrected,LAZIO,9,ROMA,zone,ACILIA SUD,102,{ RM-ACILIA SUD ),1.0
senato-mattarellum-1993-corrected,LAZIO,9,ROMA,zone,CASAL PALOCCO,102,{ RM-CASAL PALOCCO },1.0
senato-mattarellum-1993-corrected,LAZIO,9,ROMA,zone,OSTiA ANTICA,102,{ AM-OSTiA ANTICA ),1.0
senato-mattarellum-1993-corrected,LAZIO,9,ROMA,zone,TOR DI VALLE,102,( RM-TOR DI VALLE ),1.0
senato-mattarellum-1993-corrected,LAZIO,9,ROMA,zone,MAGLIANA VECCHIA,102,{ RM-MAGLIANA VECCHIA ),1.0
senato-mattarellum-1993-corrected,LAZIO,9,ROMA,zone,PONTE GALERIA,102,( RM-PONTE GALERIA ),1.0
senato-mattarellum-1993-corrected,LAZIO,9,ROMA,zone,LA PISANA,102,{ RM-LA PISANA },1.0
senato-mattarellum-1993-corrected,LAZIO,9,ROMA,zone,CASTEL DI GUIDO,102,{ AM-CASTEL DI GUIDO },1.0
senato-mattarellum-1993-corrected,LAZIO,9,FIUMICINO,whole,,102,FIUMICINO,1.0
senato-mattarellum-1993-corrected,LAZIO,10,ROMA,zone,TRASTEVERE,103,{ RM-TRASTEVERE ),1.0
senato-mattarellum-1993-corrected,LAZIO,10,ROMA,zone,QUARTIERE PORTUENSE,103,( RM-QUARTIERE PORTUENSE },1.0
senato-mattarellum-1993-corrected,LAZIO,10,ROMA,zone,QUARTIERE GIANICOLENSE,103,{ RM-QUARTIERE GIANICOLENSE },1.0
senato-mattarellum-1993-corrected,LAZIO,10,ROMA,zone,SUBURB O PORTUENSE,103,{ RM-SUBURB]O PORTUENSE },1.0
senato-mattarellum-1993-corrected,LAZIO,11,ROMA,zone,QUARTIERE AURELIO,103,(RM-QUARTIERE AURELIO),1.0
senato-mattarellum-1993-corrected,LAZIO,11,ROMA,zone,PRIMAVALLE,103,(RM-PRIMAVALLE),1.0
senato-mattarellum-1993-corrected,LAZIO,11,ROMA,zone,SUBURBIO GIANICOLENSE,103,(RM-SUBURBIO GIANICOLENSE),1.0
senato-mattarellum-1993-corrected,LAZIO,11,ROMA,zone,SUBURBIO AURELIO,103,(RM-SUBURBIO AURELIO},1.0
senato-mattarellum-1993-corrected,LAZIO,11,ROMA,zone,SUBURBIO TRIONFALE,103,(RM-SUBURBIO TRIONFALE),1.0
senato-mattarellum-1993-corrected,LAZIO,11,ROMA,zone,CASALOTTI,103,(RM-CASALOTTI),1.0
senato-mattarellum-1993-corrected,LAZIO,12,ACQUAPENDENTE,whole,,103,ACQUAPENDENTE,1.0
senato-mattarellum-1993-corrected,LAZIO,12,ARLENA DI CASTRO,whole,,103,ARLENA DI CASTRO,1.0
senato-mattarellum-1993-corrected,LAZIO,12,BAGNOREGIO,whole,,103,BAGNOREGIO,1.0
senato-mattarellum-1993-corrected,LAZIO,12,BASSANO IN TEVERINA,whole,,103,BASSANO IN TEVERINA,1.0
senato-mattarellum-1993-corrected,LAZIO,12,BOLSENA,whole,,103,BOLSENA,1.0
senato-mattarellum-1993-corrected,LAZIO,12,BOMARZO,whole,,103,BOMARZO,1.0
senato-mattarellum-1993-corrected,LAZIO,12,CALCATA,whole,,103,CALCATA,1.0
senato-mattarellum-1993-corrected,LAZIO,12,CANEPINA,whole,,103,CANEPINA,1.0
senato-mattarellum-1993-corrected,LAZIO,12,CAPODIMONTE,whole,,103,CAPODIMONTE,1.0
senato-mattarellum-1993-corrected,LAZIO,12,CAPRAROLA,whole,,103,CAPRAROLA,1.0
senato-mattarellum-1993-corrected,LAZIO,12,CARBOGNANO,whole,,103,CAR BOGNANO,1.0
senato-mattarellum-1993-corrected,LAZIO,12,CASTEL SANT'ELIA,whole,,103,CASTEL SANT'*ELIA,1.0
senato-mattarellum-1993-corrected,LAZIO,12,CASTIGLIONE IN TEVERINA,whole,,103,CASTIGLIONE IN TEVERINA,1.0
senato-mattarellum-1993-corrected,LAZIO,12,CELLENO,whole,,103,CELLENO,1.0
senato-mattarellum-1993-corrected,LAZIO,12,CELLERE,whole,,103,CELLERE,1.0
senato-mattarellum-1993-corrected,LAZIO,12,CIVITA CASTELLANA,whole,,103,CIVITA CASTELLANA,1.0
senato-mattarellum-1993-corrected,LAZIO,12,CIVITELLA D'AGLIANO,whole,,103,CIVITELLA D'AGLTANO,0.941
senato-mattarellum-1993-corrected,LAZIO,12,CORCHIANO,whole,,103,CORCHIANO,1.0
senato-mattarellum-1993-corrected,LAZIO,12,FABRICA DI ROMA,whole,,103,FABRICA DI ROMA,1.0
senato-mattarellum-1993-corrected,LAZIO,12,FALERIA,whole,,103,FALERIA,1.0
senato-mattarellum-1993-corrected,LAZIO,12,FARNESE,whole,,103,FARNESE,1.0
senato-mattarellum-1993-corrected,LAZIO,12,GALLESE,whole,,103,GALLESE,1.0
senato-mattarellum-1993-corrected,LAZIO,12,GRADOLI,whole,,103,GRADOLI,1.0
senato-mattarellum-1993-corrected,LAZIO,12,GRAFFIGNANO,whole,,103,GRAFFIGNANO,1.0
senato-mattarellum-1993-corrected,LAZIO,12,GROTTE DI CASTRO,whole,,103,GROTTE DI CASTRO,1.0
senato-mattarellum-1993-corrected,LAZIO,12,ISCHIA DI CASTRO,whole,,103,ISCHIA DI CASTRO,1.0
senato-mattarellum-1993-corrected,LAZIO,12,LATERA,whole,,103,LATERA,1.0
senato-mattarellum-1993-corrected,LAZIO,12,LUBRIANO,whole,,103,LUBRIANO,1.0
senato-mattarellum-1993-corrected,LAZIO,12,MARTA,whole,,103,MARTA,1.0
senato-mattarellum-1993-corrected,LAZIO,12,MONTEFIASCONE,whole,,103,MONTEFTASCONE,0.923
senato-mattarellum-1993-corrected,LAZIO,12,MONTE ROMANO,whole,,103,MONTE ROMANO,1.0
senato-mattarellum-1993-corrected,LAZIO,12,MONTEROSI,whole,,103,MONTEROSI,1.0
senato-mattarellum-1993-corrected,LAZIO,12,NEPI,whole,,103,NEPI,1.0
senato-mattarellum-1993-corrected,LAZIO,12,ONANO,whole,,103,ONANO,1.0
senato-mattarellum-1993-corrected,LAZIO,12,ORTE,whole,,103,ORTE,1.0
senato-mattarellum-1993-corrected,LAZIO,12,PIANSANO,whole,,103,PIANSANO,1.0
senato-mattarellum-1993-corrected,LAZIO,12,PROCENO,whole,,103,PROCENGO,0.875
senato-mattarellum-1993-corrected,LAZIO,12,RONCIGLIONE,whole,,103,RONCIGLIONE,1.0
senato-mattarellum-1993-corrected,LAZIO,12,SORIANO NEL CIMINO,whole,,103,SORIANO NEL CIMINO,1.0
senato-mattarellum-1993-corrected,LAZIO,12,TESSENNANO,whole,,103,TESSENNANO,1.0
senato-mattarellum-1993-corrected,LAZIO,12,TUSCANIA,whole,,103,TUSCANIA,1.0
senato-mattarellum-1993-corrected,LAZIO,12,VALENTANO,whole,,103,VALENTANO,1.0
senato-mattarellum-1993-corrected,LAZIO,12,VALLERANO,whole,,103,VALLERANO,1.0
senato-mattarellum-1993-corrected,LAZIO,12,VASANELLO,whole,,103,VASANELLO,1.0
senato-mattarellum-1993-corrected,LAZIO,12,VETRALLA,whole,,103,VETRALLA,1.0
senato-mattarellum-1993-corrected,LAZIO,12,VIGNANELLO,whole,,103,VIGNANELLO,1.0
senato-mattarellum-1993-corrected,LAZIO,12,VITERBO,whole,,103,VITERBO,1.0
senato-mattarellum-1993-corrected,LAZIO,12,VITORCHIANO,whole,,103,VITORCHIANO,1.0
senato-mattarellum-1993-corrected,LAZIO,13,BARBARANO ROMANO,whole,,103,BARBARANO ROMANO,1.0
senato-mattarellum-1993-corrected,LAZIO,13,BASSANO ROMANO,whole,,103,BASSANO ROMANO,1.0
senato-mattarellum-1993-corrected,LAZIO,13,BLERA,whole,,103,BLERA,1.0
senato-mattarellum-1993-corrected,LAZIO,13,CANINO,whole,,103,CANINO,1.0
senato-mattarellum-1993-corrected,LAZIO,13,CAPRANICA,whole,,103,CAPRANICA,1.0
senato-mattarellum-1993-corrected,LAZIO,13,MONTALTO DI CASTRO,whole,,104,MONTALTO DI CASTRO,1.0
senato-mattarellum-1993-corrected,LAZIO,13,ORIOLO ROMANO,whole,,104,ORIOLO ROMANO,1.0
senato-mattarellum-1993-corrected,LAZIO,13,VILLA SAN GIOVANNI IN TUSCIA,whole,,104,VILLA SAN GIOVANNI IN TUSCIA,1.0
senato-mattarellum-1993-corrected,LAZIO,13,SUTRI,whole,,104,SUTRI,1.0
senato-mattarellum-1993-corrected,LAZIO,13,TARQUINIA,whole,,104,TARQUINIA,1.0
senato-mattarellum-1993-corrected,LAZIO,13,VEJANO,whole,,104,VE JANO,1.0
senato-mattarellum-1993-corrected,LAZIO,13,ALLUMIERE,whole,,104,ALLUNMIERE,0.9
senato-mattarellum-1993-corrected,LAZIO,13,ANGUILLARA SABAZIA,whole,,104,ANGUILLARA SABAZIA,1.0
senato-mattarellum-1993-corrected,LAZIO,13,BRACCIANO,whole,,104,BRACCIANO,1.0
senato-mattarellum-1993-corrected,LAZIO,13,CAMPAGNANO DI ROMA,whole,,104,CAMPAGNANO Di ROMA,1.0
senato-mattarellum-1993-corrected,LAZIO,13,CANALE MONTERANO,whole,,104,CANALE MONTERANO,1.0
senato-mattarellum-1993-corrected,LAZIO,13,CASTELNUOVO DI PORTO,whole,,104,CASTELNUOVO Di PORTO,1.0
senato-mattarellum-1993-corrected,LAZIO,13,CERVETERI,whole,,104,CERVETERÎ,0.889
senato-mattarellum-1993-corrected,LAZIO,13,CIVITAVECCHIA,whole,,104,CIVITAVECCHIA,1.0
senato-mattarellum-1993-corrected,LAZIO,13,FORMELLO,whole,,104,FORMELLO,1.0
senato-mattarellum-1993-corrected,LAZIO,13,MAGLIANO ROMANO,whole,,104,HAGLIANO ROMANO,1.0
senato-mattarellum-1993-corrected,LAZIO,13,MANZIANA,whole,,104,MANZ TANA,0.875
senato-mattarellum-1993-corrected,LAZIO,13,MAZZANO ROMANO,whole,,104,MAZZANO ROMANO,1.0
senato-mattarellum-1993-corrected,LAZIO,13,MORLUPO,whole,,104,HORLUPA,0.857
senato-mattarellum-1993-corrected,LAZIO,13,RIANO,whole,,104,RIANO,1.0
senato-mattarellum-1993-corrected,LAZIO,13,SACROFANO,whole,,104,SACROF ANO,1.0
senato-mattarellum-1993-corrected,LAZIO,13,SANTA MARINELLA,whole,,104,SANTA MARINELLA,1.0
senato-mattarellum-1993-corrected,LAZIO,13,TOLFA,whole,,104,TOLFA,1.0
senato-mattarellum-1993-corrected,LAZIO,13,TREVIGNANO ROMANO,whole,,104,TREVIGNANO ROMANO,1.0
senato-mattarellum-1993-corrected,LAZIO,13,LADISPOLI,whole,,104,LADISPOLI,1.0
senato-mattarellum-1993-corrected,LAZIO,14,ACCUMOLI,whole,,104,ACCUMOLI,1.0
senato-mattarellum-1993-corrected,LAZIO,14,AMATRICE,whole,,104,AMATR ICE,1.0
senato-mattarellum-1993-corrected,LAZIO,14,ANTRODOCO,whole,,104,ANTRODOCO,1.0
senato-mattarellum-1993-corrected,LAZIO,14,ASCREA,whole,,104,ASCREA,1.0
senato-mattarellum-1993-corrected,LAZIO,14,BELMONTE IN SABINA,whole,,104,BELMONTE IN SABINA,1.0
senato-mattarellum-1993-corrected,LAZIO,14,BORBONA,whole,,104,BORBONA,1.0
senato-mattarellum-1993-corrected,LAZIO,14,BORGOROSE,whole,,104,BORGOROSE,1.0
senato-mattarellum-1993-corrected,LAZIO,14,BORGO VELINO,whole,,104,BORGO VEL INO,1.0
senato-mattarellum-1993-corrected,LAZIO,14,CANTALICE,whole,,104,CANTAL ICE,1.0
senato-mattarellum-1993-corrected,LAZIO,14,CANTALUPO IN SABINA,whole,,104,CANTALUPO iN SABINA,1.0
senato-mattarellum-1993-corrected,LAZIO,14,CASAPROTA,whole,,104,CASAPROTA,1.0
senato-mattarellum-1993-corrected,LAZIO,14,CASPERIA,whole,,104,CASPERIA,1.0
senato-mattarellum-1993-corrected,LAZIO,14,CASTEL DI TORA,whole,,104,CASTEL DI TORA,1.0
senato-mattarellum-1993-corrected,LAZIO,14,CASTELNUOVO DI FARFA,whole,,104,CASTELNUOVO DI FARFA,1.0
senato-mattarellum-1993-corrected,LAZIO,14,CASTEL SANT'ANGELO,whole,,104,CASTEL SANT'ANGELO,1.0
senato-mattarellum-1993-corrected,LAZIO,14,CITTADUCALE,whole,,104,CITTADUCALE,1.0
senato-mattarellum-1993-corrected,LAZIO,14,CITTAREALE,whole,,104,CITTAREALE,1.0
senato-mattarellum-1993-corrected,LAZIO,14,COLLALTO SABINO,whole,,104,COLLALTO SABFNO,0.929
senato-mattarellum-1993-corrected,LAZIO,14,COLLE DI TORA,whole,,104,COLLE BI FORA,0.818
senato-mattarellum-1993-corrected,LAZIO,14,COLLEGIOVE,whole,,104,COLLEGiIiOVE,0.833
senato-mattarellum-1993-corrected,LAZIO,14,COLLEVECCHIO,whole,,104,COLLEVECCHIO,1.0
senato-mattarellum-1993-corrected,LAZIO,14,COLLI SUL VELINO,whole,,104,COLLI SUL VELINO,1.0
senato-mattarellum-1993-corrected,LAZIO,14,CONCERVIANO,whole,,104,CONCERVIANO,1.0
senato-mattarellum-1993-corrected,LAZIO,14,CONFIGNI,whole,,104,CONFIGNI,1.0
senato-mattarellum-1993-corrected,LAZIO,14,CONTIGLIANO,whole,,104,CONTIGL TANO,0.909
senato-mattarellum-1993-corrected,LAZIO,14,COTTANELLO,whole,,104,COTTANELLO,1.0
senato-mattarellum-1993-corrected,LAZIO,14,FARA IN SABINA,whole,,104,FARA IN SABINA,1.0
senato-mattarellum-1993-corrected,LAZIO,14,FIAMIGNANO,whole,,104,FIAMIGNANO,1.0
senato-mattarellum-1993-corrected,LAZIO,14,FORANO,whole,,104,FORANO,1.0
senato-mattarellum-1993-corrected,LAZIO,14,FRASSO SABINO,whole,,104,FRASSO SABINO,1.0
senato-mattarellum-1993-corrected,LAZIO,14,GRECCIO,whole,,104,GRECCIO,1.0
senato-mattarellum-1993-corrected,LAZIO,14,LABRO,whole,,104,LABRO,1.0
senato-mattarellum-1993-corrected,LAZIO,14,LEONESSA,whole,,104,LEONESSA,1.0
senato-mattarellum-1993-corrected,LAZIO,14,LONGONE SABINO,whole,,104,LONGONE SABINO,1.0
senato-mattarellum-1993-corrected,LAZIO,14,MAGLIANO SABINA,whole,,104,MAGLIANO SABINA,1.0
senato-mattarellum-1993-corrected,LAZIO,14,MARCETELLI,whole,,104,HARCETELLI,1.0
senato-mattarellum-1993-corrected,LAZIO,14,MICIGLIANO,whole,,104,MICIGL IANO,1.0
senato-mattarellum-1993-corrected,LAZIO,14,MOMPEO,whole,,104,MOMPE GO,0.857
senato-mattarellum-1993-corrected,LAZIO,14,MONTASOLA,whole,,104,MONTASOLA,1.0
senato-mattarellum-1993-corrected,LAZIO,14,MONTEBUONO,whole,,104,MONTE BUONO,1.0
senato-mattarellum-1993-corrected,LAZIO,14,MONTELEONE SABINO,whole,,104,MONTELEONE SABINO,1.0
senato-mattarellum-1993-corrected,LAZIO,14,MONTENERO SABINO,whole,,105,MONTENERO SABINO,1.0
senato-mattarellum-1993-corrected,LAZIO,14,MONTE SAN GIOVANNI IN SABINA,whole,,105,MONTE SAN GIOVANNI IN SABINA,1.0
senato-mattarellum-1993-corrected,LAZIO,14,MONTOPOLI DI SABINA,whole,,105,MONTOPOLI DI SABINA,1.0
senato-mattarellum-1993-corrected,LAZIO,14,MORRO REATINO,whole,,105,MORRO REATINO,1.0
senato-mattarellum-1993-corrected,LAZIO,14,NESPOLO,whole,,105,NESPOLO,1.0
senato-mattarellum-1993-corrected,LAZIO,14,ORVINIO,whole,,105,ORVINITO,0.875
senato-mattarellum-1993-corrected,LAZIO,14,PAGANICO,whole,,105,PAGANICO,1.0
senato-mattarellum-1993-corrected,LAZIO,14,PESCOROCCHIANO,whole,,105,PESCOROCCHIANO,1.0
senato-mattarellum-1993-corrected,LAZIO,14,PETRELLA SALTO,whole,,105,PETRELLA SALTO,1.0
senato-mattarellum-1993-corrected,LAZIO,14,POGGIO BUSTONE,whole,,105,POGGIO BUSTONE,1.0
senato-mattarellum-1993-corrected,LAZIO,14,POGGIO CATINO,whole,,105,POGGIO CATINO,1.0
senato-mattarellum-1993-corrected,LAZIO,14,POGGIO MIRTETO,whole,,105,POGGIO MIRTETO,1.0
senato-mattarellum-1993-corrected,LAZIO,14,POGGIO MOIANO,whole,,105,POGGIU HOIANO,0.917
senato-mattarellum-1993-corrected,LAZIO,14,POGGIO NATIVO,whole,,105,POGGIO NATIVO,1.0
senato-mattarellum-1993-corrected,LAZIO,14,POGGIO SAN LORENZO,whole,,105,POGGIO SAN LORENZO,1.0
senato-mattarellum-1993-corrected,LAZIO,14,POSTA,whole,,105,POSTA,1.0
senato-mattarellum-1993-corrected,LAZIO,14,POZZAGLIA SABINO,whole,,105,POZZAGLIA SABINA,0.933
senato-mattarellum-1993-corrected,LAZIO,14,RIETI,whole,,105,RIETI,1.0
senato-mattarellum-1993-corrected,LAZIO,14,RIVODUTRI,whole,,105,RIVODUTRI,1.0
senato-mattarellum-1993-corrected,LAZIO,14,ROCCANTICA,whole,,105,ROCCANTICA,1.0
senato-mattarellum-1993-corrected,LAZIO,14,ROCCA SINIBALDA,whole,,105,RUCCA SINIBALDA,0.929
senato-mattarellum-1993-corrected,LAZIO,14,SALISANO,whole,,105,SAL ISANO,1.0
senato-mattarellum-1993-corrected,LAZIO,14,SCANDRIGLIA,whole,,105,SCANDBRIGLIA,0.917
senato-mattarellum-1993-corrected,LAZIO,14,SELCI,whole,,105,SELCI,1.0
senato-mattarellum-1993-corrected,LAZIO,14,STIMIGLIANO,whole,,105,STIMIGLIANO,1.0
senato-mattarellum-1993-corrected,LAZIO,14,TARANO,whole,,105,TARANO,1.0
senato-mattarellum-1993-corrected,LAZIO,14,TOFFIA,whole,,105,TOFFIA,1.0
senato-mattarellum-1993-corrected,LAZIO,14,TORRICELLA IN SABINA,whole,,105,TORRICELLA IN SABINA,1.0
senato-mattarellum-1993-corrected,LAZIO,14,TORRI IN SABINA,whole,,105,TORRI IN SABINA,1.0
senato-mattarellum-1993-corrected,LAZIO,14,TURANIA,whole,,105,TURANIA,1.0
senato-mattarellum-1993-corrected,LAZIO,14,VACONE,whole,,105,VACONE,1.0
senato-mattarellum-1993-corrected,LAZIO,14,VARCO SABINO,whole,,105,VARCO SABINO,1.0
senato-mattarellum-1993-corrected,LAZIO,14,CAPENA,whole,,105,CAPENA,1.0
senato-mattarellum-1993-corrected,LAZIO,14,CIVITELLA SAN PAOLO,whole,,105,CIVITELLA SAN PAULO,0.941
senato-mattarellum-1993-corrected,LAZIO,14,FIANO ROMANO,whole,,105,FIANO ROMANO,1.0
senato-mattarellum-1993-corrected,LAZIO,14,FILACCIANO,whole,,105,FILACCIANO,1.0
senato-mattarellum-1993-corrected,LAZIO,14,MONTEFLAVIO,whole,,105,MONTEFLAVIO,1.0
senato-mattarellum-1993-corrected,LAZIO,14,MONTELIBRETTI,whole,,105,MONTELIBRETTI,1.0
senato-mattarellum-1993-corrected,LAZIO,14,MONTEROTONDO,whole,,105,MONTEROTONDO,1.0
senato-mattarellum-1993-corrected,LAZIO,14,MONTORIO ROMANO,whole,,105,MONTORIO ROMANO,1.0
senato-mattarellum-1993-corrected,LAZIO,14,MORICONE,whole,,105,MOR TCONE,0.875
senato-mattarellum-1993-corrected,LAZIO,14,NAZZANO,whole,,105,NAZZANO,1.0
senato-mattarellum-1993-corrected,LAZIO,14,NEROLA,whole,,105,NEROLA,1.0
senato-mattarellum-1993-corrected,LAZIO,14,PALOMBARA SABINA,whole,,105,PALOMBARA SABINA,1.0
senato-mattarellum-1993-corrected,LAZIO,14,PONZANO ROMANO,whole,,105,PONZANO RQMANO,0.923
senato-mattarellum-1993-corrected,LAZIO,14,RIGNANO FLAMINIO,whole,,105,RIGNANO FLAMINIO,1.0
senato-mattarellum-1993-corrected,LAZIO,14,SANT'ANGELO ROMANO,whole,,105,SANT'ANGELO ROMANO,1.0
senato-mattarellum-1993-corrected,LAZIO,14,SANT'ORESTE,whole,,105,SANT'ORESTE,1.0
senato-mattarellum-1993-corrected,LAZIO,14,TORRITA TIBERINA,whole,,105,TORRITA TIBERINA,1.0
senato-mattarellum-1993-corrected,LAZIO,15,AFFILE,whole,,105,AFFILE,1.0
senato-mattarellum-1993-corrected,LAZIO,15,AGOSTA,whole,,105,AGOSTA,1.0
senato-mattarellum-1993-corrected,LAZIO,15,ANTICOLI CORRADO,whole,,105,ANTICOLI CORRADO,1.0
senato-mattarellum-1993-corrected,LAZIO,15,ARCINAZZO ROMANO,whole,,105,ARCINAZZO ROMANO,1.0
senato-mattarellum-1993-corrected,LAZIO,15,ARSOLI,whole,,105,ARSOLI,1.0
senato-mattarellum-1993-corrected,LAZIO,15,BELLEGRA,whole,,105,BELLEGRA,1.0
senato-mattarellum-1993-corrected,LAZIO,15,CAMERATA NUOVA,whole,,105,CAMERATA NUOVA,1.0
senato-mattarellum-1993-corrected,LAZIO,15,CANTERANO,whole,,105,CANTERANO,1.0
senato-mattarellum-1993-corrected,LAZIO,15,CAPRANICA PRENESTINA,whole,,105,CAPRANICA PRENESTINA,1.0
senato-mattarellum-1993-corrected,LAZIO,15,CASAPE,whole,,105,CTASAPE,0.857
senato-mattarellum-1993-corrected,LAZIO,15,CASTEL MADAMA,whole,,105,CASTEL MADAMA,1.0
senato-mattarellum-1993-corrected,LAZIO,15,CASTEL SAN PIETRO ROMANO,whole,,105,CASTEL SAN PIETRO ROMANO,1.0
senato-mattarellum-1993-corrected,LAZIO,15,CAVE,whole,,105,CAVE,1.0
senato-mattarellum-1993-corrected,LAZIO,15,CERRETO LAZIALE,whole,,105,CERRETO LAZIALE,1.0
senato-mattarellum-1993-corrected,LAZIO,15,CERVARA DI ROMA,whole,,105,CERVARA DI RONMA,0.929
senato-mattarellum-1993-corrected,LAZIO,15,CICILIANO,whole,,105,CICILIANO,1.0
senato-mattarellum-1993-corrected,LAZIO,15,CINETO ROMANO,whole,,105,CINETO ROMANO,1.0
senato-mattarellum-1993-corrected,LAZIO,15,GENAZZANO,whole,,106,GENAZZANO,1.0
senato-mattarellum-1993-corrected,LAZIO,15,GERANO,whole,,106,GERANO,1.0
senato-mattarellum-1993-corrected,LAZIO,15,GUIDONIA MONTECELIO,whole,,106,GUIDONT1A MONTECELIiIO,0.857
senato-mattarellum-1993-corrected,LAZIO,15,JENNE,whole,,106,JENNE,1.0
senato-mattarellum-1993-corrected,LAZIO,15,LICENZA,whole,,106,LICENZA,1.0
senato-mattarellum-1993-corrected,LAZIO,15,MANDELA,whole,,106,MANDELA,1.0
senato-mattarellum-1993-corrected,LAZIO,15,MARANO EQUO,whole,,106,MARANO EQUO,1.0
senato-mattarellum-1993-corrected,LAZIO,15,MARCELLINA,whole,,106,MARCELLINA,1.0
senato-mattarellum-1993-corrected,LAZIO,15,MENTANA,whole,,106,MENTANA,1.0
senato-mattarellum-1993-corrected,LAZIO,15,OLEVANO ROMANO,whole,,106,OLEVANG ROMANO,0.923
senato-mattarellum-1993-corrected,LAZIO,15,PERCILE,whole,,106,PERCILE,1.0
senato-mattarellum-1993-corrected,LAZIO,15,PISONIANO,whole,,106,PISONIANO,1.0
senato-mattarellum-1993-corrected,LAZIO,15,POLI,whole,,106,POLI,1.0
senato-mattarellum-1993-corrected,LAZIO,15,RIOFREDDO,whole,,106,RIOFREDDO,1.0
senato-mattarellum-1993-corrected,LAZIO,15,ROCCA CANTERANO,whole,,106,ROCCA CANTERANO,1.0
senato-mattarellum-1993-corrected,LAZIO,15,ROCCA DI CAVE,whole,,106,ROCCA DI CAVE,1.0
senato-mattarellum-1993-corrected,LAZIO,15,ROCCAGIOVINE,whole,,106,ROCCAGIOVINE,1.0
senato-mattarellum-1993-corrected,LAZIO,15,ROCCA SANTO STEFANO,whole,,106,ROCCA SANTO STEFANO,1.0
senato-mattarellum-1993-corrected,LAZIO,15,ROIATE,whole,,106,RO1ATE,1.0
senato-mattarellum-1993-corrected,LAZIO,15,ROVIANO,whole,,106,ROVI1ANO,0.875
senato-mattarellum-1993-corrected,LAZIO,15,SAMBUCI,whole,,106,SAMBUCI,1.0
senato-mattarellum-1993-corrected,LAZIO,15,SAN GREGORIO DA SASSOLA,whole,,106,SAN GREGORIO DA SASSOLA,1.0
senato-mattarellum-1993-corrected,LAZIO,15,SAN POLO DEI CAVALIERI,whole,,106,SAN POLO DEI CAVALIERI,1.0
senato-mattarellum-1993-corrected,LAZIO,15,SAN VITO ROMANO,whole,,106,SAN VITO ROMANO,1.0
senato-mattarellum-1993-corrected,LAZIO,15,SARACINESCO,whole,,106,SARAC EINE SCO,0.917
senato-mattarellum-1993-corrected,LAZIO,15,SUBIACO,whole,,106,SUBIACO,1.0
senato-mattarellum-1993-corrected,LAZIO,15,VALLEPIETRA,whole,,106,VALLEPIETRA,1.0
senato-mattarellum-1993-corrected,LAZIO,15,VALLINFREDA,whole,,106,VALLINFREDA,1.0
senato-mattarellum-1993-corrected,LAZIO,15,VICOVARO,whole,,106,VICOVARO,1.0
senato-mattarellum-1993-corrected,LAZIO,15,VIVARO ROMANO,whole,,106,VIVARO ROMANO,1.0
senato-mattarellum-1993-corrected,LAZIO,16,ACUTO,whole,,106,ACUTO,1.0
senato-mattarellum-1993-corrected,LAZIO,16,ALATRI,whole,,106,ALATRI,1.0
senato-mattarellum-1993-corrected,LAZIO,16,AMASENO,whole,,106,ANASENO,0.857
senato-mattarellum-1993-corrected,LAZIO,16,ANAGNI,whole,,106,ANAGNI,1.0
senato-mattarellum-1993-corrected,LAZIO,16,ARNARA,whole,,106,ARNARA,1.0
senato-mattarellum-1993-corrected,LAZIO,16,BOVILLE ERNICA,whole,,106,BOVILLE ERNICA,1.0
senato-mattarellum-1993-corrected,LAZIO,16,CASTRO DEI VOLSCI,whole,,106,CASTRO DEI VOLSCI,1.0
senato-mattarellum-1993-corrected,LAZIO,16,CECCANO,whole,,106,CECCANO,1.0
senato-mattarellum-1993-corrected,LAZIO,16,COLLEPARDO,whole,,106,COLLEPARDO,1.0
senato-mattarellum-1993-corrected,LAZIO,16,FERENTINO,whole,,106,FERENTINO,1.0
senato-mattarellum-1993-corrected,LAZIO,16,FILETTINO,whole,,106,FILETTINO,1.0
senato-mattarellum-1993-corrected,LAZIO,16,FROSINONE,whole,,106,FROSINONE,1.0
senato-mattarellum-1993-corrected,LAZIO,16,FUMONE,whole,,106,F YMONE,0.833
senato-mattarellum-1993-corrected,LAZIO,16,GIULIANO DI ROMA,whole,,106,GIULIANO DI ROMA,1.0
senato-mattarellum-1993-corrected,LAZIO,16,GUARCINO,whole,,106,GUARC ENO,0.875
senato-mattarellum-1993-corrected,LAZIO,16,MOROLO,whole,,106,MOROLO,1.0
senato-mattarellum-1993-corrected,LAZIO,16,PALIANO,whole,,106,PAL 1 ANG,0.857
senato-mattarellum-1993-corrected,LAZIO,16,PATRICA,whole,,106,PATRICA,1.0
senato-mattarellum-1993-corrected,LAZIO,16,PIGLIO,whole,,106,PIGLIO,1.0
senato-mattarellum-1993-corrected,LAZIO,16,POFI,whole,,106,POF I,0.75
senato-mattarellum-1993-corrected,LAZIO,16,RIPI,whole,,106,RIPI,1.0
senato-mattarellum-1993-corrected,LAZIO,16,SERRONE,whole,,106,SERRONE,1.0
senato-mattarellum-1993-corrected,LAZIO,16,SGURGOLA,whole,,106,SCURGOLA,0.875
senato-mattarellum-1993-corrected,LAZIO,16,SUPINO,whole,,106,SUP INO,1.0
senato-mattarellum-1993-corrected,LAZIO,16,TORRE CAJETANI,whole,,106,TORRE CAJETANI,1.0
senato-mattarellum-1993-corrected,LAZIO,16,TORRICE,whole,,106,TORRICE,1.0
senato-mattarellum-1993-corrected,LAZIO,16,TREVI NEL LAZIO,whole,,106,TREVI NEL LAZIO,1.0
senato-mattarellum-1993-corrected,LAZIO,16,TRIVIGLIANO,whole,,106,TRIVIGLIANO,1.0
senato-mattarellum-1993-corrected,LAZIO,16,VALLECORSA,whole,,106,VALLECUORSA,0.909
senato-mattarellum-1993-corrected,LAZIO,16,VEROLI,whole,,106,VEROLI,1.0
senato-mattarellum-1993-corrected,LAZIO,16,VICO NEL LAZIO,whole,,106,VICO NEL LAZIO,1.0
senato-mattarellum-1993-corrected,LAZIO,16,VILLA SANTO STEFANO,whole,,106,VILLA SANTO STEFANO,1.0
senato-mattarellum-1993-corrected,LAZIO,17,ACQUAFONDATA,whole,,107,ACQUAFONDATA,1.0
senato-mattarellum-1993-corrected,LAZIO,17,ALVITO,whole,,107,ALVITO,1.0
senato-mattarellum-1993-corrected,LAZIO,17,AQUINO,whole,,107,AQUINO,1.0
senato-mattarellum-1993-corrected,LAZIO,17,ARCE,whole,,107,ARCE,1.0
senato-mattarellum-1993-corrected,LAZIO,17,ARPINO,whole,,107,ARPINO,1.0
senato-mattarellum-1993-corrected,LAZIO,17,ATINA,whole,,107,ATINA,1.0
senato-mattarellum-1993-corrected,LAZIO,17,AUSONIA,whole,,107,AUSONIA,1.0
senato-mattarellum-1993-corrected,LAZIO,17,BELMONTE CASTELLO,whole,,107,BELMONTE CASTELLO,1.0
senato-mattarellum-1993-corrected,LAZIO,17,BROCCOSTELLA,whole,,107,BROCCOSTELLA,1.0
senato-mattarellum-1993-corrected,LAZIO,17,CAMPOLI APPENNINO,whole,,107,CAMPOLI APPENNINO,1.0
senato-mattarellum-1993-corrected,LAZIO,17,CASALATTICO,whole,,107,CASALATTICO,1.0
senato-mattarellum-1993-corrected,LAZIO,17,CASALVIERI,whole,,107,CASALVIERI,1.0
senato-mattarellum-1993-corrected,LAZIO,17,CASSINO,whole,,107,CASSINO,1.0
senato-mattarellum-1993-corrected,LAZIO,17,CASTELLIRI,whole,,107,CASTELLIRI,1.0
senato-mattarellum-1993-corrected,LAZIO,17,CASTELNUOVO PARANO,whole,,107,CASTELNUOVO PARANO,1.0
senato-mattarellum-1993-corrected,LAZIO,17,CASTROCIELO,whole,,107,CASTROCIELO,1.0
senato-mattarellum-1993-corrected,LAZIO,17,CEPRANO,whole,,107,CEPRANO,1.0
senato-mattarellum-1993-corrected,LAZIO,17,CERVARO,whole,,107,CERVARO,1.0
senato-mattarellum-1993-corrected,LAZIO,17,COLFELICE,whole,,107,COLFEL ICE,1.0
senato-mattarellum-1993-corrected,LAZIO,17,COLLE SAN MAGNO,whole,,107,COLLE SAN MAGNO,1.0
senato-mattarellum-1993-corrected,LAZIO,17,CORENO AUSONIO,whole,,107,CORENO AUSONIO,1.0
senato-mattarellum-1993-corrected,LAZIO,17,ESPERIA,whole,,107,ESPERIA,1.0
senato-mattarellum-1993-corrected,LAZIO,17,FALVATERRA,whole,,107,FALVATERRA,1.0
senato-mattarellum-1993-corrected,LAZIO,17,FONTANA LIRI,whole,,107,FUNTANA LIRI,0.909
senato-mattarellum-1993-corrected,LAZIO,17,FONTECHIARI,whole,,107,FUNTECHIARI,0.909
senato-mattarellum-1993-corrected,LAZIO,17,GALLINARO,whole,,107,GALLINARO,1.0
senato-mattarellum-1993-corrected,LAZIO,17,ISOLA DEL LIRI,whole,,107,ISOLA DEL LIRI,1.0
senato-mattarellum-1993-corrected,LAZIO,17,MONTE SAN GIOVANNI CAMPANO,whole,,107,MONTE SAN GIOVANNI CAMPANO,1.0
senato-mattarellum-1993-corrected,LAZIO,17,PASTENA,whole,,107,PASTENA,1.0
senato-mattarellum-1993-corrected,LAZIO,17,PESCOSOLIDO,whole,,107,PESCOSOL IDO,1.0
senato-mattarellum-1993-corrected,LAZIO,17,PICINISCO,whole,,107,PICINISCO,1.0
senato-mattarellum-1993-corrected,LAZIO,17,PICO,whole,,107,PICO,1.0
senato-mattarellum-1993-corrected,LAZIO,17,PIEDIMONTE SAN GERMANO,whole,,107,PIEDIMONTE SAN GERMANO,1.0
senato-mattarellum-1993-corrected,LAZIO,17,PIGNATARO INTERAMNA,whole,,107,PIGNATARO INTERAMNA,1.0
senato-mattarellum-1993-corrected,LAZIO,17,PONTECORVO,whole,,107,PONTECORVO,1.0
senato-mattarellum-1993-corrected,LAZIO,17,POSTA FIBRENO,whole,,107,POSTA FIBRENO,1.0
senato-mattarellum-1993-corrected,LAZIO,17,ROCCA D'ARCE,whole,,107,ROCCA D'ARCE,1.0
senato-mattarellum-1993-corrected,LAZIO,17,ROCCASECCA,whole,,107,ROCCASECCA,1.0
senato-mattarellum-1993-corrected,LAZIO,17,SAN BIAGIO SARACINISCO,whole,,107,SAN BIAGIO SARACINISCO,1.0
senato-mattarellum-1993-corrected,LAZIO,17,SAN DONATO VAL DI COMINO,whole,,107,SAN DONATO VAL DI COMINO,1.0
senato-mattarellum-1993-corrected,LAZIO,17,SAN GIORGIO A LIRI,whole,,107,SAN GIORGIO A LIRI,1.0
senato-mattarellum-1993-corrected,LAZIO,17,SAN GIOVANNI INCARICO,whole,,107,SAN GIOVANNI INCARICO,1.0
senato-mattarellum-1993-corrected,LAZIO,17,SANT'AMBROGIO SUL GARIGLIANO,whole,,107,SANT'AMBROGIO SUL GARIGLIANO,1.0
senato-mattarellum-1993-corrected,LAZIO,17,SANT'ANDREA DEL GARIGLIANO,whole,,107,SANT'ANDREA DEL GARIGLIANO,1.0
senato-mattarellum-1993-corrected,LAZIO,17,SANT'APOLLINARE,whole,,107,SANT'APOLLINARE,1.0
senato-mattarellum-1993-corrected,LAZIO,17,SANT'ELIA FIUMERAPIDO,whole,,107,SANT'ELIA FIUMERAPIDO,1.0
senato-mattarellum-1993-corrected,LAZIO,17,SANTOPADRE,whole,,107,SANTOUPADRE,0.909
senato-mattarellum-1993-corrected,LAZIO,17,SAN VITTORE DEL LAZIO,whole,,107,SAN VITTORE DEL LAZIO,1.0
senato-mattarellum-1993-corrected,LAZIO,17,SETTEFRATI,whole,,107,SETTEFRATI,1.0
senato-mattarellum-1993-corrected,LAZIO,17,SORA,whole,,107,SORA,1.0
senato-mattarellum-1993-corrected,LAZIO,17,STRANGOLAGALLI,whole,,107,STRANGOLAGALLI,1.0
senato-mattarellum-1993-corrected,LAZIO,17,TERELLE,whole,,107,TERELLE,1.0
senato-mattarellum-1993-corrected,LAZIO,17,VALLEMAIO,whole,,107,VALLEMAITO,0.9
senato-mattarellum-1993-corrected,LAZIO,17,VALLEROTONDA,whole,,107,VALLEROTONDA,1.0
senato-mattarellum-1993-corrected,LAZIO,17,VICALVI,whole,,107,VICALVI,1.0
senato-mattarellum-1993-corrected,LAZIO,17,VILLA LATINA,whole,,107,VILLA LATINA,1.0
senato-mattarellum-1993-corrected,LAZIO,17,VILLA SANTA LUCIA,whole,,107,VILLA SANTA LUCIA,1.0
senato-mattarellum-1993-corrected,LAZIO,17,,whole,,107,VYI1FICUSO,0.7
senato-mattarellum-1993-corrected,LAZIO,18,CAMPODIMELE,whole,,107,CAMPODIMELE,1.0
senato-mattarellum-1993-corrected,LAZIO,18,CASTELFORTE,whole,,107,CASTELFORTE,1.0
senato-mattarellum-1993-corrected,LAZIO,18,FONDI,whole,,107,FONDI,1.0
senato-mattarellum-1993-corrected,LAZIO,18,FORMIA,whole,,107,FORMIA,1.0
senato-mattarellum-1993-corrected,LAZIO,18,GAETA,whole,,107,GAETA,1.0
senato-mattarellum-1993-corrected,LAZIO,18,ITRI,whole,,107,ITRI,1.0
senato-mattarellum-1993-corrected,LAZIO,18,LENOLA,whole,,107,LENUOLA,0.857
senato-mattarellum-1993-corrected,LAZIO,18,MINTURNO,whole,,107,MINTURNO,1.0
senato-mattarellum-1993-corrected,LAZIO,18,MONTE SAN BIAGIO,whole,,108,MONTE SAN BIAGIO,1.0
senato-mattarellum-1993-corrected,LAZIO,18,PONTINIA,whole,,108,PONTINIA,1.0
senato-mattarellum-1993-corrected,LAZIO,18,PONZA,whole,,108,PONZA,1.0
senato-mattarellum-1993-corrected,LAZIO,18,SABAUDIA,whole,,108,SABAUDIA,1.0
senato-mattarellum-1993-corrected,LAZIO,18,SAN FELICE CIRCEO,whole,,108,SAN FELICE CIRCEO,1.0
senato-mattarellum-1993-corrected,LAZIO,18,SANTI COSMA E DAMIANO,whole,,108,SANTI COSMA E DAMIANO,1.0
senato-mattarellum-1993-corrected,LAZIO,18,SONNINO,whole,,108,SONNINO,1.0
senato-mattarellum-1993-corrected,LAZIO,18,SPERLONGA,whole,,108,SPERLONGA,1.0
senato-mattarellum-1993-corrected,LAZIO,18,SPIGNO SATURNIA,whole,,108,SPIGNO SATURNIA,1.0
senato-mattarellum-1993-corrected,LAZIO,18,TERRACINA,whole,,108,TERRACINA,1.0
senato-mattarellum-1993-corrected,LAZIO,18,VENTOTENE,whole,,108,VENTOTENE,1.0
senato-mattarellum-1993-corrected,LAZIO,19,APRILIA,whole,,108,APRILIA,1.0
senato-mattarellum-1993-corrected,LAZIO,19,BASSIANO,whole,,108,BASSI1ANO,0.889
senato-mattarellum-1993-corrected,LAZIO,19,CISTERNA DI LATINA,whole,,108,CISTERNA DI LATINA,1.0
senato-mattarellum-1993-corrected,LAZIO,19,CORI,whole,,108,CORI,1.0
senato-mattarellum-1993-corrected,LAZIO,19,LATINA,whole,,108,LATINA,1.0
senato-mattarellum-1993-corrected,LAZIO,19,MAENZA,whole,,108,MAENZA,1.0
senato-mattarellum-1993-corrected,LAZIO,19,NORMA,whole,,108,NORMA,1.0
senato-mattarellum-1993-corrected,LAZIO,19,PRIVERNO,whole,,108,PRIVERNO,1.0
senato-mattarellum-1993-corrected,LAZIO,19,PROSSEDI,whole,,108,PROSSEODI,0.889
senato-mattarellum-1993-corrected,LAZIO,19,ROCCAGORGA,whole,,108,ROCCAGORGA,1.0
senato-mattarellum-1993-corrected,LAZIO,19,ROCCA MASSIMA,whole,,108,ROCCA MASSIMA,1.0
senato-mattarellum-1993-corrected,LAZIO,19,ROCCASECCA DEI VOLSCI,whole,,108,ROCCASECCA DEI VOLSCI,1.0
senato-mattarellum-1993-corrected,LAZIO,19,SERMONETA,whole,,108,SERMONETA,1.0
senato-mattarellum-1993-corrected,LAZIO,19,SEZZE,whole,,108,SEZZE,1.0
senato-mattarellum-1993-corrected,LAZIO,20,ALBANO LAZIALE,whole,,108,ALBANO LAZIALE,1.0
senato-mattarellum-1993-corrected,LAZIO,20,ANZIO,whole,,108,ANZIO,1.0
senato-mattarellum-1993-corrected,LAZIO,20,ARICCIA,whole,,108,ARICCIA,1.0
senato-mattarellum-1993-corrected,LAZIO,20,GENZANO DI ROMA,whole,,108,GENZANO DI ROHA,1.0
senato-mattarellum-1993-corrected,LAZIO,20,LANUVIO,whole,,108,LANUVIO,1.0
senato-mattarellum-1993-corrected,LAZIO,20,NEMI,whole,,108,NEMI,1.0
senato-mattarellum-1993-corrected,LAZIO,20,NETTUNO,whole,,108,NE TTUNO,1.0
senato-mattarellum-1993-corrected,LAZIO,20,POMEZIA,whole,,108,FOMEZIA,0.857
senato-mattarellum-1993-corrected,LAZIO,20,VELLETRI,whole,,108,VELLETRI,1.0
senato-mattarellum-1993-corrected,LAZIO,20,ARDEA,whole,,108,ARDEA,1.0
senato-mattarellum-1993-corrected,LAZIO,21,ARTENA,whole,,108,ARTENA,1.0
senato-mattarellum-1993-corrected,LAZIO,21,CARPINETO ROMANO,whole,,108,CARPINETO ROMANO,1.0
senato-mattarellum-1993-corrected,LAZIO,21,CASTEL GANDOLFO,whole,,108,CASTEL GANDOLFO,1.0
senato-mattarellum-1993-corrected,LAZIO,21,COLLEFERRO,whole,,108,COLLEFERRO,1.0
senato-mattarellum-1993-corrected,LAZIO,21,COLONNA,whole,,108,COLONNA,1.0
senato-mattarellum-1993-corrected,LAZIO,21,FRASCATI,whole,,108,FRASCATI,1.0
senato-mattarellum-1993-corrected,LAZIO,21,GALLICANO NEL LAZIO,whole,,108,GALLICANO NEL LAZIO,1.0
senato-mattarellum-1993-corrected,LAZIO,21,GAVIGNANO,whole,,108,GAVIGNANO,1.0
senato-mattarellum-1993-corrected,LAZIO,21,GORGA,whole,,108,GORGA,1.0
senato-mattarellum-1993-corrected,LAZIO,21,GROTTAFERRATA,whole,,108,GROTTAFERRATA,1.0
senato-mattarellum-1993-corrected,LAZIO,21,LABICO,whole,,108,LABICO,1.0
senato-mattarellum-1993-corrected,LAZIO,21,MARINO,whole,,108,MARINO,1.0
senato-mattarellum-1993-corrected,LAZIO,21,MONTECOMPATRI,whole,,108,HONTECQOMPATRE,0.857
senato-mattarellum-1993-corrected,LAZIO,21,MONTELANICO,whole,,108,MONTELANICO,1.0
senato-mattarellum-1993-corrected,LAZIO,21,MONTE PORZIO CATONE,whole,,108,HONTE PORZIO CATONE,1.0
senato-mattarellum-1993-corrected,LAZIO,21,PALESTRINA,whole,,108,PALESTRINA,1.0
senato-mattarellum-1993-corrected,LAZIO,21,ROCCA DI PAPA,whole,,108,ROCCA DI PAPA,1.0
senato-mattarellum-1993-corrected,LAZIO,21,ROCCA PRIORA,whole,,108,ROCCA PRIORA,1.0
senato-mattarellum-1993-corrected,LAZIO,21,SEGNI,whole,,108,SEGNI,1.0
senato-mattarellum-1993-corrected,LAZIO,21,VALMONTONE,whole,,108,VALMONTONE,1.0
senato-mattarellum-1993-corrected,LAZIO,21,ZAGAROLO,whole,,108,ZAGAROLO,1.0
senato-mattarellum-1993-corrected,LAZIO,21,LARIANO,whole,,108,LARITANO,0.875
senato-mattarellum-1993-corrected,LAZIO,21,SAN CESAREO,whole,,108,SAN CESAREO,1.0
senato-mattarellum-1993-corrected,ABRUZZO,1,ACCIANO,whole,,109,ACCIANO,1.0
senato-mattarellum-1993-corrected,ABRUZZO,1,AIELLI,whole,,109,AITELLI,0.857
senato-mattarellum-1993-corrected,ABRUZZO,1,ALFEDENA,whole,,109,ALFEDENA,1.0
senato-mattarellum-1993-corrected,ABRUZZO,1,ATELETA,whole,,109,ATELETA,1.0
senato-mattarellum-1993-corrected,ABRUZZO,1,AVEZZANO,whole,,109,AVEZZANO,1.0
senato-mattarellum-1993-corrected,ABRUZZO,1,BALSORANO,whole,,109,BAL SORANO,1.0
senato-mattarellum-1993-corrected,ABRUZZO,1,BARETE,whole,,109,BARETE,1.0
senato-mattarellum-1993-corrected,ABRUZZO,1,BARISCIANO,whole,,109,BAR ISC?ANO,0.9
senato-mattarellum-1993-corrected,ABRUZZO,1,BARREA,whole,,109,BARREA,1.0
senato-mattarellum-1993-corrected,ABRUZZO,1,BISEGNA,whole,,109,BISE GNA,1.0
senato-mattarellum-1993-corrected,ABRUZZO,1,CAGNANO AMITERNO,whole,,109,CAGNANO AMITTERNO,0.938
senato-mattarellum-1993-corrected,ABRUZZO,1,CALASCIO,whole,,109,CALASCIO,1.0
senato-mattarellum-1993-corrected,ABRUZZO,1,CAMPOTOSTO,whole,,109,CAMPOTOSTO,1.0
senato-mattarellum-1993-corrected,ABRUZZO,1,CANISTRO,whole,,109,CANISTRO,1.0
senato-mattarellum-1993-corrected,ABRUZZO,1,CAPESTRANO,whole,,109,CAPESTRANO,1.0
senato-mattarellum-1993-corrected,ABRUZZO,1,CAPISTRELLO,whole,,109,CAPISTRELLO,1.0
senato-mattarellum-1993-corrected,ABRUZZO,1,CAPITIGNANO,whole,,109,CAPITIGNANO,1.0
senato-mattarellum-1993-corrected,ABRUZZO,1,CAPORCIANO,whole,,109,CAPORCIANO,1.0
senato-mattarellum-1993-corrected,ABRUZZO,1,CAPPADOCIA,whole,,109,CAPPADOCIA,1.0
senato-mattarellum-1993-corrected,ABRUZZO,1,CARAPELLE CALVISIO,whole,,109,CARAPELLE CALVISIO,1.0
senato-mattarellum-1993-corrected,ABRUZZO,1,CARSOLI,whole,,109,CARSULI,0.857
senato-mattarellum-1993-corrected,ABRUZZO,1,CASTEL DEL MONTE,whole,,109,CASTEL DEL MONTE,1.0
senato-mattarellum-1993-corrected,ABRUZZO,1,CASTEL DI IERI,whole,,109,CASTEL DI IERI,1.0
senato-mattarellum-1993-corrected,ABRUZZO,1,CASTEL DI SANGRO,whole,,109,CASTEL DI SANGRO,1.0
senato-mattarellum-1993-corrected,ABRUZZO,1,CASTELLAFIUME,whole,,109,CASTELLAFIUME,1.0
senato-mattarellum-1993-corrected,ABRUZZO,1,CASTELVECCHIO CALVISIO,whole,,109,CASTELVECCHIO CALVISIO,1.0
senato-mattarellum-1993-corrected,ABRUZZO,1,CASTELVECCHIO SUBEQUO,whole,,109,CASTELVECCHIO SUBEQUO,1.0
senato-mattarellum-1993-corrected,ABRUZZO,1,CELANO,whole,,109,CELANO,1.0
senato-mattarellum-1993-corrected,ABRUZZO,1,CERCHIO,whole,,109,CERCHIO,1.0
senato-mattarellum-1993-corrected,ABRUZZO,1,CIVITA D'ANTINO,whole,,109,CIVITA D'ANTINO,1.0
senato-mattarellum-1993-corrected,ABRUZZO,1,CIVITELLA ALFEDENA,whole,,109,CIVITELLA ALFEDENA,1.0
senato-mattarellum-1993-corrected,ABRUZZO,1,CIVITELLA ROVETO,whole,,109,CIVITELLA ROVETO,1.0
senato-mattarellum-1993-corrected,ABRUZZO,1,COLLARMELE,whole,,109,COLLARHELE,1.0
senato-mattarellum-1993-corrected,ABRUZZO,1,COLLELONGO,whole,,109,COLLELGNGO,0.9
senato-mattarellum-1993-corrected,ABRUZZO,1,COLLEPIETRO,whole,,109,COLLEPIETRO,1.0
senato-mattarellum-1993-corrected,ABRUZZO,1,FAGNANO ALTO,whole,,109,FAGNANO ALTO,1.0
senato-mattarellum-1993-corrected,ABRUZZO,1,FONTECCHIO,whole,,109,FONTECCHIOG,0.909
senato-mattarellum-1993-corrected,ABRUZZO,1,FOSSA,whole,,109,FOSSA,1.0
senato-mattarellum-1993-corrected,ABRUZZO,1,GAGLIANO ATERNO,whole,,109,GAGLIANO ATERNO,1.0
senato-mattarellum-1993-corrected,ABRUZZO,1,GIOIA DEI MARSI,whole,,109,GIDI1IA DEI MARSI,0.8
senato-mattarellum-1993-corrected,ABRUZZO,1,GORIANO SICOLI,whole,,109,GOUORITANO SICOLI,0.812
senato-mattarellum-1993-corrected,ABRUZZO,1,L'AQUILA,whole,,109,L'AQUILA,1.0
senato-mattarellum-1993-corrected,ABRUZZO,1,LECCE NEI MARSI,whole,,109,LECCE NEI MARSI,1.0
senato-mattarellum-1993-corrected,ABRUZZO,1,LUCO DEI MARSI,whole,,109,LUCO DE1 MARSI,1.0
senato-mattarellum-1993-corrected,ABRUZZO,1,LUCOLI,whole,,109,LUCOLI,1.0
senato-mattarellum-1993-corrected,ABRUZZO,1,MAGLIANO DE' MARSI,whole,,109,MAGLIANO DE' MARSI,1.0
senato-mattarellum-1993-corrected,ABRUZZO,1,MASSA D'ALBE,whole,,109,MASSA D'ALBE,1.0
senato-mattarellum-1993-corrected,ABRUZZO,1,MOLINA ATERNO,whole,,109,HOLINA ATERNO,1.0
senato-mattarellum-1993-corrected,ABRUZZO,1,MONTEREALE,whole,,109,MONTEREALE,1.0
senato-mattarellum-1993-corrected,ABRUZZO,1,MORINO,whole,,109,HOR1NO,1.0
senato-mattarellum-1993-corrected,ABRUZZO,1,NAVELLI,whole,,109,NAVELLI,1.0
senato-mattarellum-1993-corrected,ABRUZZO,1,OCRE,whole,,109,OCRE,1.0
senato-mattarellum-1993-corrected,ABRUZZO,1,OFENA,whole,,109,OFENA,1.0
senato-mattarellum-1993-corrected,ABRUZZO,1,OPI,whole,,109,0OPI,0.75
senato-mattarellum-1993-corrected,ABRUZZO,1,ORICOLA,whole,,109,ORITCUOLA,0.778
senato-mattarellum-1993-corrected,ABRUZZO,1,ORTONA DEI MARSI,whole,,109,ORTONA DEI MARSI,1.0
senato-mattarellum-1993-corrected,ABRUZZO,1,ORTUCCHIO,whole,,109,ORTUCCHIO,1.0
senato-mattarellum-1993-corrected,ABRUZZO,1,OVINDOLI,whole,,109,OVINDOLI,1.0
senato-mattarellum-1993-corrected,ABRUZZO,1,PERETO,whole,,109,PERETO,1.0
senato-mattarellum-1993-corrected,ABRUZZO,1,PESCASSEROLI,whole,,109,PESCASSEROLI,1.0
senato-mattarellum-1993-corrected,ABRUZZO,1,PESCINA,whole,,109,PESCINA,1.0
senato-mattarellum-1993-corrected,ABRUZZO,1,PESCOCOSTANZO,whole,,109,PESCOCOSTANZO,1.0
senato-mattarellum-1993-corrected,ABRUZZO,1,,whole,,109,F12Z20LI,0.714
senato-mattarellum-1993-corrected,ABRUZZO,1,POGGIO PICENZE,whole,,109,POGGIHO PICENZE,0.929
senato-mattarellum-1993-corrected,ABRUZZO,1,PRATA D'ANSIDONIA,whole,,110,PRATA O*ANSIDONIA,0.933
senato-mattarellum-1993-corrected,ABRUZZO,1,RIVISONDOLI,whole,,110,RIVISONDBOL I,0.818
senato-mattarellum-1993-corrected,ABRUZZO,1,ROCCA DI BOTTE,whole,,110,ROCCA DI EOTTE,0.917
senato-mattarellum-1993-corrected,ABRUZZO,1,ROCCA DI CAMBIO,whole,,110,ROCCA Di CAMBIO,1.0
senato-mattarellum-1993-corrected,ABRUZZO,1,ROCCA DI MEZZO,whole,,110,ROCCA 01 HEZZO,0.917
senato-mattarellum-1993-corrected,ABRUZZO,1,ROCCARASO,whole,,110,ROCCARASO,1.0
senato-mattarellum-1993-corrected,ABRUZZO,1,SAN BENEDETTO DEI MARSI,whole,,110,SAN BENEDETTO DEI MARSI,1.0
senato-mattarellum-1993-corrected,ABRUZZO,1,SAN BENEDETTO IN PERILLIS,whole,,110,SAN BENEDETTO IN PERILLIS,1.0
senato-mattarellum-1993-corrected,ABRUZZO,1,SAN DEMETRIO NE' VESTINI,whole,,110,SAN DEHETRIO NE' VESTINI,1.0
senato-mattarellum-1993-corrected,ABRUZZO,1,SAN PIO DELLE CAMERE,whole,,110,SAN PIO DELLE CAMERE,1.0
senato-mattarellum-1993-corrected,ABRUZZO,1,SANTE MARIE,whole,,110,SANTE MARIE,1.0
senato-mattarellum-1993-corrected,ABRUZZO,1,SANT'EUSANIO FORCONESE,whole,,110,SANT'EUSANITO FORCONESE,0.952
senato-mattarellum-1993-corrected,ABRUZZO,1,SANTO STEFANO DI SESSANIO,whole,,110,SANTO STEFANO DI SESSANIAG,0.913
senato-mattarellum-1993-corrected,ABRUZZO,1,SAN VINCENZO VALLE ROVETO,whole,,110,SAN VINCENZO VALLE ROVETO,1.0
senato-mattarellum-1993-corrected,ABRUZZO,1,SCONTRONE,whole,,110,SCONTRONE,1.0
senato-mattarellum-1993-corrected,ABRUZZO,1,SCOPPITO,whole,,110,SCOPP1TO,1.0
senato-mattarellum-1993-corrected,ABRUZZO,1,SCURCOLA MARSICANA,whole,,110,SCURCOLA HARSICANA,1.0
senato-mattarellum-1993-corrected,ABRUZZO,1,SECINARO,whole,,110,SECINARO,1.0
senato-mattarellum-1993-corrected,ABRUZZO,1,TAGLIACOZZO,whole,,110,TAGLIACOZZO,1.0
senato-mattarellum-1993-corrected,ABRUZZO,1,TIONE DEGLI ABRUZZI,whole,,110,TI1ONE DEGLI ABRUZZI,0.944
senato-mattarellum-1993-corrected,ABRUZZO,1,TORNIMPARTE,whole,,110,TORNIMPARTE,1.0
senato-mattarellum-1993-corrected,ABRUZZO,1,TRASACCO,whole,,110,TRASACCO,1.0
senato-mattarellum-1993-corrected,ABRUZZO,1,VILLA SANTA LUCIA DEGLI ABRUZZI,whole,,110,VILLA SANTA LUCIA DEGLI ABRUZZI,1.0
senato-mattarellum-1993-corrected,ABRUZZO,1,VILLA SANT'ANGELO,whole,,110,VILLA SANT'ANGELO,1.0
senato-mattarellum-1993-corrected,ABRUZZO,1,VILLAVALLELONGA,whole,,110,VILLAVALLELONGA,1.0
senato-mattarellum-1993-corrected,ABRUZZO,1,VILLETTA BARREA,whole,,110,VILLETTA BARREA,1.0
senato-mattarellum-1993-corrected,ABRUZZO,2,ALBA ADRIATICA,whole,,110,ALBA ADRIATICA,1.0
senato-mattarellum-1993-corrected,ABRUZZO,2,ANCARANO,whole,,110,ANCARANO,1.0
senato-mattarellum-1993-corrected,ABRUZZO,2,ARSITA,whole,,110,ARSITA,1.0
senato-mattarellum-1993-corrected,ABRUZZO,2,ATRI,whole,,110,ATRI,1.0
senato-mattarellum-1993-corrected,ABRUZZO,2,BASCIANO,whole,,110,BASCIANO,1.0
senato-mattarellum-1993-corrected,ABRUZZO,2,BELLANTE,whole,,110,BELLANTE,1.0
senato-mattarellum-1993-corrected,ABRUZZO,2,BISENTI,whole,,110,SISENTI,0.857
senato-mattarellum-1993-corrected,ABRUZZO,2,CAMPLI,whole,,110,CAMPLI,1.0
senato-mattarellum-1993-corrected,ABRUZZO,2,CANZANO,whole,,110,CANZANO,1.0
senato-mattarellum-1993-corrected,ABRUZZO,2,CASTEL CASTAGNA,whole,,110,CASTEL CASTAGNA,1.0
senato-mattarellum-1993-corrected,ABRUZZO,2,CASTELLALTO,whole,,110,CASTELLALTO,1.0
senato-mattarellum-1993-corrected,ABRUZZO,2,CASTELLI,whole,,110,CASTELLI,1.0
senato-mattarellum-1993-corrected,ABRUZZO,2,CASTIGLIONE MESSER RAIMONDO,whole,,110,CASFIGLIONE MESSER RAIMONDO,0.96
senato-mattarellum-1993-corrected,ABRUZZO,2,CASTILENTI,whole,,110,CASTILENTI,1.0
senato-mattarellum-1993-corrected,ABRUZZO,2,CELLINO ATTANASIO,whole,,110,CELLINO ATTANASiO,1.0
senato-mattarellum-1993-corrected,ABRUZZO,2,CERMIGNANO,whole,,110,CERMIGNANO,1.0
senato-mattarellum-1993-corrected,ABRUZZO,2,CIVITELLA DEL TRONTO,whole,,110,CIVITELLA DEL TRONTO,1.0
senato-mattarellum-1993-corrected,ABRUZZO,2,COLLEDARA,whole,,110,COLLEDARA,1.0
senato-mattarellum-1993-corrected,ABRUZZO,2,COLONNELLA,whole,,110,COLONNELLA,1.0
senato-mattarellum-1993-corrected,ABRUZZO,2,CONTROGUERRA,whole,,110,CONTROUSUVERRA,0.786
senato-mattarellum-1993-corrected,ABRUZZO,2,CORROPOLI,whole,,110,CORROPOLI,1.0
senato-mattarellum-1993-corrected,ABRUZZO,2,CORTINO,whole,,110,CORTINO,1.0
senato-mattarellum-1993-corrected,ABRUZZO,2,CROGNALETO,whole,,110,CROGNALETO,1.0
senato-mattarellum-1993-corrected,ABRUZZO,2,FANO ADRIANO,whole,,110,FANO ADRIANO,1.0
senato-mattarellum-1993-corrected,ABRUZZO,2,GIULIANOVA,whole,,110,GIUL TANOVA,0.9
senato-mattarellum-1993-corrected,ABRUZZO,2,ISOLA DEL GRAN SASSO D'ITALIA,whole,,110,ISOLA DEL GRAN SASSO D'ITALIA,1.0
senato-mattarellum-1993-corrected,ABRUZZO,2,MONTEFINO,whole,,110,MONTEF INO,1.0
senato-mattarellum-1993-corrected,ABRUZZO,2,MONTORIO AL VOMANO,whole,,110,MONTORIO AL VOMANO,1.0
senato-mattarellum-1993-corrected,ABRUZZO,2,MORRO D'ORO,whole,,110,MOBRRO DB'ORO,0.818
senato-mattarellum-1993-corrected,ABRUZZO,2,MOSCIANO SANT'ANGELO,whole,,110,HOSCIANO SANT'ANGELO,1.0
senato-mattarellum-1993-corrected,ABRUZZO,2,NERETO,whole,,110,NERE TO,1.0
senato-mattarellum-1993-corrected,ABRUZZO,2,NOTARESCO,whole,,110,NO TARESCO,1.0
senato-mattarellum-1993-corrected,ABRUZZO,2,PENNA SANT'ANDREA,whole,,110,PENNA SANT'ANDREA,1.0
senato-mattarellum-1993-corrected,ABRUZZO,2,PIETRACAMELA,whole,,110,PIETRACAMELA,1.0
senato-mattarellum-1993-corrected,ABRUZZO,2,PINETO,whole,,110,PINETO,1.0
senato-mattarellum-1993-corrected,ABRUZZO,2,ROCCA SANTA MARIA,whole,,110,ROCCA SANTA HARIA,1.0
senato-mattarellum-1993-corrected,ABRUZZO,2,ROSETO DEGLI ABRUZZI,whole,,110,ROSETO DEGLI ABRUZZI,1.0
senato-mattarellum-1993-corrected,ABRUZZO,2,SANT'EGIDIO ALLA VIBRATA,whole,,110,SANT*EGIDIO ALLA VIBRATA,1.0
senato-mattarellum-1993-corrected,ABRUZZO,2,SANT'OMERO,whole,,110,SANT'OMERO,1.0
senato-mattarellum-1993-corrected,ABRUZZO,2,TERAMO,whole,,110,TERAMO,1.0
senato-mattarellum-1993-corrected,ABRUZZO,2,TORANO NUOVO,whole,,111,TORANO NUOVO,1.0
senato-mattarellum-1993-corrected,ABRUZZO,2,TORRICELLA SICURA,whole,,111,TORRICELLA SICURA,1.0
senato-mattarellum-1993-corrected,ABRUZZO,2,TORTORETO,whole,,111,TORTORETO,1.0
senato-mattarellum-1993-corrected,ABRUZZO,2,TOSSICIA,whole,,111,TUSSICIA,0.875
senato-mattarellum-1993-corrected,ABRUZZO,2,VALLE CASTELLANA,whole,,111,VALLE CASTELLANA,1.0
senato-mattarellum-1993-corrected,ABRUZZO,2,MARTINSICURO,whole,,111,MARTINSICURO,1.0
senato-mattarellum-1993-corrected,ABRUZZO,3,SILVI,whole,,111,SILVI,1.0
senato-mattarellum-1993-corrected,ABRUZZO,3,ALANNO,whole,,111,AL ANNO,1.0
senato-mattarellum-1993-corrected,ABRUZZO,3,CAPPELLE SUL TAVO,whole,,111,CAPPELLE SUL TAYVO,0.938
senato-mattarellum-1993-corrected,ABRUZZO,3,CATIGNANO,whole,,111,CATIGNANO,1.0
senato-mattarellum-1993-corrected,ABRUZZO,3,CEPAGATTI,whole,,111,CEPAGATTI,1.0
senato-mattarellum-1993-corrected,ABRUZZO,3,CITTA' SANT'ANGELO,whole,,111,CITTA* SANT'ANGELO,1.0
senato-mattarellum-1993-corrected,ABRUZZO,3,COLLECORVINO,whole,,111,COLLECORVINO,1.0
senato-mattarellum-1993-corrected,ABRUZZO,3,CUGNOLI,whole,,111,CUGNOLI,1.0
senato-mattarellum-1993-corrected,ABRUZZO,3,ELICE,whole,,111,E€LICE,1.0
senato-mattarellum-1993-corrected,ABRUZZO,3,LORETO APRUTINO,whole,,111,LORETO APRUTINO,1.0
senato-mattarellum-1993-corrected,ABRUZZO,3,MONTESILVANO,whole,,111,MONTESIL VANO,1.0
senato-mattarellum-1993-corrected,ABRUZZO,3,MOSCUFO,whole,,111,MOSCUFO,1.0
senato-mattarellum-1993-corrected,ABRUZZO,3,NOCCIANO,whole,,111,NOCCIANO,1.0
senato-mattarellum-1993-corrected,ABRUZZO,3,PENNE,whole,,111,PENNE,1.0
senato-mattarellum-1993-corrected,ABRUZZO,3,PESCARA,whole,,111,PESCARA,1.0
senato-mattarellum-1993-corrected,ABRUZZO,3,PIANELLA,whole,,111,PIANELLA,1.0
senato-mattarellum-1993-corrected,ABRUZZO,3,PICCIANO,whole,,111,PICCIANO,1.0
senato-mattarellum-1993-corrected,ABRUZZO,3,ROSCIANO,whole,,111,ROSCIANO,1.0
senato-mattarellum-1993-corrected,ABRUZZO,3,SCAFA,whole,,111,SCAFA,1.0
senato-mattarellum-1993-corrected,ABRUZZO,3,SPOLTORE,whole,,111,SPOL TURE,0.875
senato-mattarellum-1993-corrected,ABRUZZO,4,ANVERSA DEGLI ABRUZZI,whole,,111,ANVERSA DEGLI ABRUZZI,1.0
senato-mattarellum-1993-corrected,ABRUZZO,4,BUGNARA,whole,,111,BUGNARA,1.0
senato-mattarellum-1993-corrected,ABRUZZO,4,CAMPO DI GIOVE,whole,,111,CAMPO DI GIOQVE,0.923
senato-mattarellum-1993-corrected,ABRUZZO,4,CANSANO,whole,,111,CANSANO,1.0
senato-mattarellum-1993-corrected,ABRUZZO,4,COCULLO,whole,,111,COCULLO,1.0
senato-mattarellum-1993-corrected,ABRUZZO,4,CORFINIO,whole,,111,CORFINIO,1.0
senato-mattarellum-1993-corrected,ABRUZZO,4,INTRODACQUA,whole,,111,INTRODACQUA,1.0
senato-mattarellum-1993-corrected,ABRUZZO,4,PACENTRO,whole,,111,PACENTRO,1.0
senato-mattarellum-1993-corrected,ABRUZZO,4,PETTORANO SUL GIZIO,whole,,111,PETTORANO SUL GIZIO,1.0
senato-mattarellum-1993-corrected,ABRUZZO,4,PRATOLA PELIGNA,whole,,111,PRATOLA PELIGNA,1.0
senato-mattarellum-1993-corrected,ABRUZZO,4,PREZZA,whole,,111,PREZZA,1.0
senato-mattarellum-1993-corrected,ABRUZZO,4,RAIANO,whole,,111,RAITANO,0.857
senato-mattarellum-1993-corrected,ABRUZZO,4,ROCCACASALE,whole,,111,ROCCACASALE,1.0
senato-mattarellum-1993-corrected,ABRUZZO,4,ROCCA PIA,whole,,111,ROCCA PIA,1.0
senato-mattarellum-1993-corrected,ABRUZZO,4,SCANNO,whole,,111,SCANNO,1.0
senato-mattarellum-1993-corrected,ABRUZZO,4,SULMONA,whole,,111,SULMONA,1.0
senato-mattarellum-1993-corrected,ABRUZZO,4,VILLALAGO,whole,,111,VILLALAGO,1.0
senato-mattarellum-1993-corrected,ABRUZZO,4,VITTORITO,whole,,111,VITTORITO,1.0
senato-mattarellum-1993-corrected,ABRUZZO,4,ABBATEGGIO,whole,,111,ABBATEGGIO,1.0
senato-mattarellum-1993-corrected,ABRUZZO,4,BOLOGNANO,whole,,111,BOLOGNANO,1.0
senato-mattarellum-1993-corrected,ABRUZZO,4,BRITTOLI,whole,,111,BRITTOLI,1.0
senato-mattarellum-1993-corrected,ABRUZZO,4,BUSSI SUL TIRINO,whole,,111,BUSSI SUL TIR INO,1.0
senato-mattarellum-1993-corrected,ABRUZZO,4,CARAMANICO TERME,whole,,111,CARAMANICO TERME,1.0
senato-mattarellum-1993-corrected,ABRUZZO,4,CARPINETO DELLA NORA,whole,,111,CARPINETO DELLA NORA,1.0
senato-mattarellum-1993-corrected,ABRUZZO,4,CASTIGLIONE A CASAURIA,whole,,111,CASTIGLIONE A CASAURIA,1.0
senato-mattarellum-1993-corrected,ABRUZZO,4,CIVITAQUANA,whole,,111,CIVITAQUANA,1.0
senato-mattarellum-1993-corrected,ABRUZZO,4,CIVITELLA CASANOVA,whole,,111,CIVITELLA CASANOVA,1.0
senato-mattarellum-1993-corrected,ABRUZZO,4,CORVARA,whole,,111,CORVARA,1.0
senato-mattarellum-1993-corrected,ABRUZZO,4,FARINDOLA,whole,,111,FARINDOLA,1.0
senato-mattarellum-1993-corrected,ABRUZZO,4,LETTOMANOPPELLO,whole,,111,LETTOMANOPPELLO,1.0
senato-mattarellum-1993-corrected,ABRUZZO,4,MANOPPELLO,whole,,111,HANOPPELLO,1.0
senato-mattarellum-1993-corrected,ABRUZZO,4,MONTEBELLO DI BERTONA,whole,,111,HONTEBELLO DI BERTONA,1.0
senato-mattarellum-1993-corrected,ABRUZZO,4,PESCOSANSONESCO,whole,,111,PESCOSANSONESCO,1.0
senato-mattarellum-1993-corrected,ABRUZZO,4,PIETRANICO,whole,,111,PIETRANICO,1.0
senato-mattarellum-1993-corrected,ABRUZZO,4,POPOLI,whole,,111,POPOLI,1.0
senato-mattarellum-1993-corrected,ABRUZZO,4,ROCCAMORICE,whole,,112,ROCCAMOR ICE,1.0
senato-mattarellum-1993-corrected,ABRUZZO,4,SALLE,whole,,112,SALLE,1.0
senato-mattarellum-1993-corrected,ABRUZZO,4,SANT'EUFEMIA A MAIELLA,whole,,112,SANT'EUFEMIA A MAIELLA,1.0
senato-mattarellum-1993-corrected,ABRUZZO,4,SAN VALENTINO IN ABRUZZO CITERIORE,whole,,112,SAN VALENTINO IN ABRUZZO CITERIORE,1.0
senato-mattarellum-1993-corrected,ABRUZZO,4,SERRAMONACESCA,whole,,112,SERRAMONACE SCA,1.0
senato-mattarellum-1993-corrected,ABRUZZO,4,TOCCO DA CASAURIA,whole,,112,TOCCO DA CASAURIA,1.0
senato-mattarellum-1993-corrected,ABRUZZO,4,TORRE DE' PASSERI,whole,,112,TORRE DE! PASSERI,1.0
senato-mattarellum-1993-corrected,ABRUZZO,4,TURRIVALIGNANI,whole,,112,TURRIVALIGNANI,1.0
senato-mattarellum-1993-corrected,ABRUZZO,4,VICOLI,whole,,112,VICOLI,1.0
senato-mattarellum-1993-corrected,ABRUZZO,4,VILLA CELIERA,whole,,112,VILLA CELIERA,1.0
senato-mattarellum-1993-corrected,ABRUZZO,4,ARI,whole,,112,ARIE,0.75
senato-mattarellum-1993-corrected,ABRUZZO,4,BUCCHIANICO,whole,,112,BUCCHIANICO,1.0
senato-mattarellum-1993-corrected,ABRUZZO,4,CASACANDITELLA,whole,,112,CASACANDITELLA,1.0
senato-mattarellum-1993-corrected,ABRUZZO,4,CASALINCONTRADA,whole,,112,CASAL INCONTRADA,1.0
senato-mattarellum-1993-corrected,ABRUZZO,4,CHIETI,whole,,112,CHIETI,1.0
senato-mattarellum-1993-corrected,ABRUZZO,4,FARA FILIORUM PETRI,whole,,112,FARA FILTORUM PETRI,0.941
senato-mattarellum-1993-corrected,ABRUZZO,4,FILETTO,whole,,112,FILETTO,1.0
senato-mattarellum-1993-corrected,ABRUZZO,4,FRANCAVILLA AL MARE,whole,,112,FRANCAVILLA AL MARE,1.0
senato-mattarellum-1993-corrected,ABRUZZO,4,GUARDIAGRELE,whole,,112,GUARDIAGRELE,1.0
senato-mattarellum-1993-corrected,ABRUZZO,4,MIGLIANICO,whole,,112,HIGLIANICO,1.0
senato-mattarellum-1993-corrected,ABRUZZO,4,ORSOGNA,whole,,112,ORSOGNA,1.0
senato-mattarellum-1993-corrected,ABRUZZO,4,PRETORO,whole,,112,PRE TORO,1.0
senato-mattarellum-1993-corrected,ABRUZZO,4,RAPINO,whole,,112,RAP LINO,0.857
senato-mattarellum-1993-corrected,ABRUZZO,4,RIPA TEATINA,whole,,112,RIPA TEATINA,1.0
senato-mattarellum-1993-corrected,ABRUZZO,4,ROCCAMONTEPIANO,whole,,112,ROCCAMONTEPITANO,0.938
senato-mattarellum-1993-corrected,ABRUZZO,4,SAN GIOVANNI TEATINO,whole,,112,SAN GIOVANNI TEATINO,1.0
senato-mattarellum-1993-corrected,ABRUZZO,4,SAN MARTINO SULLA MARRUCINA,whole,,112,SAN MARTINO SULLA HARRUCITNA,0.96
senato-mattarellum-1993-corrected,ABRUZZO,4,TORREVECCHIA TEATINA,whole,,112,TORREVECCHIA TEATINA,1.0
senato-mattarellum-1993-corrected,ABRUZZO,4,VACRI,whole,,112,VACRI,1.0
senato-mattarellum-1993-corrected,ABRUZZO,4,VILLAMAGNA,whole,,112,VILLAMAGNA,1.0
senato-mattarellum-1993-corrected,ABRUZZO,5,ALTINO,whole,,112,ALTINO,1.0
senato-mattarellum-1993-corrected,ABRUZZO,5,ARCHI,whole,,112,ARCHI,1.0
senato-mattarellum-1993-corrected,ABRUZZO,5,ARIELLI,whole,,112,ARIELLI,1.0
senato-mattarellum-1993-corrected,ABRUZZO,5,ATESSA,whole,,112,ATESSA,1.0
senato-mattarellum-1993-corrected,ABRUZZO,5,BOMBA,whole,,112,BOMBA,1.0
senato-mattarellum-1993-corrected,ABRUZZO,5,BORRELLO,whole,,112,BORRELLO,1.0
senato-mattarellum-1993-corrected,ABRUZZO,5,MONTEBELLO SUL SANGRO,whole,,112,MONTEBELLO SUL SANGRO,1.0
senato-mattarellum-1993-corrected,ABRUZZO,5,CANOSA SANNITA,whole,,112,CANOSA SANNITA,1.0
senato-mattarellum-1993-corrected,ABRUZZO,5,CARPINETO SINELLO,whole,,112,CARPINETO SINELLO,1.0
senato-mattarellum-1993-corrected,ABRUZZO,5,CARUNCHIO,whole,,112,CARUNCHIQG,0.8
senato-mattarellum-1993-corrected,ABRUZZO,5,CASALANGUIDA,whole,,112,CASALANGUITDA,0.923
senato-mattarellum-1993-corrected,ABRUZZO,5,CASALBORDINO,whole,,112,CASAL BORBDINO,0.923
senato-mattarellum-1993-corrected,ABRUZZO,5,CASOLI,whole,,112,CASOLI,1.0
senato-mattarellum-1993-corrected,ABRUZZO,5,CASTEL FRENTANO,whole,,112,CASTEL FRENTANO,1.0
senato-mattarellum-1993-corrected,ABRUZZO,5,CASTELGUIDONE,whole,,112,CASTEL GUI DONE,1.0
senato-mattarellum-1993-corrected,ABRUZZO,5,CASTIGLIONE MESSER MARINO,whole,,112,CASTIGLIONE MESSER MARINO,1.0
senato-mattarellum-1993-corrected,ABRUZZO,5,CELENZA SUL TRIGNO,whole,,112,CTELENZA SUL TRIGNO,0.941
senato-mattarellum-1993-corrected,ABRUZZO,5,CIVITALUPARELLA,whole,,112,CIVITALUPARELLA,1.0
senato-mattarellum-1993-corrected,ABRUZZO,5,CIVITELLA MESSER RAIMONDO,whole,,112,CIVITELLA MESSER RAIMONDO,1.0
senato-mattarellum-1993-corrected,ABRUZZO,5,COLLEDIMACINE,whole,,112,COLLEDINMACINE,0.929
senato-mattarellum-1993-corrected,ABRUZZO,5,COLLEDIMEZZO,whole,,112,COLLEDIMEZZO,1.0
senato-mattarellum-1993-corrected,ABRUZZO,5,CRECCHIO,whole,,112,CRECCHIO,1.0
senato-mattarellum-1993-corrected,ABRUZZO,5,CUPELLO,whole,,112,CUPELLO,1.0
senato-mattarellum-1993-corrected,ABRUZZO,5,DOGLIOLA,whole,,112,DOGLTOLA,0.875
senato-mattarellum-1993-corrected,ABRUZZO,5,FARA SAN MARTINO,whole,,112,FARA SAN MARTINO,1.0
senato-mattarellum-1993-corrected,ABRUZZO,5,FOSSACESIA,whole,,112,FOSSACESIA,1.0
senato-mattarellum-1993-corrected,ABRUZZO,5,FRAINE,whole,,112,FRAINE,1.0
senato-mattarellum-1993-corrected,ABRUZZO,5,FRESAGRANDINARIA,whole,,112,FRESAGRANDINARIA,1.0
senato-mattarellum-1993-corrected,ABRUZZO,5,FRISA,whole,,112,FRISA,1.0
senato-mattarellum-1993-corrected,ABRUZZO,5,FURCI,whole,,112,FURCI,1.0
senato-mattarellum-1993-corrected,ABRUZZO,5,GAMBERALE,whole,,112,GAMBERALE,1.0
senato-mattarellum-1993-corrected,ABRUZZO,5,GESSOPALENA,whole,,112,GESSOPALENA,1.0
senato-mattarellum-1993-corrected,ABRUZZO,5,GISSI,whole,,112,GISSI,1.0
senato-mattarellum-1993-corrected,ABRUZZO,5,GIULIANO TEATINO,whole,,112,GIULIANO TEATINO,1.0
senato-mattarellum-1993-corrected,ABRUZZO,5,GUILMI,whole,,112,GUILHI,1.0
senato-mattarellum-1993-corrected,ABRUZZO,5,LAMA DEI PELIGNI,whole,,112,LAHA DEI PELIGNI,1.0
senato-mattarellum-1993-corrected,ABRUZZO,5,LANCIANO,whole,,112,LANCIANO,1.0
senato-mattarellum-1993-corrected,ABRUZZO,5,LENTELLA,whole,,113,LENTELLA,1.0
senato-mattarellum-1993-corrected,ABRUZZO,5,LETTOPALENA,whole,,113,LE TTOPALENA,1.0
senato-mattarellum-1993-corrected,ABRUZZO,5,LISCIA,whole,,113,LISCIA,1.0
senato-mattarellum-1993-corrected,ABRUZZO,5,MONTAZZOLI,whole,,113,HONTAZZOLI,1.0
senato-mattarellum-1993-corrected,ABRUZZO,5,MONTEFERRANTE,whole,,113,RHONTEFERRANTE,0.929
senato-mattarellum-1993-corrected,ABRUZZO,5,MONTELAPIANO,whole,,113,HONTELAPIANO,1.0
senato-mattarellum-1993-corrected,ABRUZZO,5,MONTENERODOMO,whole,,113,MONTENERODOMO,1.0
senato-mattarellum-1993-corrected,ABRUZZO,5,MONTEODORISIO,whole,,113,MONTEODORISIO,1.0
senato-mattarellum-1993-corrected,ABRUZZO,5,MOZZAGROGNA,whole,,113,MOZZAGROGNA,1.0
senato-mattarellum-1993-corrected,ABRUZZO,5,ORTONA,whole,,113,ORTONA,1.0
senato-mattarellum-1993-corrected,ABRUZZO,5,PAGLIETA,whole,,113,PAGLIETA,1.0
senato-mattarellum-1993-corrected,ABRUZZO,5,PALENA,whole,,113,PALENA,1.0
senato-mattarellum-1993-corrected,ABRUZZO,5,,whole,,113,FALMUL I,0.571
senato-mattarellum-1993-corrected,ABRUZZO,5,PALOMBARO,whole,,113,PALOHBARO,1.0
senato-mattarellum-1993-corrected,ABRUZZO,5,PENNADOMO,whole,,113,PENNADOMO,1.0
senato-mattarellum-1993-corrected,ABRUZZO,5,PENNAPIEDIMONTE,whole,,113,PENNAPIEDIMONTE,1.0
senato-mattarellum-1993-corrected,ABRUZZO,5,PERANO,whole,,113,PERANO,1.0
senato-mattarellum-1993-corrected,ABRUZZO,5,PIZZOFERRATO,whole,,113,PIZZOFERRATO,1.0
senato-mattarellum-1993-corrected,ABRUZZO,5,POGGIOFIORITO,whole,,113,POGGIOF I10RITO,0.929
senato-mattarellum-1993-corrected,ABRUZZO,5,POLLUTRI,whole,,113,POLLUTRI,1.0
senato-mattarellum-1993-corrected,ABRUZZO,5,QUADRI,whole,,113,QUADRI,1.0
senato-mattarellum-1993-corrected,ABRUZZO,5,ROCCA SAN GIOVANNI,whole,,113,ROCCA SAN GIOVANNI,1.0
senato-mattarellum-1993-corrected,ABRUZZO,5,ROCCASCALEGNA,whole,,113,ROCCASCALEGNA,1.0
senato-mattarellum-1993-corrected,ABRUZZO,5,ROCCASPINALVETI,whole,,113,RUCCASP INALVETI,0.933
senato-mattarellum-1993-corrected,ABRUZZO,5,ROIO DEL SANGRO,whole,,113,ROIO BPEL SANGRO,0.857
senato-mattarellum-1993-corrected,ABRUZZO,5,ROSELLO,whole,,113,RUOSELLO,0.875
senato-mattarellum-1993-corrected,ABRUZZO,5,SAN BUONO,whole,,113,SAN BUONO,1.0
senato-mattarellum-1993-corrected,ABRUZZO,5,SAN GIOVANNI LIPIONI,whole,,113,SAN GIOVANNI LIPIONI,1.0
senato-mattarellum-1993-corrected,ABRUZZO,5,SAN SALVO,whole,,113,SAN SALYVO,0.889
senato-mattarellum-1993-corrected,ABRUZZO,5,SANTA MARIA IMBARO,whole,,113,SANTA MARIA IMBARO,1.0
senato-mattarellum-1993-corrected,ABRUZZO,5,SANT'EUSANIO DEL SANGRO,whole,,113,SANT'*EUSANIO DEL SANGRO,1.0
senato-mattarellum-1993-corrected,ABRUZZO,5,SAN VITO CHIETINO,whole,,113,SAN VITO CHIETINO,1.0
senato-mattarellum-1993-corrected,ABRUZZO,5,SCERNI,whole,,113,SCERNI,1.0
senato-mattarellum-1993-corrected,ABRUZZO,5,SCHIAVI DI ABRUZZO,whole,,113,SCHIAVI DI ABRUZZO,1.0
senato-mattarellum-1993-corrected,ABRUZZO,5,TARANTA PELIGNA,whole,,113,TARANTA PELIGNA,1.0
senato-mattarellum-1993-corrected,ABRUZZO,5,TOLLO,whole,,113,TOLLO,1.0
senato-mattarellum-1993-corrected,ABRUZZO,5,TORINO DI SANGRO,whole,,113,TORINO DI SANGRO,1.0
senato-mattarellum-1993-corrected,ABRUZZO,5,TORNARECCIO,whole,,113,TORNARECCIO,1.0
senato-mattarellum-1993-corrected,ABRUZZO,5,TORREBRUNA,whole,,113,TORRE BRUNA,1.0
senato-mattarellum-1993-corrected,ABRUZZO,5,TORRICELLA PELIGNA,whole,,113,TORRICELLA PELIGNA,1.0
senato-mattarellum-1993-corrected,ABRUZZO,5,TREGLIO,whole,,113,TREGLIO,1.0
senato-mattarellum-1993-corrected,ABRUZZO,5,TUFILLO,whole,,113,TUFILLO,1.0
senato-mattarellum-1993-corrected,ABRUZZO,5,VASTO,whole,,113,VASTO,1.0
senato-mattarellum-1993-corrected,ABRUZZO,5,VILLALFONSINA,whole,,113,VILLALFONSINA,1.0
senato-mattarellum-1993-corrected,ABRUZZO,5,VILLA SANTA MARIA,whole,,113,MILLA SANTA MARIA,0.933
senato-mattarellum-1993-corrected,ABRUZZO,5,PIETRAFERRAZZANA,whole,,113,PIETRAFERRAZZANA,1.0
senato-mattarellum-1993-corrected,ABRUZZO,5,FALLO,whole,,113,FALLO,1.0
senato-mattarellum-1993-corrected,MOLISE,1,BARANELLO,whole,,114,BARANELLO,1.0
senato-mattarellum-1993-corrected,MOLISE,1,BOJANO,whole,,114,BO SJANO,0.857
senato-mattarellum-1993-corrected,MOLISE,1,BUSSO,whole,,114,BUSSO,1.0
senato-mattarellum-1993-corrected,MOLISE,1,CAMPOCHIARO,whole,,114,CANFPOCHi1ARO,0.769
senato-mattarellum-1993-corrected,MOLISE,1,CASALCIPRANO,whole,,114,CASALCIPRANO,1.0
senato-mattarellum-1993-corrected,MOLISE,1,CASTELBOTTACCIO,whole,,114,CASTELBOTTACCIO,1.0
senato-mattarellum-1993-corrected,MOLISE,1,CASTROPIGNANO,whole,,114,CASTROP IGNANO,1.0
senato-mattarellum-1993-corrected,MOLISE,1,CERCEMAGGIORE,whole,,114,CERCEMAGGIORE,1.0
senato-mattarellum-1993-corrected,MOLISE,1,CERCEPICCOLA,whole,,114,CERCEPICCOLA,1.0
senato-mattarellum-1993-corrected,MOLISE,1,CIVITACAMPOMARANO,whole,,114,CIVITACAMPOMARANO,1.0
senato-mattarellum-1993-corrected,MOLISE,1,COLLE D'ANCHISE,whole,,114,COLLE D'ANCHISE,1.0
senato-mattarellum-1993-corrected,MOLISE,1,DURONIA,whole,,114,DURONITA,0.875
senato-mattarellum-1993-corrected,MOLISE,1,FERRAZZANO,whole,,114,FERRAZZANO,1.0
senato-mattarellum-1993-corrected,MOLISE,1,FOSSALTO,whole,,114,FOSSALTO,1.0
senato-mattarellum-1993-corrected,MOLISE,1,GAMBATESA,whole,,114,GAMBATESA,1.0
senato-mattarellum-1993-corrected,MOLISE,1,GILDONE,whole,,114,GILDONE,1.0
senato-mattarellum-1993-corrected,MOLISE,1,GUARDIAREGIA,whole,,114,GUARDIAREGIA,1.0
senato-mattarellum-1993-corrected,MOLISE,1,LIMOSANO,whole,,114,LIMOSANO,1.0
senato-mattarellum-1993-corrected,MOLISE,1,LUCITO,whole,,114,LUCITO,1.0
senato-mattarellum-1993-corrected,MOLISE,1,MIRABELLO SANNITICO,whole,,114,MIRABELLO SANNITICO,1.0
senato-mattarellum-1993-corrected,MOLISE,1,MOLISE,whole,,114,HOQLTISE,0.75
senato-mattarellum-1993-corrected,MOLISE,1,MONTAGANO,whole,,114,MONTAGANO,1.0
senato-mattarellum-1993-corrected,MOLISE,1,ORATINO,whole,,114,ORATINO,1.0
senato-mattarellum-1993-corrected,MOLISE,1,PETRELLA TIFERNINA,whole,,114,PETRELLA TIFERNINA,1.0
senato-mattarellum-1993-corrected,MOLISE,1,PIETRACUPA,whole,,114,PIETRACUPA,1.0
senato-mattarellum-1993-corrected,MOLISE,1,RICCIA,whole,,114,RICCIA,1.0
senato-mattarellum-1993-corrected,MOLISE,1,RIPALIMOSANI,whole,,114,RIPAL IMOSANI,1.0
senato-mattarellum-1993-corrected,MOLISE,1,SALCITO,whole,,114,SALCITO,1.0
senato-mattarellum-1993-corrected,MOLISE,1,SAN BIASE,whole,,114,SAN BiASE,1.0
senato-mattarellum-1993-corrected,MOLISE,1,SAN GIULIANO DEL SANNIO,whole,,114,SAN GIULIANO DEL SANNIO,1.0
senato-mattarellum-1993-corrected,MOLISE,1,SAN MASSIMO,whole,,114,SAN MASSIMO,1.0
senato-mattarellum-1993-corrected,MOLISE,1,SAN POLO MATESE,whole,,114,SAN POLO MATESE,1.0
senato-mattarellum-1993-corrected,MOLISE,1,SANT'ANGELO LIMOSANO,whole,,114,SANT'ANGELO LIMOSANO,1.0
senato-mattarellum-1993-corrected,MOLISE,1,SEPINO,whole,,114,SEP i NO,1.0
senato-mattarellum-1993-corrected,MOLISE,1,SPINETE,whole,,114,SPiINETE,0.875
senato-mattarellum-1993-corrected,MOLISE,1,TORELLA DEL SANNIO,whole,,114,TORELLA DEL SANNIO,1.0
senato-mattarellum-1993-corrected,MOLISE,1,TRIVENTO,whole,,114,TRIVENTO,1.0
senato-mattarellum-1993-corrected,MOLISE,1,TUFARA,whole,,114,TUFARA,1.0
senato-mattarellum-1993-corrected,MOLISE,1,VINCHIATURO,whole,,114,VINCHIATURO,1.0
senato-mattarellum-1993-corrected,MOLISE,1,ACQUAVIVA D'ISERNIA,whole,,114,ACQUAVIVA D'ISERNIA,1.0
senato-mattarellum-1993-corrected,MOLISE,1,AGNONE,whole,,114,AGNONE,1.0
senato-mattarellum-1993-corrected,MOLISE,1,BAGNOLI DEL TRIGNO,whole,,114,BAGNOLI DEL TRIGNO,1.0
senato-mattarellum-1993-corrected,MOLISE,1,BELMONTE DEL SANNIO,whole,,114,BELMONTE DEL SANNIO,1.0
senato-mattarellum-1993-corrected,MOLISE,1,CANTALUPO NEL SANNIO,whole,,114,CANTALUPO NEL SANNIO,1.0
senato-mattarellum-1993-corrected,MOLISE,1,CAPRACOTTA,whole,,114,CAPRACOTTA,1.0
senato-mattarellum-1993-corrected,MOLISE,1,CAROVILLI,whole,,114,CAROVI1ILLI,0.818
senato-mattarellum-1993-corrected,MOLISE,1,CARPINONE,whole,,114,CARP1NONE,1.0
senato-mattarellum-1993-corrected,MOLISE,1,CASTEL DEL GIUDICE,whole,,114,CASTEL BEL GIUDICE,0.938
senato-mattarellum-1993-corrected,MOLISE,1,CASTELPETROSO,whole,,114,CASTELPETROSO,1.0
senato-mattarellum-1993-corrected,MOLISE,1,CASTELPIZZUTO,whole,,114,CASTELPIZZUTO,1.0
senato-mattarellum-1993-corrected,MOLISE,1,CASTEL SAN VINCENZO,whole,,114,CASTEL SAN VINCENZO,1.0
senato-mattarellum-1993-corrected,MOLISE,1,CASTELVERRINO,whole,,114,CASTELVERRINO,1.0
senato-mattarellum-1993-corrected,MOLISE,1,CERRO AL VOLTURNO,whole,,114,CERRO AL VOL TURNO,1.0
senato-mattarellum-1993-corrected,MOLISE,1,CHIAUCI,whole,,114,CHIAUCI,1.0
senato-mattarellum-1993-corrected,MOLISE,1,CIVITANOVA DEL SANNIO,whole,,114,CIVITANOVA DEL SANNIO,1.0
senato-mattarellum-1993-corrected,MOLISE,1,COLLI A VOLTURNO,whole,,114,CULLI A VOLTURNO,0.929
senato-mattarellum-1993-corrected,MOLISE,1,CONCA CASALE,whole,,114,CONCA CASALE,1.0
senato-mattarellum-1993-corrected,MOLISE,1,FILIGNANO,whole,,114,FILIiIGNANO,0.818
senato-mattarellum-1993-corrected,MOLISE,1,FORLI' DEL SANNIO,whole,,114,FORLI* BEL SANNIO,0.929
senato-mattarellum-1993-corrected,MOLISE,1,FORNELLI,whole,,114,FORNELLI,1.0
senato-mattarellum-1993-corrected,MOLISE,1,FROSOLONE,whole,,114,FROSOL ONE,1.0
senato-mattarellum-1993-corrected,MOLISE,1,ISERNIA,whole,,115,ISERNIA,1.0
senato-mattarellum-1993-corrected,MOLISE,1,LONGANO,whole,,115,LONGANO,1.0
senato-mattarellum-1993-corrected,MOLISE,1,MACCHIA D'ISERNIA,whole,,115,MACCHIA D'ISERNIA,1.0
senato-mattarellum-1993-corrected,MOLISE,1,MACCHIAGODENA,whole,,115,MACCHIAGODENA,1.0
senato-mattarellum-1993-corrected,MOLISE,1,MIRANDA,whole,,115,MIRANDA,1.0
senato-mattarellum-1993-corrected,MOLISE,1,MONTAQUILA,whole,,115,MONTAQUILA,1.0
senato-mattarellum-1993-corrected,MOLISE,1,MONTENERO VAL COCCHIARA,whole,,115,MONTENERO VAL COCCHIARA,1.0
senato-mattarellum-1993-corrected,MOLISE,1,MONTERODUNI,whole,,115,MONTERODUNI,1.0
senato-mattarellum-1993-corrected,MOLISE,1,PESCHE,whole,,115,PESCHE,1.0
senato-mattarellum-1993-corrected,MOLISE,1,PESCOLANCIANO,whole,,115,PESCOLANCIANO,1.0
senato-mattarellum-1993-corrected,MOLISE,1,PESCOPENNATARO,whole,,115,PFESCOPENNATARO,0.933
senato-mattarellum-1993-corrected,MOLISE,1,PETTORANELLO DEL MOLISE,whole,,115,PETTORANELLO DEL MOLISE,1.0
senato-mattarellum-1993-corrected,MOLISE,1,PIETRABBONDANTE,whole,,115,PIE TRABBONDANTE,1.0
senato-mattarellum-1993-corrected,MOLISE,1,PIZZONE,whole,,115,PIZZONE,1.0
senato-mattarellum-1993-corrected,MOLISE,1,POGGIO SANNITA,whole,,115,POGGIO SANNITA,1.0
senato-mattarellum-1993-corrected,MOLISE,1,POZZILLI,whole,,115,POZZILLI,1.0
senato-mattarellum-1993-corrected,MOLISE,1,RIONERO SANNITICO,whole,,115,RIONERO SANNITICO,1.0
senato-mattarellum-1993-corrected,MOLISE,1,ROCCAMANDOLFI,whole,,115,ROCCAMANDOLFI,1.0
senato-mattarellum-1993-corrected,MOLISE,1,ROCCASICURA,whole,,115,ROCCASICURA,1.0
senato-mattarellum-1993-corrected,MOLISE,1,ROCCHETTA A VOLTURNO,whole,,115,ROCCHETTA A VOLTURNO,1.0
senato-mattarellum-1993-corrected,MOLISE,1,SAN PIETRO AVELLANA,whole,,115,SAN PIETRO AVELLANA,1.0
senato-mattarellum-1993-corrected,MOLISE,1,SANT'AGAPITO,whole,,115,SANT'AGAPITO,1.0
senato-mattarellum-1993-corrected,MOLISE,1,SANTA MARIA DEL MOLISE,whole,,115,SANTA MARTA DEL MOLISE,0.947
senato-mattarellum-1993-corrected,MOLISE,1,SANT'ANGELO DEL PESCO,whole,,115,SANT'ANGELO DEL PESCU,0.944
senato-mattarellum-1993-corrected,MOLISE,1,SANT'ELENA SANNITA,whole,,115,SANT'ELENA SANNITA,1.0
senato-mattarellum-1993-corrected,MOLISE,1,SCAPOLI,whole,,115,SCAPOLI,1.0
senato-mattarellum-1993-corrected,MOLISE,1,SESSANO DEL MOLISE,whole,,115,SESSANO DEL NOLISE,0.938
senato-mattarellum-1993-corrected,MOLISE,1,SESTO CAMPANO,whole,,115,SESTO CAMPANO,1.0
senato-mattarellum-1993-corrected,MOLISE,1,VASTOGIRARDI,whole,,115,VASTOGIRARDI,1.0
senato-mattarellum-1993-corrected,MOLISE,1,VENAFRO,whole,,115,VENAFRO,1.0
senato-mattarellum-1993-corrected,MOLISE,2,ACQUAVIVA COLLECROCE,whole,,115,ACQUAVIVA COLLECROCE,1.0
senato-mattarellum-1993-corrected,MOLISE,2,BONEFRO,whole,,115,BONEFRO,1.0
senato-mattarellum-1993-corrected,MOLISE,2,CAMPOBASSO,whole,,115,CAMPOBASSO,1.0
senato-mattarellum-1993-corrected,MOLISE,2,CAMPODIPIETRA,whole,,115,CAMPODIPIETRA,1.0
senato-mattarellum-1993-corrected,MOLISE,2,CAMPOLIETO,whole,,115,CAMPOLTETO,0.9
senato-mattarellum-1993-corrected,MOLISE,2,CAMPOMARINO,whole,,115,CAMPOMAR INO,1.0
senato-mattarellum-1993-corrected,MOLISE,2,CASACALENDA,whole,,115,CASACALENDA,1.0
senato-mattarellum-1993-corrected,MOLISE,2,CASTELLINO DEL BIFERNO,whole,,115,CASTELLINO DEL BIFERNO,1.0
senato-mattarellum-1993-corrected,MOLISE,2,CASTELMAURO,whole,,115,CASTELMAURO,1.0
senato-mattarellum-1993-corrected,MOLISE,2,COLLETORTO,whole,,115,COLLETORTO,1.0
senato-mattarellum-1993-corrected,MOLISE,2,GUARDIALFIERA,whole,,115,GUARDIALFIERA,1.0
senato-mattarellum-1993-corrected,MOLISE,2,GUGLIONESI,whole,,115,GUGLIONESI,1.0
senato-mattarellum-1993-corrected,MOLISE,2,JELSI,whole,,115,JELSI,1.0
senato-mattarellum-1993-corrected,MOLISE,2,LARINO,whole,,115,LAR INO,1.0
senato-mattarellum-1993-corrected,MOLISE,2,LUPARA,whole,,115,LUPARA,1.0
senato-mattarellum-1993-corrected,MOLISE,2,MACCHIA VALFORTORE,whole,,115,MACCHIA VALFORTORE,1.0
senato-mattarellum-1993-corrected,MOLISE,2,MAFALDA,whole,,115,MAFALDA,1.0
senato-mattarellum-1993-corrected,MOLISE,2,MATRICE,whole,,115,HATRICE,1.0
senato-mattarellum-1993-corrected,MOLISE,2,MONACILIONI,whole,,115,MONACILITONI,0.917
senato-mattarellum-1993-corrected,MOLISE,2,MONTECILFONE,whole,,115,MONTETILFONE,0.917
senato-mattarellum-1993-corrected,MOLISE,2,MONTEFALCONE NEL SANNIO,whole,,115,MONTEFALCONE NEL SANNIO,1.0
senato-mattarellum-1993-corrected,MOLISE,2,MONTELONGO,whole,,115,MONTELONGO,1.0
senato-mattarellum-1993-corrected,MOLISE,2,MONTEMITRO,whole,,115,HONTENMITRO,0.909
senato-mattarellum-1993-corrected,MOLISE,2,MONTENERO DI BISACCIA,whole,,115,MONTENERO DI BISACCIA,1.0
senato-mattarellum-1993-corrected,MOLISE,2,MONTORIO NEI FRENTANI,whole,,115,MONTORIO NEI FRENTANI,1.0
senato-mattarellum-1993-corrected,MOLISE,2,MORRONE DEL SANNIO,whole,,115,MORRONE DEL SANNIO,1.0
senato-mattarellum-1993-corrected,MOLISE,2,PALATA,whole,,115,PALATA,1.0
senato-mattarellum-1993-corrected,MOLISE,2,PETACCIATO,whole,,115,PETACCIATO,1.0
senato-mattarellum-1993-corrected,MOLISE,2,PIETRACATELLA,whole,,115,PIETRACATELLA,1.0
senato-mattarellum-1993-corrected,MOLISE,2,PORTOCANNONE,whole,,115,PORTOCANNONE,1.0
senato-mattarellum-1993-corrected,MOLISE,2,PROVVIDENTI,whole,,115,PROVVIDENTI,1.0
senato-mattarellum-1993-corrected,MOLISE,2,RIPABOTTONI,whole,,115,RIPABBTFTTONI,0.769
senato-mattarellum-1993-corrected,MOLISE,2,ROCCAVIVARA,whole,,115,RUTCAVIVARA,0.818
senato-mattarellum-1993-corrected,MOLISE,2,ROTELLO,whole,,115,ROTELLO,1.0
senato-mattarellum-1993-corrected,MOLISE,2,SAN FELICE DEL MOLISE,whole,,115,SAN FELICE DEL MOLISE,1.0
senato-mattarellum-1993-corrected,MOLISE,2,SAN GIACOMO DEGLI SCHIAVONI,whole,,115,SAN GIACOMO DEGLI SCHIAVONI,1.0
senato-mattarellum-1993-corrected,MOLISE,2,SAN GIOVANNI IN GALDO,whole,,116,SAN GIOVANNI IN GALDO,1.0
senato-mattarellum-1993-corrected,MOLISE,2,SAN GIULIANO DI PUGLIA,whole,,116,SAN GIULIANO DI PUGLIA,1.0
senato-mattarellum-1993-corrected,MOLISE,2,SAN MARTINO IN PENSILIS,whole,,116,SAN HARTINO IN PENSELTiS,0.905
senato-mattarellum-1993-corrected,MOLISE,2,SANTA CROCE DI MAGLIANO,whole,,116,SANTA CROCE Di HAGLIANO,1.0
senato-mattarellum-1993-corrected,MOLISE,2,SANT'ELIA A PIANISI,whole,,116,SANT'ELIA A PIANISI,1.0
senato-mattarellum-1993-corrected,MOLISE,2,TAVENNA,whole,,116,TAVENNA,1.0
senato-mattarellum-1993-corrected,MOLISE,2,TERMOLI,whole,,116,TERMALI,0.857
senato-mattarellum-1993-corrected,MOLISE,2,TORO,whole,,116,TORO,1.0
senato-mattarellum-1993-corrected,MOLISE,2,URURI,whole,,116,URURI,1.0
senato-mattarellum-1993-corrected,CAMPANIA,1,NAPOLI,zone,S. FERDINANDO +,117,( NA-S. FERDINANDO +),1.0
senato-mattarellum-1993-corrected,CAMPANIA,1,NAPOLI,zone,CHIAIA,117,{ NA-CHIAIA 2 },1.0
senato-mattarellum-1993-corrected,CAMPANIA,1,NAPOLI,zone,S. GILUSEPPE,117,€ NA-S. GILUSEPPE 2,1.0
senato-mattarellum-1993-corrected,CAMPANIA,1,NAPOLI,zone,MONTECALVARIO 4,117,{( NA-MONTECALVARIO 4 ),1.0
senato-mattarellum-1993-corrected,CAMPANIA,1,NAPOLI,zone,AVVOCATA &5,117,( NA-AVVOCATA &5 2,1.0
senato-mattarellum-1993-corrected,CAMPANIA,1,NAPOLI,zone,STELLA 6,117,{ NA-STELLA 6 ),1.0
senato-mattarellum-1993-corrected,CAMPANIA,1,NAPOLI,zone,S. LORENZO 9,117,{ NA-S. LORENZO 9 ),1.0
senato-mattarellum-1993-corrected,CAMPANIA,1,NAPOLI,zone,MERCATO 10,117,{ NA-MERCATO 10 },1.0
senato-mattarellum-1993-corrected,CAMPANIA,1,NAPOLI,zone,PENDINO 11 à,117,{ NA-PENDINO 11 à,1.0
senato-mattarellum-1993-corrected,CAMPANIA,1,NAPOLI,zone,PORTO 12,117,{ NA-PORTO 12 },1.0
senato-mattarellum-1993-corrected,CAMPANIA,1,NAPOLI,zone,POASITLLIPO 15,117,{ NA-POASITLLIPO 15 ),1.0
senato-mattarellum-1993-corrected,CAMPANIA,2,NAPOLI,zone,BAGNGOLI 17,117,( NA-BAGNGOLI 17 ),1.0
senato-mattarellum-1993-corrected,CAMPANIA,2,NAPOLI,zone,FUORIGROTTA 18,117,{( NA-FUORIGROTTA 18,1.0
senato-mattarellum-1993-corrected,CAMPANIA,2,NAPOLI,zone,SOCCAVO 19,117,{( NA-SOCCAVO 19 ),1.0
senato-mattarellum-1993-corrected,CAMPANIA,2,NAPOLI,zone,PIANURA 28,117,{ NA-PIANURA 28 },1.0
senato-mattarellum-1993-corrected,CAMPANIA,2,NAPOLI,zone,CHIAIANO 20,117,( NA-CHIAIANO 20 ),1.0
senato-mattarellum-1993-corrected,CAMPANIA,3,NAPOLI,zone,S. CARLO ARENA 7,117,{ NA-S. CARLO ARENA 7 ì,1.0
senato-mattarellum-1993-corrected,CAMPANIA,3,NAPOLI,zone,VOMERO 13,117,C NA-VOMERO 13 ),1.0
senato-mattarellum-1993-corrected,CAMPANIA,3,NAPOLI,zone,ARENELLA 14,117,( NA-ARENELLA 14 },1.0
senato-mattarellum-1993-corrected,CAMPANIA,3,NAPOLI,zone,PISCINGLA 221,117,{ NA-PISCINGLA 221 2),1.0
senato-mattarellum-1993-corrected,CAMPANIA,3,NAPOLI,zone,MIANO,117,( NA-MIANO 22 },1.0
senato-mattarellum-1993-corrected,CAMPANIA,4,NAPOLI,zone,VICARIA B,117,{ NA-VICARIA B )ì,1.0
senato-mattarellum-1993-corrected,CAMPANIA,4,NAPOLI,zone,POGGIOREALE 14A à,117,( NA-POGGIOREALE 14A à,1.0
senato-mattarellum-1993-corrected,CAMPANIA,4,NAPOLI,zone,ZUNA INDUSTRIALE 16,117,{ NA-ZUNA INDUSTRIALE 16 2),1.0
senato-mattarellum-1993-corrected,CAMPANIA,4,NAPOLI,zone,SECONDIGLIANO,117,{ NA-SECONDIGLIANO 23 ),1.0
senato-mattarellum-1993-corrected,CAMPANIA,4,NAPOLI,zone,SCAMPIA 29,117,( NA-SCAMPIA 29 },1.0
senato-mattarellum-1993-corrected,CAMPANIA,4,NAPOLI,zone,S. PIETRO 24,117,{ NA-S. PIETRO 24 ),1.0
senato-mattarellum-1993-corrected,CAMPANIA,4,NAPOLI,zone,PONTICELLi 25,117,€ NA-PONTICELLi 25 ),1.0
senato-mattarellum-1993-corrected,CAMPANIA,4,NAPOLI,zone,BARRA 26,117,€ NA-BARRA 26 },1.0
senato-mattarellum-1993-corrected,CAMPANIA,4,NAPOLI,zone,S. GIUVANNI A TEDUC,117,( NA-S. GIUVANNI A TEDUC },1.0
senato-mattarellum-1993-corrected,CAMPANIA,5,BACOLI,whole,,117,BACOLI,1.0
senato-mattarellum-1993-corrected,CAMPANIA,5,BARANO D'ISCHIA,whole,,117,BARANO D'ISCHIA,1.0
senato-mattarellum-1993-corrected,CAMPANIA,5,CASAMICCIOLA TERME,whole,,117,CASAMICCIOLA FERME,0.941
senato-mattarellum-1993-corrected,CAMPANIA,5,FORIO,whole,,117,FORIO,1.0
senato-mattarellum-1993-corrected,CAMPANIA,5,ISCHIA,whole,,117,ISCHIA,1.0
senato-mattarellum-1993-corrected,CAMPANIA,5,LACCO AMENO,whole,,117,LACCO AMENO,1.0
senato-mattarellum-1993-corrected,CAMPANIA,5,MARANO DI NAPOLI,whole,,117,HARANO DI NAPOLE,0.929
senato-mattarellum-1993-corrected,CAMPANIA,5,MONTE DI PROCIDA,whole,,117,MONTE DI PROCIDA,1.0
senato-mattarellum-1993-corrected,CAMPANIA,5,POZZUOLI,whole,,117,POZZUOLI,1.0
senato-mattarellum-1993-corrected,CAMPANIA,5,PROCIDA,whole,,117,PROCIDA,1.0
senato-mattarellum-1993-corrected,CAMPANIA,5,QUARTO,whole,,117,QUARTO,1.0
senato-mattarellum-1993-corrected,CAMPANIA,5,SERRARA FONTANA,whole,,117,SERRARA FONTANA,1.0
senato-mattarellum-1993-corrected,CAMPANIA,6,CALVIZZANO,whole,,117,CALVIZZANO,1.0
senato-mattarellum-1993-corrected,CAMPANIA,6,CASANDRINO,whole,,117,CASANDR INO,1.0
senato-mattarellum-1993-corrected,CAMPANIA,6,FRATTAMAGGIORE,whole,,117,FRATTAMAGGIORE,1.0
senato-mattarellum-1993-corrected,CAMPANIA,6,GIUGLIANO IN CAMPANIA,whole,,117,GIUGLIANG IN CAMPANIA,0.947
senato-mattarellum-1993-corrected,CAMPANIA,6,GRUMO NEVANO,whole,,117,GRUNMO NEVANO,0.917
senato-mattarellum-1993-corrected,CAMPANIA,6,MELITO DI NAPOLI,whole,,117,MELITO DI NAPOLI,1.0
senato-mattarellum-1993-corrected,CAMPANIA,6,MUGNANO DI NAPOLI,whole,,118,MUGNANO Di NAPOLI,1.0
senato-mattarellum-1993-corrected,CAMPANIA,6,QUALIANO,whole,,118,QUAL TANG,0.75
senato-mattarellum-1993-corrected,CAMPANIA,6,SANT'ANTIMO,whole,,118,SANT'ANTIMO,1.0
senato-mattarellum-1993-corrected,CAMPANIA,6,VILLARICCA,whole,,118,VILLARICCA,1.0
senato-mattarellum-1993-corrected,CAMPANIA,7,AFRAGOLA,whole,,118,AFRAGOLA,1.0
senato-mattarellum-1993-corrected,CAMPANIA,7,ARZANO,whole,,118,ARZANO,1.0
senato-mattarellum-1993-corrected,CAMPANIA,7,CARDITO,whole,,118,CARDITO,1.0
senato-mattarellum-1993-corrected,CAMPANIA,7,CASAVATORE,whole,,118,CASAVATORE,1.0
senato-mattarellum-1993-corrected,CAMPANIA,7,CASORIA,whole,,118,CASORIA,1.0
senato-mattarellum-1993-corrected,CAMPANIA,7,CRISPANO,whole,,118,CRISPANO,1.0
senato-mattarellum-1993-corrected,CAMPANIA,7,FRATTAMINORE,whole,,118,FRATTAMINORE,1.0
senato-mattarellum-1993-corrected,CAMPANIA,8,ACERRA,whole,,118,ACERRA,1.0
senato-mattarellum-1993-corrected,CAMPANIA,8,BRUSCIANO,whole,,118,BRUSCITANO,0.9
senato-mattarellum-1993-corrected,CAMPANIA,8,CAIVANO,whole,,118,CAIVANO,1.0
senato-mattarellum-1993-corrected,CAMPANIA,8,CASALNUOVO DI NAPOLI,whole,,118,CASALNUOVO DI NAPOLI,1.0
senato-mattarellum-1993-corrected,CAMPANIA,8,CASTELLO DI CISTERNA,whole,,118,CASTELLO BI CISTERNA,0.944
senato-mattarellum-1993-corrected,CAMPANIA,8,MARIGLIANELLA,whole,,118,MARIGLIANELLA,1.0
senato-mattarellum-1993-corrected,CAMPANIA,8,MARIGLIANO,whole,,118,MAR I GL EANO,0.9
senato-mattarellum-1993-corrected,CAMPANIA,8,POMIGLIANO D'ARCO,whole,,118,POMIGLIANO D'ARCO,1.0
senato-mattarellum-1993-corrected,CAMPANIA,8,SAN VITALIANO,whole,,118,SAN VITALTANO,0.917
senato-mattarellum-1993-corrected,CAMPANIA,8,SCISCIANO,whole,,118,SCISCIANO,1.0
senato-mattarellum-1993-corrected,CAMPANIA,8,VOLLA,whole,,118,VOLLA,1.0
senato-mattarellum-1993-corrected,CAMPANIA,9,BOSCOREALE,whole,,118,BOSCOREALE,1.0
senato-mattarellum-1993-corrected,CAMPANIA,9,BOSCOTRECASE,whole,,118,BOSCOTRECASE,1.0
senato-mattarellum-1993-corrected,CAMPANIA,9,CAMPOSANO,whole,,118,CAMPOSANG,0.889
senato-mattarellum-1993-corrected,CAMPANIA,9,CARBONARA DI NOLA,whole,,118,CARBONARA DI NOLA,1.0
senato-mattarellum-1993-corrected,CAMPANIA,9,CASAMARCIANO,whole,,118,CASAMARCIANO,1.0
senato-mattarellum-1993-corrected,CAMPANIA,9,CICCIANO,whole,,118,CICCIANO,1.0
senato-mattarellum-1993-corrected,CAMPANIA,9,CIMITILE,whole,,118,CiIMITILE,0.889
senato-mattarellum-1993-corrected,CAMPANIA,9,COMIZIANO,whole,,118,COMIZIANO,1.0
senato-mattarellum-1993-corrected,CAMPANIA,9,LIVERI,whole,,118,LIVERI,1.0
senato-mattarellum-1993-corrected,CAMPANIA,9,NOLA,whole,,118,NOLA,1.0
senato-mattarellum-1993-corrected,CAMPANIA,9,OTTAVIANO,whole,,118,OTTAVIANO,1.0
senato-mattarellum-1993-corrected,CAMPANIA,9,PALMA CAMPANIA,whole,,118,PALMA CANFPANIA,0.857
senato-mattarellum-1993-corrected,CAMPANIA,9,POGGIOMARINO,whole,,118,POGGIONMAR ENG,0.769
senato-mattarellum-1993-corrected,CAMPANIA,9,ROCCARAINOLA,whole,,118,ROCCARAINOLA,1.0
senato-mattarellum-1993-corrected,CAMPANIA,9,SAN GENNARO VESUVIANO,whole,,118,SAN GENNARO VESUVIANO,1.0
senato-mattarellum-1993-corrected,CAMPANIA,9,SAN GIUSEPPE VESUVIANO,whole,,118,SAN GIUSEPPE VESUVIANO,1.0
senato-mattarellum-1993-corrected,CAMPANIA,9,SAN PAOLO BEL SITO,whole,,118,SAN PAQGLO BEL SITO,0.875
senato-mattarellum-1993-corrected,CAMPANIA,9,SAVIANO,whole,,118,SAVIANO,1.0
senato-mattarellum-1993-corrected,CAMPANIA,9,STRIANO,whole,,118,STRIANO,1.0
senato-mattarellum-1993-corrected,CAMPANIA,9,TERZIGNO,whole,,118,TERZIGNO,1.0
senato-mattarellum-1993-corrected,CAMPANIA,9,TUFINO,whole,,118,TUF IN,0.833
senato-mattarellum-1993-corrected,CAMPANIA,9,VISCIANO,whole,,118,ViISCIANO,0.889
senato-mattarellum-1993-corrected,CAMPANIA,10,POMPEI,whole,,118,POMPE I,0.833
senato-mattarellum-1993-corrected,CAMPANIA,10,ERCOLANO,whole,,118,ERCOLANO,1.0
senato-mattarellum-1993-corrected,CAMPANIA,10,TORRE ANNUNZIATA,whole,,118,TORRE ANNUNZIATA,1.0
senato-mattarellum-1993-corrected,CAMPANIA,10,TORRE DEL GRECO,whole,,118,TORRE BEL GRECO,0.923
senato-mattarellum-1993-corrected,CAMPANIA,10,TRECASE,whole,,118,TRECASE,1.0
senato-mattarellum-1993-corrected,CAMPANIA,11,AGEROLA,whole,,118,AGEROLA,1.0
senato-mattarellum-1993-corrected,CAMPANIA,11,ANACAPRI,whole,,118,AHACAPRI,0.875
senato-mattarellum-1993-corrected,CAMPANIA,11,CAPRI,whole,,118,CAPRI,1.0
senato-mattarellum-1993-corrected,CAMPANIA,11,CASOLA DI NAPOLI,whole,,118,CASOLA DI NAPOLI,1.0
senato-mattarellum-1993-corrected,CAMPANIA,11,CASTELLAMMARE DI STABIA,whole,,118,CASTELLAMMARE DI STABIA,1.0
senato-mattarellum-1993-corrected,CAMPANIA,11,GRAGNANO,whole,,119,GRAGNANO,1.0
senato-mattarellum-1993-corrected,CAMPANIA,11,LETTERE,whole,,119,LETTERE,1.0
senato-mattarellum-1993-corrected,CAMPANIA,11,MASSALUBRENSE,whole,,119,MASSA LUBRENSE,1.0
senato-mattarellum-1993-corrected,CAMPANIA,11,META,whole,,119,META,1.0
senato-mattarellum-1993-corrected,CAMPANIA,11,PIANO DI SORRENTO,whole,,119,PIANO DI SORRENTO,1.0
senato-mattarellum-1993-corrected,CAMPANIA,11,PIMONTE,whole,,119,PIMONTE,1.0
senato-mattarellum-1993-corrected,CAMPANIA,11,SANT'AGNELLO,whole,,119,SANT'*AGNELLO,1.0
senato-mattarellum-1993-corrected,CAMPANIA,11,SANT'ANTONIO ABATE,whole,,119,SANT'ANTONIO ABATE,1.0
senato-mattarellum-1993-corrected,CAMPANIA,11,SORRENTO,whole,,119,SORRENTO,1.0
senato-mattarellum-1993-corrected,CAMPANIA,11,VICO EQUENSE,whole,,119,VICO EQUENSE,1.0
senato-mattarellum-1993-corrected,CAMPANIA,11,SANTA MARIA LA CARITA',whole,,119,SANTA MARIA LA CARITA*,1.0
senato-mattarellum-1993-corrected,CAMPANIA,12,CERCOLA,whole,,119,CERCOLA,1.0
senato-mattarellum-1993-corrected,CAMPANIA,12,POLLENA TROCCHIA,whole,,119,POLLENA TROCCHIA,1.0
senato-mattarellum-1993-corrected,CAMPANIA,12,PORTICI,whole,,119,PORTICI,1.0
senato-mattarellum-1993-corrected,CAMPANIA,12,SAN GIORGIO A CREMANO,whole,,119,SAN GIORGIO A CREMANO,1.0
senato-mattarellum-1993-corrected,CAMPANIA,12,SAN SEBASTIANO AL VESUVIO,whole,,119,SAN SEBASTIANO AL VESUVIO,1.0
senato-mattarellum-1993-corrected,CAMPANIA,12,SANT'ANASTASIA,whole,,119,SANT*ANASTASIA,1.0
senato-mattarellum-1993-corrected,CAMPANIA,12,SOMMA VESUVIANA,whole,,119,SOMMA VESUVIANA,1.0
senato-mattarellum-1993-corrected,CAMPANIA,12,MASSA DI SOMMA,whole,,119,MASSA DI SOMMA,1.0
senato-mattarellum-1993-corrected,CAMPANIA,13,ARIENZO,whole,,119,ARTENZO,0.857
senato-mattarellum-1993-corrected,CAMPANIA,13,CAPODRISE,whole,,119,CAPODR IT SE,0.9
senato-mattarellum-1993-corrected,CAMPANIA,13,CASAGIOVE,whole,,119,CASAGIOVE,1.0
senato-mattarellum-1993-corrected,CAMPANIA,13,CASAPULLA,whole,,119,CASAPULLA,1.0
senato-mattarellum-1993-corrected,CAMPANIA,13,CASERTA,whole,,119,CASERTA,1.0
senato-mattarellum-1993-corrected,CAMPANIA,13,CASTEL MORRONE,whole,,119,CASTEL MORRONE,1.0
senato-mattarellum-1993-corrected,CAMPANIA,13,CERVINO,whole,,119,CERVINO,1.0
senato-mattarellum-1993-corrected,CAMPANIA,13,CURTI,whole,,119,CURTI,1.0
senato-mattarellum-1993-corrected,CAMPANIA,13,MACERATA CAMPANIA,whole,,119,MACERATA CAMPANIA,1.0
senato-mattarellum-1993-corrected,CAMPANIA,13,MADDALONI,whole,,119,MHADDALONI,0.9
senato-mattarellum-1993-corrected,CAMPANIA,13,MARCIANISE,whole,,119,MARCIANISE,1.0
senato-mattarellum-1993-corrected,CAMPANIA,13,PORTICO DI CASERTA,whole,,119,PORTICO DI CASERTA,1.0
senato-mattarellum-1993-corrected,CAMPANIA,13,RECALE,whole,,119,RECALE,1.0
senato-mattarellum-1993-corrected,CAMPANIA,13,SAN FELICE A CANCELLO,whole,,119,SAN FELICE A CANCELLO,1.0
senato-mattarellum-1993-corrected,CAMPANIA,13,SAN NICOLA LA STRADA,whole,,119,SAN NICOLA LA STRADA,1.0
senato-mattarellum-1993-corrected,CAMPANIA,13,SAN PRISCO,whole,,119,SAN PRISCO,1.0
senato-mattarellum-1993-corrected,CAMPANIA,13,VALLE DI MADDALONI,whole,,119,VALLE DI MADDALONI,1.0
senato-mattarellum-1993-corrected,CAMPANIA,13,SAN MARCO EVANGELISTA,whole,,119,SAN MARCO EVANGELISTA,1.0
senato-mattarellum-1993-corrected,CAMPANIA,14,AVERSA,whole,,119,AVERSA,1.0
senato-mattarellum-1993-corrected,CAMPANIA,14,CANCELLO ED ARNONE,whole,,119,CANCELLO ECO ARNONE,0.882
senato-mattarellum-1993-corrected,CAMPANIA,14,CARINARO,whole,,119,CARINARO,1.0
senato-mattarellum-1993-corrected,CAMPANIA,14,CASAL DI PRINCIPE,whole,,119,CASAL DI PRINCIPE,1.0
senato-mattarellum-1993-corrected,CAMPANIA,14,CASALUCE,whole,,119,CASALUCE,1.0
senato-mattarellum-1993-corrected,CAMPANIA,14,CASTEL VOLTURNO,whole,,119,CASTEL VOLTURNO,1.0
senato-mattarellum-1993-corrected,CAMPANIA,14,CESA,whole,,119,CESA,1.0
senato-mattarellum-1993-corrected,CAMPANIA,14,FRANCOLISE,whole,,119,FRANCOLISE,1.0
senato-mattarellum-1993-corrected,CAMPANIA,14,FRIGNANO,whole,,119,FRIGNANO,1.0
senato-mattarellum-1993-corrected,CAMPANIA,14,GRAZZANISE,whole,,119,GRAZZANISE,1.0
senato-mattarellum-1993-corrected,CAMPANIA,14,GRICIGNANO DI AVERSA,whole,,119,GRICIGNANO DI AVERSA,1.0
senato-mattarellum-1993-corrected,CAMPANIA,14,LUSCIANO,whole,,119,LUSCIANO,1.0
senato-mattarellum-1993-corrected,CAMPANIA,14,ORTA DI ATELLA,whole,,119,ORTA DI ATELLA,1.0
senato-mattarellum-1993-corrected,CAMPANIA,14,PARETE,whole,,119,PARETE,1.0
senato-mattarellum-1993-corrected,CAMPANIA,14,SAN CIPRIANO D'AVERSA,whole,,119,SAN CIPRIANO D'AVERSA,1.0
senato-mattarellum-1993-corrected,CAMPANIA,14,SAN MARCELLINO,whole,,119,SAN MARCELLINO,1.0
senato-mattarellum-1993-corrected,CAMPANIA,14,SANTA MARIA LA FOSSA,whole,,119,SANTA MARIA LA FOSSA,1.0
senato-mattarellum-1993-corrected,CAMPANIA,14,SANT'ARPINO,whole,,119,SANT'ARPINO,1.0
senato-mattarellum-1993-corrected,CAMPANIA,14,SUCCIVO,whole,,119,SUCCIVO,1.0
senato-mattarellum-1993-corrected,CAMPANIA,14,TEVEROLA,whole,,119,TEVEROLA,1.0
senato-mattarellum-1993-corrected,CAMPANIA,14,TRENTOLA-DUCENTA,whole,,119,TRENTOLA-DUCENTA,1.0
senato-mattarellum-1993-corrected,CAMPANIA,14,VILLA DI BRIANO,whole,,119,VILLA DI BRIANO,1.0
senato-mattarellum-1993-corrected,CAMPANIA,14,VILLA LITERNO,whole,,120,VILLA LIFTERNO,0.923
senato-mattarellum-1993-corrected,CAMPANIA,14,CASAPESENNA,whole,,120,CASAPESENNA,1.0
senato-mattarellum-1993-corrected,CAMPANIA,15,AILANO,whole,,120,AILANO,1.0
senato-mattarellum-1993-corrected,CAMPANIA,15,ALIFE,whole,,120,ALIFE,1.0
senato-mattarellum-1993-corrected,CAMPANIA,15,ALVIGNANO,whole,,120,ALYV1GNANO,0.9
senato-mattarellum-1993-corrected,CAMPANIA,15,BAIA E LATINA,whole,,120,BAIA E LATINA,1.0
senato-mattarellum-1993-corrected,CAMPANIA,15,BELLONA,whole,,120,BELLONA,1.0
senato-mattarellum-1993-corrected,CAMPANIA,15,CAIANELLO,whole,,120,CAITANELLO,0.9
senato-mattarellum-1993-corrected,CAMPANIA,15,CAIAZZO,whole,,120,CA]AZZO,0.857
senato-mattarellum-1993-corrected,CAMPANIA,15,CALVI RISORTA,whole,,120,CALVI] RISORTA,1.0
senato-mattarellum-1993-corrected,CAMPANIA,15,CAMIGLIANO,whole,,120,CAMIGLIANO,1.0
senato-mattarellum-1993-corrected,CAMPANIA,15,CAPRIATI A VOLTURNO,whole,,120,CAPRIATI A VOLTURNO,1.0
senato-mattarellum-1993-corrected,CAMPANIA,15,CAPUA,whole,,120,CAPUA,1.0
senato-mattarellum-1993-corrected,CAMPANIA,15,CARINOLA,whole,,120,CARINDLA,0.875
senato-mattarellum-1993-corrected,CAMPANIA,15,CASTEL CAMPAGNANO,whole,,120,CASTEL CAMPAGNANO,1.0
senato-mattarellum-1993-corrected,CAMPANIA,15,CASTEL DI SASSO,whole,,120,CASTEL DI SASSO,1.0
senato-mattarellum-1993-corrected,CAMPANIA,15,CASTELLO DEL MATESE,whole,,120,CASTELLO DEL MATESE,1.0
senato-mattarellum-1993-corrected,CAMPANIA,15,CIORLANO,whole,,120,TIORLANO,0.875
senato-mattarellum-1993-corrected,CAMPANIA,15,CONCA DELLA CAMPANIA,whole,,120,CONCA DELLA CAMPANIA,1.0
senato-mattarellum-1993-corrected,CAMPANIA,15,DRAGONI,whole,,120,DRAGONI,1.0
senato-mattarellum-1993-corrected,CAMPANIA,15,FONTEGRECA,whole,,120,FONTEGRECA,1.0
senato-mattarellum-1993-corrected,CAMPANIA,15,FORMICOLA,whole,,120,FORMICOLA,1.0
senato-mattarellum-1993-corrected,CAMPANIA,15,GALLO MATESE,whole,,120,GALLO HATESE,1.0
senato-mattarellum-1993-corrected,CAMPANIA,15,GALLUCCIO,whole,,120,GALLUCCIO,1.0
senato-mattarellum-1993-corrected,CAMPANIA,15,GIANO VETUSTO,whole,,120,GIANO VETUSTO,1.0
senato-mattarellum-1993-corrected,CAMPANIA,15,GIOIA SANNITICA,whole,,120,GIOIA SANNITICA,1.0
senato-mattarellum-1993-corrected,CAMPANIA,15,LETINO,whole,,120,LETINO,1.0
senato-mattarellum-1993-corrected,CAMPANIA,15,LIBERI,whole,,120,LIBERE,0.833
senato-mattarellum-1993-corrected,CAMPANIA,15,MARZANO APPIO,whole,,120,MARZANO APPIO,1.0
senato-mattarellum-1993-corrected,CAMPANIA,15,MIGNANO MONTE LUNGO,whole,,120,MIGNANO MONTE LUNGO,1.0
senato-mattarellum-1993-corrected,CAMPANIA,15,MONDRAGONE,whole,,120,MONDRAGONE,1.0
senato-mattarellum-1993-corrected,CAMPANIA,15,PASTORANO,whole,,120,PASTORANO,1.0
senato-mattarellum-1993-corrected,CAMPANIA,15,PIANA DI MONTE VERNA,whole,,120,PIANA DI MONTE VERNA,1.0
senato-mattarellum-1993-corrected,CAMPANIA,15,PIEDIMONTE MATESE,whole,,120,PIEDIMONTE MATESE,1.0
senato-mattarellum-1993-corrected,CAMPANIA,15,PIETRAMELARA,whole,,120,PIETRAMELARA,1.0
senato-mattarellum-1993-corrected,CAMPANIA,15,PIETRAVAIRANO,whole,,120,PIETRAVA 1R ANO,1.0
senato-mattarellum-1993-corrected,CAMPANIA,15,PIGNATARO MAGGIORE,whole,,120,PIGNATARO MAGGIORE,1.0
senato-mattarellum-1993-corrected,CAMPANIA,15,PONTELATONE,whole,,120,PONTELATONE,1.0
senato-mattarellum-1993-corrected,CAMPANIA,15,PRATA SANNITA,whole,,120,PRATA SANNITA,1.0
senato-mattarellum-1993-corrected,CAMPANIA,15,PRESENZANO,whole,,120,PRE SENZANO,1.0
senato-mattarellum-1993-corrected,CAMPANIA,15,RAVISCANINA,whole,,120,RAVISCANINA,1.0
senato-mattarellum-1993-corrected,CAMPANIA,15,RIARDO,whole,,120,RIARDO,1.0
senato-mattarellum-1993-corrected,CAMPANIA,15,ROCCA D'EVANDRO,whole,,120,ROCCA D'EVANDRO,1.0
senato-mattarellum-1993-corrected,CAMPANIA,15,ROCCAMONFINA,whole,,120,ROCCAMONEF INA,0.923
senato-mattarellum-1993-corrected,CAMPANIA,15,ROCCAROMANA,whole,,120,ROCCARGMANA,0.909
senato-mattarellum-1993-corrected,CAMPANIA,15,ROCCHETTA E CROCE,whole,,120,ROCCHETTA E CROCE,1.0
senato-mattarellum-1993-corrected,CAMPANIA,15,RUVIANO,whole,,120,RUVIANO,1.0
senato-mattarellum-1993-corrected,CAMPANIA,15,SAN GREGORIO MATESE,whole,,120,SAN GREGORIO MATESE,1.0
senato-mattarellum-1993-corrected,CAMPANIA,15,SAN PIETRO INFINE,whole,,120,SAN PIETRO INFINE,1.0
senato-mattarellum-1993-corrected,CAMPANIA,15,SAN POTITO SANNITICO,whole,,120,SAN POFITO SANNITICO,0.944
senato-mattarellum-1993-corrected,CAMPANIA,15,SANTA MARIA CAPUA VETERE,whole,,120,SANTA MARIA CAPUA VETERE,1.0
senato-mattarellum-1993-corrected,CAMPANIA,15,SAN TAMMARO,whole,,120,SAN TAMMARO,1.0
senato-mattarellum-1993-corrected,CAMPANIA,15,SANT'ANGELO D'ALIFE,whole,,120,SANT'ANGELO D'ALIFE,1.0
senato-mattarellum-1993-corrected,CAMPANIA,15,SESSA AURUNCA,whole,,120,SESSA AURUNCA,1.0
senato-mattarellum-1993-corrected,CAMPANIA,15,SPARANISE,whole,,120,SPARANISE,1.0
senato-mattarellum-1993-corrected,CAMPANIA,15,TEANO,whole,,120,TEANO,1.0
senato-mattarellum-1993-corrected,CAMPANIA,15,TORA E PICCILLI,whole,,120,TORA E PICCIHLLI,0.929
senato-mattarellum-1993-corrected,CAMPANIA,15,VAIRANO PATENORA,whole,,120,VAIRANO PATENORA,1.0
senato-mattarellum-1993-corrected,CAMPANIA,15,VALLE AGRICOLA,whole,,120,VALLE AGRICOLA,1.0
senato-mattarellum-1993-corrected,CAMPANIA,15,VITULAZIO,whole,,120,VITULAZIO,1.0
senato-mattarellum-1993-corrected,CAMPANIA,15,FALCIANO DEL MASSICO,whole,,120,FALCIANO DEL MASSICO,1.0
senato-mattarellum-1993-corrected,CAMPANIA,15,CELLOLE,whole,,120,CELLOLE,1.0
senato-mattarellum-1993-corrected,CAMPANIA,16,AIROLA,whole,,120,AIROLA,1.0
senato-mattarellum-1993-corrected,CAMPANIA,16,AMOROSI,whole,,120,AMOROSI,1.0
senato-mattarellum-1993-corrected,CAMPANIA,16,APOLLOSA,whole,,121,APOLLOSA,1.0
senato-mattarellum-1993-corrected,CAMPANIA,16,ARPAIA,whole,,121,ARPAITA,0.857
senato-mattarellum-1993-corrected,CAMPANIA,16,ARPAISE,whole,,121,ARPAISE,1.0
senato-mattarellum-1993-corrected,CAMPANIA,16,BENEVENTO,whole,,121,BENE VENTO,1.0
senato-mattarellum-1993-corrected,CAMPANIA,16,BONEA,whole,,121,BONE A,1.0
senato-mattarellum-1993-corrected,CAMPANIA,16,BUCCIANO,whole,,121,BUCCIANO,1.0
senato-mattarellum-1993-corrected,CAMPANIA,16,CALVI,whole,,121,CALVI,1.0
senato-mattarellum-1993-corrected,CAMPANIA,16,CAMPOLATTARO,whole,,121,CAMPOLATTARO,1.0
senato-mattarellum-1993-corrected,CAMPANIA,16,CAMPOLI DEL MONTE TABURNO,whole,,121,CAMPOLI DEL MONTE TABURNO,1.0
senato-mattarellum-1993-corrected,CAMPANIA,16,CASALDUNI,whole,,121,CASALDUNI,1.0
senato-mattarellum-1993-corrected,CAMPANIA,16,CASTELPAGANO,whole,,121,CASTELPAGANO,1.0
senato-mattarellum-1993-corrected,CAMPANIA,16,CASTELPOTO,whole,,121,CASTELPOTO,1.0
senato-mattarellum-1993-corrected,CAMPANIA,16,CASTELVENERE,whole,,121,CASTELVENERE,1.0
senato-mattarellum-1993-corrected,CAMPANIA,16,CAUTANO,whole,,121,CAUTANO,1.0
senato-mattarellum-1993-corrected,CAMPANIA,16,CEPPALONI,whole,,121,CEPPALONI,1.0
senato-mattarellum-1993-corrected,CAMPANIA,16,CERRETO SANNITA,whole,,121,CERRETO SANNITA,1.0
senato-mattarellum-1993-corrected,CAMPANIA,16,CIRCELLO,whole,,121,CIRCELLO,1.0
senato-mattarellum-1993-corrected,CAMPANIA,16,COLLE SANNITA,whole,,121,COLLE SANNITA,1.0
senato-mattarellum-1993-corrected,CAMPANIA,16,CUSANO MUTRI,whole,,121,CUSANO MUTRI,1.0
senato-mattarellum-1993-corrected,CAMPANIA,16,DUGENTA,whole,,121,DUGENTA,1.0
senato-mattarellum-1993-corrected,CAMPANIA,16,DURAZZANO,whole,,121,DURAZZANO,1.0
senato-mattarellum-1993-corrected,CAMPANIA,16,FAICCHIO,whole,,121,FAICCHIO,1.0
senato-mattarellum-1993-corrected,CAMPANIA,16,FOGLIANISE,whole,,121,FOGLIANISE,1.0
senato-mattarellum-1993-corrected,CAMPANIA,16,FORCHIA,whole,,121,FORCHIA,1.0
senato-mattarellum-1993-corrected,CAMPANIA,16,FRAGNETO L'ABATE,whole,,121,FRAGNETO L'ABATE,1.0
senato-mattarellum-1993-corrected,CAMPANIA,16,FRAGNETO MONFORTE,whole,,121,FRAGNETA MONFORTE,0.938
senato-mattarellum-1993-corrected,CAMPANIA,16,FRASSO TELESINO,whole,,121,FRASSO TELESINO,1.0
senato-mattarellum-1993-corrected,CAMPANIA,16,GUARDIA SANFRAMONDI,whole,,121,GUARDIA SANFRAMONDI,1.0
senato-mattarellum-1993-corrected,CAMPANIA,16,LIMATOLA,whole,,121,LIMATOLA,1.0
senato-mattarellum-1993-corrected,CAMPANIA,16,MELIZZANO,whole,,121,MELI1ZZANO,0.9
senato-mattarellum-1993-corrected,CAMPANIA,16,,whole,,121,MU LANU,0.5
senato-mattarellum-1993-corrected,CAMPANIA,16,MONTESARCHIO,whole,,121,MONTESARCHIO,1.0
senato-mattarellum-1993-corrected,CAMPANIA,16,MORCONE,whole,,121,MORCONE,1.0
senato-mattarellum-1993-corrected,CAMPANIA,16,PAOLISI,whole,,121,PAOLISI,1.0
senato-mattarellum-1993-corrected,CAMPANIA,16,PAUPISI,whole,,121,PAUPISI,1.0
senato-mattarellum-1993-corrected,CAMPANIA,16,PIETRAROJA,whole,,121,PIETRAROJA,1.0
senato-mattarellum-1993-corrected,CAMPANIA,16,PONTE,whole,,121,PONTE,1.0
senato-mattarellum-1993-corrected,CAMPANIA,16,PONTELANDOLFO,whole,,121,PONTELANDOLFO,1.0
senato-mattarellum-1993-corrected,CAMPANIA,16,PUGLIANELLO,whole,,121,PUGL TANELLO,0.909
senato-mattarellum-1993-corrected,CAMPANIA,16,SAN GIORGIO DEL SANNIO,whole,,121,SAN GIORGIO DEL SANNIO,1.0
senato-mattarellum-1993-corrected,CAMPANIA,16,SAN LEUCIO DEL SANNIO,whole,,121,SAN LEUCTIO DEL SANNIO,0.947
senato-mattarellum-1993-corrected,CAMPANIA,16,SAN LORENZELLO,whole,,121,SAN LORENZELLO,1.0
senato-mattarellum-1993-corrected,CAMPANIA,16,SAN LORENZO MAGGIORE,whole,,121,SAN LORENZO MAGGIORE,1.0
senato-mattarellum-1993-corrected,CAMPANIA,16,SAN LUPO,whole,,121,SAN LUPO,1.0
senato-mattarellum-1993-corrected,CAMPANIA,16,SAN MARTINO SANNITA,whole,,121,SAN MARTINO SANNITA,1.0
senato-mattarellum-1993-corrected,CAMPANIA,16,SAN NAZZARO,whole,,121,SAN NAZZARO,1.0
senato-mattarellum-1993-corrected,CAMPANIA,16,SAN NICOLA MANFREDI,whole,,121,SAN NICOLA MANFREDI,1.0
senato-mattarellum-1993-corrected,CAMPANIA,16,SAN SALVATORE TELESINO,whole,,121,SAN SALVATORE TELESINO,1.0
senato-mattarellum-1993-corrected,CAMPANIA,16,SANTA CROCE DEL SANNIO,whole,,121,SANTA CROCE DEL SANNIO,1.0
senato-mattarellum-1993-corrected,CAMPANIA,16,SANT'AGATA DE' GOTI,whole,,121,SANT'AGATA DE' GOTI,1.0
senato-mattarellum-1993-corrected,CAMPANIA,16,SANT'ANGELO A CUPOLO,whole,,121,SANT'ANGELO A CUPOLO,1.0
senato-mattarellum-1993-corrected,CAMPANIA,16,SASSINORO,whole,,121,SASSINORO,1.0
senato-mattarellum-1993-corrected,CAMPANIA,16,SOLOPACA,whole,,121,SOLOPACA,1.0
senato-mattarellum-1993-corrected,CAMPANIA,16,TELESE TERME,whole,,121,TELESE TERME,1.0
senato-mattarellum-1993-corrected,CAMPANIA,16,TOCCO CAUDIO,whole,,121,TOCCO CAUDIO,1.0
senato-mattarellum-1993-corrected,CAMPANIA,16,TORRECUSO,whole,,121,TORRECTUSO,0.9
senato-mattarellum-1993-corrected,CAMPANIA,16,VITULANO,whole,,121,VITULANO,1.0
senato-mattarellum-1993-corrected,CAMPANIA,17,APICE,whole,,121,APICE,1.0
senato-mattarellum-1993-corrected,CAMPANIA,17,BASELICE,whole,,121,BASEL ICE,1.0
senato-mattarellum-1993-corrected,CAMPANIA,17,BUONALBERGO,whole,,121,BUONAL BERGO,1.0
senato-mattarellum-1993-corrected,CAMPANIA,17,CASTELFRANCO IN MISCANO,whole,,121,CASTELFRANCO IN MISCANO,1.0
senato-mattarellum-1993-corrected,CAMPANIA,17,CASTELVETERE IN VAL FORTORE,whole,,121,CASTELVETERE IN VAL FORTORE,1.0
senato-mattarellum-1993-corrected,CAMPANIA,17,FOIANO DI VAL FORTORE,whole,,121,FOIANO DI VAL FORTORE,1.0
senato-mattarellum-1993-corrected,CAMPANIA,17,GINESTRA DEGLI SCHIAVONI,whole,,121,GINESTRA DEGLI SCHIAVONI,1.0
senato-mattarellum-1993-corrected,CAMPANIA,17,MOLINARA,whole,,121,MOL INARA,1.0
senato-mattarellum-1993-corrected,CAMPANIA,17,MONTEFALCONE DI VAL FORTORE,whole,,122,MONTEFALCONE DI VAL FORTORE,1.0
senato-mattarellum-1993-corrected,CAMPANIA,17,PADULI,whole,,122,PADUL 1,1.0
senato-mattarellum-1993-corrected,CAMPANIA,17,PAGO VEIANO,whole,,122,PAGO VETANO,0.9
senato-mattarellum-1993-corrected,CAMPANIA,17,PESCO SANNITA,whole,,122,PESCO SANNITA,1.0
senato-mattarellum-1993-corrected,CAMPANIA,17,PIETRELCINA,whole,,122,PIETRELCINA,1.0
senato-mattarellum-1993-corrected,CAMPANIA,17,REINO,whole,,122,RE 1NO,1.0
senato-mattarellum-1993-corrected,CAMPANIA,17,SAN BARTOLOMEO IN GALDO,whole,,122,SAN BARTOLOMEO IN GAL DO,1.0
senato-mattarellum-1993-corrected,CAMPANIA,17,SAN GIORGIO LA MOLARA,whole,,122,SAN GIORGIO LA MOLARA,1.0
senato-mattarellum-1993-corrected,CAMPANIA,17,SAN MARCO DEI CAVOTI,whole,,122,SAN MARCO DEI CAYVOTI,0.944
senato-mattarellum-1993-corrected,CAMPANIA,17,SANT'ARCANGELO TRIMONTE,whole,,122,SANT*ARCANGELO TRIMONTE,1.0
senato-mattarellum-1993-corrected,CAMPANIA,17,ANDRETTA,whole,,122,ANDRETTA,1.0
senato-mattarellum-1993-corrected,CAMPANIA,17,AQUILONIA,whole,,122,AQUILONIA,1.0
senato-mattarellum-1993-corrected,CAMPANIA,17,ARIANO IRPINO,whole,,122,ARTANO IRPINO,0.917
senato-mattarellum-1993-corrected,CAMPANIA,17,BAGNOLI IRPINO,whole,,122,BAGNOLI IRPINO,1.0
senato-mattarellum-1993-corrected,CAMPANIA,17,BISACCIA,whole,,122,BISACCIA,1.0
senato-mattarellum-1993-corrected,CAMPANIA,17,BONITO,whole,,122,BONITO,1.0
senato-mattarellum-1993-corrected,CAMPANIA,17,CAIRANO,whole,,122,CAITRANO,0.875
senato-mattarellum-1993-corrected,CAMPANIA,17,CALABRITTO,whole,,122,CALABRITTO,1.0
senato-mattarellum-1993-corrected,CAMPANIA,17,CALITRI,whole,,122,CAL ITRI,1.0
senato-mattarellum-1993-corrected,CAMPANIA,17,CAPOSELE,whole,,122,CAPOSELE,1.0
senato-mattarellum-1993-corrected,CAMPANIA,17,CARIFE,whole,,122,CARIFE,1.0
senato-mattarellum-1993-corrected,CAMPANIA,17,CASALBORE,whole,,122,CASAL BORE,1.0
senato-mattarellum-1993-corrected,CAMPANIA,17,CASSANO IRPINO,whole,,122,CASSANO IRPINO,1.0
senato-mattarellum-1993-corrected,CAMPANIA,17,CASTEL BARONIA,whole,,122,CASTEL BARGNIA,0.923
senato-mattarellum-1993-corrected,CAMPANIA,17,CASTELFRANCI,whole,,122,CASTELFRANCI,1.0
senato-mattarellum-1993-corrected,CAMPANIA,17,CASTELVETERE SUL CALORE,whole,,122,CASTELVETERE SUL CALORE,1.0
senato-mattarellum-1993-corrected,CAMPANIA,17,CONZA DELLA CAMPANIA,whole,,122,CONZA DELLA CAMPANIA,1.0
senato-mattarellum-1993-corrected,CAMPANIA,17,FLUMERI,whole,,122,FLUMER,0.857
senato-mattarellum-1993-corrected,CAMPANIA,17,FONTANAROSA,whole,,122,FONTANAROSSA,0.917
senato-mattarellum-1993-corrected,CAMPANIA,17,FRIGENTO,whole,,122,FRISENTO,0.875
senato-mattarellum-1993-corrected,CAMPANIA,17,,whole,,122,6E SUVALBDO,0.667
senato-mattarellum-1993-corrected,CAMPANIA,17,GRECI,whole,,122,GRECI,1.0
senato-mattarellum-1993-corrected,CAMPANIA,17,GROTTAMINARDA,whole,,122,CGROTTAMINARDA,0.929
senato-mattarellum-1993-corrected,CAMPANIA,17,GUARDIA LOMBARDI,whole,,122,GUARDIA LOMBARDI,1.0
senato-mattarellum-1993-corrected,CAMPANIA,17,LACEDONIA,whole,,122,LACEDONI1A,0.9
senato-mattarellum-1993-corrected,CAMPANIA,17,LAPIO,whole,,122,LAP1O0,0.833
senato-mattarellum-1993-corrected,CAMPANIA,17,LIONI,whole,,122,LIONI,1.0
senato-mattarellum-1993-corrected,CAMPANIA,17,LUOGOSANO,whole,,122,LUOGOSANO,1.0
senato-mattarellum-1993-corrected,CAMPANIA,17,MELITO IRPINO,whole,,122,MELITO IRPINO,1.0
senato-mattarellum-1993-corrected,CAMPANIA,17,MIRABELLA ECLANO,whole,,122,MIRABELLA ECLANO,1.0
senato-mattarellum-1993-corrected,CAMPANIA,17,MONTAGUTO,whole,,122,HONTAGUTO,1.0
senato-mattarellum-1993-corrected,CAMPANIA,17,MONTECALVO IRPINO,whole,,122,MONTECALVO 1RPIMO,0.938
senato-mattarellum-1993-corrected,CAMPANIA,17,MONTELLA,whole,,122,MONTELLA,1.0
senato-mattarellum-1993-corrected,CAMPANIA,17,MONTEMARANO,whole,,122,MONTEMAR ANO,1.0
senato-mattarellum-1993-corrected,CAMPANIA,17,MONTEVERDE,whole,,122,HONTE VERDE,1.0
senato-mattarellum-1993-corrected,CAMPANIA,17,MORRA DE SANCTIS,whole,,122,MORRA DE SANCTIS,1.0
senato-mattarellum-1993-corrected,CAMPANIA,17,NUSCO,whole,,122,NUSCO,1.0
senato-mattarellum-1993-corrected,CAMPANIA,17,PATERNOPOLI,whole,,122,PATERNOPOLI,1.0
senato-mattarellum-1993-corrected,CAMPANIA,17,ROCCA SAN FELICE,whole,,122,ROCCA SAN FELICE,1.0
senato-mattarellum-1993-corrected,CAMPANIA,17,SAN MANGO SUL CALORE,whole,,122,SAN MANGO SUL CALORE,1.0
senato-mattarellum-1993-corrected,CAMPANIA,17,SAN NICOLA BARONIA,whole,,122,SAN NICOLA BSARONIA,0.941
senato-mattarellum-1993-corrected,CAMPANIA,17,SAN SOSSIO BARONIA,whole,,122,SAN SOSSIO BARONIA,1.0
senato-mattarellum-1993-corrected,CAMPANIA,17,SANT'ANDREA DI CONZA,whole,,122,SANT'ANDREA DI CONZA,1.0
senato-mattarellum-1993-corrected,CAMPANIA,17,SANT'ANGELO ALL'ESCA,whole,,122,SANT'ANGELO ALL'ESCA,1.0
senato-mattarellum-1993-corrected,CAMPANIA,17,SANT'ANGELO DEI LOMBARDI,whole,,122,SANT'ANGELO DE] LOMBARDI,0.952
senato-mattarellum-1993-corrected,CAMPANIA,17,SAVIGNANO IRPINO,whole,,122,SAVIGNANO IRPINO,1.0
senato-mattarellum-1993-corrected,CAMPANIA,17,SCAMPITELLA,whole,,122,SCAMPITELLA,1.0
senato-mattarellum-1993-corrected,CAMPANIA,17,SENERCHIA,whole,,122,SENERCHIA,1.0
senato-mattarellum-1993-corrected,CAMPANIA,17,STURNO,whole,,122,STURNO,1.0
senato-mattarellum-1993-corrected,CAMPANIA,17,TAURASI,whole,,122,TAURASI,1.0
senato-mattarellum-1993-corrected,CAMPANIA,17,TEORA,whole,,122,TEORA,1.0
senato-mattarellum-1993-corrected,CAMPANIA,17,TORELLA DE' LOMBARDI,whole,,122,TORELLA DEI LOMBARDI,0.944
senato-mattarellum-1993-corrected,CAMPANIA,17,TREVICO,whole,,122,TREVICO,1.0
senato-mattarellum-1993-corrected,CAMPANIA,17,VALLATA,whole,,122,VALLATA,1.0
senato-mattarellum-1993-corrected,CAMPANIA,17,VALLESACCARDA,whole,,122,VALLESACCARDA,1.0
senato-mattarellum-1993-corrected,CAMPANIA,17,VILLAMAINA,whole,,122,YiLLAMAINA,0.9
senato-mattarellum-1993-corrected,CAMPANIA,17,VILLANOVA DEL BATTISTA,whole,,122,VILLANOVA DEL BATTISTA,1.0
senato-mattarellum-1993-corrected,CAMPANIA,17,VOLTURARA IRPINA,whole,,122,VOLTURARA IRPINA,1.0
senato-mattarellum-1993-corrected,CAMPANIA,17,ZUNGOLI,whole,,122,ZUNGOLI,1.0
senato-mattarellum-1993-corrected,CAMPANIA,18,PANNARANO,whole,,123,PANNARANO,1.0
senato-mattarellum-1993-corrected,CAMPANIA,18,AIELLO DEL SABATO,whole,,123,AITELLO DEL SABATO,0.938
senato-mattarellum-1993-corrected,CAMPANIA,18,ALTAVILLA IRPINA,whole,,123,ALTAVILLA IRPINA,1.0
senato-mattarellum-1993-corrected,CAMPANIA,18,ATRIPALDA,whole,,123,ATRIPALDA,1.0
senato-mattarellum-1993-corrected,CAMPANIA,18,AVELLA,whole,,123,AVELLA,1.0
senato-mattarellum-1993-corrected,CAMPANIA,18,AVELLINO,whole,,123,AVELLINO,1.0
senato-mattarellum-1993-corrected,CAMPANIA,18,BAIANO,whole,,123,BATANO,0.833
senato-mattarellum-1993-corrected,CAMPANIA,18,CANDIDA,whole,,123,CANDIDA,1.0
senato-mattarellum-1993-corrected,CAMPANIA,18,CAPRIGLIA IRPINA,whole,,123,CAPRIGLIA IRPINA,1.0
senato-mattarellum-1993-corrected,CAMPANIA,18,CERVINARA,whole,,123,CERVINARA,1.0
senato-mattarellum-1993-corrected,CAMPANIA,18,CESINALI,whole,,123,CESINALI,1.0
senato-mattarellum-1993-corrected,CAMPANIA,18,CHIANCHE,whole,,123,CHIANCHE,1.0
senato-mattarellum-1993-corrected,CAMPANIA,18,CHIUSANO DI SAN DOMENICO,whole,,123,CHIUSANO DI SAN DOMENICO,1.0
senato-mattarellum-1993-corrected,CAMPANIA,18,CONTRADA,whole,,123,CONTRADA,1.0
senato-mattarellum-1993-corrected,CAMPANIA,18,DOMICELLA,whole,,123,DOMICELLA,1.0
senato-mattarellum-1993-corrected,CAMPANIA,18,FORINO,whole,,123,FORINO,1.0
senato-mattarellum-1993-corrected,CAMPANIA,18,GROTTOLELLA,whole,,123,GROTTOLELLA,1.0
senato-mattarellum-1993-corrected,CAMPANIA,18,LAURO,whole,,123,LAURO,1.0
senato-mattarellum-1993-corrected,CAMPANIA,18,MANOCALZATI,whole,,123,MANOCALZATI,1.0
senato-mattarellum-1993-corrected,CAMPANIA,18,MARZANO DI NOLA,whole,,123,MARZANO DI NOLA,1.0
senato-mattarellum-1993-corrected,CAMPANIA,18,MERCOGLIANO,whole,,123,MERCOGLIANO,1.0
senato-mattarellum-1993-corrected,CAMPANIA,18,MONTEFALCIONE,whole,,123,MONTEFALCiONE,1.0
senato-mattarellum-1993-corrected,CAMPANIA,18,MONTEFORTE IRPINO,whole,,123,MONTEFORTE IRPINO,1.0
senato-mattarellum-1993-corrected,CAMPANIA,18,MONTEFREDANE,whole,,123,MONTEFREDANE,1.0
senato-mattarellum-1993-corrected,CAMPANIA,18,MONTEFUSCO,whole,,123,MONTEFUSCO,1.0
senato-mattarellum-1993-corrected,CAMPANIA,18,MONTEMILETTO,whole,,123,MONTEMILETTO,1.0
senato-mattarellum-1993-corrected,CAMPANIA,18,MONTORO INFERIORE,whole,,123,MONTORO INFERIORE,1.0
senato-mattarellum-1993-corrected,CAMPANIA,18,MONTORO SUPERIORE,whole,,123,MONTORO SUPERIORE,1.0
senato-mattarellum-1993-corrected,CAMPANIA,18,MOSCHIANO,whole,,123,MOSCHIANO,1.0
senato-mattarellum-1993-corrected,CAMPANIA,18,MUGNANO DEL CARDINALE,whole,,123,MUGNANO DEL CARDINALE,1.0
senato-mattarellum-1993-corrected,CAMPANIA,18,OSPEDALETTO D'ALPINOLO,whole,,123,OSPEDALETTO D'ALPINOLO,1.0
senato-mattarellum-1993-corrected,CAMPANIA,18,PAGO DEL VALLO DI LAURO,whole,,123,PAGO DEL VALLO DI LAURO,1.0
senato-mattarellum-1993-corrected,CAMPANIA,18,PAROLISE,whole,,123,PAROGLISE,0.889
senato-mattarellum-1993-corrected,CAMPANIA,18,PETRURO IRPINO,whole,,123,PETRURO IRPINO,1.0
senato-mattarellum-1993-corrected,CAMPANIA,18,PIETRADEFUSI,whole,,123,PIETRADEFUSI,1.0
senato-mattarellum-1993-corrected,CAMPANIA,18,PIETRASTORNINA,whole,,123,PIETRASTORNINA,1.0
senato-mattarellum-1993-corrected,CAMPANIA,18,PRATA DI PRINCIPATO ULTRA,whole,,123,PRATA DI PRINCIPATO ULTRA,1.0
senato-mattarellum-1993-corrected,CAMPANIA,18,PRATOLA SERRA,whole,,123,PRATOLA SERRA,1.0
senato-mattarellum-1993-corrected,CAMPANIA,18,QUADRELLE,whole,,123,QUADRELLE,1.0
senato-mattarellum-1993-corrected,CAMPANIA,18,QUINDICI,whole,,123,QUINDICI,1.0
senato-mattarellum-1993-corrected,CAMPANIA,18,ROCCABASCERANA,whole,,123,ROCCABASCERANA,1.0
senato-mattarellum-1993-corrected,CAMPANIA,18,ROTONDI,whole,,123,ROTONDI,1.0
senato-mattarellum-1993-corrected,CAMPANIA,18,SALZA IRPINA,whole,,123,SALZA IRPINA,1.0
senato-mattarellum-1993-corrected,CAMPANIA,18,SAN MARTINO VALLE CAUDINA,whole,,123,SAN MARTINO VALLE CAUDINA,1.0
senato-mattarellum-1993-corrected,CAMPANIA,18,SAN MICHELE DI SERINO,whole,,123,SAN MICHELE DI SERINO,1.0
senato-mattarellum-1993-corrected,CAMPANIA,18,SAN POTITO ULTRA,whole,,123,SAN POTITO ULTRA,1.0
senato-mattarellum-1993-corrected,CAMPANIA,18,SANTA LUCIA DI SERINO,whole,,123,SANTA LUCIA DI SERENO,0.944
senato-mattarellum-1993-corrected,CAMPANIA,18,SANT'ANGELO A SCALA,whole,,123,SANT'ANGELO A SCALA,1.0
senato-mattarellum-1993-corrected,CAMPANIA,18,SANTA PAOLINA,whole,,123,SANTA PAOLINA,1.0
senato-mattarellum-1993-corrected,CAMPANIA,18,SANTO STEFANO DEL SOLE,whole,,123,SANTO STEFANO DEL SOLE,1.0
senato-mattarellum-1993-corrected,CAMPANIA,18,SERINO,whole,,123,SERINO,1.0
senato-mattarellum-1993-corrected,CAMPANIA,18,SIRIGNANO,whole,,123,SIRIGNANDO,0.9
senato-mattarellum-1993-corrected,CAMPANIA,18,SOLOFRA,whole,,123,SOLOFRA,1.0
senato-mattarellum-1993-corrected,CAMPANIA,18,SORBO SERPICO,whole,,123,SORBOG SERPICO,0.923
senato-mattarellum-1993-corrected,CAMPANIA,18,SPERONE,whole,,123,SPERGNE,0.857
senato-mattarellum-1993-corrected,CAMPANIA,18,SUMMONTE,whole,,123,SUMMONTE,1.0
senato-mattarellum-1993-corrected,CAMPANIA,18,TAURANO,whole,,123,TAURANO,1.0
senato-mattarellum-1993-corrected,CAMPANIA,18,TORRE LE NOCELLE,whole,,123,TORRE LE NOCELLE,1.0
senato-mattarellum-1993-corrected,CAMPANIA,18,TORRIONI,whole,,123,TORRITONI,0.889
senato-mattarellum-1993-corrected,CAMPANIA,18,TUFO,whole,,123,TUFO,1.0
senato-mattarellum-1993-corrected,CAMPANIA,18,VENTICANO,whole,,123,YENTICANO,0.889
senato-mattarellum-1993-corrected,CAMPANIA,19,AGROPOLI,whole,,123,AGROPOLI,1.0
senato-mattarellum-1993-corrected,CAMPANIA,19,ALFANO,whole,,123,ALFANO,1.0
senato-mattarellum-1993-corrected,CAMPANIA,19,AQUARA,whole,,123,AQUARA,1.0
senato-mattarellum-1993-corrected,CAMPANIA,19,ASCEA,whole,,123,ASCEA,1.0
senato-mattarellum-1993-corrected,CAMPANIA,19,ATENA LUCANA,whole,,123,ATENA LUCANA,1.0
senato-mattarellum-1993-corrected,CAMPANIA,19,AULETTA,whole,,124,AULETTA,1.0
senato-mattarellum-1993-corrected,CAMPANIA,19,BELLOSGUARDO,whole,,124,BELLUSGUAR BO,0.833
senato-mattarellum-1993-corrected,CAMPANIA,19,BUCCINO,whole,,124,BUCCINO,1.0
senato-mattarellum-1993-corrected,CAMPANIA,19,BUONABITACOLO,whole,,124,BUONABITACOLO,1.0
senato-mattarellum-1993-corrected,CAMPANIA,19,CAGGIANO,whole,,124,CAGGIANO,1.0
senato-mattarellum-1993-corrected,CAMPANIA,19,CAMEROTA,whole,,124,CAMEROTA,1.0
senato-mattarellum-1993-corrected,CAMPANIA,19,CAMPORA,whole,,124,CAMPORA,1.0
senato-mattarellum-1993-corrected,CAMPANIA,19,CANNALONGA,whole,,124,CANNALONGA,1.0
senato-mattarellum-1993-corrected,CAMPANIA,19,CASALBUONO,whole,,124,CASAL BUONO,1.0
senato-mattarellum-1993-corrected,CAMPANIA,19,CASALETTO SPARTANO,whole,,124,CASALETTO SPARTANO,1.0
senato-mattarellum-1993-corrected,CAMPANIA,19,CASAL VELINO,whole,,124,CASAL VELINO,1.0
senato-mattarellum-1993-corrected,CAMPANIA,19,CASELLE IN PITTARI,whole,,124,CASELLE IN PIETTARI,0.941
senato-mattarellum-1993-corrected,CAMPANIA,19,CASTELCIVITA,whole,,124,CASTELCIVITA,1.0
senato-mattarellum-1993-corrected,CAMPANIA,19,CASTELLABATE,whole,,124,CASTELLABATE,1.0
senato-mattarellum-1993-corrected,CAMPANIA,19,CASTELNUOVO CILENTO,whole,,124,CASTELNUOVO CILENTO,1.0
senato-mattarellum-1993-corrected,CAMPANIA,19,CASTEL SAN LORENZO,whole,,124,CASTEL SAN LORENZO,1.0
senato-mattarellum-1993-corrected,CAMPANIA,19,CELLE DI BULGHERIA,whole,,124,CELLE DI BULGHERIA,1.0
senato-mattarellum-1993-corrected,CAMPANIA,19,CENTOLA,whole,,124,CENTOLA,1.0
senato-mattarellum-1993-corrected,CAMPANIA,19,CERASO,whole,,124,CERASO,1.0
senato-mattarellum-1993-corrected,CAMPANIA,19,CICERALE,whole,,124,CICERALE,1.0
senato-mattarellum-1993-corrected,CAMPANIA,19,CONTRONE,whole,,124,CONTR ONE,1.0
senato-mattarellum-1993-corrected,CAMPANIA,19,CORLETO MONFORTE,whole,,124,CORLETO HMONFORTE,0.938
senato-mattarellum-1993-corrected,CAMPANIA,19,CUCCARO VETERE,whole,,124,CUCCAROÒ VETERE,1.0
senato-mattarellum-1993-corrected,CAMPANIA,19,FELITTO,whole,,124,FELITTO,1.0
senato-mattarellum-1993-corrected,CAMPANIA,19,FUTANI,whole,,124,FUTANI,1.0
senato-mattarellum-1993-corrected,CAMPANIA,19,GIUNGANO,whole,,124,GIUNGANO,1.0
senato-mattarellum-1993-corrected,CAMPANIA,19,ISPANI,whole,,124,ISPANI,1.0
senato-mattarellum-1993-corrected,CAMPANIA,19,LAUREANA CILENTO,whole,,124,LAUREANA CILENTO,1.0
senato-mattarellum-1993-corrected,CAMPANIA,19,LAURINO,whole,,124,LAURINO,1.0
senato-mattarellum-1993-corrected,CAMPANIA,19,LAURITO,whole,,124,LAUR1TO,1.0
senato-mattarellum-1993-corrected,CAMPANIA,19,LUSTRA,whole,,124,LUSTRA,1.0
senato-mattarellum-1993-corrected,CAMPANIA,19,MAGLIANO VETERE,whole,,124,MAGLIANO VETERE,1.0
senato-mattarellum-1993-corrected,CAMPANIA,19,MOIO DELLA CIVITELLA,whole,,124,MOTO DELLA CIVITELLA,0.944
senato-mattarellum-1993-corrected,CAMPANIA,19,MONTANO ANTILIA,whole,,124,MONTANO ANTILIA,1.0
senato-mattarellum-1993-corrected,CAMPANIA,19,MONTECORICE,whole,,124,HONTECORICE,1.0
senato-mattarellum-1993-corrected,CAMPANIA,19,MONTEFORTE CILENTO,whole,,124,MONTEFORTE CILENTO,1.0
senato-mattarellum-1993-corrected,CAMPANIA,19,MONTE SAN GIACOMO,whole,,124,MONTE SAN GIACOMO,1.0
senato-mattarellum-1993-corrected,CAMPANIA,19,MONTESANO SULLA MARCELLANA,whole,,124,MONTESANO SULLA MARCELLANA,1.0
senato-mattarellum-1993-corrected,CAMPANIA,19,MORIGERATI,whole,,124,HQORISGERATI,0.833
senato-mattarellum-1993-corrected,CAMPANIA,19,NOVI VELIA,whole,,124,NOVI VELIA,1.0
senato-mattarellum-1993-corrected,CAMPANIA,19,OGLIASTRO CILENTO,whole,,124,UGLIASTRO CILENTO,0.938
senato-mattarellum-1993-corrected,CAMPANIA,19,OMIGNANO,whole,,124,OMIGNANO,1.0
senato-mattarellum-1993-corrected,CAMPANIA,19,ORRIA,whole,,124,ORRIA,1.0
senato-mattarellum-1993-corrected,CAMPANIA,19,OTTATI,whole,,124,OTTATI,1.0
senato-mattarellum-1993-corrected,CAMPANIA,19,PADULA,whole,,124,PADULA,1.0
senato-mattarellum-1993-corrected,CAMPANIA,19,PERDIFUMO,whole,,124,PERDIFUMO,1.0
senato-mattarellum-1993-corrected,CAMPANIA,19,PERITO,whole,,124,PERITO,1.0
senato-mattarellum-1993-corrected,CAMPANIA,19,PERTOSA,whole,,124,PERTOSA,1.0
senato-mattarellum-1993-corrected,CAMPANIA,19,PETINA,whole,,124,PETINA,1.0
senato-mattarellum-1993-corrected,CAMPANIA,19,PIAGGINE,whole,,124,PIAGGINE,1.0
senato-mattarellum-1993-corrected,CAMPANIA,19,PISCIOTTA,whole,,124,PISCIOTTA,1.0
senato-mattarellum-1993-corrected,CAMPANIA,19,POLLA,whole,,124,POÒLLA,1.0
senato-mattarellum-1993-corrected,CAMPANIA,19,POLLICA,whole,,124,POLLICA,1.0
senato-mattarellum-1993-corrected,CAMPANIA,19,PRIGNANO CILENTO,whole,,124,PRIGNANO CILENTO,1.0
senato-mattarellum-1993-corrected,CAMPANIA,19,RICIGLIANO,whole,,124,RICIGL1ANO,1.0
senato-mattarellum-1993-corrected,CAMPANIA,19,ROCCADASPIDE,whole,,124,ROCCADASP IDE,1.0
senato-mattarellum-1993-corrected,CAMPANIA,19,ROCCAGLORIOSA,whole,,124,ROCCAGLORIOSA,1.0
senato-mattarellum-1993-corrected,CAMPANIA,19,ROFRANO,whole,,124,ROFRANO,1.0
senato-mattarellum-1993-corrected,CAMPANIA,19,ROMAGNANO AL MONTE,whole,,124,ROMAGNANO AL MONTE,1.0
senato-mattarellum-1993-corrected,CAMPANIA,19,ROSCIGNO,whole,,124,ROSCIGNO,1.0
senato-mattarellum-1993-corrected,CAMPANIA,19,RUTINO,whole,,124,RUTINO,1.0
senato-mattarellum-1993-corrected,CAMPANIA,19,SACCO,whole,,124,SACCO,1.0
senato-mattarellum-1993-corrected,CAMPANIA,19,SALA CONSILINA,whole,,124,SALA CONSILINA,1.0
senato-mattarellum-1993-corrected,CAMPANIA,19,SALENTO,whole,,124,SALENTO,1.0
senato-mattarellum-1993-corrected,CAMPANIA,19,SALVITELLE,whole,,124,SALVITELLE,1.0
senato-mattarellum-1993-corrected,CAMPANIA,19,SAN GIOVANNI A PIRO,whole,,124,SAN GIOVANNI A PIRO,1.0
senato-mattarellum-1993-corrected,CAMPANIA,19,SAN GREGORIO MAGNO,whole,,124,SAN GREGORIO MAGNO,1.0
senato-mattarellum-1993-corrected,CAMPANIA,19,SAN MAURO CILENTO,whole,,124,SAN MAURO CILENTO,1.0
senato-mattarellum-1993-corrected,CAMPANIA,19,SAN MAURO LA BRUCA,whole,,125,SAN MAURO LA BRUCA,1.0
senato-mattarellum-1993-corrected,CAMPANIA,19,SAN PIETRO AL TANAGRO,whole,,125,SAN PIETRO AL TANAGRO,1.0
senato-mattarellum-1993-corrected,CAMPANIA,19,SAN RUFO,whole,,125,SAN RUFO,1.0
senato-mattarellum-1993-corrected,CAMPANIA,19,SANTA MARINA,whole,,125,SANTA MARINA,1.0
senato-mattarellum-1993-corrected,CAMPANIA,19,SANT'ANGELO A FASANELLA,whole,,125,SANT'ANGELO A FASANELLA,1.0
senato-mattarellum-1993-corrected,CAMPANIA,19,SANT'ARSENIO,whole,,125,SANT'ARSENIO,1.0
senato-mattarellum-1993-corrected,CAMPANIA,19,SANZA,whole,,125,SANZA,1.0
senato-mattarellum-1993-corrected,CAMPANIA,19,SAPRI,whole,,125,SAPRI,1.0
senato-mattarellum-1993-corrected,CAMPANIA,19,SASSANO,whole,,125,SASSANO,1.0
senato-mattarellum-1993-corrected,CAMPANIA,19,SERRAMEZZANA,whole,,125,SERRAMEZZANA,1.0
senato-mattarellum-1993-corrected,CAMPANIA,19,SESSA CILENTO,whole,,125,SESSA CILENTO,1.0
senato-mattarellum-1993-corrected,CAMPANIA,19,STELLA CILENTO,whole,,125,STELLA CILENTO,1.0
senato-mattarellum-1993-corrected,CAMPANIA,19,STIO,whole,,125,STIO,1.0
senato-mattarellum-1993-corrected,CAMPANIA,19,TEGGIANO,whole,,125,TEGGIANO,1.0
senato-mattarellum-1993-corrected,CAMPANIA,19,TORCHIARA,whole,,125,TORCHIARA,1.0
senato-mattarellum-1993-corrected,CAMPANIA,19,TORRACA,whole,,125,TORRACA,1.0
senato-mattarellum-1993-corrected,CAMPANIA,19,TORRE ORSAIA,whole,,125,TORRE ORSAIA,1.0
senato-mattarellum-1993-corrected,CAMPANIA,19,TORTORELLA,whole,,125,TORTORELLA,1.0
senato-mattarellum-1993-corrected,CAMPANIA,19,TRENTINARA,whole,,125,TRENTINARA,1.0
senato-mattarellum-1993-corrected,CAMPANIA,19,VALLE DELL'ANGELO,whole,,125,VALLE DELL'ANGELO,1.0
senato-mattarellum-1993-corrected,CAMPANIA,19,VALLO DELLA LUCANIA,whole,,125,VALLO DELLA LUCANIA,1.0
senato-mattarellum-1993-corrected,CAMPANIA,19,VIBONATI,whole,,125,VIBONATI,1.0
senato-mattarellum-1993-corrected,CAMPANIA,20,ACERNO,whole,,125,ACERNO,1.0
senato-mattarellum-1993-corrected,CAMPANIA,20,ALBANELLA,whole,,125,ALBANELLA,1.0
senato-mattarellum-1993-corrected,CAMPANIA,20,ALTAVILLA SILENTINA,whole,,125,ALTAVILLA SILENTINA,1.0
senato-mattarellum-1993-corrected,CAMPANIA,20,BATTIPAGLIA,whole,,125,BATTIPAGLIA,1.0
senato-mattarellum-1993-corrected,CAMPANIA,20,CALVANICO,whole,,125,CALVANICO,1.0
senato-mattarellum-1993-corrected,CAMPANIA,20,,whole,,125,TANFAGNA,0.625
senato-mattarellum-1993-corrected,CAMPANIA,20,CAPACCIO,whole,,125,CAPACCIO,1.0
senato-mattarellum-1993-corrected,CAMPANIA,20,CASTELNUOVO DI CONZA,whole,,125,CASTELNUOVO DI CONZA,1.0
senato-mattarellum-1993-corrected,CAMPANIA,20,CASTIGLIONE DEL GENOVESI,whole,,125,CASTIGLIONE DEL GENOVESI,1.0
senato-mattarellum-1993-corrected,CAMPANIA,20,COLLIANO,whole,,125,COLLIANO,1.0
senato-mattarellum-1993-corrected,CAMPANIA,20,CONTURSI-TERME,whole,,125,CONTURSI TERME,1.0
senato-mattarellum-1993-corrected,CAMPANIA,20,EBOLI,whole,,125,EBOLI,1.0
senato-mattarellum-1993-corrected,CAMPANIA,20,FISCIANO,whole,,125,FISCIANO,1.0
senato-mattarellum-1993-corrected,CAMPANIA,20,GIFFONI SEI CASALI,whole,,125,GIFFONI SEI CASALI,1.0
senato-mattarellum-1993-corrected,CAMPANIA,20,GIFFONI VALLE PIANA,whole,,125,GIFFONI VALLE PIANA,1.0
senato-mattarellum-1993-corrected,CAMPANIA,20,LAVIANO,whole,,125,LAVIANO,1.0
senato-mattarellum-1993-corrected,CAMPANIA,20,MERCATO SAN SEVERINO,whole,,125,MERCATO SAN SEVERINO,1.0
senato-mattarellum-1993-corrected,CAMPANIA,20,MONTECORVINO PUGLIANO,whole,,125,HOUNTECORVINO PUGLIANO,0.952
senato-mattarellum-1993-corrected,CAMPANIA,20,MONTECORVINO ROVELLA,whole,,125,MONTECORVINO ROVELLA,1.0
senato-mattarellum-1993-corrected,CAMPANIA,20,OLEVANO SUL TUSCIANO,whole,,125,GLEVANO SUL TUSCIANO,0.944
senato-mattarellum-1993-corrected,CAMPANIA,20,OLIVETO CITRA,whole,,125,ULIVETO CITRA,0.917
senato-mattarellum-1993-corrected,CAMPANIA,20,PALOMONTE,whole,,125,PALOMONTE,1.0
senato-mattarellum-1993-corrected,CAMPANIA,20,PONTECAGNANO FAIANO,whole,,125,PONTECAGNANO FAIANO,1.0
senato-mattarellum-1993-corrected,CAMPANIA,20,POSTIGLIONE,whole,,125,POSTIGLIONE,1.0
senato-mattarellum-1993-corrected,CAMPANIA,20,SAN CIPRIANO PICENTINO,whole,,125,SAN CIPRIANO PICENTINO,1.0
senato-mattarellum-1993-corrected,CAMPANIA,20,SAN MANGO PIEMONTE,whole,,125,SAN MANGO PIEMONTE,1.0
senato-mattarellum-1993-corrected,CAMPANIA,20,SANTOMENNA,whole,,125,SANTOMENNA,1.0
senato-mattarellum-1993-corrected,CAMPANIA,20,SERRE,whole,,125,SERRE,1.0
senato-mattarellum-1993-corrected,CAMPANIA,20,SICIGNANO DEGLI ALBURNI,whole,,125,SI1CIGNANO DEGLI ALBURNI,0.955
senato-mattarellum-1993-corrected,CAMPANIA,20,VALVA,whole,,125,VALVA,1.0
senato-mattarellum-1993-corrected,CAMPANIA,20,BELLIZZI,whole,,125,BELLIZZI,1.0
senato-mattarellum-1993-corrected,CAMPANIA,21,AMALFI,whole,,125,AMALFI,1.0
senato-mattarellum-1993-corrected,CAMPANIA,21,ATRANI,whole,,125,ATRANI,1.0
senato-mattarellum-1993-corrected,CAMPANIA,21,BARONISSI,whole,,125,BARONISSI,1.0
senato-mattarellum-1993-corrected,CAMPANIA,21,CAVA DE' TIRRENI,whole,,125,CAVA DE' TIRRENI,1.0
senato-mattarellum-1993-corrected,CAMPANIA,21,CETARA,whole,,125,CETARA,1.0
senato-mattarellum-1993-corrected,CAMPANIA,21,CONCA DEI MARINI,whole,,125,CONCA DEI MARINI,1.0
senato-mattarellum-1993-corrected,CAMPANIA,21,FURORE,whole,,125,FURORE,1.0
senato-mattarellum-1993-corrected,CAMPANIA,21,MAIORI,whole,,125,MATORI,0.833
senato-mattarellum-1993-corrected,CAMPANIA,21,MINORI,whole,,125,MINORI,1.0
senato-mattarellum-1993-corrected,CAMPANIA,21,PELLEZZANO,whole,,125,PELLEZZANO,1.0
senato-mattarellum-1993-corrected,CAMPANIA,21,POSITANO,whole,,126,POSITANO,1.0
senato-mattarellum-1993-corrected,CAMPANIA,21,PRAIANO,whole,,126,PRAIANO,1.0
senato-mattarellum-1993-corrected,CAMPANIA,21,RAVELLO,whole,,126,RAVELLO,1.0
senato-mattarellum-1993-corrected,CAMPANIA,21,SALERNO,whole,,126,SALERNO,1.0
senato-mattarellum-1993-corrected,CAMPANIA,21,SCALA,whole,,126,SCALA,1.0
senato-mattarellum-1993-corrected,CAMPANIA,21,TRAMONTI,whole,,126,TRAMONTI,1.0
senato-mattarellum-1993-corrected,CAMPANIA,21,VIETRI SUL MARE,whole,,126,VIETRI SUL MARE,1.0
senato-mattarellum-1993-corrected,CAMPANIA,22,ANGRI,whole,,126,ANGRI,1.0
senato-mattarellum-1993-corrected,CAMPANIA,22,BRACIGLIANO,whole,,126,BRACEGL TANO,0.818
senato-mattarellum-1993-corrected,CAMPANIA,22,CASTEL SAN GIORGIO,whole,,126,CASTEL SAN GIORGIO,1.0
senato-mattarellum-1993-corrected,CAMPANIA,22,CORBARA,whole,,126,CORBARA,1.0
senato-mattarellum-1993-corrected,CAMPANIA,22,NOCERA INFERIORE,whole,,126,NOCERA INFERIORE,1.0
senato-mattarellum-1993-corrected,CAMPANIA,22,NOCERA SUPERIORE,whole,,126,NOCERA SUPERIORE,1.0
senato-mattarellum-1993-corrected,CAMPANIA,22,PAGANI,whole,,126,PAGANI,1.0
senato-mattarellum-1993-corrected,CAMPANIA,22,ROCCAPIEMONTE,whole,,126,ROCCAPIEMONTE,1.0
senato-mattarellum-1993-corrected,CAMPANIA,22,SAN MARZANO SUL SARNO,whole,,126,SAN MARZANO SUL SARNO,1.0
senato-mattarellum-1993-corrected,CAMPANIA,22,SANT'EGIDIO DEL MONTE ALBINO,whole,,126,SANT'EGIDIO DEL MONTE ALBINO,1.0
senato-mattarellum-1993-corrected,CAMPANIA,22,SAN VALENTINO TORIO,whole,,126,SAN VALENTINO TORIO,1.0
senato-mattarellum-1993-corrected,CAMPANIA,22,SARNO,whole,,126,SARNO,1.0
senato-mattarellum-1993-corrected,CAMPANIA,22,SCAFATI,whole,,126,SCAFATI,1.0
senato-mattarellum-1993-corrected,CAMPANIA,22,SIANO,whole,,126,SIANO,1.0
senato-mattarellum-1993-corrected,PUGLIA,1,BARI,zone,PICONE à,127,{ BA-PICONE à,1.0
senato-mattarellum-1993-corrected,PUGLIA,1,BARI,zone,JAPIGIA-TORRE A MAR,127,( BA-JAPIGIA-TORRE A MAR ),1.0
senato-mattarellum-1993-corrected,PUGLIA,1,BARI,zone,CARRASSI,127,( BA-CARRASSI ),1.0
senato-mattarellum-1993-corrected,PUGLIA,1,BARI,zone,MADONNELLA,127,{ BA-MADONNELLA ),1.0
senato-mattarellum-1993-corrected,PUGLIA,1,BARI,zone,LIBERTA MARCONI,127,{( BA-LIBERTA* MARCONI ),1.0
senato-mattarellum-1993-corrected,PUGLIA,1,BARI,zone,MURAT-S.NICOLA,127,{ BA-MURAT-S.NICOLA ),1.0
senato-mattarellum-1993-corrected,PUGLIA,1,BARI,zone,POGGIOFRANCO,127,{ BA-POGGIOFRANCO 2,1.0
senato-mattarellum-1993-corrected,PUGLIA,1,BARI,zone,S. PASQUALE,127,{ BA-S. PASQUALE ),1.0
senato-mattarellum-1993-corrected,PUGLIA,2,BARI,zone,PALESE-S.SPIRITO,127,( BA-PALESE-S.SPIRITO },1.0
senato-mattarellum-1993-corrected,PUGLIA,2,BARI,zone,S.PAOLO-STANIG,127,{ BA-S.PAOLO-STANIG ì,1.0
senato-mattarellum-1993-corrected,PUGLIA,2,BARI,zone,CARBONARA-CEGLIE-LO,127,{ BA-CARBONARA-CEGLIE-LO ),1.0
senato-mattarellum-1993-corrected,PUGLIA,2,BITONTO,whole,,127,BITONTO,1.0
senato-mattarellum-1993-corrected,PUGLIA,2,BITRITTO,whole,,127,BITRITTO,1.0
senato-mattarellum-1993-corrected,PUGLIA,2,CAPURSO,whole,,127,CAPURSO,1.0
senato-mattarellum-1993-corrected,PUGLIA,2,MODUGNO,whole,,127,MODUGNO,1.0
senato-mattarellum-1993-corrected,PUGLIA,2,NOICATTARO,whole,,127,NOICATTARO,1.0
senato-mattarellum-1993-corrected,PUGLIA,2,SANNICANDRO DI BARI,whole,,127,SANNICANDRO DI BARI,1.0
senato-mattarellum-1993-corrected,PUGLIA,2,TRIGGIANO,whole,,127,TRIGGIANO,1.0
senato-mattarellum-1993-corrected,PUGLIA,2,VALENZANO,whole,,127,VALENZANO,1.0
senato-mattarellum-1993-corrected,PUGLIA,3,BISCEGLIE,whole,,127,BISCEGLIE,1.0
senato-mattarellum-1993-corrected,PUGLIA,3,CORATO,whole,,127,CORATO,1.0
senato-mattarellum-1993-corrected,PUGLIA,3,GIOVINAZZO,whole,,127,GIOVINAZZO,1.0
senato-mattarellum-1993-corrected,PUGLIA,3,MOLFETTA,whole,,127,MOLFETTA,1.0
senato-mattarellum-1993-corrected,PUGLIA,3,RUVO DI PUGLIA,whole,,127,RUVO DI PUGLIA,1.0
senato-mattarellum-1993-corrected,PUGLIA,3,TERLIZZI,whole,,127,TERL1ZZI,1.0
senato-mattarellum-1993-corrected,PUGLIA,4,ANDRIA,whole,,127,ANDRIA,1.0
senato-mattarellum-1993-corrected,PUGLIA,4,BARLETTA,whole,,127,BARLETTA,1.0
senato-mattarellum-1993-corrected,PUGLIA,4,CANOSA DI PUGLIA,whole,,127,CANOSA DI PUGLIA,1.0
senato-mattarellum-1993-corrected,PUGLIA,4,TRANI,whole,,127,TRANI,1.0
senato-mattarellum-1993-corrected,PUGLIA,5,ACQUAVIVA DELLE FONTI,whole,,127,ACQUAVIVA DELLE FONTI,1.0
senato-mattarellum-1993-corrected,PUGLIA,5,ALTAMURA,whole,,127,ALTAMURA,1.0
senato-mattarellum-1993-corrected,PUGLIA,5,BINETTO,whole,,127,BINETTO,1.0
senato-mattarellum-1993-corrected,PUGLIA,5,BITETTO,whole,,127,BITETTO,1.0
senato-mattarellum-1993-corrected,PUGLIA,5,CASSANO DELLE MURGE,whole,,127,CASSANO DELLE MURGE,1.0
senato-mattarellum-1993-corrected,PUGLIA,5,GRAVINA IN PUGLIA,whole,,127,GRAVINA IN PUGLIA,1.0
senato-mattarellum-1993-corrected,PUGLIA,5,GRUMO APPULA,whole,,127,GRUMO APPULA,1.0
senato-mattarellum-1993-corrected,PUGLIA,5,MINERVINO MURGE,whole,,127,MINERVINO MURGE,1.0
senato-mattarellum-1993-corrected,PUGLIA,5,PALO DEL COLLE,whole,,127,PALO DEL COLLE,1.0
senato-mattarellum-1993-corrected,PUGLIA,5,POGGIORSINI,whole,,127,POGGIORSINIEI,0.846
senato-mattarellum-1993-corrected,PUGLIA,5,SAMMICHELE DI BARI,whole,,127,SAMMICHELE DI BARI,1.0
senato-mattarellum-1993-corrected,PUGLIA,5,SANTERAMO IN COLLE,whole,,127,SANTERAMO IN COLLE,1.0
senato-mattarellum-1993-corrected,PUGLIA,5,SPINAZZOLA,whole,,127,SPINAZZOLA,1.0
senato-mattarellum-1993-corrected,PUGLIA,5,TORITTO,whole,,127,FTIRITTO,0.75
senato-mattarellum-1993-corrected,PUGLIA,5,TURI,whole,,127,TURI,1.0
senato-mattarellum-1993-corrected,PUGLIA,6,ADELFIA,whole,,127,ADELFIA,1.0
senato-mattarellum-1993-corrected,PUGLIA,6,ALBEROBELLO,whole,,127,ALBEROBELLO,1.0
senato-mattarellum-1993-corrected,PUGLIA,6,CASAMASSIMA,whole,,127,CASAMASSIMA,1.0
senato-mattarellum-1993-corrected,PUGLIA,6,CASTELLANA GROTTE,whole,,127,CASTELLANA GROTTE,1.0
senato-mattarellum-1993-corrected,PUGLIA,6,CELLAMARE,whole,,128,CELLAMARE,1.0
senato-mattarellum-1993-corrected,PUGLIA,6,CONVERSANO,whole,,128,CONVERSANO,1.0
senato-mattarellum-1993-corrected,PUGLIA,6,GIOIA DEL COLLE,whole,,128,GIOIA DEL COLLE,1.0
senato-mattarellum-1993-corrected,PUGLIA,6,LOCOROTONDO,whole,,128,LOCOROTONDO,1.0
senato-mattarellum-1993-corrected,PUGLIA,6,MOLA DI BARI,whole,,128,MOLA DI BARI,1.0
senato-mattarellum-1993-corrected,PUGLIA,6,MONOPOLI,whole,,128,HONOPGOLI,0.889
senato-mattarellum-1993-corrected,PUGLIA,6,NOCI,whole,,128,NOCI,1.0
senato-mattarellum-1993-corrected,PUGLIA,6,POLIGNANO A MARE,whole,,128,POLIGNANO A MARE,1.0
senato-mattarellum-1993-corrected,PUGLIA,6,PUTIGNANO,whole,,128,PUTIGNANO,1.0
senato-mattarellum-1993-corrected,PUGLIA,6,RUTIGLIANO,whole,,128,RUTIGL TANO,0.9
senato-mattarellum-1993-corrected,PUGLIA,7,ARNESANO,whole,,128,ARNE SANO,1.0
senato-mattarellum-1993-corrected,PUGLIA,7,CAMPI SALENTINA,whole,,128,CARPI SALENTINA,0.929
senato-mattarellum-1993-corrected,PUGLIA,7,CARMIANO,whole,,128,CARMIANO,1.0
senato-mattarellum-1993-corrected,PUGLIA,7,CAVALLINO,whole,,128,CAVALLINO,1.0
senato-mattarellum-1993-corrected,PUGLIA,7,GUAGNANO,whole,,128,GUAGNANO,1.0
senato-mattarellum-1993-corrected,PUGLIA,7,LECCE,whole,,128,LECCE,1.0
senato-mattarellum-1993-corrected,PUGLIA,7,LEQUILE,whole,,128,LEQUILE,1.0
senato-mattarellum-1993-corrected,PUGLIA,7,LIZZANELLO,whole,,128,LIZZANELLO,1.0
senato-mattarellum-1993-corrected,PUGLIA,7,MONTERONI DI LECCE,whole,,128,MONTERONI BI LECCE,0.938
senato-mattarellum-1993-corrected,PUGLIA,7,NOVOLI,whole,,128,NOVOLI,1.0
senato-mattarellum-1993-corrected,PUGLIA,7,SALICE SALENTINO,whole,,128,SALICE SALENTINO,1.0
senato-mattarellum-1993-corrected,PUGLIA,7,SAN CESARIO DI LECCE,whole,,128,SAN CESARIO DI LECCE,1.0
senato-mattarellum-1993-corrected,PUGLIA,7,SAN DONATO DI LECCE,whole,,128,SAN DONATO DI LECCE,1.0
senato-mattarellum-1993-corrected,PUGLIA,7,SAN PIETRO IN LAMA,whole,,128,SAN PIETRO IN LAMA,1.0
senato-mattarellum-1993-corrected,PUGLIA,7,SQUINZANO,whole,,128,SQUINZANO,1.0
senato-mattarellum-1993-corrected,PUGLIA,7,SURBO,whole,,128,SURBO,1.0
senato-mattarellum-1993-corrected,PUGLIA,7,TREPUZZI,whole,,128,TREPUZZI,1.0
senato-mattarellum-1993-corrected,PUGLIA,7,VEGLIE,whole,,128,VEGLIE,1.0
senato-mattarellum-1993-corrected,PUGLIA,8,ARADEO,whole,,128,ARADEO,1.0
senato-mattarellum-1993-corrected,PUGLIA,8,CALIMERA,whole,,128,CALIMERA,1.0
senato-mattarellum-1993-corrected,PUGLIA,8,CAPRARICA DI LECCE,whole,,128,CAPRARICA DI LECCE,1.0
senato-mattarellum-1993-corrected,PUGLIA,8,CARPIGNANO SALENTINO,whole,,128,CARPIGNANO SALENTINO,1.0
senato-mattarellum-1993-corrected,PUGLIA,8,CASTRI DI LECCE,whole,,128,CASTRI DI LECCE,1.0
senato-mattarellum-1993-corrected,PUGLIA,8,CASTRIGNANO DE' GRECI,whole,,128,CASTRIGNANO DE' GRECI,1.0
senato-mattarellum-1993-corrected,PUGLIA,8,COLLEPASSO,whole,,128,COLLEPASSO,1.0
senato-mattarellum-1993-corrected,PUGLIA,8,COPERTINO,whole,,128,COPERTINO,1.0
senato-mattarellum-1993-corrected,PUGLIA,8,CORIGLIANO D'OTRANTO,whole,,128,CORIGLIANO D'OTRANTO,1.0
senato-mattarellum-1993-corrected,PUGLIA,8,CURSI,whole,,128,CURSE,0.8
senato-mattarellum-1993-corrected,PUGLIA,8,CUTROFIANO,whole,,128,CUTROF IANO,1.0
senato-mattarellum-1993-corrected,PUGLIA,8,GALATINA,whole,,128,GALATINA,1.0
senato-mattarellum-1993-corrected,PUGLIA,8,GALATONE,whole,,128,GAL ATONE,1.0
senato-mattarellum-1993-corrected,PUGLIA,8,GALLIPOLI,whole,,128,GALLIPOLI,1.0
senato-mattarellum-1993-corrected,PUGLIA,8,LEVERANO,whole,,128,LEVERANO,1.0
senato-mattarellum-1993-corrected,PUGLIA,8,MAGLIE,whole,,128,MAGLIE,1.0
senato-mattarellum-1993-corrected,PUGLIA,8,MARTANO,whole,,128,HARTANO,1.0
senato-mattarellum-1993-corrected,PUGLIA,8,MARTIGNANO,whole,,128,MARTIGNANO,1.0
senato-mattarellum-1993-corrected,PUGLIA,8,MELENDUGNO,whole,,128,HELENDUGNO,1.0
senato-mattarellum-1993-corrected,PUGLIA,8,MELPIGNANO,whole,,128,MELPIGNANO,1.0
senato-mattarellum-1993-corrected,PUGLIA,8,NARDO',whole,,128,"NARDO""!",1.0
senato-mattarellum-1993-corrected,PUGLIA,8,NEVIANO,whole,,128,NEVIANO,1.0
senato-mattarellum-1993-corrected,PUGLIA,8,SANNICOLA,whole,,128,SANNICOLA,1.0
senato-mattarellum-1993-corrected,PUGLIA,8,SECLI',whole,,128,SECLI',1.0
senato-mattarellum-1993-corrected,PUGLIA,8,SOGLIANO CAVOUR,whole,,128,SOGLIANO CAVOUR,1.0
senato-mattarellum-1993-corrected,PUGLIA,8,SOLETO,whole,,128,SOLETO,1.0
senato-mattarellum-1993-corrected,PUGLIA,8,STERNATIA,whole,,128,STERNATIA,1.0
senato-mattarellum-1993-corrected,PUGLIA,8,VERNOLE,whole,,128,VERNOLE,1.0
senato-mattarellum-1993-corrected,PUGLIA,8,ZOLLINO,whole,,128,ZOLLINO,1.0
senato-mattarellum-1993-corrected,PUGLIA,8,PORTO CESAREO,whole,,128,PORTO CESAREO,1.0
senato-mattarellum-1993-corrected,PUGLIA,9,ACQUARICA DEL CAPO,whole,,128,ACQUARICA DEL CAPO,1.0
senato-mattarellum-1993-corrected,PUGLIA,9,ALESSANO,whole,,128,ALESSANO,1.0
senato-mattarellum-1993-corrected,PUGLIA,9,ALEZIO,whole,,129,ALEZIO,1.0
senato-mattarellum-1993-corrected,PUGLIA,9,ALLISTE,whole,,129,ALLISTE,1.0
senato-mattarellum-1993-corrected,PUGLIA,9,ANDRANO,whole,,129,ANDRANDO,0.875
senato-mattarellum-1993-corrected,PUGLIA,9,BAGNOLO DEL SALENTO,whole,,129,BAGNOLO DEL SALENTO,1.0
senato-mattarellum-1993-corrected,PUGLIA,9,BOTRUGNO,whole,,129,BOTRUGNO,1.0
senato-mattarellum-1993-corrected,PUGLIA,9,CANNOLE,whole,,129,CANNOLE,1.0
senato-mattarellum-1993-corrected,PUGLIA,9,CASARANO,whole,,129,CASARANO,1.0
senato-mattarellum-1993-corrected,PUGLIA,9,CASTRIGNANO DEL CAPO,whole,,129,CASTRIGNANO DEL CAPO,1.0
senato-mattarellum-1993-corrected,PUGLIA,9,CORSANO,whole,,129,CORSANO,1.0
senato-mattarellum-1993-corrected,PUGLIA,9,DISO,whole,,129,DISO,1.0
senato-mattarellum-1993-corrected,PUGLIA,9,GAGLIANO DEL CAPO,whole,,129,GAGLIANO DEL CAPO,1.0
senato-mattarellum-1993-corrected,PUGLIA,9,GIUGGIANELLO,whole,,129,GIUGGIANELLO,1.0
senato-mattarellum-1993-corrected,PUGLIA,9,GIURDIGNANO,whole,,129,GIURDIGNANO,1.0
senato-mattarellum-1993-corrected,PUGLIA,9,MATINO,whole,,129,HATINO,1.0
senato-mattarellum-1993-corrected,PUGLIA,9,MELISSANO,whole,,129,MELISSANO,1.0
senato-mattarellum-1993-corrected,PUGLIA,9,MIGGIANO,whole,,129,MIGGIANO,1.0
senato-mattarellum-1993-corrected,PUGLIA,9,MINERVINO DI LECCE,whole,,129,MINERVINO DI LECCE,1.0
senato-mattarellum-1993-corrected,PUGLIA,9,MONTESANO SALENTINO,whole,,129,MONTESANO SALENTINO,1.0
senato-mattarellum-1993-corrected,PUGLIA,9,MORCIANO DI LEUCA,whole,,129,MHORCIANO DI LEUCA,0.938
senato-mattarellum-1993-corrected,PUGLIA,9,MURO LECCESE,whole,,129,MURO LECCESE,1.0
senato-mattarellum-1993-corrected,PUGLIA,9,NOCIGLIA,whole,,129,NOCIGLIA,1.0
senato-mattarellum-1993-corrected,PUGLIA,9,ORTELLE,whole,,129,ORTELLE,1.0
senato-mattarellum-1993-corrected,PUGLIA,9,OTRANTO,whole,,129,OTRANTO,1.0
senato-mattarellum-1993-corrected,PUGLIA,9,PALMARIGGI,whole,,129,PALHARIGGI,1.0
senato-mattarellum-1993-corrected,PUGLIA,9,PARABITA,whole,,129,PARABITA,1.0
senato-mattarellum-1993-corrected,PUGLIA,9,PATU',whole,,129,PATU',1.0
senato-mattarellum-1993-corrected,PUGLIA,9,POGGIARDO,whole,,129,POGGIARDO,1.0
senato-mattarellum-1993-corrected,PUGLIA,9,PRESICCE,whole,,129,PRESICCE,1.0
senato-mattarellum-1993-corrected,PUGLIA,9,RACALE,whole,,129,RACALE,1.0
senato-mattarellum-1993-corrected,PUGLIA,9,RUFFANO,whole,,129,RUFFANO,1.0
senato-mattarellum-1993-corrected,PUGLIA,9,SALVE,whole,,129,SALVE,1.0
senato-mattarellum-1993-corrected,PUGLIA,9,SANARICA,whole,,129,SANARICA,1.0
senato-mattarellum-1993-corrected,PUGLIA,9,SANTA CESAREA TERME,whole,,129,SANTA CESAREA TERNE,0.941
senato-mattarellum-1993-corrected,PUGLIA,9,SCORRANO,whole,,129,SCURRANO,0.875
senato-mattarellum-1993-corrected,PUGLIA,9,SPECCHIA,whole,,129,SPECCHIA,1.0
senato-mattarellum-1993-corrected,PUGLIA,9,SPONGANO,whole,,129,SPUNGANO,0.875
senato-mattarellum-1993-corrected,PUGLIA,9,SUPERSANO,whole,,129,SUPERSANO,1.0
senato-mattarellum-1993-corrected,PUGLIA,9,SURANO,whole,,129,SURANO,1.0
senato-mattarellum-1993-corrected,PUGLIA,9,TAURISANO,whole,,129,TAURISANO,1.0
senato-mattarellum-1993-corrected,PUGLIA,9,TAVIANO,whole,,129,TAVIANO,1.0
senato-mattarellum-1993-corrected,PUGLIA,9,TIGGIANO,whole,,129,TIGGIANO,1.0
senato-mattarellum-1993-corrected,PUGLIA,9,TRICASE,whole,,129,TRICASE,1.0
senato-mattarellum-1993-corrected,PUGLIA,9,TUGLIE,whole,,129,TUGLIE,1.0
senato-mattarellum-1993-corrected,PUGLIA,9,UGENTO,whole,,129,UGENTO,1.0
senato-mattarellum-1993-corrected,PUGLIA,9,UGGIANO LA CHIESA,whole,,129,UGGIANO LA CHIESA,1.0
senato-mattarellum-1993-corrected,PUGLIA,9,SAN CASSIANO,whole,,129,SAN CASSIANO,1.0
senato-mattarellum-1993-corrected,PUGLIA,9,CASTRO,whole,,129,CASTRO,1.0
senato-mattarellum-1993-corrected,PUGLIA,10,FAGGIANO,whole,,129,FAGGIANO,1.0
senato-mattarellum-1993-corrected,PUGLIA,10,LEPORANO,whole,,129,LEPORANO,1.0
senato-mattarellum-1993-corrected,PUGLIA,10,LIZZANO,whole,,129,LIZZANO,1.0
senato-mattarellum-1993-corrected,PUGLIA,10,PULSANO,whole,,129,PUL SAMO,0.857
senato-mattarellum-1993-corrected,PUGLIA,10,STATTE,whole,,129,-STATTE,1.0
senato-mattarellum-1993-corrected,PUGLIA,10,BARI,zone,PAQOLO VI,129,UU TA-PAQOLO VI,1.0
senato-mattarellum-1993-corrected,PUGLIA,10,BARI,zone,TAMBURI-CROCE,129,{ TA-TAMBURI-CROCE 2,1.0
senato-mattarellum-1993-corrected,PUGLIA,10,BARI,zone,ISOLA-PORTA NAPOLI,129,{( TA-ISOLA-PORTA NAPOLI ),1.0
senato-mattarellum-1993-corrected,PUGLIA,10,BARI,zone,BGRGU,129,{ TA-BGRGU 3,1.0
senato-mattarellum-1993-corrected,PUGLIA,10,BARI,zone,ITALIA-MONTE GRANAR,129,{ TA-ITALIA-MONTE GRANAR }ì,1.0
senato-mattarellum-1993-corrected,PUGLIA,10,BARI,zone,TRE CARRARE-BATTIST,129,{ TA-TRE CARRARE-BATTIST 3},1.0
senato-mattarellum-1993-corrected,PUGLIA,10,BARI,zone,SOLITO-CORVISEA,129,( TA-SOLITO-CORVISEA ),1.0
senato-mattarellum-1993-corrected,PUGLIA,10,BARI,zone,SALINELLA,129,{ TA-SALINELLA ),1.0
senato-mattarellum-1993-corrected,PUGLIA,10,BARI,zone,TALSANO-PALUMBO-S.D,129,( TA-TALSANO-PALUMBO-S.D ),1.0
senato-mattarellum-1993-corrected,PUGLIA,10,BARI,zone,LAMA-S.VITO-CARELLI,129,{ TA-LAMA-S.VITO-CARELLI ),1.0
senato-mattarellum-1993-corrected,PUGLIA,10,BARI,zone,IS.AMMINISTRATIVE E,129,{ TA-IS.AMMINISTRATIVE E >),1.0
senato-mattarellum-1993-corrected,PUGLIA,11,CAROSINO,whole,,129,CAROSINO,1.0
senato-mattarellum-1993-corrected,PUGLIA,11,CASTELLANETA,whole,,129,CASTELLANETA,1.0
senato-mattarellum-1993-corrected,PUGLIA,11,CRISPIANO,whole,,130,CRISPIANO,1.0
senato-mattarellum-1993-corrected,PUGLIA,11,FRAGAGNANO,whole,,130,FRAGAGNANO,1.0
senato-mattarellum-1993-corrected,PUGLIA,11,GINOSA,whole,,130,GINOSA,1.0
senato-mattarellum-1993-corrected,PUGLIA,11,GROTTAGLIE,whole,,130,GROTTAGLIE,1.0
senato-mattarellum-1993-corrected,PUGLIA,11,LATERZA,whole,,130,LATERZA,1.0
senato-mattarellum-1993-corrected,PUGLIA,11,MARTINA FRANCA,whole,,130,MARTINA FRANCA,1.0
senato-mattarellum-1993-corrected,PUGLIA,11,MASSAFRA,whole,,130,MASSAFRA,1.0
senato-mattarellum-1993-corrected,PUGLIA,11,MONTEIASI,whole,,130,MONTE IASI,1.0
senato-mattarellum-1993-corrected,PUGLIA,11,MONTEMESOLA,whole,,130,MONTEMESOLA,1.0
senato-mattarellum-1993-corrected,PUGLIA,11,MONTEPARANO,whole,,130,MONTEPARANO,1.0
senato-mattarellum-1993-corrected,PUGLIA,11,MOTTOLA,whole,,130,MOTTOLA,1.0
senato-mattarellum-1993-corrected,PUGLIA,11,PALAGIANELLO,whole,,130,PALAGIANELLO,1.0
senato-mattarellum-1993-corrected,PUGLIA,11,PALAGIANO,whole,,130,PALAGIANO,1.0
senato-mattarellum-1993-corrected,PUGLIA,11,ROCCAFORZATA,whole,,130,ROCCAFORZATA,1.0
senato-mattarellum-1993-corrected,PUGLIA,11,SAN GIORGIO IONICO,whole,,130,SAN GIORGIO IONICO,1.0
senato-mattarellum-1993-corrected,PUGLIA,11,SAN MARZANO DI SAN GIUSEPPE,whole,,130,SAN MARZANO DI SAN GIUSEPPE,1.0
senato-mattarellum-1993-corrected,PUGLIA,12,AVETRANA,whole,,130,AVETRANA,1.0
senato-mattarellum-1993-corrected,PUGLIA,12,MANDURIA,whole,,130,MANDURIA,1.0
senato-mattarellum-1993-corrected,PUGLIA,12,MARUGGIO,whole,,130,MARUGGIO,1.0
senato-mattarellum-1993-corrected,PUGLIA,12,SAVA,whole,,130,SAVA,1.0
senato-mattarellum-1993-corrected,PUGLIA,12,TORRICELLA,whole,,130,FORRICELLA,0.9
senato-mattarellum-1993-corrected,PUGLIA,12,CELLINO SAN MARCO,whole,,130,CELLINO SAN MARCO,1.0
senato-mattarellum-1993-corrected,PUGLIA,12,ERCHIE,whole,,130,ERCHIE,1.0
senato-mattarellum-1993-corrected,PUGLIA,12,FRANCAVILLA FONTANA,whole,,130,FRANCAVILLA FONTANA,1.0
senato-mattarellum-1993-corrected,PUGLIA,12,LATIANO,whole,,130,LATIANO,1.0
senato-mattarellum-1993-corrected,PUGLIA,12,MESAGNE,whole,,130,MESAGNE,1.0
senato-mattarellum-1993-corrected,PUGLIA,12,ORIA,whole,,130,ORTA,0.75
senato-mattarellum-1993-corrected,PUGLIA,12,SAN DONACI,whole,,130,SAN DONACI,1.0
senato-mattarellum-1993-corrected,PUGLIA,12,SAN MICHELE SALENTINO,whole,,130,SAN MICHELE SALENTiNO,1.0
senato-mattarellum-1993-corrected,PUGLIA,12,SAN PANCRAZIO SALENTINO,whole,,130,SAN PANCRAZIO SALENTINO,1.0
senato-mattarellum-1993-corrected,PUGLIA,12,SAN PIETRO VERNOTICO,whole,,130,SAN PIETRO VERNOTICO,1.0
senato-mattarellum-1993-corrected,PUGLIA,12,TORCHIAROLO,whole,,130,TORCHIARDLO,0.909
senato-mattarellum-1993-corrected,PUGLIA,12,TORRE SANTA SUSANNA,whole,,130,TORRE SANTA SUSANNA,1.0
senato-mattarellum-1993-corrected,PUGLIA,12,VILLA CASTELLI,whole,,130,VILLA CASTELLI,1.0
senato-mattarellum-1993-corrected,PUGLIA,13,BRINDISI,whole,,130,BRINDISI,1.0
senato-mattarellum-1993-corrected,PUGLIA,13,CAROVIGNO,whole,,130,CAROVIGNO,1.0
senato-mattarellum-1993-corrected,PUGLIA,13,CEGLIE MESSAPICA,whole,,130,CEGLIE MESSAPICA,1.0
senato-mattarellum-1993-corrected,PUGLIA,13,CISTERNINO,whole,,130,CISTERNINO,1.0
senato-mattarellum-1993-corrected,PUGLIA,13,FASANO,whole,,130,FASANO,1.0
senato-mattarellum-1993-corrected,PUGLIA,13,OSTUNI,whole,,130,OSTUNI,1.0
senato-mattarellum-1993-corrected,PUGLIA,13,SAN VITO DEI NORMANNI,whole,,130,SAN VITO DEI NORMANNI,1.0
senato-mattarellum-1993-corrected,PUGLIA,14,ACCADIA,whole,,130,ACCADIA,1.0
senato-mattarellum-1993-corrected,PUGLIA,14,ALBERONA,whole,,130,AL BERONA,1.0
senato-mattarellum-1993-corrected,PUGLIA,14,ANZANO DI PUGLIA,whole,,130,ANZANO DI PUGLIA,1.0
senato-mattarellum-1993-corrected,PUGLIA,14,APRICENA,whole,,130,APRICENA,1.0
senato-mattarellum-1993-corrected,PUGLIA,14,BICCARI,whole,,130,BICCARI,1.0
senato-mattarellum-1993-corrected,PUGLIA,14,BOVINO,whole,,130,BOVINO,1.0
senato-mattarellum-1993-corrected,PUGLIA,14,CARLANTINO,whole,,130,CARLANTINU,0.9
senato-mattarellum-1993-corrected,PUGLIA,14,CASALNUOVO MONTEROTARO,whole,,130,CASALNUOVO MONTERDOTARO,0.955
senato-mattarellum-1993-corrected,PUGLIA,14,CASALVECCHIO DI PUGLIA,whole,,130,CASALVECCHIO DI PUGLIA,1.0
senato-mattarellum-1993-corrected,PUGLIA,14,CASTELLUCCIO VALMAGGIORE,whole,,130,CASTELLUCCIO VALMAGGIORE,1.0
senato-mattarellum-1993-corrected,PUGLIA,14,CASTELNUOVO DELLA DAUNIA,whole,,130,CASTELNUOVO DELLA DAUNIA,1.0
senato-mattarellum-1993-corrected,PUGLIA,14,CELENZA VALFORTORE,whole,,130,CELENZA VALFORTORE,1.0
senato-mattarellum-1993-corrected,PUGLIA,14,CELLE DI SAN VITO,whole,,130,CELLE DI SAN VITO,1.0
senato-mattarellum-1993-corrected,PUGLIA,14,CHIEUTI,whole,,130,CRHIEUTI,0.875
senato-mattarellum-1993-corrected,PUGLIA,14,DELICETO,whole,,130,DEL ICETO,1.0
senato-mattarellum-1993-corrected,PUGLIA,14,FAETO,whole,,130,FAETO,1.0
senato-mattarellum-1993-corrected,PUGLIA,14,LESINA,whole,,130,LESINA,1.0
senato-mattarellum-1993-corrected,PUGLIA,14,LUCERA,whole,,130,LUCERA,1.0
senato-mattarellum-1993-corrected,PUGLIA,14,MONTELEONE DI PUGLIA,whole,,130,MONTELEONE DI PUGLIA,1.0
senato-mattarellum-1993-corrected,PUGLIA,14,MOTTA MONTECORVINO,whole,,131,MOTTA MONTECORVINO,1.0
senato-mattarellum-1993-corrected,PUGLIA,14,ORSARA DI PUGLIA,whole,,131,ORSARA DI PUGLIA,1.0
senato-mattarellum-1993-corrected,PUGLIA,14,PANNI,whole,,131,PANNI,1.0
senato-mattarellum-1993-corrected,PUGLIA,14,PIETRAMONTECORVINO,whole,,131,PIETRAMONTECORYVINO,0.947
senato-mattarellum-1993-corrected,PUGLIA,14,POGGIO IMPERIALE,whole,,131,POGGIO IMPERIALE,1.0
senato-mattarellum-1993-corrected,PUGLIA,14,RIGNANO GARGANICO,whole,,131,RIGNANO GARGANICO,1.0
senato-mattarellum-1993-corrected,PUGLIA,14,ROSETO VALFORTORE,whole,,131,ROSETO VALFORTORE,1.0
senato-mattarellum-1993-corrected,PUGLIA,14,SAN MARCO LA CATOLA,whole,,131,SAN MARCO LA CATOLA,1.0
senato-mattarellum-1993-corrected,PUGLIA,14,SANNICANDRO GARGANICO,whole,,131,SANNICANDRO GARGANICO,1.0
senato-mattarellum-1993-corrected,PUGLIA,14,SAN PAOLO DI CIVITATE,whole,,131,SAN PAOLO DI CIVITATE,1.0
senato-mattarellum-1993-corrected,PUGLIA,14,SAN SEVERO,whole,,131,SAN SEVERO,1.0
senato-mattarellum-1993-corrected,PUGLIA,14,SANT'AGATA DI PUGLIA,whole,,131,SANT*AGATA DI PUGLIA,1.0
senato-mattarellum-1993-corrected,PUGLIA,14,SERRACAPRIOLA,whole,,131,SERRACAPRIDOLA,0.929
senato-mattarellum-1993-corrected,PUGLIA,14,TORREMAGGIORE,whole,,131,TURREMAGGIORE,0.923
senato-mattarellum-1993-corrected,PUGLIA,14,TROIA,whole,,131,TROTA,0.8
senato-mattarellum-1993-corrected,PUGLIA,14,VOLTURARA APPULA,whole,,131,VOLTURARA APPULA,1.0
senato-mattarellum-1993-corrected,PUGLIA,14,VOLTURINO,whole,,131,VOLTURINO,1.0
senato-mattarellum-1993-corrected,PUGLIA,15,ASCOLI SATRIANO,whole,,131,ASCOLI SATRIANO,1.0
senato-mattarellum-1993-corrected,PUGLIA,15,CANDELA,whole,,131,CANDELA,1.0
senato-mattarellum-1993-corrected,PUGLIA,15,CARAPELLE,whole,,131,CARAPELLE,1.0
senato-mattarellum-1993-corrected,PUGLIA,15,CARPINO,whole,,131,CARPINO,1.0
senato-mattarellum-1993-corrected,PUGLIA,15,CASTELLUCCIO DEI SAURI,whole,,131,CASTELLUCCIO DEI SAURI,1.0
senato-mattarellum-1993-corrected,PUGLIA,15,CERIGNOLA,whole,,131,CERIGNOLA,1.0
senato-mattarellum-1993-corrected,PUGLIA,15,ISOLE TREMITI,whole,,131,ISOLE TREMITI,1.0
senato-mattarellum-1993-corrected,PUGLIA,15,MANFREDONIA,whole,,131,MANFREDONIA,1.0
senato-mattarellum-1993-corrected,PUGLIA,15,MARGHERITA DI SAVOIA,whole,,131,MARGHERITA DI SAVOIA,1.0
senato-mattarellum-1993-corrected,PUGLIA,15,MATTINATA,whole,,131,MATTINATA,1.0
senato-mattarellum-1993-corrected,PUGLIA,15,MONTE SANT'ANGELO,whole,,131,MONTE SANT'ANGELO,1.0
senato-mattarellum-1993-corrected,PUGLIA,15,ORTA NOVA,whole,,131,ORTA NUOVA,0.889
senato-mattarellum-1993-corrected,PUGLIA,15,ROCCHETTA SANT'ANTONIO,whole,,131,ROCCHETTA SANT'ANTONIO,1.0
senato-mattarellum-1993-corrected,PUGLIA,15,SAN FERDINANDO DI PUGLIA,whole,,131,SAN FERDINANDO DI PUGLIA,1.0
senato-mattarellum-1993-corrected,PUGLIA,15,STORNARA,whole,,131,STORNARA,1.0
senato-mattarellum-1993-corrected,PUGLIA,15,STORNARELLA,whole,,131,STORNARELLA,1.0
senato-mattarellum-1993-corrected,PUGLIA,15,TRINITAPOLI,whole,,131,TRINITAPOLI,1.0
senato-mattarellum-1993-corrected,PUGLIA,15,ORDONA,whole,,131,URDONA,0.833
senato-mattarellum-1993-corrected,PUGLIA,15,ZAPPONETA,whole,,131,ZAPPONETA,1.0
senato-mattarellum-1993-corrected,PUGLIA,16,CAGNANO VARANO,whole,,131,CAGNANO VARANO,1.0
senato-mattarellum-1993-corrected,PUGLIA,16,FOGGIA,whole,,131,FOGGIA,1.0
senato-mattarellum-1993-corrected,PUGLIA,16,ISCHITELLA,whole,,131,ISCHITELLA,1.0
senato-mattarellum-1993-corrected,PUGLIA,16,PESCHICI,whole,,131,PESCHICI,1.0
senato-mattarellum-1993-corrected,PUGLIA,16,RODI GARGANICO,whole,,131,RODI GARGANICO,1.0
senato-mattarellum-1993-corrected,PUGLIA,16,SAN GIOVANNI ROTONDO,whole,,131,SAN GIOVANNI ROTONDO,1.0
senato-mattarellum-1993-corrected,PUGLIA,16,SAN MARCO IN LAMIS,whole,,131,SAN MARCO IN LAMIS,1.0
senato-mattarellum-1993-corrected,PUGLIA,16,VICO DEL GARGANO,whole,,131,VICO DEL GARGANO,1.0
senato-mattarellum-1993-corrected,PUGLIA,16,VIESTE,whole,,131,VIESTE,1.0
senato-mattarellum-1993-corrected,BASILICATA,1,ABRIOLA,whole,,132,ABRIOLA,1.0
senato-mattarellum-1993-corrected,BASILICATA,1,ALBANO DI LUCANIA,whole,,132,ALBAND DI LUCANIA,0.933
senato-mattarellum-1993-corrected,BASILICATA,1,ANZI,whole,,132,ANZI,1.0
senato-mattarellum-1993-corrected,BASILICATA,1,AVIGLIANO,whole,,132,AVIGLIANO,1.0
senato-mattarellum-1993-corrected,BASILICATA,1,BALVANO,whole,,132,BALVANO,1.0
senato-mattarellum-1993-corrected,BASILICATA,1,BARAGIANO,whole,,132,BARAGIE ANO,0.9
senato-mattarellum-1993-corrected,BASILICATA,1,BELLA,whole,,132,BELLA,1.0
senato-mattarellum-1993-corrected,BASILICATA,1,BRINDISI MONTAGNA,whole,,132,BRINDISI MONTAGNA,1.0
senato-mattarellum-1993-corrected,BASILICATA,1,CAMPOMAGGIORE,whole,,132,CAMPOMAGGI ORE,1.0
senato-mattarellum-1993-corrected,BASILICATA,1,CASTELMEZZANO,whole,,132,CASTELMEZZANO,1.0
senato-mattarellum-1993-corrected,BASILICATA,1,PICERNO,whole,,132,PICERNO,1.0
senato-mattarellum-1993-corrected,BASILICATA,1,PIETRAPERTOSA,whole,,132,PIETRAPERTOSA,1.0
senato-mattarellum-1993-corrected,BASILICATA,1,PIGNOLA,whole,,132,PIGNOLA,1.0
senato-mattarellum-1993-corrected,BASILICATA,1,POTENZA,whole,,132,POTENZA,1.0
senato-mattarellum-1993-corrected,BASILICATA,1,RUOTI,whole,,132,RUOGTI,0.833
senato-mattarellum-1993-corrected,BASILICATA,1,SAN CHIRICO NUOVO,whole,,132,SAN CHIRICO NUOVO,1.0
senato-mattarellum-1993-corrected,BASILICATA,1,SANT'ANGELO LE FRATTE,whole,,132,SANT'ANGELO LE FRATTE,1.0
senato-mattarellum-1993-corrected,BASILICATA,1,SAVOIA DI LUCANIA,whole,,132,SAVOIA DI LUCANIA,1.0
senato-mattarellum-1993-corrected,BASILICATA,1,TITO,whole,,132,TITO,1.0
senato-mattarellum-1993-corrected,BASILICATA,1,TOLVE,whole,,132,TOLVE,1.0
senato-mattarellum-1993-corrected,BASILICATA,1,TRIVIGNO,whole,,132,TRIVIGNO,1.0
senato-mattarellum-1993-corrected,BASILICATA,1,VAGLIO BASILICATA,whole,,132,VAGLIO BASILICATA,1.0
senato-mattarellum-1993-corrected,BASILICATA,1,VIETRI DI POTENZA,whole,,132,VIETRI DI POTENZA,1.0
senato-mattarellum-1993-corrected,BASILICATA,2,ACERENZA,whole,,132,ACERENZA,1.0
senato-mattarellum-1993-corrected,BASILICATA,2,ATELLA,whole,,132,ATELLA,1.0
senato-mattarellum-1993-corrected,BASILICATA,2,BANZI,whole,,132,BANZI,1.0
senato-mattarellum-1993-corrected,BASILICATA,2,BARILE,whole,,132,BARILE,1.0
senato-mattarellum-1993-corrected,BASILICATA,2,CANCELLARA,whole,,132,CANCELILARA,0.909
senato-mattarellum-1993-corrected,BASILICATA,2,CASTELGRANDE,whole,,132,CASTELGRANDE,1.0
senato-mattarellum-1993-corrected,BASILICATA,2,FILIANO,whole,,132,FILTANO,0.857
senato-mattarellum-1993-corrected,BASILICATA,2,FORENZA,whole,,132,FORENZA,1.0
senato-mattarellum-1993-corrected,BASILICATA,2,GENZANO DI LUCANIA,whole,,132,GENZANO DI LUCANIA,1.0
senato-mattarellum-1993-corrected,BASILICATA,2,LAVELLO,whole,,132,LAVELLO,1.0
senato-mattarellum-1993-corrected,BASILICATA,2,MASCHITO,whole,,132,MASCHI TO,1.0
senato-mattarellum-1993-corrected,BASILICATA,2,MELFI,whole,,132,MELFI,1.0
senato-mattarellum-1993-corrected,BASILICATA,2,MONTEMILONE,whole,,132,HONTEMILONE,1.0
senato-mattarellum-1993-corrected,BASILICATA,2,MURO LUCANO,whole,,132,MURO LUCANO,1.0
senato-mattarellum-1993-corrected,BASILICATA,2,OPPIDO LUCANO,whole,,132,OPPIDO LUCANO,1.0
senato-mattarellum-1993-corrected,BASILICATA,2,PALAZZO SAN GERVASIO,whole,,132,PALAZZO SAN GERVASIO,1.0
senato-mattarellum-1993-corrected,BASILICATA,2,PESCOPAGANO,whole,,132,PESCOPAGANO,1.0
senato-mattarellum-1993-corrected,BASILICATA,2,PIETRAGALLA,whole,,132,PIETRAGALLA,1.0
senato-mattarellum-1993-corrected,BASILICATA,2,RAPOLLA,whole,,132,RAPOLLA,1.0
senato-mattarellum-1993-corrected,BASILICATA,2,RAPONE,whole,,132,RAPONE,1.0
senato-mattarellum-1993-corrected,BASILICATA,2,RIONERO IN VULTURE,whole,,132,RIONERO IN VULTURE,1.0
senato-mattarellum-1993-corrected,BASILICATA,2,RIPACANDIDA,whole,,132,RIPACANDIDA,1.0
senato-mattarellum-1993-corrected,BASILICATA,2,RUVO DEL MONTE,whole,,132,RUVO DEL MONTE,1.0
senato-mattarellum-1993-corrected,BASILICATA,2,SAN FELE,whole,,132,SAN FELE,1.0
senato-mattarellum-1993-corrected,BASILICATA,2,VENOSA,whole,,132,VENOSA,1.0
senato-mattarellum-1993-corrected,BASILICATA,2,GINESTRA,whole,,132,GINESTRA,1.0
senato-mattarellum-1993-corrected,BASILICATA,3,ACCETTURA,whole,,132,ACCETTURA,1.0
senato-mattarellum-1993-corrected,BASILICATA,3,CALCIANO,whole,,132,CALCIANO,1.0
senato-mattarellum-1993-corrected,BASILICATA,3,FERRANDINA,whole,,132,FERRANDINA,1.0
senato-mattarellum-1993-corrected,BASILICATA,3,GARAGUSO,whole,,132,GARAGUSO,1.0
senato-mattarellum-1993-corrected,BASILICATA,3,GRASSANO,whole,,132,GRASSANO,1.0
senato-mattarellum-1993-corrected,BASILICATA,3,GROTTOLE,whole,,132,GROTTOLE,1.0
senato-mattarellum-1993-corrected,BASILICATA,3,IRSINA,whole,,132,IRSINA,1.0
senato-mattarellum-1993-corrected,BASILICATA,3,MATERA,whole,,132,MATERA,1.0
senato-mattarellum-1993-corrected,BASILICATA,3,MIGLIONICO,whole,,133,MIGLITONICO,0.909
senato-mattarellum-1993-corrected,BASILICATA,3,MONTESCAGLIOSO,whole,,133,MONTESCAGL 10SO,1.0
senato-mattarellum-1993-corrected,BASILICATA,3,OLIVETO LUCANO,whole,,133,OLIVETO LUCANO,1.0
senato-mattarellum-1993-corrected,BASILICATA,3,POMARICO,whole,,133,POMAR ICQ,0.875
senato-mattarellum-1993-corrected,BASILICATA,3,SALANDRA,whole,,133,SALANDRA,1.0
senato-mattarellum-1993-corrected,BASILICATA,3,SAN MAURO FORTE,whole,,133,SAN HAURO FORTE,1.0
senato-mattarellum-1993-corrected,BASILICATA,3,TRICARICO,whole,,133,TRICARICO,1.0
senato-mattarellum-1993-corrected,BASILICATA,4,CALVERA,whole,,133,CALVERA,1.0
senato-mattarellum-1993-corrected,BASILICATA,4,CARBONE,whole,,133,CARBONE,1.0
senato-mattarellum-1993-corrected,BASILICATA,4,SAN PAOLO ALBANESE,whole,,133,SAN PAOLO ALBANESE,1.0
senato-mattarellum-1993-corrected,BASILICATA,4,CASTRONUOVO DI SANT'ANDREA,whole,,133,CASTRONUOVO DI SANT*ANDREA,1.0
senato-mattarellum-1993-corrected,BASILICATA,4,CERSOSIMO,whole,,133,CERSOSIMO,1.0
senato-mattarellum-1993-corrected,BASILICATA,4,CHIAROMONTE,whole,,133,CH7IAROMONTE,1.0
senato-mattarellum-1993-corrected,BASILICATA,4,FARDELLA,whole,,133,FARDELLA,1.0
senato-mattarellum-1993-corrected,BASILICATA,4,FRANCAVILLA IN SINNI,whole,,133,FRANCAVILLA IN SINNI,1.0
senato-mattarellum-1993-corrected,BASILICATA,4,NOEPOLI,whole,,133,NOEPOLI,1.0
senato-mattarellum-1993-corrected,BASILICATA,4,SAN COSTANTINO ALBANESE,whole,,133,SAN CUSTANTINO ALBANESE,0.952
senato-mattarellum-1993-corrected,BASILICATA,4,SAN SEVERINO LUCANO,whole,,133,SAN SEVERINO LUCANO,1.0
senato-mattarellum-1993-corrected,BASILICATA,4,SENISE,whole,,133,SENISE,1.0
senato-mattarellum-1993-corrected,BASILICATA,4,TEANA,whole,,133,TEANA,1.0
senato-mattarellum-1993-corrected,BASILICATA,4,TERRANOVA DI POLLINO,whole,,133,TERRANOVA DI POLLINO,1.0
senato-mattarellum-1993-corrected,BASILICATA,4,ALIANO,whole,,133,AL 1ANO,1.0
senato-mattarellum-1993-corrected,BASILICATA,4,BERNALDA,whole,,133,BERNALDA,1.0
senato-mattarellum-1993-corrected,BASILICATA,4,CIRIGLIANO,whole,,133,CIRIGLIANO,1.0
senato-mattarellum-1993-corrected,BASILICATA,4,COLOBRARO,whole,,133,COLOBRARO,1.0
senato-mattarellum-1993-corrected,BASILICATA,4,CRACO,whole,,133,CRACO,1.0
senato-mattarellum-1993-corrected,BASILICATA,4,GORGOGLIONE,whole,,133,GORGOGL TONE,0.909
senato-mattarellum-1993-corrected,BASILICATA,4,MONTALBANO IONICO,whole,,133,RONTALBANO JONICO,0.875
senato-mattarellum-1993-corrected,BASILICATA,4,NOVA SIRI,whole,,133,NOVA SIRI,1.0
senato-mattarellum-1993-corrected,BASILICATA,4,PISTICCI,whole,,133,PISTICCI,1.0
senato-mattarellum-1993-corrected,BASILICATA,4,POLICORO,whole,,133,POLICORO,1.0
senato-mattarellum-1993-corrected,BASILICATA,4,ROTONDELLA,whole,,133,ROTONDELLA,1.0
senato-mattarellum-1993-corrected,BASILICATA,4,SAN GIORGIO LUCANO,whole,,133,SAN GIORGIO LUCANO,1.0
senato-mattarellum-1993-corrected,BASILICATA,4,STIGLIANO,whole,,133,STIGLIANO,1.0
senato-mattarellum-1993-corrected,BASILICATA,4,TURSI,whole,,133,TURSI,1.0
senato-mattarellum-1993-corrected,BASILICATA,4,VALSINNI,whole,,133,VALSINNI,1.0
senato-mattarellum-1993-corrected,BASILICATA,4,SCANZANO JONICO,whole,,133,SCANZANO JONICO,1.0
senato-mattarellum-1993-corrected,BASILICATA,5,ARMENTO,whole,,133,ARMENTO,1.0
senato-mattarellum-1993-corrected,BASILICATA,5,BRIENZA,whole,,133,BRIENZA,1.0
senato-mattarellum-1993-corrected,BASILICATA,5,CALVELLO,whole,,133,CALVELLO,1.0
senato-mattarellum-1993-corrected,BASILICATA,5,CASTELLUCCIO INFERIORE,whole,,133,CASTELLUCCIO INFERIORE,1.0
senato-mattarellum-1993-corrected,BASILICATA,5,CASTELLUCCIO SUPERIORE,whole,,133,CASTELLUCCIO SUPERIORE,1.0
senato-mattarellum-1993-corrected,BASILICATA,5,CASTELSARACENO,whole,,133,CASTELSARACENO,1.0
senato-mattarellum-1993-corrected,BASILICATA,5,CORLETO PERTICARA,whole,,133,CORLETO PERTICARA,1.0
senato-mattarellum-1993-corrected,BASILICATA,5,EPISCOPIA,whole,,133,EPISCOPIA,1.0
senato-mattarellum-1993-corrected,BASILICATA,5,GALLICCHIO,whole,,133,GALLICCHIO,1.0
senato-mattarellum-1993-corrected,BASILICATA,5,GRUMENTO NOVA,whole,,133,GRUMENTO NOVA,1.0
senato-mattarellum-1993-corrected,BASILICATA,5,GUARDIA PERTICARA,whole,,133,GUARDIA PERTICARA,1.0
senato-mattarellum-1993-corrected,BASILICATA,5,LAGONEGRO,whole,,133,LAGONEGRO,1.0
senato-mattarellum-1993-corrected,BASILICATA,5,LATRONICO,whole,,133,LATRONICO,1.0
senato-mattarellum-1993-corrected,BASILICATA,5,LAURENZANA,whole,,133,LAURENZANA,1.0
senato-mattarellum-1993-corrected,BASILICATA,5,LAURIA,whole,,133,LAURIA,1.0
senato-mattarellum-1993-corrected,BASILICATA,5,MARATEA,whole,,133,MARATEA,1.0
senato-mattarellum-1993-corrected,BASILICATA,5,MARSICO NUOVO,whole,,133,MARSICO NUOVO,1.0
senato-mattarellum-1993-corrected,BASILICATA,5,MARSICOVETERE,whole,,133,MARSICOVETERE,1.0
senato-mattarellum-1993-corrected,BASILICATA,5,MISSANELLO,whole,,133,HMISSANELLO,0.909
senato-mattarellum-1993-corrected,BASILICATA,5,MOLITERNO,whole,,133,MOL 1TERNO,1.0
senato-mattarellum-1993-corrected,BASILICATA,5,MONTEMURRO,whole,,133,MONTEMURRO,1.0
senato-mattarellum-1993-corrected,BASILICATA,5,,whole,,133,NENOL I,0.667
senato-mattarellum-1993-corrected,BASILICATA,5,RIVELLO,whole,,133,RIVELLO,1.0
senato-mattarellum-1993-corrected,BASILICATA,5,ROCCANOVA,whole,,133,ROCCANOVA,1.0
senato-mattarellum-1993-corrected,BASILICATA,5,ROTONDA,whole,,133,ROTONDA,1.0
senato-mattarellum-1993-corrected,BASILICATA,5,SAN CHIRICO RAPARO,whole,,133,SAN CHIRICO RAPARO,1.0
senato-mattarellum-1993-corrected,BASILICATA,5,SAN MARTINO D'AGRI,whole,,134,SAN MARTINO D'AGRI,1.0
senato-mattarellum-1993-corrected,BASILICATA,5,SANT'ARCANGELO,whole,,134,SANT'ARCANGELO,1.0
senato-mattarellum-1993-corrected,BASILICATA,5,SARCONI,whole,,134,SARCONI,1.0
senato-mattarellum-1993-corrected,BASILICATA,5,SASSO DI CASTALDA,whole,,134,SASSO DI CASTALDA,1.0
senato-mattarellum-1993-corrected,BASILICATA,5,SATRIANO DI LUCANIA,whole,,134,SATRIANO DI LUCANIA,1.0
senato-mattarellum-1993-corrected,BASILICATA,5,SPINOSO,whole,,134,SPINOSO,1.0
senato-mattarellum-1993-corrected,BASILICATA,5,TRAMUTOLA,whole,,134,TRAMUTOLA,1.0
senato-mattarellum-1993-corrected,BASILICATA,5,TRECCHINA,whole,,134,TRECCHINA,1.0
senato-mattarellum-1993-corrected,BASILICATA,5,VIGGIANELLO,whole,,134,VIGGIANELLO,1.0
senato-mattarellum-1993-corrected,BASILICATA,5,VIGGIANO,whole,,134,VIGGIANO,1.0
senato-mattarellum-1993-corrected,BASILICATA,5,PATERNO,whole,,134,PATERNO,1.0
senato-mattarellum-1993-corrected,CALABRIA,1,ACQUAFORMOSA,whole,,135,ACQUAFORMOSA,1.0
senato-mattarellum-1993-corrected,CALABRIA,1,ACQUAPPESA,whole,,135,ACQUAPPESA,1.0
senato-mattarellum-1993-corrected,CALABRIA,1,AIETA,whole,,135,ATETA,0.8
senato-mattarellum-1993-corrected,CALABRIA,1,ALTOMONTE,whole,,135,ALTOMONTE,1.0
senato-mattarellum-1993-corrected,CALABRIA,1,AMANTEA,whole,,135,AMANTEA,1.0
senato-mattarellum-1993-corrected,CALABRIA,1,BELMONTE CALABRO,whole,,135,BELMONTE CALABRO,1.0
senato-mattarellum-1993-corrected,CALABRIA,1,BELVEDERE MARITTIMO,whole,,135,BELVEDERE MARITTIMO,1.0
senato-mattarellum-1993-corrected,CALABRIA,1,BISIGNANO,whole,,135,BISIGNANO,1.0
senato-mattarellum-1993-corrected,CALABRIA,1,BONIFATI,whole,,135,BONIFATI,1.0
senato-mattarellum-1993-corrected,CALABRIA,1,BUONVICINO,whole,,135,BUONVICINO,1.0
senato-mattarellum-1993-corrected,CALABRIA,1,CASTROVILLARI,whole,,135,CASTROVILLARI,1.0
senato-mattarellum-1993-corrected,CALABRIA,1,CERVICATI,whole,,135,CERVICATI,1.0
senato-mattarellum-1993-corrected,CALABRIA,1,CERZETO,whole,,135,CERZETO,1.0
senato-mattarellum-1993-corrected,CALABRIA,1,CETRARO,whole,,135,CE TRARA,0.857
senato-mattarellum-1993-corrected,CALABRIA,1,CIVITA,whole,,135,TIVITA,0.833
senato-mattarellum-1993-corrected,CALABRIA,1,CLETO,whole,,135,CLETO,1.0
senato-mattarellum-1993-corrected,CALABRIA,1,DIAMANTE,whole,,135,DIAMANTE,1.0
senato-mattarellum-1993-corrected,CALABRIA,1,FAGNANO CASTELLO,whole,,135,FAGNANO CASTELLO,1.0
senato-mattarellum-1993-corrected,CALABRIA,1,FALCONARA ALBANESE,whole,,135,FALCONARA ALBANESE,1.0
senato-mattarellum-1993-corrected,CALABRIA,1,FIRMO,whole,,135,FIRMO,1.0
senato-mattarellum-1993-corrected,CALABRIA,1,FIUMEFREDDO BRUZIO,whole,,135,FIUMEFREDDO BRUZIO,1.0
senato-mattarellum-1993-corrected,CALABRIA,1,FRASCINETO,whole,,135,FRASCINETO,1.0
senato-mattarellum-1993-corrected,CALABRIA,1,FUSCALDO,whole,,135,FUSCALDO,1.0
senato-mattarellum-1993-corrected,CALABRIA,1,GRISOLIA,whole,,135,GRISOLIA,1.0
senato-mattarellum-1993-corrected,CALABRIA,1,GUARDIA PIEMONTESE,whole,,135,GUARDIA PIEMUNTESE,0.941
senato-mattarellum-1993-corrected,CALABRIA,1,LAINO BORGO,whole,,135,LAINO BORGO,1.0
senato-mattarellum-1993-corrected,CALABRIA,1,LAINO CASTELLO,whole,,135,LAINO CASTELLO,1.0
senato-mattarellum-1993-corrected,CALABRIA,1,LATTARICO,whole,,135,LATTARICO,1.0
senato-mattarellum-1993-corrected,CALABRIA,1,LONGOBARDI,whole,,135,LONGOBARDI,1.0
senato-mattarellum-1993-corrected,CALABRIA,1,LUNGRO,whole,,135,LUNGRO,1.0
senato-mattarellum-1993-corrected,CALABRIA,1,MAIERA',whole,,135,MATERA,0.833
senato-mattarellum-1993-corrected,CALABRIA,1,MALVITO,whole,,135,HMALVITO,0.875
senato-mattarellum-1993-corrected,CALABRIA,1,MONGRASSANO,whole,,135,MONGRASSANO,1.0
senato-mattarellum-1993-corrected,CALABRIA,1,MORANO CALABRO,whole,,135,MORANO CALABRO,1.0
senato-mattarellum-1993-corrected,CALABRIA,1,MORMANNO,whole,,135,MORMANNO,1.0
senato-mattarellum-1993-corrected,CALABRIA,1,MOTTAFOLLONE,whole,,135,MOTTAFOLLONE,1.0
senato-mattarellum-1993-corrected,CALABRIA,1,ORSOMARSO,whole,,135,ORSOMARSO,1.0
senato-mattarellum-1993-corrected,CALABRIA,1,PAOLA,whole,,135,PAOLA,1.0
senato-mattarellum-1993-corrected,CALABRIA,1,PAPASIDERO,whole,,135,PAPASIDERO,1.0
senato-mattarellum-1993-corrected,CALABRIA,1,PRAIA A MARE,whole,,135,PRAIA A MARE,1.0
senato-mattarellum-1993-corrected,CALABRIA,1,ROGGIANO GRAVINA,whole,,135,ROGGIANO GRAVINA,1.0
senato-mattarellum-1993-corrected,CALABRIA,1,ROTA GRECA,whole,,135,ROTA GRECA,1.0
senato-mattarellum-1993-corrected,CALABRIA,1,SAN BASILE,whole,,135,SAN BASILE,1.0
senato-mattarellum-1993-corrected,CALABRIA,1,SAN BENEDETTO ULLANO,whole,,135,SAN BENEDETTO ULLANO,1.0
senato-mattarellum-1993-corrected,CALABRIA,1,SAN DONATO DI NINEA,whole,,135,SAN DONATO DI NINEA,1.0
senato-mattarellum-1993-corrected,CALABRIA,1,SANGINETO,whole,,135,SANGINETO,1.0
senato-mattarellum-1993-corrected,CALABRIA,1,SAN MARCO ARGENTANO,whole,,135,SAN MARCO ARGENTANO,1.0
senato-mattarellum-1993-corrected,CALABRIA,1,SAN MARTINO DI FINITA,whole,,135,SAN HARTINO DI FINITA,1.0
senato-mattarellum-1993-corrected,CALABRIA,1,SAN NICOLA ARCELLA,whole,,135,SAN NICOLA ARCELLA,1.0
senato-mattarellum-1993-corrected,CALABRIA,1,SAN PIETRO IN AMANTEA,whole,,135,SAN PIETRO IN AMANTEA,1.0
senato-mattarellum-1993-corrected,CALABRIA,1,SAN SOSTI,whole,,135,SAN SGSTI,0.875
senato-mattarellum-1993-corrected,CALABRIA,1,SANTA CATERINA ALBANESE,whole,,135,SANTA CATERINA ALBANESE,1.0
senato-mattarellum-1993-corrected,CALABRIA,1,SANTA DOMENICA TALAO,whole,,135,SANTA DOMENICA TALAOU,0.947
senato-mattarellum-1993-corrected,CALABRIA,1,SANT'AGATA DI ESARO,whole,,135,SANT'AGATA DI ESARO,1.0
senato-mattarellum-1993-corrected,CALABRIA,1,SANTA MARIA DEL CEDRO,whole,,135,SANTA MARIA DEL CEDRO,1.0
senato-mattarellum-1993-corrected,CALABRIA,1,SARACENA,whole,,135,SARACENA,1.0
senato-mattarellum-1993-corrected,CALABRIA,1,SCALEA,whole,,135,SCALEA,1.0
senato-mattarellum-1993-corrected,CALABRIA,1,SERRA D'AIELLO,whole,,135,SERRA D'AIELLO,1.0
senato-mattarellum-1993-corrected,CALABRIA,1,TARSIA,whole,,135,TARSIA,1.0
senato-mattarellum-1993-corrected,CALABRIA,1,TORANO CASTELLO,whole,,135,TORANO CASTELLO,1.0
senato-mattarellum-1993-corrected,CALABRIA,1,TORTORA,whole,,135,TORTORA,1.0
senato-mattarellum-1993-corrected,CALABRIA,1,VERBICARO,whole,,135,VERBICARO,1.0
senato-mattarellum-1993-corrected,CALABRIA,2,ACRI,whole,,136,ACRI,1.0
senato-mattarellum-1993-corrected,CALABRIA,2,ALBIDONA,whole,,136,ALBIDONA,1.0
senato-mattarellum-1993-corrected,CALABRIA,2,ALESSANDRIA DEL CARRETTO,whole,,136,ALESSANDRIA DEL CARRETTO,1.0
senato-mattarellum-1993-corrected,CALABRIA,2,AMENDOLARA,whole,,136,AMENDOLARA,1.0
senato-mattarellum-1993-corrected,CALABRIA,2,BOCCHIGLIERO,whole,,136,BOCCHIGLIERO,1.0
senato-mattarellum-1993-corrected,CALABRIA,2,CALOPEZZATI,whole,,136,CALOPEZZATI,1.0
senato-mattarellum-1993-corrected,CALABRIA,2,CALOVETO,whole,,136,CALOVE TO,1.0
senato-mattarellum-1993-corrected,CALABRIA,2,CAMPANA,whole,,136,CAMPANA,1.0
senato-mattarellum-1993-corrected,CALABRIA,2,CANNA,whole,,136,CANNA,1.0
senato-mattarellum-1993-corrected,CALABRIA,2,CARIATI,whole,,136,CARTATI,0.857
senato-mattarellum-1993-corrected,CALABRIA,2,CASSANO ALLO IONIO,whole,,136,CASSANO ALLO IONIO,1.0
senato-mattarellum-1993-corrected,CALABRIA,2,CASTROREGIO,whole,,136,CASTROREGIO,1.0
senato-mattarellum-1993-corrected,CALABRIA,2,CERCHIARA DI CALABRIA,whole,,136,CERCHIARA DI CALABRIA,1.0
senato-mattarellum-1993-corrected,CALABRIA,2,CORIGLIANO CALABRO,whole,,136,CORIGLIANO CALABRO,1.0
senato-mattarellum-1993-corrected,CALABRIA,2,CROPALATI,whole,,136,CROPALATI,1.0
senato-mattarellum-1993-corrected,CALABRIA,2,CROSIA,whole,,136,CROSIA,1.0
senato-mattarellum-1993-corrected,CALABRIA,2,FRANCAVILLA MARITTIMA,whole,,136,FRANCAVILLA MARITTIMA,1.0
senato-mattarellum-1993-corrected,CALABRIA,2,LONGOBUCCO,whole,,136,LONGOBUCCO,1.0
senato-mattarellum-1993-corrected,CALABRIA,2,MANDATORICCIO,whole,,136,MANDATORICCIO,1.0
senato-mattarellum-1993-corrected,CALABRIA,2,MONTEGIORDANO,whole,,136,MONTEGIORDANO,1.0
senato-mattarellum-1993-corrected,CALABRIA,2,NOCARA,whole,,136,NOCARA,1.0
senato-mattarellum-1993-corrected,CALABRIA,2,ORIOLO,whole,,136,ORÎOLO,0.833
senato-mattarellum-1993-corrected,CALABRIA,2,,whole,,136,PALUVBDE,0.625
senato-mattarellum-1993-corrected,CALABRIA,2,PIETRAPAOLA,whole,,136,PIETRAPAOLA,1.0
senato-mattarellum-1993-corrected,CALABRIA,2,PLATACI,whole,,136,PLATACI,1.0
senato-mattarellum-1993-corrected,CALABRIA,2,ROCCA IMPERIALE,whole,,136,ROCCA IMPERIALE,1.0
senato-mattarellum-1993-corrected,CALABRIA,2,ROSETO CAPO SPULICO,whole,,136,ROSETO CAPO SPULicCO,0.944
senato-mattarellum-1993-corrected,CALABRIA,2,ROSSANO,whole,,136,ROSSANO,1.0
senato-mattarellum-1993-corrected,CALABRIA,2,SAN COSMO ALBANESE,whole,,136,SAN COSMO ALBANESE,1.0
senato-mattarellum-1993-corrected,CALABRIA,2,SAN DEMETRIO CORONE,whole,,136,SAN DEMETRIO CORONE,1.0
senato-mattarellum-1993-corrected,CALABRIA,2,SAN GIORGIO ALBANESE,whole,,136,SAN GIORGIO ALBANESE,1.0
senato-mattarellum-1993-corrected,CALABRIA,2,SAN GIOVANNI IN FIORE,whole,,136,SAN GIOVANNI IN FIORE,1.0
senato-mattarellum-1993-corrected,CALABRIA,2,SAN LORENZO BELLIZZI,whole,,136,SAN LORENZO BELLIZZI,1.0
senato-mattarellum-1993-corrected,CALABRIA,2,SAN LORENZO DEL VALLO,whole,,136,SAN LORENZO DEL VALLO,1.0
senato-mattarellum-1993-corrected,CALABRIA,2,SANTA SOFIA D'EPIRO,whole,,136,SANTA SOFIA D'EPIRO,1.0
senato-mattarellum-1993-corrected,CALABRIA,2,SCALA COELI,whole,,136,SCALA COELI,1.0
senato-mattarellum-1993-corrected,CALABRIA,2,SPEZZANO ALBANESE,whole,,136,SPEZZANO ALBANESE,1.0
senato-mattarellum-1993-corrected,CALABRIA,2,TERRANOVA DA SIBARI,whole,,136,TERRANOVA DA SIBARI,1.0
senato-mattarellum-1993-corrected,CALABRIA,2,TERRAVECCHIA,whole,,136,TERRAVECCHIA,1.0
senato-mattarellum-1993-corrected,CALABRIA,2,TREBISACCE,whole,,136,TREBISACCE,1.0
senato-mattarellum-1993-corrected,CALABRIA,2,VACCARIZZO ALBANESE,whole,,136,MACCAR 1220 ALBANESE,0.833
senato-mattarellum-1993-corrected,CALABRIA,2,VILLAPIANA,whole,,136,VILLAPIANA,1.0
senato-mattarellum-1993-corrected,CALABRIA,3,AIELLO CALABRO,whole,,136,AITELLO CALABRO,0.929
senato-mattarellum-1993-corrected,CALABRIA,3,ALTILIA,whole,,136,ALTILIA,1.0
senato-mattarellum-1993-corrected,CALABRIA,3,APRIGLIANO,whole,,136,APRI1GLIANO,0.909
senato-mattarellum-1993-corrected,CALABRIA,3,BELSITO,whole,,136,BELSITO,1.0
senato-mattarellum-1993-corrected,CALABRIA,3,BIANCHI,whole,,136,BIANCHI,1.0
senato-mattarellum-1993-corrected,CALABRIA,3,CAROLEI,whole,,136,CAROLE i,1.0
senato-mattarellum-1993-corrected,CALABRIA,3,CARPANZANO,whole,,136,CARPANZANO,1.0
senato-mattarellum-1993-corrected,CALABRIA,3,CASOLE BRUZIO,whole,,136,CASOLE BRUZIO,1.0
senato-mattarellum-1993-corrected,CALABRIA,3,CASTIGLIONE COSENTINO,whole,,136,CASTIGLIONE COSENTINO,1.0
senato-mattarellum-1993-corrected,CALABRIA,3,CASTROLIBERO,whole,,136,CASTROL I BERO,1.0
senato-mattarellum-1993-corrected,CALABRIA,3,CELICO,whole,,136,CELiICO,0.857
senato-mattarellum-1993-corrected,CALABRIA,3,CELLARA,whole,,136,CELLARA,1.0
senato-mattarellum-1993-corrected,CALABRIA,3,CERISANO,whole,,136,CERISANO,1.0
senato-mattarellum-1993-corrected,CALABRIA,3,COLOSIMI,whole,,136,COLOSIMI,1.0
senato-mattarellum-1993-corrected,CALABRIA,3,COSENZA,whole,,136,COSENZA,1.0
senato-mattarellum-1993-corrected,CALABRIA,3,DIPIGNANO,whole,,136,DIP1IGNANO,0.9
senato-mattarellum-1993-corrected,CALABRIA,3,DOMANICO,whole,,136,DOMANICA,0.875
senato-mattarellum-1993-corrected,CALABRIA,3,FIGLINE VEGLIATURO,whole,,136,FIGLINE VEGLIATURO,1.0
senato-mattarellum-1993-corrected,CALABRIA,3,GRIMALDI,whole,,136,GRIMALDI,1.0
senato-mattarellum-1993-corrected,CALABRIA,3,LAGO,whole,,136,LAGO,1.0
senato-mattarellum-1993-corrected,CALABRIA,3,LAPPANO,whole,,136,LAPPANO,1.0
senato-mattarellum-1993-corrected,CALABRIA,3,LUZZI,whole,,136,LUZZI,1.0
senato-mattarellum-1993-corrected,CALABRIA,3,MALITO,whole,,136,MAL ITO,1.0
senato-mattarellum-1993-corrected,CALABRIA,3,MANGONE,whole,,136,HANGONE,1.0
senato-mattarellum-1993-corrected,CALABRIA,3,MARANO MARCHESATO,whole,,137,HARANO MARCHESATO,1.0
senato-mattarellum-1993-corrected,CALABRIA,3,MARANO PRINCIPATO,whole,,137,MARANO PRINCIPATO,1.0
senato-mattarellum-1993-corrected,CALABRIA,3,MARZI,whole,,137,MARZI,1.0
senato-mattarellum-1993-corrected,CALABRIA,3,MENDICINO,whole,,137,MENDICINO,1.0
senato-mattarellum-1993-corrected,CALABRIA,3,MONTALTO UFFUGO,whole,,137,MONTALTO UFFUGO,1.0
senato-mattarellum-1993-corrected,CALABRIA,3,PANETTIERI,whole,,137,PANETTIERE,0.9
senato-mattarellum-1993-corrected,CALABRIA,3,PARENTI,whole,,137,PARENTI,1.0
senato-mattarellum-1993-corrected,CALABRIA,3,PATERNO CALABRO,whole,,137,PATERNO CALABRO,1.0
senato-mattarellum-1993-corrected,CALABRIA,3,PEDACE,whole,,137,PEDACE,1.0
senato-mattarellum-1993-corrected,CALABRIA,3,PEDIVIGLIANO,whole,,137,PEDIVIGLIANO,1.0
senato-mattarellum-1993-corrected,CALABRIA,3,PIANE CRATI,whole,,137,PIANE CRATI,1.0
senato-mattarellum-1993-corrected,CALABRIA,3,PIETRAFITTA,whole,,137,PIETRAFITTA,1.0
senato-mattarellum-1993-corrected,CALABRIA,3,RENDE,whole,,137,RENDE,1.0
senato-mattarellum-1993-corrected,CALABRIA,3,ROGLIANO,whole,,137,ROGLIANO,1.0
senato-mattarellum-1993-corrected,CALABRIA,3,ROSE,whole,,137,ROSE,1.0
senato-mattarellum-1993-corrected,CALABRIA,3,ROVITO,whole,,137,ROVITO,1.0
senato-mattarellum-1993-corrected,CALABRIA,3,SAN FILI,whole,,137,SAN FILI,1.0
senato-mattarellum-1993-corrected,CALABRIA,3,SAN PIETRO IN GUARANO,whole,,137,SAN PIETRO IN GUARANO,1.0
senato-mattarellum-1993-corrected,CALABRIA,3,SANTO STEFANO DI ROGLIANO,whole,,137,SANTO STEFANO DI ROGLIANO,1.0
senato-mattarellum-1993-corrected,CALABRIA,3,SAN VINCENZO LA COSTA,whole,,137,SAN VINCENZO LA COSTA,1.0
senato-mattarellum-1993-corrected,CALABRIA,3,SCIGLIANO,whole,,137,SCIGLIANO,1.0
senato-mattarellum-1993-corrected,CALABRIA,3,SERRA PEDACE,whole,,137,SERRA PEDACE,1.0
senato-mattarellum-1993-corrected,CALABRIA,3,SPEZZANO DELLA SILA,whole,,137,SPEZZANO DELLA SILA,1.0
senato-mattarellum-1993-corrected,CALABRIA,3,SPEZZANO PICCOLO,whole,,137,SPEZZANO PICCOLO,1.0
senato-mattarellum-1993-corrected,CALABRIA,3,TRENTA,whole,,137,TRENTA,1.0
senato-mattarellum-1993-corrected,CALABRIA,3,ZUMPANO,whole,,137,ZUMPANO,1.0
senato-mattarellum-1993-corrected,CALABRIA,4,AMATO,whole,,137,AMATO,1.0
senato-mattarellum-1993-corrected,CALABRIA,4,BORGIA,whole,,137,BORGIA,1.0
senato-mattarellum-1993-corrected,CALABRIA,4,CARAFFA DI CATANZARO,whole,,137,CARAFFA DI CATANZARO,1.0
senato-mattarellum-1993-corrected,CALABRIA,4,CATANZARO,whole,,137,CATANZARO,1.0
senato-mattarellum-1993-corrected,CALABRIA,4,CONFLENTI,whole,,137,CONFLENTI,1.0
senato-mattarellum-1993-corrected,CALABRIA,4,CORTALE,whole,,137,CORTALE,1.0
senato-mattarellum-1993-corrected,CALABRIA,4,CURINGA,whole,,137,CURINGA,1.0
senato-mattarellum-1993-corrected,CALABRIA,4,DECOLLATURA,whole,,137,DECOLLATURA,1.0
senato-mattarellum-1993-corrected,CALABRIA,4,FALERNA,whole,,137,FALERNA,1.0
senato-mattarellum-1993-corrected,CALABRIA,4,FEROLETO ANTICO,whole,,137,FEROLETO ANTICO,1.0
senato-mattarellum-1993-corrected,CALABRIA,4,GIRIFALCO,whole,,137,GIRIFALCO,1.0
senato-mattarellum-1993-corrected,CALABRIA,4,GIZZERIA,whole,,137,GIZZERIA,1.0
senato-mattarellum-1993-corrected,CALABRIA,4,JACURSO,whole,,137,JACURSO,1.0
senato-mattarellum-1993-corrected,CALABRIA,4,MAIDA,whole,,137,MAIDA,1.0
senato-mattarellum-1993-corrected,CALABRIA,4,MARCELLINARA,whole,,137,MARCELLINARA,1.0
senato-mattarellum-1993-corrected,CALABRIA,4,MARTIRANO,whole,,137,HARTIRANO,1.0
senato-mattarellum-1993-corrected,CALABRIA,4,MARTIRANO LOMBARDO,whole,,137,HARTIRANO LOMBARDO,1.0
senato-mattarellum-1993-corrected,CALABRIA,4,MIGLIERINA,whole,,137,MIGLIERINA,1.0
senato-mattarellum-1993-corrected,CALABRIA,4,MOTTA SANTA LUCIA,whole,,137,MOTTA SANTA LUCIA,1.0
senato-mattarellum-1993-corrected,CALABRIA,4,NOCERA TIRINESE,whole,,137,NOCERA TIRINESE,1.0
senato-mattarellum-1993-corrected,CALABRIA,4,PIANOPOLI,whole,,137,PIANOPOLI,1.0
senato-mattarellum-1993-corrected,CALABRIA,4,PLATANIA,whole,,137,PLATANIA,1.0
senato-mattarellum-1993-corrected,CALABRIA,4,SAN FLORO,whole,,137,SAN FLORO,1.0
senato-mattarellum-1993-corrected,CALABRIA,4,SAN MANGO D'AQUINO,whole,,137,SAN HANGO D'AQUINO,1.0
senato-mattarellum-1993-corrected,CALABRIA,4,SAN PIETRO A MAIDA,whole,,137,SAN PIETRO A MAIDA,1.0
senato-mattarellum-1993-corrected,CALABRIA,4,SIMERI CRICHI,whole,,137,SIMERI CRICHI,1.0
senato-mattarellum-1993-corrected,CALABRIA,4,SOVERIA MANNELLI,whole,,137,SOVERIA MANNELLI,1.0
senato-mattarellum-1993-corrected,CALABRIA,4,SOVERIA SIMERI,whole,,137,SQOVERIA SIMERI,0.929
senato-mattarellum-1993-corrected,CALABRIA,4,LAMEZIA TERME,whole,,137,LAMEZIA TERME,1.0
senato-mattarellum-1993-corrected,CALABRIA,5,ALBI,whole,,137,ALBI,1.0
senato-mattarellum-1993-corrected,CALABRIA,5,ANDALI,whole,,137,ANDALI,1.0
senato-mattarellum-1993-corrected,CALABRIA,5,BELCASTRO,whole,,137,BELCASTRO,1.0
senato-mattarellum-1993-corrected,CALABRIA,5,BOTRICELLO,whole,,137,BOTRICELLO,1.0
senato-mattarellum-1993-corrected,CALABRIA,5,CARLOPOLI,whole,,137,CARLOPOLI,1.0
senato-mattarellum-1993-corrected,CALABRIA,5,CERVA,whole,,137,CERVA,1.0
senato-mattarellum-1993-corrected,CALABRIA,5,CICALA,whole,,137,CICALA,1.0
senato-mattarellum-1993-corrected,CALABRIA,5,CROPANI,whole,,137,CROPANI,1.0
senato-mattarellum-1993-corrected,CALABRIA,5,FOSSATO SERRALTA,whole,,138,FOSSATO SERRALTA,1.0
senato-mattarellum-1993-corrected,CALABRIA,5,GIMIGLIANO,whole,,138,GIMIGL IANO,1.0
senato-mattarellum-1993-corrected,CALABRIA,5,MAGISANO,whole,,138,MAGISANO,1.0
senato-mattarellum-1993-corrected,CALABRIA,5,MARCEDUSA,whole,,138,MARCE DUSA,1.0
senato-mattarellum-1993-corrected,CALABRIA,5,PENTONE,whole,,138,PENTONE,1.0
senato-mattarellum-1993-corrected,CALABRIA,5,PETRONA',whole,,138,PETRONA',1.0
senato-mattarellum-1993-corrected,CALABRIA,5,SAN PIETRO APOSTOLO,whole,,138,SAN PIETRO APOSTOLO,1.0
senato-mattarellum-1993-corrected,CALABRIA,5,SELLIA,whole,,138,SELLIA,1.0
senato-mattarellum-1993-corrected,CALABRIA,5,SELLIA MARINA,whole,,138,SELLIA MARINA,1.0
senato-mattarellum-1993-corrected,CALABRIA,5,SERRASTRETTA,whole,,138,SERRASTRETTA,1.0
senato-mattarellum-1993-corrected,CALABRIA,5,SERSALE,whole,,138,SERSALE,1.0
senato-mattarellum-1993-corrected,CALABRIA,5,SETTINGIANO,whole,,138,SETTINGIANO,1.0
senato-mattarellum-1993-corrected,CALABRIA,5,SORBO SAN BASILE,whole,,138,SORBO SAN BASILE,1.0
senato-mattarellum-1993-corrected,CALABRIA,5,TAVERNA,whole,,138,TAVERNA,1.0
senato-mattarellum-1993-corrected,CALABRIA,5,TIRIOLO,whole,,138,FIRIOLO,0.857
senato-mattarellum-1993-corrected,CALABRIA,5,ZAGARISE,whole,,138,ZAGARISE,1.0
senato-mattarellum-1993-corrected,CALABRIA,5,BELVEDERE DI SPINELLO,whole,,138,BELVEDERE DI SPINELLO,1.0
senato-mattarellum-1993-corrected,CALABRIA,5,CACCURI,whole,,138,CACCURI,1.0
senato-mattarellum-1993-corrected,CALABRIA,5,CARFIZZI,whole,,138,CARFIZZI,1.0
senato-mattarellum-1993-corrected,CALABRIA,5,CASABONA,whole,,138,CASABONA,1.0
senato-mattarellum-1993-corrected,CALABRIA,5,CASTELSILANO,whole,,138,CASTELSILANO,1.0
senato-mattarellum-1993-corrected,CALABRIA,5,CERENZIA,whole,,138,CERENZIA,1.0
senato-mattarellum-1993-corrected,CALABRIA,5,CIRO',whole,,138,CIRO*,1.0
senato-mattarellum-1993-corrected,CALABRIA,5,CIRO' MARINA,whole,,138,CIRO* MARINA,1.0
senato-mattarellum-1993-corrected,CALABRIA,5,COTRONEI,whole,,138,COTRONE,0.875
senato-mattarellum-1993-corrected,CALABRIA,5,CROTONE,whole,,138,CROTONE,1.0
senato-mattarellum-1993-corrected,CALABRIA,5,CRUCOLI,whole,,138,CRUCOL i,1.0
senato-mattarellum-1993-corrected,CALABRIA,5,CUTRO,whole,,138,CUTRO,1.0
senato-mattarellum-1993-corrected,CALABRIA,5,ISOLA DI CAPO RIZZUTO,whole,,138,ISOLA DI CAPO RIZZUTO,1.0
senato-mattarellum-1993-corrected,CALABRIA,5,MELISSA,whole,,138,MELISSA,1.0
senato-mattarellum-1993-corrected,CALABRIA,5,MESORACA,whole,,138,HE SORACA,1.0
senato-mattarellum-1993-corrected,CALABRIA,5,PALLAGORIO,whole,,138,PALLAGORIO,1.0
senato-mattarellum-1993-corrected,CALABRIA,5,PETILIA POLICASTRO,whole,,138,PETILIA POLICASTRO,1.0
senato-mattarellum-1993-corrected,CALABRIA,5,ROCCABERNARDA,whole,,138,RUCCABERNARDA,0.923
senato-mattarellum-1993-corrected,CALABRIA,5,ROCCA DI NETO,whole,,138,RUCCA DI NETO,0.909
senato-mattarellum-1993-corrected,CALABRIA,5,SAN MAURO MARCHESATO,whole,,138,SAN MAURO MARCHESATO,1.0
senato-mattarellum-1993-corrected,CALABRIA,5,SAN NICOLA DELL'ALTO,whole,,138,SAN NICOLA DELL'ALTO,1.0
senato-mattarellum-1993-corrected,CALABRIA,5,SANTA SEVERINA,whole,,138,SANTA SEVERINA,1.0
senato-mattarellum-1993-corrected,CALABRIA,5,SAVELLI,whole,,138,SAVELLE,0.857
senato-mattarellum-1993-corrected,CALABRIA,5,SCANDALE,whole,,138,SCANDALE,1.0
senato-mattarellum-1993-corrected,CALABRIA,5,STRONGOLI,whole,,138,STRONGOLI,1.0
senato-mattarellum-1993-corrected,CALABRIA,5,UMBRIATICO,whole,,138,UMBRIATICO,1.0
senato-mattarellum-1993-corrected,CALABRIA,5,VERZINO,whole,,138,VERZINO,1.0
senato-mattarellum-1993-corrected,CALABRIA,6,AMARONI,whole,,138,AHARONI,1.0
senato-mattarellum-1993-corrected,CALABRIA,6,ARGUSTO,whole,,138,ARGUSTO,1.0
senato-mattarellum-1993-corrected,CALABRIA,6,BADOLATO,whole,,138,BADOLATO,1.0
senato-mattarellum-1993-corrected,CALABRIA,6,CARDINALE,whole,,138,CARDINALE,1.0
senato-mattarellum-1993-corrected,CALABRIA,6,CENADI,whole,,138,CENADI,1.0
senato-mattarellum-1993-corrected,CALABRIA,6,CENTRACHE,whole,,138,CENTRACHE,1.0
senato-mattarellum-1993-corrected,CALABRIA,6,CHIARAVALLE CENTRALE,whole,,138,CHIARAVALLE CENTRALE,1.0
senato-mattarellum-1993-corrected,CALABRIA,6,DAVOLI,whole,,138,DAVOL E,0.833
senato-mattarellum-1993-corrected,CALABRIA,6,GAGLIATO,whole,,138,GAGLIATO,1.0
senato-mattarellum-1993-corrected,CALABRIA,6,GASPERINA,whole,,138,GASPERINA,1.0
senato-mattarellum-1993-corrected,CALABRIA,6,GUARDAVALLE,whole,,138,GUARDAVALLE,1.0
senato-mattarellum-1993-corrected,CALABRIA,6,ISCA SULLO IONIO,whole,,138,ISCA SULLO IGNIO,0.929
senato-mattarellum-1993-corrected,CALABRIA,6,MONTAURO,whole,,138,MONTAURO,1.0
senato-mattarellum-1993-corrected,CALABRIA,6,MONTEPAONE,whole,,138,MONTEPAGNE,0.9
senato-mattarellum-1993-corrected,CALABRIA,6,OLIVADI,whole,,138,OL IVADI,1.0
senato-mattarellum-1993-corrected,CALABRIA,6,PALERMITI,whole,,138,PALERMITI,1.0
senato-mattarellum-1993-corrected,CALABRIA,6,PETRIZZI,whole,,138,PETRIiZZI,0.889
senato-mattarellum-1993-corrected,CALABRIA,6,SAN SOSTENE,whole,,138,SAN SOSTENE,1.0
senato-mattarellum-1993-corrected,CALABRIA,6,SANTA CATERINA DELLO IONIO,whole,,138,SANTA CATERINA DELLO IONIO,1.0
senato-mattarellum-1993-corrected,CALABRIA,6,SANT'ANDREA APOSTOLO DELLO IONIO,whole,,138,SANT'ANDREA APOSTOLO DELLO IONIO,1.0
senato-mattarellum-1993-corrected,CALABRIA,6,SAN VITO SULLO IONIO,whole,,138,SAN VITO SULLO IONIO,1.0
senato-mattarellum-1993-corrected,CALABRIA,6,SATRIANO,whole,,138,SATR1ANO,1.0
senato-mattarellum-1993-corrected,CALABRIA,6,SOVERATO,whole,,138,SOVERATO,1.0
senato-mattarellum-1993-corrected,CALABRIA,6,SQUILLACE,whole,,139,SQUILLACE,1.0
senato-mattarellum-1993-corrected,CALABRIA,6,STALETTI,whole,,139,STALETTI,1.0
senato-mattarellum-1993-corrected,CALABRIA,6,TORRE DI RUGGIERO,whole,,139,TORRE DI RUGGIERU,0.933
senato-mattarellum-1993-corrected,CALABRIA,6,VALLEFIORITA,whole,,139,VALLEFITIGRITA,0.786
senato-mattarellum-1993-corrected,CALABRIA,6,CANDIDONI,whole,,139,CANDIDONI,1.0
senato-mattarellum-1993-corrected,CALABRIA,6,GALATRO,whole,,139,GALATRO,1.0
senato-mattarellum-1993-corrected,CALABRIA,6,LAUREANA DI BORRELLO,whole,,139,LAUREANA DI BORRELLO,1.0
senato-mattarellum-1993-corrected,CALABRIA,6,SAN PIETRO DI CARIDA',whole,,139,"SAN PIETRO DI CARIDA""",1.0
senato-mattarellum-1993-corrected,CALABRIA,6,SERRATA,whole,,139,SERRATA,1.0
senato-mattarellum-1993-corrected,CALABRIA,6,ACQUARO,whole,,139,ACQUARO,1.0
senato-mattarellum-1993-corrected,CALABRIA,6,ARENA,whole,,139,ARENA,1.0
senato-mattarellum-1993-corrected,CALABRIA,6,BRIATICO,whole,,139,BRIATICO,1.0
senato-mattarellum-1993-corrected,CALABRIA,6,BROGNATURO,whole,,139,BROGNATURO,1.0
senato-mattarellum-1993-corrected,CALABRIA,6,CAPISTRANO,whole,,139,CAPISTRANO,1.0
senato-mattarellum-1993-corrected,CALABRIA,6,CESSANITI,whole,,139,CESSANITI,1.0
senato-mattarellum-1993-corrected,CALABRIA,6,DASA',whole,,139,DASA',1.0
senato-mattarellum-1993-corrected,CALABRIA,6,DINAMI,whole,,139,DINAMI,1.0
senato-mattarellum-1993-corrected,CALABRIA,6,DRAPIA,whole,,139,DRAPIA,1.0
senato-mattarellum-1993-corrected,CALABRIA,6,FABRIZIA,whole,,139,FABRIZIA,1.0
senato-mattarellum-1993-corrected,CALABRIA,6,FILADELFIA,whole,,139,FILADELFIA,1.0
senato-mattarellum-1993-corrected,CALABRIA,6,FILANDARI,whole,,139,FILANDARI,1.0
senato-mattarellum-1993-corrected,CALABRIA,6,FILOGASO,whole,,139,FILGGASO,0.875
senato-mattarellum-1993-corrected,CALABRIA,6,FRANCAVILLA ANGITOLA,whole,,139,FRANCAVILLA ANGSITOLA,0.95
senato-mattarellum-1993-corrected,CALABRIA,6,FRANCICA,whole,,139,FRANCICA,1.0
senato-mattarellum-1993-corrected,CALABRIA,6,GEROCARNE,whole,,139,GEROCARNE,1.0
senato-mattarellum-1993-corrected,CALABRIA,6,IONADI,whole,,139,TONADI,0.833
senato-mattarellum-1993-corrected,CALABRIA,6,JOPPOLO,whole,,139,JOPPOLO,1.0
senato-mattarellum-1993-corrected,CALABRIA,6,LIMBADI,whole,,139,LIMBADI,1.0
senato-mattarellum-1993-corrected,CALABRIA,6,MAIERATO,whole,,139,HATERATO,0.875
senato-mattarellum-1993-corrected,CALABRIA,6,MILETO,whole,,139,MILETO,1.0
senato-mattarellum-1993-corrected,CALABRIA,6,MONGIANA,whole,,139,MONGIANA,1.0
senato-mattarellum-1993-corrected,CALABRIA,6,MONTEROSSO CALABRO,whole,,139,MONTEROSSO CALABRO,1.0
senato-mattarellum-1993-corrected,CALABRIA,6,NARDODIPACE,whole,,139,NARDODIPACE,1.0
senato-mattarellum-1993-corrected,CALABRIA,6,NICOTERA,whole,,139,NICOTERA,1.0
senato-mattarellum-1993-corrected,CALABRIA,6,PARGHELIA,whole,,139,PARGHEL IA,1.0
senato-mattarellum-1993-corrected,CALABRIA,6,PIZZO,whole,,139,PIZZO,1.0
senato-mattarellum-1993-corrected,CALABRIA,6,PIZZONI,whole,,139,PIZZONI,1.0
senato-mattarellum-1993-corrected,CALABRIA,6,POLIA,whole,,139,POLIA,1.0
senato-mattarellum-1993-corrected,CALABRIA,6,RICADI,whole,,139,RICADI,1.0
senato-mattarellum-1993-corrected,CALABRIA,6,ROMBIOLO,whole,,139,ROMBIGLGO,0.778
senato-mattarellum-1993-corrected,CALABRIA,6,SAN CALOGERO,whole,,139,SAN CALOGERO,1.0
senato-mattarellum-1993-corrected,CALABRIA,6,SAN COSTANTINO CALABRO,whole,,139,SAN COSTANTINO CALABRO,1.0
senato-mattarellum-1993-corrected,CALABRIA,6,SAN GREGORIO D'IPPONA,whole,,139,SAN GREGORIO D'IPPONA,1.0
senato-mattarellum-1993-corrected,CALABRIA,6,SAN NICOLA DA CRISSA,whole,,139,SAN NICOLA DA CRISSA,1.0
senato-mattarellum-1993-corrected,CALABRIA,6,SANT'ONOFRIO,whole,,139,SANT'ONOFRIO,1.0
senato-mattarellum-1993-corrected,CALABRIA,6,SERRA SAN BRUNO,whole,,139,SERRA SAN BRUNO,1.0
senato-mattarellum-1993-corrected,CALABRIA,6,SIMBARIO,whole,,139,SIMBARITGO,0.8
senato-mattarellum-1993-corrected,CALABRIA,6,SORIANELLO,whole,,139,SORITANELLO,0.909
senato-mattarellum-1993-corrected,CALABRIA,6,SORIANO CALABRO,whole,,139,SORIANO CALABRO,1.0
senato-mattarellum-1993-corrected,CALABRIA,6,SPADOLA,whole,,139,SPADOLA,1.0
senato-mattarellum-1993-corrected,CALABRIA,6,SPILINGA,whole,,139,SPILINGA,1.0
senato-mattarellum-1993-corrected,CALABRIA,6,STEFANACONI,whole,,139,STEFANACONI,1.0
senato-mattarellum-1993-corrected,CALABRIA,6,TROPEA,whole,,139,TROPEA,1.0
senato-mattarellum-1993-corrected,CALABRIA,6,VALLELONGA,whole,,139,VALLELONGA,1.0
senato-mattarellum-1993-corrected,CALABRIA,6,VAZZANO,whole,,139,VAZZANO,1.0
senato-mattarellum-1993-corrected,CALABRIA,6,VIBO VALENTIA,whole,,139,VIBO VALENTIA,1.0
senato-mattarellum-1993-corrected,CALABRIA,6,ZACCANOPOLI,whole,,139,ZACCANBPOLI,0.909
senato-mattarellum-1993-corrected,CALABRIA,6,ZAMBRONE,whole,,139,ZAMBRONE,1.0
senato-mattarellum-1993-corrected,CALABRIA,6,ZUNGRI,whole,,139,ZUNGRI,1.0
senato-mattarellum-1993-corrected,CALABRIA,7,AFRICO,whole,,139,AFRICO,1.0
senato-mattarellum-1993-corrected,CALABRIA,7,AGNANA CALABRA,whole,,139,AGNANA CALABRA,1.0
senato-mattarellum-1993-corrected,CALABRIA,7,ANOIA,whole,,139,ANGIA,0.8
senato-mattarellum-1993-corrected,CALABRIA,7,ANTONIMINA,whole,,139,ANTONIMINA,1.0
senato-mattarellum-1993-corrected,CALABRIA,7,ARDORE,whole,,139,ARDORE,1.0
senato-mattarellum-1993-corrected,CALABRIA,7,BENESTARE,whole,,139,BENESTARE,1.0
senato-mattarellum-1993-corrected,CALABRIA,7,BIANCO,whole,,139,BIANCO,1.0
senato-mattarellum-1993-corrected,CALABRIA,7,BIVONGI,whole,,140,BIVONGI,1.0
senato-mattarellum-1993-corrected,CALABRIA,7,BOVALINO,whole,,140,BOVAL TINO,0.889
senato-mattarellum-1993-corrected,CALABRIA,7,CAMINI,whole,,140,CAMINI,1.0
senato-mattarellum-1993-corrected,CALABRIA,7,CANOLO,whole,,140,CANOLO,1.0
senato-mattarellum-1993-corrected,CALABRIA,7,CARAFFA DEL BIANCO,whole,,140,CARAFFA BEL BIANCO,0.938
senato-mattarellum-1993-corrected,CALABRIA,7,CARERI,whole,,140,CARERI,1.0
senato-mattarellum-1993-corrected,CALABRIA,7,CASIGNANA,whole,,140,CASI1GNANA,0.9
senato-mattarellum-1993-corrected,CALABRIA,7,CAULONIA,whole,,140,CAULUNTA,0.75
senato-mattarellum-1993-corrected,CALABRIA,7,CIMINA',whole,,140,CIMINA',1.0
senato-mattarellum-1993-corrected,CALABRIA,7,CINQUEFRONDI,whole,,140,CINQUEFRONDI,1.0
senato-mattarellum-1993-corrected,CALABRIA,7,CITTANOVA,whole,,140,CITTANOVA,1.0
senato-mattarellum-1993-corrected,CALABRIA,7,COSOLETO,whole,,140,COSOLETO,1.0
senato-mattarellum-1993-corrected,CALABRIA,7,DELIANUOVA,whole,,140,DEL ITANUDVA,0.818
senato-mattarellum-1993-corrected,CALABRIA,7,FEROLETO DELLA CHIESA,whole,,140,FERDLETO DELLA CHIESA,0.947
senato-mattarellum-1993-corrected,CALABRIA,7,GERACE,whole,,140,GERACE,1.0
senato-mattarellum-1993-corrected,CALABRIA,7,GIFFONE,whole,,140,GIFFONE,1.0
senato-mattarellum-1993-corrected,CALABRIA,7,GIOIA TAURO,whole,,140,GIOIA TAURO,1.0
senato-mattarellum-1993-corrected,CALABRIA,7,GIOIOSA IONICA,whole,,140,GiOIOSA IONICA,1.0
senato-mattarellum-1993-corrected,CALABRIA,7,GROTTERIA,whole,,140,GROTTERIA,1.0
senato-mattarellum-1993-corrected,CALABRIA,7,LOCRI,whole,,140,LOCRI,1.0
senato-mattarellum-1993-corrected,CALABRIA,7,MAMMOLA,whole,,140,MAMMOLA,1.0
senato-mattarellum-1993-corrected,CALABRIA,7,MARINA DI GIOIOSA IONICA,whole,,140,MARINA DI GIOL1OSA IONICA,0.955
senato-mattarellum-1993-corrected,CALABRIA,7,MAROPATI,whole,,140,MARODPFATI,0.8
senato-mattarellum-1993-corrected,CALABRIA,7,MARTONE,whole,,140,MAR TONE,1.0
senato-mattarellum-1993-corrected,CALABRIA,7,MELICUCCA',whole,,140,MEL ICUCCA*,1.0
senato-mattarellum-1993-corrected,CALABRIA,7,MELICUCCO,whole,,140,MEL ICUCCO,1.0
senato-mattarellum-1993-corrected,CALABRIA,7,MOLOCHIO,whole,,140,MOLOCHIO,1.0
senato-mattarellum-1993-corrected,CALABRIA,7,MONASTERACE,whole,,140,MONASTERACE,1.0
senato-mattarellum-1993-corrected,CALABRIA,7,OPPIDO MAMERTINA,whole,,140,OPPIDO MAMERTINA,1.0
senato-mattarellum-1993-corrected,CALABRIA,7,PALMI,whole,,140,PALHI,1.0
senato-mattarellum-1993-corrected,CALABRIA,7,PAZZANO,whole,,140,PAZZANO,1.0
senato-mattarellum-1993-corrected,CALABRIA,7,PLACANICA,whole,,140,PLACANICA,1.0
senato-mattarellum-1993-corrected,CALABRIA,7,PLATI',whole,,140,PLATI',1.0
senato-mattarellum-1993-corrected,CALABRIA,7,POLISTENA,whole,,140,POLISTENA,1.0
senato-mattarellum-1993-corrected,CALABRIA,7,PORTIGLIOLA,whole,,140,PURTIGLIOLA,0.909
senato-mattarellum-1993-corrected,CALABRIA,7,RIACE,whole,,140,RIACE,1.0
senato-mattarellum-1993-corrected,CALABRIA,7,RIZZICONI,whole,,140,RIZZiICONI,0.9
senato-mattarellum-1993-corrected,CALABRIA,7,ROCCELLA IONICA,whole,,140,ROCCELLA IONICA,1.0
senato-mattarellum-1993-corrected,CALABRIA,7,ROSARNO,whole,,140,ROSARNO,1.0
senato-mattarellum-1993-corrected,CALABRIA,7,SAMO,whole,,140,SAMO,1.0
senato-mattarellum-1993-corrected,CALABRIA,7,SAN GIORGIO MORGETO,whole,,140,SAN GIORGIO MORGETO,1.0
senato-mattarellum-1993-corrected,CALABRIA,7,SAN GIOVANNI DI GERACE,whole,,140,SAN GIOVANNI DI GERACE,1.0
senato-mattarellum-1993-corrected,CALABRIA,7,SAN LUCA,whole,,140,SAN LUCA,1.0
senato-mattarellum-1993-corrected,CALABRIA,7,SAN PROCOPIO,whole,,140,SAN PROCAOPIO,0.917
senato-mattarellum-1993-corrected,CALABRIA,7,SANTA CRISTINA D'ASPROMONTE,whole,,140,SANTA CRISTINA D'ASPROMONTE,1.0
senato-mattarellum-1993-corrected,CALABRIA,7,SANT'AGATA DEL BIANCO,whole,,140,SANT'AGATA DEL 81ANCO,1.0
senato-mattarellum-1993-corrected,CALABRIA,7,SANT'ILARIO DELLO IONIO,whole,,140,SANT'ILARIO DELLO IGNIG,0.9
senato-mattarellum-1993-corrected,CALABRIA,7,SCIDO,whole,,140,SCIDO,1.0
senato-mattarellum-1993-corrected,CALABRIA,7,SEMINARA,whole,,140,SEMINARA,1.0
senato-mattarellum-1993-corrected,CALABRIA,7,SIDERNO,whole,,140,S1DERNO,1.0
senato-mattarellum-1993-corrected,CALABRIA,7,STIGNANO,whole,,140,STIGNANO,1.0
senato-mattarellum-1993-corrected,CALABRIA,7,STILO,whole,,140,STILO,1.0
senato-mattarellum-1993-corrected,CALABRIA,7,TAURIANOVA,whole,,140,TAURTANOVA,0.9
senato-mattarellum-1993-corrected,CALABRIA,7,TERRANOVA SAPPO MINULIO,whole,,140,TERRANOVA SAPPO MINULIO,1.0
senato-mattarellum-1993-corrected,CALABRIA,7,VARAPODIO,whole,,140,VARAPODIO,1.0
senato-mattarellum-1993-corrected,CALABRIA,7,SAN FERDINANDO,whole,,140,SAN FERDINANDO,1.0
senato-mattarellum-1993-corrected,CALABRIA,8,BAGALADI,whole,,140,BAGALADI,1.0
senato-mattarellum-1993-corrected,CALABRIA,8,BAGNARA CALABRA,whole,,140,BAGNARA CALABRA,1.0
senato-mattarellum-1993-corrected,CALABRIA,8,BOVA,whole,,140,BOVA,1.0
senato-mattarellum-1993-corrected,CALABRIA,8,BOVA MARINA,whole,,140,BOVA MARINA,1.0
senato-mattarellum-1993-corrected,CALABRIA,8,BRANCALEONE,whole,,140,BRANCALEONE,1.0
senato-mattarellum-1993-corrected,CALABRIA,8,BRUZZANO ZEFFIRIO,whole,,140,BRUZZANO ZEFFIRIO,1.0
senato-mattarellum-1993-corrected,CALABRIA,8,CALANNA,whole,,140,CALANNA,1.0
senato-mattarellum-1993-corrected,CALABRIA,8,CAMPO CALABRO,whole,,140,CAMPO CALABRO,1.0
senato-mattarellum-1993-corrected,CALABRIA,8,CARDETO,whole,,140,CARDE TO,1.0
senato-mattarellum-1993-corrected,CALABRIA,8,CONDOFURI,whole,,140,CONDOFURI,1.0
senato-mattarellum-1993-corrected,CALABRIA,8,FERRUZZANO,whole,,141,FERRUZZANO,1.0
senato-mattarellum-1993-corrected,CALABRIA,8,FIUMARA,whole,,141,FIUMARA,1.0
senato-mattarellum-1993-corrected,CALABRIA,8,LAGANADI,whole,,141,LAGANADI,1.0
senato-mattarellum-1993-corrected,CALABRIA,8,MELITO DI PORTO SALVO,whole,,141,MELITO DI PORTO SALVO,1.0
senato-mattarellum-1993-corrected,CALABRIA,8,MONTEBELLO IONICO,whole,,141,MONTEBELLO IONICO,1.0
senato-mattarellum-1993-corrected,CALABRIA,8,MOTTA SAN GIOVANNI,whole,,141,MOTTA SAN GIOVANNI,1.0
senato-mattarellum-1993-corrected,CALABRIA,8,PALIZZI,whole,,141,PAL IZZI,1.0
senato-mattarellum-1993-corrected,CALABRIA,8,REGGIO CALABRIA,whole,,141,REGGIO DI CALABRIA,0.875
senato-mattarellum-1993-corrected,CALABRIA,8,ROCCAFORTE DEL GRECO,whole,,141,ROCCAFORTE DEL GRECO,1.0
senato-mattarellum-1993-corrected,CALABRIA,8,ROGHUDI,whole,,141,ROGHUDI,1.0
senato-mattarellum-1993-corrected,CALABRIA,8,SAN LORENZO,whole,,141,SAN LORENZO,1.0
senato-mattarellum-1993-corrected,CALABRIA,8,SAN ROBERTO,whole,,141,SAN ROBERTO,1.0
senato-mattarellum-1993-corrected,CALABRIA,8,SANT'ALESSIO IN ASPROMONTE,whole,,141,SANT'ALESSIO IN ASPROMONTE,1.0
senato-mattarellum-1993-corrected,CALABRIA,8,SANT'EUFEMIA D'ASPROMONTE,whole,,141,SANT'EUFEMIA D'ASPROMONTE,1.0
senato-mattarellum-1993-corrected,CALABRIA,8,SANTO STEFANO IN ASPROMONTE,whole,,141,SANTO STEFANO IN ASPROMONTE,1.0
senato-mattarellum-1993-corrected,CALABRIA,8,SCILLA,whole,,141,SCILLA,1.0
senato-mattarellum-1993-corrected,CALABRIA,8,SINOPOLI,whole,,141,SINOPOLI,1.0
senato-mattarellum-1993-corrected,CALABRIA,8,STAITI,whole,,141,STAITI,1.0
senato-mattarellum-1993-corrected,CALABRIA,8,VILLA SAN GIOVANNI,whole,,141,VILLA SAN GIOVANNI,1.0
senato-mattarellum-1993-corrected,SICILIA,1,CUSTONACI,whole,,142,CUSTONACI,1.0
senato-mattarellum-1993-corrected,SICILIA,1,ERICE,whole,,142,ERICE,1.0
senato-mattarellum-1993-corrected,SICILIA,1,FAVIGNANA,whole,,142,FAVIGNANA,1.0
senato-mattarellum-1993-corrected,SICILIA,1,MARSALA,whole,,142,MARSALA,1.0
senato-mattarellum-1993-corrected,SICILIA,1,,whole,,142,PALECOA,0.714
senato-mattarellum-1993-corrected,SICILIA,1,SALEMI,whole,,142,SALEHI,1.0
senato-mattarellum-1993-corrected,SICILIA,1,SAN VITO LO CAPO,whole,,142,SAN VITO LO CAPO,1.0
senato-mattarellum-1993-corrected,SICILIA,1,TRAPANI,whole,,142,TRAPANI,1.0
senato-mattarellum-1993-corrected,SICILIA,1,VALDERICE,whole,,142,VAL DERICE,1.0
senato-mattarellum-1993-corrected,SICILIA,1,VITA,whole,,142,VITA,1.0
senato-mattarellum-1993-corrected,SICILIA,1,PETROSINO,whole,,142,PETROSINO,1.0
senato-mattarellum-1993-corrected,SICILIA,2,ALCAMO,whole,,142,ALCAMO,1.0
senato-mattarellum-1993-corrected,SICILIA,2,BUSETO PALIZZOLO,whole,,142,BUSETO PALITZZOLO,0.938
senato-mattarellum-1993-corrected,SICILIA,2,CALATAFIMI,whole,,142,CALATAFINME,0.818
senato-mattarellum-1993-corrected,SICILIA,2,CAMPOBELLO DI MAZARA,whole,,142,CAMPOBELLO DI HAZARA,1.0
senato-mattarellum-1993-corrected,SICILIA,2,CASTELLAMMARE DEL GOLFO,whole,,142,CASTELLAMMARE DEL GOLFO,1.0
senato-mattarellum-1993-corrected,SICILIA,2,CASTELVETRANO,whole,,142,CASTELVETRANO,1.0
senato-mattarellum-1993-corrected,SICILIA,2,GIBELLINA,whole,,142,GIBELLINA,1.0
senato-mattarellum-1993-corrected,SICILIA,2,MAZARA DEL VALLO,whole,,142,NAZARA DEL VALLO,0.929
senato-mattarellum-1993-corrected,SICILIA,2,PANTELLERIA,whole,,142,PANTELLERIA,1.0
senato-mattarellum-1993-corrected,SICILIA,2,PARTANNA,whole,,142,PARTANNA,1.0
senato-mattarellum-1993-corrected,SICILIA,2,POGGIOREALE,whole,,142,POGGIOREALE,1.0
senato-mattarellum-1993-corrected,SICILIA,2,SALAPARUTA,whole,,142,SALAPARUTA,1.0
senato-mattarellum-1993-corrected,SICILIA,2,SANTA NINFA,whole,,142,SANTA NINFA,1.0
senato-mattarellum-1993-corrected,SICILIA,2,BALESTRATE,whole,,142,SALESTRATE,0.9
senato-mattarellum-1993-corrected,SICILIA,2,BORGETTO,whole,,142,BORGE TTO,1.0
senato-mattarellum-1993-corrected,SICILIA,2,PARTINICO,whole,,142,PARTINICO,1.0
senato-mattarellum-1993-corrected,SICILIA,2,TRAPPETO,whole,,142,TRAFFETO,0.75
senato-mattarellum-1993-corrected,SICILIA,3,CAPACI,whole,,142,CAPACI,1.0
senato-mattarellum-1993-corrected,SICILIA,3,ISOLA DELLE FEMMINE,whole,,142,ISOLA DELLE FEMMINE,1.0
senato-mattarellum-1993-corrected,SICILIA,3,PALERMO,zone,BOCCADIFALCO,142,{ PA-BOCCADIFALCO ),1.0
senato-mattarellum-1993-corrected,SICILIA,3,PALERMO,zone,CRUILLAS-C.E.P,142,( PA-CRUILLAS-C.E.P. I),1.0
senato-mattarellum-1993-corrected,SICILIA,3,PALERMO,zone,RESUTTANA-S.LORENZO,142,{ PA-RESUTTANA-S.LORENZO 3,1.0
senato-mattarellum-1993-corrected,SICILIA,3,PALERMO,zone,TOMMASO NATALE-SFER,142,{ PA-TOMMASO NATALE-SFER 3,1.0
senato-mattarellum-1993-corrected,SICILIA,3,PALERMO,zone,PARTANNA-MONDELLO,142,( PA-PARTANNA-MONDELLO ),1.0
senato-mattarellum-1993-corrected,SICILIA,3,PALERMO,zone,PALLAVICINO,142,{ PA-PALLAVICINO },1.0
senato-mattarellum-1993-corrected,SICILIA,3,PALERMO,zone,MONTE PELLEGRINO,142,( PA-MONTE PELLEGRINO ),1.0
senato-mattarellum-1993-corrected,SICILIA,3,PALERMO,zone,ARENELLA-VERGINE MA,142,{€ PA-ARENELLA-VERGINE MA ),1.0
senato-mattarellum-1993-corrected,SICILIA,3,TORRETTA,whole,,142,TORRETTA,1.0
senato-mattarellum-1993-corrected,SICILIA,3,USTICA,whole,,142,USTICA,1.0
senato-mattarellum-1993-corrected,SICILIA,4,PALERMO,zone,TRIBUNALI-CASTELLAM,142,( PA-TRIBUNALI-CASTELLAM ),1.0
senato-mattarellum-1993-corrected,SICILIA,4,PALERMO,zone,PALAZZO RELAE-MONTE,142,{ PA-PALAZZO RELAE-MONTE ),1.0
senato-mattarellum-1993-corrected,SICILIA,4,PALERMO,zone,ZISA,142,{ PA-ZISA ),1.0
senato-mattarellum-1993-corrected,SICILIA,4,PALERMO,zone,NOZE,142,{ PA-NOZE ),1.0
senato-mattarellum-1993-corrected,SICILIA,4,PALERMO,zone,MHALASPINA-PALAGONIA,142,{ PA-MHALASPINA-PALAGONIA 2),1.0
senato-mattarellum-1993-corrected,SICILIA,4,PALERMO,zone,LIBERTA',142,{ PA-LIBERTA' ),1.0
senato-mattarellum-1993-corrected,SICILIA,4,PALERMO,zone,POLITEAMA,142,C( PA-POLITEAMA 3,1.0
senato-mattarellum-1993-corrected,SICILIA,4,PALERMO,zone,ALTARELLO,142,( PA-ALTARELLO ),1.0
senato-mattarellum-1993-corrected,SICILIA,4,PALERMO,zone,UDITORE-PASSO BE RE,142,( PA-UDITORE-PASSO BE RE è,1.0
senato-mattarellum-1993-corrected,SICILIA,5,PALERMO,zone,ORETO-STAZIONE,143,( PA-ORETO-STAZIONE ),1.0
senato-mattarellum-1993-corrected,SICILIA,5,PALERMO,zone,MONTEGRAPPA-S.ROSAL,143,C PA-MONTEGRAPPA-S.ROSAL },1.0
senato-mattarellum-1993-corrected,SICILIA,5,PALERMO,zone,CUBA-CALATAFIMI,143,{ PA-CUBA-CALATAFIMI >),1.0
senato-mattarellum-1993-corrected,SICILIA,5,PALERMO,zone,SETTECANNOLI,143,{ PA-SETTECANNOLI ),1.0
senato-mattarellum-1993-corrected,SICILIA,5,PALERMO,zone,BRANCACCIO-CIACULLI,143,{ PA-BRANCACCIO-CIACULLI 2,1.0
senato-mattarellum-1993-corrected,SICILIA,5,PALERMO,zone,VILLAGRAZIA-FALSOMI,143,CC PA-VILLAGRAZIA-FALSOMI 3,1.0
senato-mattarellum-1993-corrected,SICILIA,5,PALERMO,zone,MEZZOMONREALE-VILLA,143,C PA-MEZZOMONREALE-VILLA ),1.0
senato-mattarellum-1993-corrected,SICILIA,6,ACQUAVIVA PLATANI,whole,,143,ACQUAVIVA PLATANI,1.0
senato-mattarellum-1993-corrected,SICILIA,6,BOMPENSIERE,whole,,143,BOMPENSIERE,1.0
senato-mattarellum-1993-corrected,SICILIA,6,BUTERA,whole,,143,BUTERA,1.0
senato-mattarellum-1993-corrected,SICILIA,6,CALTANISSETTA,whole,,143,CALTANISSETTA,1.0
senato-mattarellum-1993-corrected,SICILIA,6,CAMPOFRANCO,whole,,143,CAMPOFRANCO,1.0
senato-mattarellum-1993-corrected,SICILIA,6,DELIA,whole,,143,DELIA,1.0
senato-mattarellum-1993-corrected,SICILIA,6,GELA,whole,,143,GELA,1.0
senato-mattarellum-1993-corrected,SICILIA,6,MARIANOPOLI,whole,,143,MARIANOPOLI,1.0
senato-mattarellum-1993-corrected,SICILIA,6,MAZZARINO,whole,,143,MAZZARINO,1.0
senato-mattarellum-1993-corrected,SICILIA,6,MILENA,whole,,143,MILENA,1.0
senato-mattarellum-1993-corrected,SICILIA,6,MONTEDORO,whole,,143,MONTEDORO,1.0
senato-mattarellum-1993-corrected,SICILIA,6,MUSSOMELI,whole,,143,MUSSOMEL I,0.889
senato-mattarellum-1993-corrected,SICILIA,6,RIESI,whole,,143,RIESI,1.0
senato-mattarellum-1993-corrected,SICILIA,6,SAN CATALDO,whole,,143,SAN CATALDO,1.0
senato-mattarellum-1993-corrected,SICILIA,6,SANTA CATERINA VILLARMOSA,whole,,143,SANTA CATERINA VILLARMOSA,1.0
senato-mattarellum-1993-corrected,SICILIA,6,SERRADIFALCO,whole,,143,SERRADIFALCO,1.0
senato-mattarellum-1993-corrected,SICILIA,6,SOMMATINO,whole,,143,SOMMATINO,1.0
senato-mattarellum-1993-corrected,SICILIA,6,SUTERA,whole,,143,SUTERA,1.0
senato-mattarellum-1993-corrected,SICILIA,6,VALLELUNGA PRATAMENO,whole,,143,VALLELUNGA PRATAMENO,1.0
senato-mattarellum-1993-corrected,SICILIA,6,VILLALBA,whole,,143,VILLALBA,1.0
senato-mattarellum-1993-corrected,SICILIA,7,ALESSANDRIA DELLA ROCCA,whole,,143,ALESSANDRIA DELLA ROCCA,1.0
senato-mattarellum-1993-corrected,SICILIA,7,ARAGONA,whole,,143,ARAGONA,1.0
senato-mattarellum-1993-corrected,SICILIA,7,BIVONA,whole,,143,BIVONA,1.0
senato-mattarellum-1993-corrected,SICILIA,7,BURGIO,whole,,143,BURGIO,1.0
senato-mattarellum-1993-corrected,SICILIA,7,CALAMONACI,whole,,143,CALAMONACI,1.0
senato-mattarellum-1993-corrected,SICILIA,7,CALTABELLOTTA,whole,,143,CALTABELLOTTA,1.0
senato-mattarellum-1993-corrected,SICILIA,7,CAMMARATA,whole,,143,CAMMARATA,1.0
senato-mattarellum-1993-corrected,SICILIA,7,CASTELTERMINI,whole,,143,CASTELTERHMINI,0.929
senato-mattarellum-1993-corrected,SICILIA,7,CATTOLICA ERACLEA,whole,,143,CATTOLICA ERACLEA,1.0
senato-mattarellum-1993-corrected,SICILIA,7,CIANCIANA,whole,,143,CIANCIANA,1.0
senato-mattarellum-1993-corrected,SICILIA,7,COMITINI,whole,,143,COMITINI,1.0
senato-mattarellum-1993-corrected,SICILIA,7,GROTTE,whole,,143,GROTTE,1.0
senato-mattarellum-1993-corrected,SICILIA,7,LAMPEDUSA E LINOSA,whole,,143,LAMPEDUSA E LINOSA,1.0
senato-mattarellum-1993-corrected,SICILIA,7,LUCCA SICULA,whole,,143,LUCCA SICULA,1.0
senato-mattarellum-1993-corrected,SICILIA,7,MENFI,whole,,143,MENFI,1.0
senato-mattarellum-1993-corrected,SICILIA,7,MONTALLEGRO,whole,,143,MONTALLEGRO,1.0
senato-mattarellum-1993-corrected,SICILIA,7,MONTEVAGO,whole,,143,MONTE VAGO,1.0
senato-mattarellum-1993-corrected,SICILIA,7,PORTO EMPEDOCLE,whole,,143,PORTO EMPEDOCLE,1.0
senato-mattarellum-1993-corrected,SICILIA,7,RACALMUTO,whole,,143,RACALMUTO,1.0
senato-mattarellum-1993-corrected,SICILIA,7,REALMONTE,whole,,143,REALMONTE,1.0
senato-mattarellum-1993-corrected,SICILIA,7,RIBERA,whole,,143,RIBERA,1.0
senato-mattarellum-1993-corrected,SICILIA,7,SAMBUCA DI SICILIA,whole,,143,SAMBUCA DI SICILIA,1.0
senato-mattarellum-1993-corrected,SICILIA,7,SAN BIAGIO PLATANI,whole,,143,SAN BIAGIO PLATANI,1.0
senato-mattarellum-1993-corrected,SICILIA,7,SAN GIOVANNI GEMINI,whole,,143,SAN GIOVANNI GEMINI,1.0
senato-mattarellum-1993-corrected,SICILIA,7,SANTA ELISABETTA,whole,,143,SANTA ELISABETTA,1.0
senato-mattarellum-1993-corrected,SICILIA,7,SANTA MARGHERITA DI BELICE,whole,,143,SANTA MARGHERITA DI BELEICE,0.958
senato-mattarellum-1993-corrected,SICILIA,7,SANT'ANGELO MUXARO,whole,,143,SANT'ANGELO MUXARO,1.0
senato-mattarellum-1993-corrected,SICILIA,7,SANTO STEFANO QUISQUINA,whole,,143,SANTO STEFANO QUISQUINA,1.0
senato-mattarellum-1993-corrected,SICILIA,7,SCIACCA,whole,,143,SCIACCA,1.0
senato-mattarellum-1993-corrected,SICILIA,7,,whole,,143,STCHL TANA,0.667
senato-mattarellum-1993-corrected,SICILIA,7,VILLAFRANCA SICULA,whole,,143,VILLAFRANCA SICULA,1.0
senato-mattarellum-1993-corrected,SICILIA,8,AGRIGENTO,whole,,143,AGRIGENTO,1.0
senato-mattarellum-1993-corrected,SICILIA,8,CAMASTRA,whole,,143,CAMASTRA,1.0
senato-mattarellum-1993-corrected,SICILIA,8,CAMPOBELLO DI LICATA,whole,,144,CAMPOBELLO DI LICATA,1.0
senato-mattarellum-1993-corrected,SICILIA,8,CANICATTI',whole,,144,CANICATTI*,1.0
senato-mattarellum-1993-corrected,SICILIA,8,CASTROFILIPPO,whole,,144,CASTROFILIPPO,1.0
senato-mattarellum-1993-corrected,SICILIA,8,FAVARA,whole,,144,FAVARA,1.0
senato-mattarellum-1993-corrected,SICILIA,8,JOPPOLO GIANCAXIO,whole,,144,JOPPOLO GIANCAX1O,1.0
senato-mattarellum-1993-corrected,SICILIA,8,LICATA,whole,,144,LICATA,1.0
senato-mattarellum-1993-corrected,SICILIA,8,NARO,whole,,144,NARO,1.0
senato-mattarellum-1993-corrected,SICILIA,8,PALMA DI MONTECHIARO,whole,,144,PALMA DI MONTECHIARO,1.0
senato-mattarellum-1993-corrected,SICILIA,8,RAFFADALI,whole,,144,RAFFADALI,1.0
senato-mattarellum-1993-corrected,SICILIA,8,RAVANUSA,whole,,144,RAVANUSA,1.0
senato-mattarellum-1993-corrected,SICILIA,9,ALIMENA,whole,,144,AL THENA,0.857
senato-mattarellum-1993-corrected,SICILIA,9,ALIMINUSA,whole,,144,AL IMINUSA,1.0
senato-mattarellum-1993-corrected,SICILIA,9,ALTAVILLA MILICIA,whole,,144,ALTAVILLA MILICIA,1.0
senato-mattarellum-1993-corrected,SICILIA,9,BAGHERIA,whole,,144,BAGHERIA,1.0
senato-mattarellum-1993-corrected,SICILIA,9,BOMPIETRO,whole,,144,BOMP IE TRO,1.0
senato-mattarellum-1993-corrected,SICILIA,9,CACCAMO,whole,,144,CACCAMO,1.0
senato-mattarellum-1993-corrected,SICILIA,9,CALTAVUTURO,whole,,144,CALTAVUTURO,1.0
senato-mattarellum-1993-corrected,SICILIA,9,CAMPOFELICE DI ROCCELLA,whole,,144,CAMPOFELICE DI ROCCELLA,1.0
senato-mattarellum-1993-corrected,SICILIA,9,CASTELBUONO,whole,,144,CASTEL BUONO,1.0
senato-mattarellum-1993-corrected,SICILIA,9,CASTELDACCIA,whole,,144,CASTELDACCIA,1.0
senato-mattarellum-1993-corrected,SICILIA,9,CASTELLANA SICULA,whole,,144,CASTELLANA SICULA,1.0
senato-mattarellum-1993-corrected,SICILIA,9,CEFALU',whole,,144,CEFALU',1.0
senato-mattarellum-1993-corrected,SICILIA,9,CERDA,whole,,144,CERDA,1.0
senato-mattarellum-1993-corrected,SICILIA,9,COLLESANO,whole,,144,COLLESANO,1.0
senato-mattarellum-1993-corrected,SICILIA,9,FICARAZZI,whole,,144,FICARAZZI,1.0
senato-mattarellum-1993-corrected,SICILIA,9,GANGI,whole,,144,GANGI,1.0
senato-mattarellum-1993-corrected,SICILIA,9,GERACI SICULO,whole,,144,GERACI SICULO,1.0
senato-mattarellum-1993-corrected,SICILIA,9,GRATTERI,whole,,144,GRATTERI,1.0
senato-mattarellum-1993-corrected,SICILIA,9,ISNELLO,whole,,144,T1SNELLO,0.875
senato-mattarellum-1993-corrected,SICILIA,9,LASCARI,whole,,144,LASCARE,0.857
senato-mattarellum-1993-corrected,SICILIA,9,MONTEMAGGIORE BELSITO,whole,,144,MONTENAGGIORE BELSITO,0.95
senato-mattarellum-1993-corrected,SICILIA,9,PETRALIA SOPRANA,whole,,144,PETRAL IA SOPRANA,1.0
senato-mattarellum-1993-corrected,SICILIA,9,PETRALIA SOTTANA,whole,,144,PETRALIA SOTTANA,1.0
senato-mattarellum-1993-corrected,SICILIA,9,POLIZZI GENEROSA,whole,,144,POL ÎZZI GENEROSA,0.933
senato-mattarellum-1993-corrected,SICILIA,9,POLLINA,whole,,144,POLLINA,1.0
senato-mattarellum-1993-corrected,SICILIA,9,SAN MAURO CASTELVERDE,whole,,144,SAN MAURO CASTELVERDE,1.0
senato-mattarellum-1993-corrected,SICILIA,9,SANTA FLAVIA,whole,,144,SANTA FLAVIA,1.0
senato-mattarellum-1993-corrected,SICILIA,9,SCIARA,whole,,144,SCiARA,1.0
senato-mattarellum-1993-corrected,SICILIA,9,SCLAFANI BAGNI,whole,,144,SCLAFANI BAGNI,1.0
senato-mattarellum-1993-corrected,SICILIA,9,TERMINI IMERESE,whole,,144,TERMINI IMERESE,1.0
senato-mattarellum-1993-corrected,SICILIA,9,TRABIA,whole,,144,TRABIA,1.0
senato-mattarellum-1993-corrected,SICILIA,9,VALLEDOLMO,whole,,144,VALLEDOLMO,1.0
senato-mattarellum-1993-corrected,SICILIA,9,VILLABATE,whole,,144,VILLABATE,1.0
senato-mattarellum-1993-corrected,SICILIA,9,RESUTTANO,whole,,144,RESUTTANGO,0.9
senato-mattarellum-1993-corrected,SICILIA,10,ALIA,whole,,144,ALIA,1.0
senato-mattarellum-1993-corrected,SICILIA,10,ALTOFONTE,whole,,144,ALTOFONTE,1.0
senato-mattarellum-1993-corrected,SICILIA,10,BAUCINA,whole,,144,BAUCINA,1.0
senato-mattarellum-1993-corrected,SICILIA,10,BELMONTE MEZZAGNO,whole,,144,BELMONTE NMEZZAGNO,0.941
senato-mattarellum-1993-corrected,SICILIA,10,BISACQUINO,whole,,144,BISACQUINO,1.0
senato-mattarellum-1993-corrected,SICILIA,10,BOLOGNETTA,whole,,144,BOLOGNETTA,1.0
senato-mattarellum-1993-corrected,SICILIA,10,CAMPOFELICE DI FITALIA,whole,,144,CAMPOFELICE DI FITALIA,1.0
senato-mattarellum-1993-corrected,SICILIA,10,CAMPOFIORITO,whole,,144,CAMPOF1ORITO,1.0
senato-mattarellum-1993-corrected,SICILIA,10,CAMPOREALE,whole,,144,CAMPORE ALE,1.0
senato-mattarellum-1993-corrected,SICILIA,10,CARINI,whole,,144,CARINI,1.0
senato-mattarellum-1993-corrected,SICILIA,10,CASTRONUOVO DI SICILIA,whole,,144,CASTRONUOVO DI SICILIA,1.0
senato-mattarellum-1993-corrected,SICILIA,10,CEFALA' DIANA,whole,,144,CEFALA* DIANA,1.0
senato-mattarellum-1993-corrected,SICILIA,10,CHIUSA SCLAFANI,whole,,144,CHIUSA SCLAFANI,1.0
senato-mattarellum-1993-corrected,SICILIA,10,CIMINNA,whole,,144,CIMINNA,1.0
senato-mattarellum-1993-corrected,SICILIA,10,CINISI,whole,,144,CINISI,1.0
senato-mattarellum-1993-corrected,SICILIA,10,CONTESSA ENTELLINA,whole,,144,CONTESSA ENTELLIRA,0.941
senato-mattarellum-1993-corrected,SICILIA,10,CORLEONE,whole,,144,CORLE ONE,1.0
senato-mattarellum-1993-corrected,SICILIA,10,GIARDINELLO,whole,,145,GIARDINELLO,1.0
senato-mattarellum-1993-corrected,SICILIA,10,GIULIANA,whole,,145,GIULIANA,1.0
senato-mattarellum-1993-corrected,SICILIA,10,GODRANO,whole,,145,GUDRANO,0.857
senato-mattarellum-1993-corrected,SICILIA,10,LERCARA FRIDDI,whole,,145,LERCARA FRIBDEI,0.857
senato-mattarellum-1993-corrected,SICILIA,10,MARINEO,whole,,145,MARINE O,1.0
senato-mattarellum-1993-corrected,SICILIA,10,MEZZOJUSO,whole,,145,MEZZOJUSO,1.0
senato-mattarellum-1993-corrected,SICILIA,10,MISILMERI,whole,,145,MISILMERI,1.0
senato-mattarellum-1993-corrected,SICILIA,10,MONREALE,whole,,145,MONREALE,1.0
senato-mattarellum-1993-corrected,SICILIA,10,MONTELEPRE,whole,,145,HMONTELEPRE,0.909
senato-mattarellum-1993-corrected,SICILIA,10,PALAZZO ADRIANO,whole,,145,PALAZZO ADRIANO,1.0
senato-mattarellum-1993-corrected,SICILIA,10,PIANA DEGLI ALBANESI,whole,,145,PIANA DEGLI ALBANESI,1.0
senato-mattarellum-1993-corrected,SICILIA,10,PRIZZI,whole,,145,PRIZZI,1.0
senato-mattarellum-1993-corrected,SICILIA,10,ROCCAMENA,whole,,145,ROCCAMENA,1.0
senato-mattarellum-1993-corrected,SICILIA,10,ROCCAPALUMBA,whole,,145,ROCCAPALUMBA,1.0
senato-mattarellum-1993-corrected,SICILIA,10,SAN CIPIRELLO,whole,,145,SAN CIPIRELLO,1.0
senato-mattarellum-1993-corrected,SICILIA,10,SAN GIUSEPPE JATO,whole,,145,SAN GIUSEPPE JATO,1.0
senato-mattarellum-1993-corrected,SICILIA,10,SANTA CRISTINA GELA,whole,,145,SANTA CRISTINA GELA,1.0
senato-mattarellum-1993-corrected,SICILIA,10,TERRASINI,whole,,145,TERRASINI,1.0
senato-mattarellum-1993-corrected,SICILIA,10,VENTIMIGLIA DI SICILIA,whole,,145,VENTIMIGLIA DI SICILIA,1.0
senato-mattarellum-1993-corrected,SICILIA,10,VICARI,whole,,145,VICARI,1.0
senato-mattarellum-1993-corrected,SICILIA,10,VILLAFRATI,whole,,145,VILLAFRATI,1.0
senato-mattarellum-1993-corrected,SICILIA,11,ALI',whole,,145,AL1',1.0
senato-mattarellum-1993-corrected,SICILIA,11,ALI' TERME,whole,,145,ALI® TERME,1.0
senato-mattarellum-1993-corrected,SICILIA,11,FIUMEDINISI,whole,,145,FIUMEDINISI,1.0
senato-mattarellum-1993-corrected,SICILIA,11,FURCI SICULO,whole,,145,FURCI SICULO,1.0
senato-mattarellum-1993-corrected,SICILIA,11,ITALA,whole,,145,ITALA,1.0
senato-mattarellum-1993-corrected,SICILIA,11,MANDANICI,whole,,145,MANDANICI,1.0
senato-mattarellum-1993-corrected,SICILIA,11,,whole,,145,{ ME-Q. PILTERI è,0.6
senato-mattarellum-1993-corrected,SICILIA,11,,whole,,145,{ ME-Q. SANTO STEFANO ),0.467
senato-mattarellum-1993-corrected,SICILIA,11,,whole,,145,CC ME-Q. NORMANNO 2,0.462
senato-mattarellum-1993-corrected,SICILIA,11,,whole,,145,{ ME-Q. DELLA CALISPERA 3),0.294
senato-mattarellum-1993-corrected,SICILIA,11,,whole,,145,{ ME-Q. GAZZI 3),0.5
senato-mattarellum-1993-corrected,SICILIA,11,,whole,,145,"( ME-Q, MATA E GRIFONE 3",0.467
senato-mattarellum-1993-corrected,SICILIA,11,,whole,,145,{ ME-Q. CASTEL GONZAGA },0.5
senato-mattarellum-1993-corrected,SICILIA,11,,whole,,145,{ ME-Q. CENTRO STORICO ),0.438
senato-mattarellum-1993-corrected,SICILIA,11,,whole,,145,( ME-Q. SAN LEONE ),0.455
senato-mattarellum-1993-corrected,SICILIA,11,,whole,,145,{ ME-Q. SAN SALVATORE 2,0.467
senato-mattarellum-1993-corrected,SICILIA,11,,whole,,145,{ ME-Q. PELORO ),0.556
senato-mattarellum-1993-corrected,SICILIA,11,,whole,,145,{ ME-Q. MONTEMARE ),0.5
senato-mattarellum-1993-corrected,SICILIA,11,,whole,,145,CC ME-Q. DEI BASILIANI 3,0.412
senato-mattarellum-1993-corrected,SICILIA,11,,whole,,145,€ ME-Q. SAN PANTALEONE ?,0.5
senato-mattarellum-1993-corrected,SICILIA,11,NIZZA DI SICILIA,whole,,145,NIZZA DEI SICILIA,0.933
senato-mattarellum-1993-corrected,SICILIA,11,PAGLIARA,whole,,145,PAGLIARA,1.0
senato-mattarellum-1993-corrected,SICILIA,11,ROCCALUMERA,whole,,145,RUOCCALUMERA,0.917
senato-mattarellum-1993-corrected,SICILIA,11,ROMETTA,whole,,145,ROMETTA,1.0
senato-mattarellum-1993-corrected,SICILIA,11,SAPONARA,whole,,145,SAPONARA,1.0
senato-mattarellum-1993-corrected,SICILIA,11,SCALETTA ZANCLEA,whole,,145,SCALETTA ZANCLEA,1.0
senato-mattarellum-1993-corrected,SICILIA,11,VILLAFRANCA TIRRENA,whole,,145,VILLAFRANCA TIRRENA,1.0
senato-mattarellum-1993-corrected,SICILIA,12,ANTILLO,whole,,145,ANTILLO,1.0
senato-mattarellum-1993-corrected,SICILIA,12,BARCELLONA POZZO DI GOTTO,whole,,145,BARCELLONA POZZO DI GOTTO,1.0
senato-mattarellum-1993-corrected,SICILIA,12,BASICO',whole,,145,BASICO!,1.0
senato-mattarellum-1993-corrected,SICILIA,12,BROLO,whole,,145,BROLO,1.0
senato-mattarellum-1993-corrected,SICILIA,12,CAPO D'ORLANDO,whole,,145,CAPO D'ORLANDO,1.0
senato-mattarellum-1993-corrected,SICILIA,12,CASALVECCHIO SICULO,whole,,145,CASALVECCHIO SICULO,1.0
senato-mattarellum-1993-corrected,SICILIA,12,CASTEL MOLA,whole,,145,CASTELMOLA,1.0
senato-mattarellum-1993-corrected,SICILIA,12,CASTROREALE,whole,,145,CASTROREALE,1.0
senato-mattarellum-1993-corrected,SICILIA,12,CONDRO',whole,,145,CONDRO*',1.0
senato-mattarellum-1993-corrected,SICILIA,12,FALCONE,whole,,145,FALCONE,1.0
senato-mattarellum-1993-corrected,SICILIA,12,FICARRA,whole,,145,FICARRA,1.0
senato-mattarellum-1993-corrected,SICILIA,12,FONDACHELLI-FANTINA,whole,,145,FONDACHELLI-FANTINA,1.0
senato-mattarellum-1993-corrected,SICILIA,12,FORZA D'AGRO',whole,,145,FORZA D'AGROU*,0.909
senato-mattarellum-1993-corrected,SICILIA,12,FRANCAVILLA DI SICILIA,whole,,145,FRANCAVILLA DI SICILIA,1.0
senato-mattarellum-1993-corrected,SICILIA,12,FURNARI,whole,,145,FURNARI,1.0
senato-mattarellum-1993-corrected,SICILIA,12,GAGGI,whole,,146,GAGGI,1.0
senato-mattarellum-1993-corrected,SICILIA,12,GALLODORO,whole,,146,GALLODORO,1.0
senato-mattarellum-1993-corrected,SICILIA,12,GIARDINI NAXOS,whole,,146,GIARDINI -NAXKOS,0.929
senato-mattarellum-1993-corrected,SICILIA,12,GIOIOSA MAREA,whole,,146,GIOIOSA HAREA,1.0
senato-mattarellum-1993-corrected,SICILIA,12,GRANITI,whole,,146,GRANITI,1.0
senato-mattarellum-1993-corrected,SICILIA,12,GUALTIERI SICAMINO',whole,,146,GUALTIERI SICANMINO?,0.944
senato-mattarellum-1993-corrected,SICILIA,12,LENI,whole,,146,LENI,1.0
senato-mattarellum-1993-corrected,SICILIA,12,LETOJANNI,whole,,146,LETO SJANNI,0.9
senato-mattarellum-1993-corrected,SICILIA,12,LIBRIZZI,whole,,146,LIBRIZZI,1.0
senato-mattarellum-1993-corrected,SICILIA,12,LIMINA,whole,,146,LIMINA,1.0
senato-mattarellum-1993-corrected,SICILIA,12,LIPARI,whole,,146,LIPARI,1.0
senato-mattarellum-1993-corrected,SICILIA,12,MALFA,whole,,146,MALFA,1.0
senato-mattarellum-1993-corrected,SICILIA,12,MALVAGNA,whole,,146,HAL VAGNA,1.0
senato-mattarellum-1993-corrected,SICILIA,12,MAZZARRA' SANT'ANDREA,whole,,146,HAZZARRA' SANT'ANDREA,1.0
senato-mattarellum-1993-corrected,SICILIA,12,MERI',whole,,146,MERI’,1.0
senato-mattarellum-1993-corrected,SICILIA,12,MILAZZO,whole,,146,MILAZZO,1.0
senato-mattarellum-1993-corrected,SICILIA,12,MOIO ALCANTARA,whole,,146,MOIO ALCANTARA,1.0
senato-mattarellum-1993-corrected,SICILIA,12,MONFORTE SAN GIORGIO,whole,,146,HONFORTE SAN GIORGIO,1.0
senato-mattarellum-1993-corrected,SICILIA,12,MONGIUFFI MELIA,whole,,146,MONGIUFF1 MELIA,1.0
senato-mattarellum-1993-corrected,SICILIA,12,MONTAGNAREALE,whole,,146,MONTAGNAREALE,1.0
senato-mattarellum-1993-corrected,SICILIA,12,MOTTA CAMASTRA,whole,,146,MOTTA CAMASTRA,1.0
senato-mattarellum-1993-corrected,SICILIA,12,NASO,whole,,146,NASO,1.0
senato-mattarellum-1993-corrected,SICILIA,12,NOVARA DI SICILIA,whole,,146,NOVARA DI SICILIA,1.0
senato-mattarellum-1993-corrected,SICILIA,12,OLIVERI,whole,,146,OL1IVERI,0.875
senato-mattarellum-1993-corrected,SICILIA,12,PACE DEL MELA,whole,,146,PACE DEL MELA,1.0
senato-mattarellum-1993-corrected,SICILIA,12,PATTI,whole,,146,FATTI,0.8
senato-mattarellum-1993-corrected,SICILIA,12,PIRAINO,whole,,146,PIRAINO,1.0
senato-mattarellum-1993-corrected,SICILIA,12,ROCCAFIORITA,whole,,146,ROCCAF FIORITA,0.923
senato-mattarellum-1993-corrected,SICILIA,12,ROCCAVALDINA,whole,,146,ROCCAVALDINA,1.0
senato-mattarellum-1993-corrected,SICILIA,12,ROCCELLA VALDEMONE,whole,,146,ROCCELLA YVALDENHONE,0.895
senato-mattarellum-1993-corrected,SICILIA,12,RODI' MILICI,whole,,146,"RODI"" HiILiCI",0.909
senato-mattarellum-1993-corrected,SICILIA,12,SAN FILIPPO DEL MELA,whole,,146,SAN FILIPPO DEL MELA,1.0
senato-mattarellum-1993-corrected,SICILIA,12,SAN PIER NICETO,whole,,146,SAN PIER NICETO,1.0
senato-mattarellum-1993-corrected,SICILIA,12,SANT'ALESSIO SICULO,whole,,146,SANT*'ALESSTIO SICULO,0.944
senato-mattarellum-1993-corrected,SICILIA,12,SANTA LUCIA DEL MELA,whole,,146,SANTA LUCIA DEL MELA,1.0
senato-mattarellum-1993-corrected,SICILIA,12,SANTA MARINA SALINA,whole,,146,SANTA MARINA SALINA,1.0
senato-mattarellum-1993-corrected,SICILIA,12,SANT'ANGELO DI BROLO,whole,,146,SANT'ANGELO DI BROLO,1.0
senato-mattarellum-1993-corrected,SICILIA,12,SANTA TERESA DI RIVA,whole,,146,SANTA TERESA DI RIVA,1.0
senato-mattarellum-1993-corrected,SICILIA,12,SAVOCA,whole,,146,SAVOCA,1.0
senato-mattarellum-1993-corrected,SICILIA,12,SINAGRA,whole,,146,SINAGRA,1.0
senato-mattarellum-1993-corrected,SICILIA,12,SPADAFORA,whole,,146,SPADAFORA,1.0
senato-mattarellum-1993-corrected,SICILIA,12,TAORMINA,whole,,146,TAORMINA,1.0
senato-mattarellum-1993-corrected,SICILIA,12,TORREGROTTA,whole,,146,TORREGROTTA,1.0
senato-mattarellum-1993-corrected,SICILIA,12,TRIPI,whole,,146,TRIPI,1.0
senato-mattarellum-1993-corrected,SICILIA,12,VALDINA,whole,,146,VAL DINA,1.0
senato-mattarellum-1993-corrected,SICILIA,12,VENETICO,whole,,146,VENE FICO,0.875
senato-mattarellum-1993-corrected,SICILIA,12,TERME VIGLIATORE,whole,,146,TERME VIGLIATORE,1.0
senato-mattarellum-1993-corrected,SICILIA,13,CAPIZZI,whole,,146,CAPIZZI,1.0
senato-mattarellum-1993-corrected,SICILIA,13,CARONIA,whole,,146,CARONIA,1.0
senato-mattarellum-1993-corrected,SICILIA,13,CASTEL DI LUCIO,whole,,146,CASTEL DI LUCIO,1.0
senato-mattarellum-1993-corrected,SICILIA,13,CESARO',whole,,146,CESARO*,1.0
senato-mattarellum-1993-corrected,SICILIA,13,MISTRETTA,whole,,146,MISTRETTA,1.0
senato-mattarellum-1993-corrected,SICILIA,13,MOTTA D'AFFERMO,whole,,146,MOTTA D'AFFERHO,1.0
senato-mattarellum-1993-corrected,SICILIA,13,PETTINEO,whole,,146,PETTINEO,1.0
senato-mattarellum-1993-corrected,SICILIA,13,REITANO,whole,,146,REITANO,1.0
senato-mattarellum-1993-corrected,SICILIA,13,SAN FRATELLO,whole,,146,SAN FRATELLO,1.0
senato-mattarellum-1993-corrected,SICILIA,13,SANT'AGATA DI MILITELLO,whole,,146,SANT'AGATA DI WILITELLO,0.95
senato-mattarellum-1993-corrected,SICILIA,13,,whole,,146,SAN TEQUHORO,0.727
senato-mattarellum-1993-corrected,SICILIA,13,SANTO STEFANO DI CAMASTRA,whole,,146,SANTO STEFANO DI CAMASTRA,1.0
senato-mattarellum-1993-corrected,SICILIA,13,TUSA,whole,,146,TUSA,1.0
senato-mattarellum-1993-corrected,SICILIA,13,ACQUEDOLCI,whole,,146,ACQUEDOLCI,1.0
senato-mattarellum-1993-corrected,SICILIA,13,AGIRA,whole,,146,AGIRA,1.0
senato-mattarellum-1993-corrected,SICILIA,13,AIDONE,whole,,146,ATDONE,0.833
senato-mattarellum-1993-corrected,SICILIA,13,ASSORO,whole,,146,ASSORO,1.0
senato-mattarellum-1993-corrected,SICILIA,13,BARRAFRANCA,whole,,146,BARRAFRANCA,1.0
senato-mattarellum-1993-corrected,SICILIA,13,CALASCIBETTA,whole,,146,CALASCIBETTA,1.0
senato-mattarellum-1993-corrected,SICILIA,13,CATENANUOVA,whole,,147,CATENANUOVA,1.0
senato-mattarellum-1993-corrected,SICILIA,13,CENTURIPE,whole,,147,CENTUR IPE,1.0
senato-mattarellum-1993-corrected,SICILIA,13,CERAMI,whole,,147,CERAMI,1.0
senato-mattarellum-1993-corrected,SICILIA,13,ENNA,whole,,147,ENNA,1.0
senato-mattarellum-1993-corrected,SICILIA,13,GAGLIANO CASTELFERRATO,whole,,147,GAGLIANO CASTELFERRATO,1.0
senato-mattarellum-1993-corrected,SICILIA,13,LEONFORTE,whole,,147,LEUONFORTE,0.9
senato-mattarellum-1993-corrected,SICILIA,13,NICOSIA,whole,,147,NICOSIA,1.0
senato-mattarellum-1993-corrected,SICILIA,13,NISSORIA,whole,,147,NISSORIA,1.0
senato-mattarellum-1993-corrected,SICILIA,13,PIAZZA ARMERINA,whole,,147,PIAZZA ARMERINA,1.0
senato-mattarellum-1993-corrected,SICILIA,13,PIETRAPERZIA,whole,,147,PIETRAPERZIA,1.0
senato-mattarellum-1993-corrected,SICILIA,13,REGALBUTO,whole,,147,REGAL BUTO,1.0
senato-mattarellum-1993-corrected,SICILIA,13,SPERLINGA,whole,,147,SPERLINGA,1.0
senato-mattarellum-1993-corrected,SICILIA,13,TROINA,whole,,147,TROINA,1.0
senato-mattarellum-1993-corrected,SICILIA,13,VALGUARNERA CAROPEPE,whole,,147,VALGUARNERA CAROPEPE,1.0
senato-mattarellum-1993-corrected,SICILIA,13,VILLAROSA,whole,,147,VILLAROUSA,0.9
senato-mattarellum-1993-corrected,SICILIA,14,ALCARA LI FUSI,whole,,147,ALCARA LI FUSI,1.0
senato-mattarellum-1993-corrected,SICILIA,14,CAPRI LEONE,whole,,147,CAPRI LEONE,1.0
senato-mattarellum-1993-corrected,SICILIA,14,CASTELL'UMBERTO,whole,,147,CASTELL'UMBERTO,1.0
senato-mattarellum-1993-corrected,SICILIA,14,FLORESTA,whole,,147,FLORESTA,1.0
senato-mattarellum-1993-corrected,SICILIA,14,FRAZZANO',whole,,147,"FRAZZANO""",1.0
senato-mattarellum-1993-corrected,SICILIA,14,GALATI MAMERTINO,whole,,147,GALATI MAMERTINO,1.0
senato-mattarellum-1993-corrected,SICILIA,14,LONGI,whole,,147,LONGI,1.0
senato-mattarellum-1993-corrected,SICILIA,14,MILITELLO ROSMARINO,whole,,147,MILITELLO ROSMARINO,1.0
senato-mattarellum-1993-corrected,SICILIA,14,MIRTO,whole,,147,MIRTO,1.0
senato-mattarellum-1993-corrected,SICILIA,14,MONTALBANO ELICONA,whole,,147,MONTALBANO ELICONA,1.0
senato-mattarellum-1993-corrected,SICILIA,14,RACCUJA,whole,,147,RACCUJA,1.0
senato-mattarellum-1993-corrected,SICILIA,14,SAN MARCO D'ALUNZIO,whole,,147,SAN MARCO D'ALUNZIO,1.0
senato-mattarellum-1993-corrected,SICILIA,14,SAN PIERO PATTI,whole,,147,SAN PIERO PATTI,1.0
senato-mattarellum-1993-corrected,SICILIA,14,SAN SALVATORE DI FITALIA,whole,,147,SAN SALVATORE DI FITALIA,1.0
senato-mattarellum-1993-corrected,SICILIA,14,SANTA DOMENICA VITTORIA,whole,,147,SANTA DOMENICA VITTORIA,1.0
senato-mattarellum-1993-corrected,SICILIA,14,TORTORICI,whole,,147,TORTORICI,1.0
senato-mattarellum-1993-corrected,SICILIA,14,UCRIA,whole,,147,UCRIA,1.0
senato-mattarellum-1993-corrected,SICILIA,14,TORRENOVA,whole,,147,TORRENOVA,1.0
senato-mattarellum-1993-corrected,SICILIA,14,ACI BONACCORSI,whole,,147,ACI BONACCORSI,1.0
senato-mattarellum-1993-corrected,SICILIA,14,ACI CATENA,whole,,147,ACI CATENA,1.0
senato-mattarellum-1993-corrected,SICILIA,14,ACIREALE,whole,,147,ACIREALE,1.0
senato-mattarellum-1993-corrected,SICILIA,14,ACI SANT'ANTONIO,whole,,147,ACI SANT'ANTONIO,1.0
senato-mattarellum-1993-corrected,SICILIA,14,BRONTE,whole,,147,BRONTE,1.0
senato-mattarellum-1993-corrected,SICILIA,14,CALATABIANO,whole,,147,CALATABIANO,1.0
senato-mattarellum-1993-corrected,SICILIA,14,CASTIGLIONE DI SICILIA,whole,,147,CASTIGLIONE DI SICILIA,1.0
senato-mattarellum-1993-corrected,SICILIA,14,FIUMEFREDDO DI SICILIA,whole,,147,FIUMEFREDDO DI SICILIA,1.0
senato-mattarellum-1993-corrected,SICILIA,14,GIARRE,whole,,147,GIARRE,1.0
senato-mattarellum-1993-corrected,SICILIA,14,LINGUAGLOSSA,whole,,147,LINGUAGLOSSA,1.0
senato-mattarellum-1993-corrected,SICILIA,14,MALETTO,whole,,147,MALETTO,1.0
senato-mattarellum-1993-corrected,SICILIA,14,MASCALI,whole,,147,MASCALI,1.0
senato-mattarellum-1993-corrected,SICILIA,14,MILO,whole,,147,MILO,1.0
senato-mattarellum-1993-corrected,SICILIA,14,PIEDIMONTE ETNEO,whole,,147,PIEDIMONTE ETNEO,1.0
senato-mattarellum-1993-corrected,SICILIA,14,RANDAZZO,whole,,147,RANDAZZO,1.0
senato-mattarellum-1993-corrected,SICILIA,14,RIPOSTO,whole,,147,RIPOSTO,1.0
senato-mattarellum-1993-corrected,SICILIA,14,SANT'ALFIO,whole,,147,SANT'ALFI1O,0.9
senato-mattarellum-1993-corrected,SICILIA,14,SANTA VENERINA,whole,,147,SANTA VENERINA,1.0
senato-mattarellum-1993-corrected,SICILIA,14,VIAGRANDE,whole,,147,VIAGRANDE,1.0
senato-mattarellum-1993-corrected,SICILIA,14,ZAFFERANA ETNEA,whole,,147,ZAFFERANA ETNEA,1.0
senato-mattarellum-1993-corrected,SICILIA,14,MANIACE,whole,,147,MANIACE,1.0
senato-mattarellum-1993-corrected,SICILIA,15,CATANIA,zone,RAFFAELLO SANZIO,147,{ CT-RAFFAELLO SANZIO }ì,1.0
senato-mattarellum-1993-corrected,SICILIA,15,CATANIA,zone,BORGO,147,{ CT-BORGO },1.0
senato-mattarellum-1993-corrected,SICILIA,15,CATANIA,zone,CAPPUCCINI-CENTRO 5,147,{ .CT-CAPPUCCINI-CENTRO 5,1.0
senato-mattarellum-1993-corrected,SICILIA,15,CATANIA,zone,BELLINI d,147,€ CT-BELLINI d,1.0
senato-mattarellum-1993-corrected,SICILIA,15,CATANIA,zone,CIVITA-SS.ANGELI CU,147,{ CT-CIVITA-SS.ANGELI CU I,1.0
senato-mattarellum-1993-corrected,SICILIA,15,CATANIA,zone,SAN CRISTOFORO,147,{ CT-SAN CRISTOFORO ),1.0
senato-mattarellum-1993-corrected,SICILIA,15,CATANIA,zone,VILLAGGIO SAN GIUSE,147,{ CT-VILLAGGIO SAN GIUSE ),1.0
senato-mattarellum-1993-corrected,SICILIA,15,CATANIA,zone,CARDINALE,147,€ CT-CARDINALE 2,1.0
senato-mattarellum-1993-corrected,SICILIA,15,CATANIA,zone,SAN LEONE-NESIMA IN,147,{ CT-SAN LEONE-NESIMA IN ),1.0
senato-mattarellum-1993-corrected,SICILIA,15,CATANIA,zone,MONTE PO,148,{€ CT-MONTE PO ),1.0
senato-mattarellum-1993-corrected,SICILIA,15,CATANIA,zone,BARRIERA-CANALICCHI,148,{( CT-BARRIERA-CANALICCHI },1.0
senato-mattarellum-1993-corrected,SICILIA,15,CATANIA,zone,PICTANELLO-VILLAGGIO,148,{ CT-PICTANELLO-VILLAGGIO ),1.0
senato-mattarellum-1993-corrected,SICILIA,15,CATANIA,zone,RIVIERA-QGENINA 35,148,( CT-RIVIERA-QGENINA 35,1.0
senato-mattarellum-1993-corrected,SICILIA,16,ACI CASTELLO,whole,,148,AC1 CASTELLO,1.0
senato-mattarellum-1993-corrected,SICILIA,16,CAMPOROTONDO ETNEO,whole,,148,CAMPOROTONDO ETNEO,1.0
senato-mattarellum-1993-corrected,SICILIA,16,CATANIA,zone,NESIMA SUPERIORE,148,C CT-NESIMA SUPERIORE >,1.0
senato-mattarellum-1993-corrected,SICILIA,16,CATANIA,zone,XXXI MAGGIO,148,{ CI-XXXI MAGGIO ),1.0
senato-mattarellum-1993-corrected,SICILIA,16,CATANIA,zone,CIBALI-TRAPPETO-SAN,148,€ ET-CIBALI-TRAPPETO-SAN ),1.0
senato-mattarellum-1993-corrected,SICILIA,16,CATANIA,zone,SAN GIOVANNI GALERM,148,C CT-SAN GIOVANNI GALERM 3,1.0
senato-mattarellum-1993-corrected,SICILIA,16,GRAVINA DI CATANIA,whole,,148,GRAVINA DI CATANIA,1.0
senato-mattarellum-1993-corrected,SICILIA,16,MASCALUCIA,whole,,148,MASCALUCIA,1.0
senato-mattarellum-1993-corrected,SICILIA,16,MISTERBIANCO,whole,,148,MISTERBIANCO,1.0
senato-mattarellum-1993-corrected,SICILIA,16,MOTTA SANT'ANASTASIA,whole,,148,MOTTA SANT*ANASTASIA,1.0
senato-mattarellum-1993-corrected,SICILIA,16,NICOLOSI,whole,,148,NICOLOSI,1.0
senato-mattarellum-1993-corrected,SICILIA,16,PEDARA,whole,,148,PEDARA,1.0
senato-mattarellum-1993-corrected,SICILIA,16,SAN GIOVANNI LA PUNTA,whole,,148,SAN GIOVANNI LA PUNTA,1.0
senato-mattarellum-1993-corrected,SICILIA,16,SAN GREGORIO DI CATANIA,whole,,148,SAN GREGGOR18 DI CATANIA,0.905
senato-mattarellum-1993-corrected,SICILIA,16,SAN PIETRO CLARENZA,whole,,148,SAN PIETRO CLARENZA,1.0
senato-mattarellum-1993-corrected,SICILIA,16,SANT'AGATA LI BATTIATI,whole,,148,SANT'AGATA LI BATTIATI,1.0
senato-mattarellum-1993-corrected,SICILIA,16,TRECASTAGNI,whole,,148,TRECASTAGNI,1.0
senato-mattarellum-1993-corrected,SICILIA,16,TREMESTIERI ETNEO,whole,,148,TREMESTIERI ETNEO,1.0
senato-mattarellum-1993-corrected,SICILIA,16,VALVERDE,whole,,148,VALVERDE,1.0
senato-mattarellum-1993-corrected,SICILIA,17,NISCEMI,whole,,148,NISCENMI,0.875
senato-mattarellum-1993-corrected,SICILIA,17,ADRANO,whole,,148,ADRANO,1.0
senato-mattarellum-1993-corrected,SICILIA,17,BELPASSO,whole,,148,BELPASSO,1.0
senato-mattarellum-1993-corrected,SICILIA,17,BIANCAVILLA,whole,,148,BIANCAVILLA,1.0
senato-mattarellum-1993-corrected,SICILIA,17,CALTAGIRONE,whole,,148,CALTAGIRONE,1.0
senato-mattarellum-1993-corrected,SICILIA,17,CASTEL DI IUDICA,whole,,148,CASTEL DI IUDICA,1.0
senato-mattarellum-1993-corrected,SICILIA,17,GRAMMICHELE,whole,,148,GRAMMICHELE,1.0
senato-mattarellum-1993-corrected,SICILIA,17,LICODIA EUBEA,whole,,148,LICODIA EUBEA,1.0
senato-mattarellum-1993-corrected,SICILIA,17,MINEO,whole,,148,MINEO,1.0
senato-mattarellum-1993-corrected,SICILIA,17,MIRABELLA IMBACCARI,whole,,148,MIRABELLA IMBACCARI,1.0
senato-mattarellum-1993-corrected,SICILIA,17,PATERNO',whole,,148,PATERNO!,1.0
senato-mattarellum-1993-corrected,SICILIA,17,RADDUSA,whole,,148,RADODUSA,0.875
senato-mattarellum-1993-corrected,SICILIA,17,RAMACCA,whole,,148,RAMACCA,1.0
senato-mattarellum-1993-corrected,SICILIA,17,SAN CONO,whole,,148,SAN CONO,1.0
senato-mattarellum-1993-corrected,SICILIA,17,SAN MICHELE DI GANZARIA,whole,,148,SAN MICHELE Di GANZARIA,1.0
senato-mattarellum-1993-corrected,SICILIA,17,SANTA MARIA DI LICODIA,whole,,148,SANTA MARIA Pi LICODIA,0.947
senato-mattarellum-1993-corrected,SICILIA,17,VIZZINI,whole,,148,VIZZINI,1.0
senato-mattarellum-1993-corrected,SICILIA,17,MAZZARRONE,whole,,148,HMAZZARRONE,0.909
senato-mattarellum-1993-corrected,SICILIA,17,RAGALNA,whole,,148,RAGALNA,1.0
senato-mattarellum-1993-corrected,SICILIA,18,ACATE,whole,,148,ACATE,1.0
senato-mattarellum-1993-corrected,SICILIA,18,CHIARAMONTE GULFI,whole,,148,CHIARAMONTE GULFI,1.0
senato-mattarellum-1993-corrected,SICILIA,18,COMISO,whole,,148,COMISO,1.0
senato-mattarellum-1993-corrected,SICILIA,18,MODICA,whole,,148,MODICA,1.0
senato-mattarellum-1993-corrected,SICILIA,18,RAGUSA,whole,,148,RAGUSA,1.0
senato-mattarellum-1993-corrected,SICILIA,18,SANTA CROCE CAMERINA,whole,,148,SANTA CROCE CAMERINA,1.0
senato-mattarellum-1993-corrected,SICILIA,18,SCICLI,whole,,148,SCiCLI,1.0
senato-mattarellum-1993-corrected,SICILIA,18,VITTORIA,whole,,148,VITTORIA,1.0
senato-mattarellum-1993-corrected,SICILIA,19,MILITELLO IN VAL DI CATANIA,whole,,148,MILITELLO IN VAL DI CATANIA,1.0
senato-mattarellum-1993-corrected,SICILIA,19,PALAGONIA,whole,,148,PALAGONITA,0.9
senato-mattarellum-1993-corrected,SICILIA,19,SCORDIA,whole,,148,SCORDIA,1.0
senato-mattarellum-1993-corrected,SICILIA,19,GIARRATANA,whole,,148,GIARRATANA,1.0
senato-mattarellum-1993-corrected,SICILIA,19,ISPICA,whole,,148,ISPICA,1.0
senato-mattarellum-1993-corrected,SICILIA,19,MONTEROSSO ALMO,whole,,148,MONTEROSSO ALMO,1.0
senato-mattarellum-1993-corrected,SICILIA,19,POZZALLO,whole,,148,POZZALLO,1.0
senato-mattarellum-1993-corrected,SICILIA,19,AVOLA,whole,,149,AVOLA,1.0
senato-mattarellum-1993-corrected,SICILIA,19,BUCCHERI,whole,,149,BUCCHERTI,0.889
senato-mattarellum-1993-corrected,SICILIA,19,BUSCEMI,whole,,149,BUSCEHMI,0.875
senato-mattarellum-1993-corrected,SICILIA,19,CASSARO,whole,,149,CASSARO,1.0
senato-mattarellum-1993-corrected,SICILIA,19,FERLA,whole,,149,FERLA,1.0
senato-mattarellum-1993-corrected,SICILIA,19,FRANCOFONTE,whole,,149,FRANCOFONTE,1.0
senato-mattarellum-1993-corrected,SICILIA,19,LENTINI,whole,,149,LENTINI,1.0
senato-mattarellum-1993-corrected,SICILIA,19,NOTO,whole,,149,NOTO,1.0
senato-mattarellum-1993-corrected,SICILIA,19,PACHINO,whole,,149,PACHINO,1.0
senato-mattarellum-1993-corrected,SICILIA,19,PALAZZOLO ACREIDE,whole,,149,PALAZZOLO ACRE IDE,1.0
senato-mattarellum-1993-corrected,SICILIA,19,ROSOLINI,whole,,149,ROSOL INI,1.0
senato-mattarellum-1993-corrected,SICILIA,19,PORTOPALO DI CAPO PASSERO,whole,,149,PORTOPALO DI CAPO PASSEROU,0.957
senato-mattarellum-1993-corrected,SICILIA,20,AUGUSTA,whole,,149,AUGUSTA,1.0
senato-mattarellum-1993-corrected,SICILIA,20,CANICATTINI BAGNI,whole,,149,CANICATTINI BASNI,0.938
senato-mattarellum-1993-corrected,SICILIA,20,CARLENTINI,whole,,149,CARLENTINI,1.0
senato-mattarellum-1993-corrected,SICILIA,20,FLORIDIA,whole,,149,FLORIDIA,1.0
senato-mattarellum-1993-corrected,SICILIA,20,MELILLI,whole,,149,MEL ILLI,1.0
senato-mattarellum-1993-corrected,SICILIA,20,SIRACUSA,whole,,149,SIRACUSA,1.0
senato-mattarellum-1993-corrected,SICILIA,20,SOLARINO,whole,,149,SOLAR INO,1.0
senato-mattarellum-1993-corrected,SICILIA,20,SORTINO,whole,,149,SORT I1NO,0.875
senato-mattarellum-1993-corrected,SICILIA,20,PRIOLO GARGALLO,whole,,149,PRIDLO GARGALLO,0.929
senato-mattarellum-1993-corrected,SARDEGNA,1,BURCEI,whole,,150,BURCE I,0.833
senato-mattarellum-1993-corrected,SARDEGNA,1,CAGLIARI,whole,,150,CAGLIARI,1.0
senato-mattarellum-1993-corrected,SARDEGNA,1,MARACALAGONIS,whole,,150,MARACALAGONIS,1.0
senato-mattarellum-1993-corrected,SARDEGNA,1,QUARTU SANT'ELENA,whole,,150,QUARTU SANT'ELENA,1.0
senato-mattarellum-1993-corrected,SARDEGNA,1,SINNAI,whole,,150,SINNAI,1.0
senato-mattarellum-1993-corrected,SARDEGNA,1,VILLASIMIUS,whole,,150,VILLASIMIUS,1.0
senato-mattarellum-1993-corrected,SARDEGNA,1,QUARTUCCIU,whole,,150,QUARTUCCIU,1.0
senato-mattarellum-1993-corrected,SARDEGNA,2,ARITZO,whole,,150,ARITZO,1.0
senato-mattarellum-1993-corrected,SARDEGNA,2,ARZANA,whole,,150,ARZANA,1.0
senato-mattarellum-1993-corrected,SARDEGNA,2,ATZARA,whole,,150,ATZARA,1.0
senato-mattarellum-1993-corrected,SARDEGNA,2,AUSTIS,whole,,150,AUSTIS,1.0
senato-mattarellum-1993-corrected,SARDEGNA,2,BARI SARDO,whole,,150,BARI SARDO,1.0
senato-mattarellum-1993-corrected,SARDEGNA,2,BAUNEI,whole,,150,BAUNE È,0.833
senato-mattarellum-1993-corrected,SARDEGNA,2,BELVI',whole,,150,BELVI,1.0
senato-mattarellum-1993-corrected,SARDEGNA,2,,whole,,150,BIRORE,0.833
senato-mattarellum-1993-corrected,SARDEGNA,2,BOLOTANA,whole,,150,BOL OTANA,1.0
senato-mattarellum-1993-corrected,SARDEGNA,2,BORORE,whole,,150,BORORE,1.0
senato-mattarellum-1993-corrected,SARDEGNA,2,BORTIGALI,whole,,150,BORTIGALI,1.0
senato-mattarellum-1993-corrected,SARDEGNA,2,BOSA,whole,,150,BOSA,1.0
senato-mattarellum-1993-corrected,SARDEGNA,2,DESULO,whole,,150,DE SULO,1.0
senato-mattarellum-1993-corrected,SARDEGNA,2,DORGALI,whole,,150,DORGALI,1.0
senato-mattarellum-1993-corrected,SARDEGNA,2,DUALCHI,whole,,150,DUALCHI,1.0
senato-mattarellum-1993-corrected,SARDEGNA,2,ELINI,whole,,150,ELINI,1.0
senato-mattarellum-1993-corrected,SARDEGNA,2,ESCALAPLANO,whole,,150,ESCALAPLANO,1.0
senato-mattarellum-1993-corrected,SARDEGNA,2,ESCOLCA,whole,,150,ESCOLCA,1.0
senato-mattarellum-1993-corrected,SARDEGNA,2,ESTERZILI,whole,,150,ESTERZILI,1.0
senato-mattarellum-1993-corrected,SARDEGNA,2,FLUSSIO,whole,,150,FLUSS]1O,1.0
senato-mattarellum-1993-corrected,SARDEGNA,2,FONNI,whole,,150,FONNI,1.0
senato-mattarellum-1993-corrected,SARDEGNA,2,GADONI,whole,,150,GADONI,1.0
senato-mattarellum-1993-corrected,SARDEGNA,2,GAIRO,whole,,150,GAIRO,1.0
senato-mattarellum-1993-corrected,SARDEGNA,2,GAVOI,whole,,150,GAVOT,0.8
senato-mattarellum-1993-corrected,SARDEGNA,2,GENONI,whole,,150,GENONI,1.0
senato-mattarellum-1993-corrected,SARDEGNA,2,,whole,,150,GERSE I,0.667
senato-mattarellum-1993-corrected,SARDEGNA,2,GIRASOLE,whole,,150,GIRASOLE,1.0
senato-mattarellum-1993-corrected,SARDEGNA,2,ILBONO,whole,,150,11 BONO,0.833
senato-mattarellum-1993-corrected,SARDEGNA,2,ISILI,whole,,150,ISILI,1.0
senato-mattarellum-1993-corrected,SARDEGNA,2,JERZU,whole,,150,JERZU,1.0
senato-mattarellum-1993-corrected,SARDEGNA,2,LACONI,whole,,150,LACONI,1.0
senato-mattarellum-1993-corrected,SARDEGNA,2,LANUSEI,whole,,150,LANUSE £,0.857
senato-mattarellum-1993-corrected,SARDEGNA,2,LEI,whole,,150,LEI,1.0
senato-mattarellum-1993-corrected,SARDEGNA,2,LOCERI,whole,,150,LOCERI,1.0
senato-mattarellum-1993-corrected,SARDEGNA,2,LOTZORAI,whole,,150,LOTZORA!,0.875
senato-mattarellum-1993-corrected,SARDEGNA,2,MACOMER,whole,,150,MACOMER,1.0
senato-mattarellum-1993-corrected,SARDEGNA,2,MAGOMADAS,whole,,150,MAGOMADAS,1.0
senato-mattarellum-1993-corrected,SARDEGNA,2,MAMOIADA,whole,,150,MAMOITABDA,0.8
senato-mattarellum-1993-corrected,SARDEGNA,2,MEANA SARDO,whole,,150,MEANA SARDO,1.0
senato-mattarellum-1993-corrected,SARDEGNA,2,MODOLO,whole,,150,HGDOLO,0.833
senato-mattarellum-1993-corrected,SARDEGNA,2,MONTRESTA,whole,,150,MONTRESTA,1.0
senato-mattarellum-1993-corrected,SARDEGNA,2,NORAGUGUME,whole,,150,NORAGUEUME,0.9
senato-mattarellum-1993-corrected,SARDEGNA,2,NUORO,whole,,150,NUORO,1.0
senato-mattarellum-1993-corrected,SARDEGNA,2,NURAGUS,whole,,150,NURAGUS,1.0
senato-mattarellum-1993-corrected,SARDEGNA,2,NURALLAO,whole,,150,NURALLAG,0.875
senato-mattarellum-1993-corrected,SARDEGNA,2,NURRI,whole,,150,NURRI,1.0
senato-mattarellum-1993-corrected,SARDEGNA,2,,whole,,150,UL TENA,0.667
senato-mattarellum-1993-corrected,SARDEGNA,2,OLLOLAI,whole,,150,DLLOLA]IT,0.75
senato-mattarellum-1993-corrected,SARDEGNA,2,OLZAI,whole,,150,OLZAI,1.0
senato-mattarellum-1993-corrected,SARDEGNA,2,ONIFERI,whole,,150,ONIFERI,1.0
senato-mattarellum-1993-corrected,SARDEGNA,2,ORANI,whole,,150,DRANI,0.8
senato-mattarellum-1993-corrected,SARDEGNA,2,ORGOSOLO,whole,,150,ORGOSOLO,1.0
senato-mattarellum-1993-corrected,SARDEGNA,2,OROTELLI,whole,,150,OROTELLI,1.0
senato-mattarellum-1993-corrected,SARDEGNA,2,ORROLI,whole,,151,ORROLI,1.0
senato-mattarellum-1993-corrected,SARDEGNA,2,ORTUERI,whole,,151,OR TUERI,1.0
senato-mattarellum-1993-corrected,SARDEGNA,2,OSINI,whole,,151,OSINI,1.0
senato-mattarellum-1993-corrected,SARDEGNA,2,OTTANA,whole,,151,OTTANA,1.0
senato-mattarellum-1993-corrected,SARDEGNA,2,OVODDA,whole,,151,OVODOA,0.833
senato-mattarellum-1993-corrected,SARDEGNA,2,PERDASDEFOGU,whole,,151,PERDASDEF OGU,1.0
senato-mattarellum-1993-corrected,SARDEGNA,2,SADALI,whole,,151,SADALI,1.0
senato-mattarellum-1993-corrected,SARDEGNA,2,SAGAMA,whole,,151,SAGAMA,1.0
senato-mattarellum-1993-corrected,SARDEGNA,2,SARULE,whole,,151,SARULE,1.0
senato-mattarellum-1993-corrected,SARDEGNA,2,SERRI,whole,,151,SERRI,1.0
senato-mattarellum-1993-corrected,SARDEGNA,2,SEUI,whole,,151,SEUI,1.0
senato-mattarellum-1993-corrected,SARDEGNA,2,SEULO,whole,,151,SEULO,1.0
senato-mattarellum-1993-corrected,SARDEGNA,2,SILANUS,whole,,151,SILANUS,1.0
senato-mattarellum-1993-corrected,SARDEGNA,2,SINDIA,whole,,151,SINDIA,1.0
senato-mattarellum-1993-corrected,SARDEGNA,2,SORGONO,whole,,151,SORGONO,1.0
senato-mattarellum-1993-corrected,SARDEGNA,2,SUNI,whole,,151,SUNT,0.75
senato-mattarellum-1993-corrected,SARDEGNA,2,TALANA,whole,,151,TALANA,1.0
senato-mattarellum-1993-corrected,SARDEGNA,2,TERTENIA,whole,,151,TERTENIA,1.0
senato-mattarellum-1993-corrected,SARDEGNA,2,TETI,whole,,151,TETI,1.0
senato-mattarellum-1993-corrected,SARDEGNA,2,TIANA,whole,,151,TIANA,1.0
senato-mattarellum-1993-corrected,SARDEGNA,2,TINNURA,whole,,151,TINNURA,1.0
senato-mattarellum-1993-corrected,SARDEGNA,2,TONARA,whole,,151,TONARA,1.0
senato-mattarellum-1993-corrected,SARDEGNA,2,TORTOLI',whole,,151,TORTOLI'!,1.0
senato-mattarellum-1993-corrected,SARDEGNA,2,TRIEI,whole,,151,TRIEI,1.0
senato-mattarellum-1993-corrected,SARDEGNA,2,ULASSAI,whole,,151,ULASSAIT,0.875
senato-mattarellum-1993-corrected,SARDEGNA,2,URZULEI,whole,,151,URZULE 1,1.0
senato-mattarellum-1993-corrected,SARDEGNA,2,USSASSAI,whole,,151,USSASSAIT,0.889
senato-mattarellum-1993-corrected,SARDEGNA,2,VILLAGRANDE STRISAILI,whole,,151,VILLAGRANDE STRISAILE,0.95
senato-mattarellum-1993-corrected,SARDEGNA,2,VILLANOVA TULO,whole,,151,VILLANOVA TULO,1.0
senato-mattarellum-1993-corrected,SARDEGNA,2,CARDEDU,whole,,151,CARDE DU,1.0
senato-mattarellum-1993-corrected,SARDEGNA,2,LODINE,whole,,151,LODINE,1.0
senato-mattarellum-1993-corrected,SARDEGNA,2,ABBASANTA,whole,,151,ABBASANTA,1.0
senato-mattarellum-1993-corrected,SARDEGNA,2,AIDOMAGGIORE,whole,,151,AITDOMAGGIORE,0.923
senato-mattarellum-1993-corrected,SARDEGNA,2,ARDAULI,whole,,151,ARDAUL I,0.857
senato-mattarellum-1993-corrected,SARDEGNA,2,BIDONI',whole,,151,BIDONI?,1.0
senato-mattarellum-1993-corrected,SARDEGNA,2,BORONEDDU,whole,,151,BOROKNE DBU,0.8
senato-mattarellum-1993-corrected,SARDEGNA,2,GHILARZA,whole,,151,GHILARZA,1.0
senato-mattarellum-1993-corrected,SARDEGNA,2,,whole,,151,NEGNELÎ,0.714
senato-mattarellum-1993-corrected,SARDEGNA,2,NORBELLO,whole,,151,NORBELLO,1.0
senato-mattarellum-1993-corrected,SARDEGNA,2,NUGHEDU SANTA VITTORIA,whole,,151,NUGHEDU SANTA VITTORIA,1.0
senato-mattarellum-1993-corrected,SARDEGNA,2,PAULILATINO,whole,,151,PAULILATINO,1.0
senato-mattarellum-1993-corrected,SARDEGNA,2,SANTU LUSSURGIU,whole,,151,SANTU LUSSURGIU,1.0
senato-mattarellum-1993-corrected,SARDEGNA,2,SCANO DI MONTIFERRO,whole,,151,SCANO DI MONTIFERRO,1.0
senato-mattarellum-1993-corrected,SARDEGNA,2,SEDILO,whole,,151,SEDILO,1.0
senato-mattarellum-1993-corrected,SARDEGNA,2,SORRADILE,whole,,151,SORRADILE,1.0
senato-mattarellum-1993-corrected,SARDEGNA,2,TADASUNI,whole,,151,TADASUNI,1.0
senato-mattarellum-1993-corrected,SARDEGNA,2,ULA TIRSO,whole,,151,ULA* TIRSO,1.0
senato-mattarellum-1993-corrected,SARDEGNA,2,,whole,,151,SO0OBDI,0.571
senato-mattarellum-1993-corrected,SARDEGNA,3,ASSEMINI,whole,,151,ASSEMINI,1.0
senato-mattarellum-1993-corrected,SARDEGNA,3,BUGGERRU,whole,,151,BUGGERRU,1.0
senato-mattarellum-1993-corrected,SARDEGNA,3,CALASETTA,whole,,151,CALASETTA,1.0
senato-mattarellum-1993-corrected,SARDEGNA,3,CAPOTERRA,whole,,151,CAPOTERRA,1.0
senato-mattarellum-1993-corrected,SARDEGNA,3,CARBONIA,whole,,151,CARBONIA,1.0
senato-mattarellum-1993-corrected,SARDEGNA,3,CARLOFORTE,whole,,151,CARLOFORTE,1.0
senato-mattarellum-1993-corrected,SARDEGNA,3,DECIMOMANNU,whole,,151,DECIMOMANNU,1.0
senato-mattarellum-1993-corrected,SARDEGNA,3,DOLIANOVA,whole,,151,DOL TANOVA,0.889
senato-mattarellum-1993-corrected,SARDEGNA,3,DOMUS DE MARIA,whole,,151,DOMUS DE HARIA,1.0
senato-mattarellum-1993-corrected,SARDEGNA,3,DOMUSNOVAS,whole,,151,DOMUSNOVAS,1.0
senato-mattarellum-1993-corrected,SARDEGNA,3,FLUMINIMAGGIORE,whole,,151,FLUNINIMAGGIORE,0.933
senato-mattarellum-1993-corrected,SARDEGNA,3,GIBA,whole,,151,GIBA,1.0
senato-mattarellum-1993-corrected,SARDEGNA,3,GONNESA,whole,,151,GONNESA,1.0
senato-mattarellum-1993-corrected,SARDEGNA,3,IGLESIAS,whole,,151,IGLESIAS,1.0
senato-mattarellum-1993-corrected,SARDEGNA,3,MONASTIR,whole,,151,MONASTIR,1.0
senato-mattarellum-1993-corrected,SARDEGNA,3,MUSEI,whole,,151,HUSE I,0.8
senato-mattarellum-1993-corrected,SARDEGNA,3,NARCAO,whole,,151,NARCAG,0.833
senato-mattarellum-1993-corrected,SARDEGNA,3,NURAMINIS,whole,,151,NURAMINIS,1.0
senato-mattarellum-1993-corrected,SARDEGNA,3,NUXIS,whole,,152,NUXIS,1.0
senato-mattarellum-1993-corrected,SARDEGNA,3,PERDAXIUS,whole,,152,PERDAXT1US,0.9
senato-mattarellum-1993-corrected,SARDEGNA,3,PORTOSCUSO,whole,,152,PORTOSCUSO,1.0
senato-mattarellum-1993-corrected,SARDEGNA,3,PULA,whole,,152,PULA,1.0
senato-mattarellum-1993-corrected,SARDEGNA,3,SAN GIOVANNI SUERGIU,whole,,152,SAN GIOVANNI SUERGIU,1.0
senato-mattarellum-1993-corrected,SARDEGNA,3,SAN SPERATE,whole,,152,SAN SPERATE,1.0
senato-mattarellum-1993-corrected,SARDEGNA,3,SANTADI,whole,,152,SANTADE,0.857
senato-mattarellum-1993-corrected,SARDEGNA,3,SANT'ANNA ARRESI,whole,,152,SANT'ANNA ARRESI,1.0
senato-mattarellum-1993-corrected,SARDEGNA,3,SANT'ANTIOCO,whole,,152,SANT'ANTIOCO,1.0
senato-mattarellum-1993-corrected,SARDEGNA,3,SARROCH,whole,,152,SARROCH,1.0
senato-mattarellum-1993-corrected,SARDEGNA,3,SELARGIUS,whole,,152,SELARGIUS,1.0
senato-mattarellum-1993-corrected,SARDEGNA,3,SERDIANA,whole,,152,SERDBIANA,0.889
senato-mattarellum-1993-corrected,SARDEGNA,3,SESTU,whole,,152,SESTU,1.0
senato-mattarellum-1993-corrected,SARDEGNA,3,SETTIMO SAN PIETRO,whole,,152,SETTIMO SAN PIETRO,1.0
senato-mattarellum-1993-corrected,SARDEGNA,3,SILIQUA,whole,,152,SIL IQUA,1.0
senato-mattarellum-1993-corrected,SARDEGNA,3,SOLEMINIS,whole,,152,SOLENMINIS,0.9
senato-mattarellum-1993-corrected,SARDEGNA,3,TEULADA,whole,,152,TEULADA,1.0
senato-mattarellum-1993-corrected,SARDEGNA,3,TRATALIAS,whole,,152,TRATALIAS,1.0
senato-mattarellum-1993-corrected,SARDEGNA,3,USSANA,whole,,152,USSANA,1.0
senato-mattarellum-1993-corrected,SARDEGNA,3,UTA,whole,,152,UTA,1.0
senato-mattarellum-1993-corrected,SARDEGNA,3,VILLAMASSARGIA,whole,,152,VILLAMASSARGIA,1.0
senato-mattarellum-1993-corrected,SARDEGNA,3,VILLA SAN PIETRO,whole,,152,VILLA SAN PIETRO,1.0
senato-mattarellum-1993-corrected,SARDEGNA,3,VILLASOR,whole,,152,VILLASOR,1.0
senato-mattarellum-1993-corrected,SARDEGNA,3,VILLASPECIOSA,whole,,152,VILLASPECIOSA,1.0
senato-mattarellum-1993-corrected,SARDEGNA,3,MASAINAS,whole,,152,MASA NAS,0.875
senato-mattarellum-1993-corrected,SARDEGNA,3,VILLAPERUCCIO,whole,,152,VILLAFERUCCIO,0.923
senato-mattarellum-1993-corrected,SARDEGNA,3,PISCINAS,whole,,152,PISCENAS,0.875
senato-mattarellum-1993-corrected,SARDEGNA,3,ELMAS,whole,,152,ELMAS,1.0
senato-mattarellum-1993-corrected,SARDEGNA,4,ALGHERO,whole,,152,ALBHERO,0.857
senato-mattarellum-1993-corrected,SARDEGNA,4,BANARI,whole,,152,BANARI,1.0
senato-mattarellum-1993-corrected,SARDEGNA,4,BESSUDE,whole,,152,BESSUDE,1.0
senato-mattarellum-1993-corrected,SARDEGNA,4,CARGEGHE,whole,,152,CARGEGHE,1.0
senato-mattarellum-1993-corrected,SARDEGNA,4,CHIARAMONTI,whole,,152,CHIARAMONTI,1.0
senato-mattarellum-1993-corrected,SARDEGNA,4,CODRONGIANOS,whole,,152,CODRONG DT ANOS,0.846
senato-mattarellum-1993-corrected,SARDEGNA,4,FLORINAS,whole,,152,FLORINAS,1.0
senato-mattarellum-1993-corrected,SARDEGNA,4,ITTIRI,whole,,152,ITTIRI,1.0
senato-mattarellum-1993-corrected,SARDEGNA,4,MONTELEONE ROCCA DORIA,whole,,152,HONTELEONE ROCCA DORIA,1.0
senato-mattarellum-1993-corrected,SARDEGNA,4,MUROS,whole,,152,HUROS,1.0
senato-mattarellum-1993-corrected,SARDEGNA,4,OLMEDO,whole,,152,OLMHEDO,0.857
senato-mattarellum-1993-corrected,SARDEGNA,4,OSILO,whole,,152,0OSILO,0.833
senato-mattarellum-1993-corrected,SARDEGNA,4,OSSI,whole,,152,OSSI,1.0
senato-mattarellum-1993-corrected,SARDEGNA,4,PLOAGHE,whole,,152,PLOAGHE,1.0
senato-mattarellum-1993-corrected,SARDEGNA,4,PORTO TORRES,whole,,152,PORTO TORRES,1.0
senato-mattarellum-1993-corrected,SARDEGNA,4,PUTIFIGARI,whole,,152,PUTIFIGARI,1.0
senato-mattarellum-1993-corrected,SARDEGNA,4,ROMANA,whole,,152,ROHANA,1.0
senato-mattarellum-1993-corrected,SARDEGNA,4,SASSARI,whole,,152,SASSARI,1.0
senato-mattarellum-1993-corrected,SARDEGNA,4,SENNORI,whole,,152,SENNOR 1,1.0
senato-mattarellum-1993-corrected,SARDEGNA,4,SILIGO,whole,,152,SILIGO,1.0
senato-mattarellum-1993-corrected,SARDEGNA,4,SORSO,whole,,152,SORSO,1.0
senato-mattarellum-1993-corrected,SARDEGNA,4,TISSI,whole,,152,T1SS1,1.0
senato-mattarellum-1993-corrected,SARDEGNA,4,URI,whole,,152,URI,1.0
senato-mattarellum-1993-corrected,SARDEGNA,4,USINI,whole,,152,USINI,1.0
senato-mattarellum-1993-corrected,SARDEGNA,4,VILLANOVA MONTELEONE,whole,,152,VILLANOVA MONTELEONE,1.0
senato-mattarellum-1993-corrected,SARDEGNA,4,STINTINO,whole,,152,STINTINO,1.0
senato-mattarellum-1993-corrected,SARDEGNA,5,AGGIUS,whole,,152,AGGIUS,1.0
senato-mattarellum-1993-corrected,SARDEGNA,5,ALA' DEI SARDI,whole,,152,ALA' DEI SARDI,1.0
senato-mattarellum-1993-corrected,SARDEGNA,5,ANELA,whole,,152,ANELA,1.0
senato-mattarellum-1993-corrected,SARDEGNA,5,ARDARA,whole,,152,ARDARA,1.0
senato-mattarellum-1993-corrected,SARDEGNA,5,ARZACHENA,whole,,152,ARZACHENA,1.0
senato-mattarellum-1993-corrected,SARDEGNA,5,BENETUTTI,whole,,152,BENE TUTTI,1.0
senato-mattarellum-1993-corrected,SARDEGNA,5,BERCHIDDA,whole,,152,BERCHIDDA,1.0
senato-mattarellum-1993-corrected,SARDEGNA,5,BONNANARO,whole,,152,BONNANARO,1.0
senato-mattarellum-1993-corrected,SARDEGNA,5,BONO,whole,,152,BONO,1.0
senato-mattarellum-1993-corrected,SARDEGNA,5,BONORVA,whole,,152,BONOR YA,0.857
senato-mattarellum-1993-corrected,SARDEGNA,5,BORTIGIADAS,whole,,153,BORTIGIADAS,1.0
senato-mattarellum-1993-corrected,SARDEGNA,5,BORUTTA,whole,,153,BORUTTA,1.0
senato-mattarellum-1993-corrected,SARDEGNA,5,BOTTIDDA,whole,,153,BOTTIDDA,1.0
senato-mattarellum-1993-corrected,SARDEGNA,5,BUDDUSO',whole,,153,BUuDDUSO?,0.875
senato-mattarellum-1993-corrected,SARDEGNA,5,BULTEI,whole,,153,BULTEI,1.0
senato-mattarellum-1993-corrected,SARDEGNA,5,BULZI,whole,,153,BULZI,1.0
senato-mattarellum-1993-corrected,SARDEGNA,5,BURGOS,whole,,153,BURGOS,1.0
senato-mattarellum-1993-corrected,SARDEGNA,5,CALANGIANUS,whole,,153,CALANGIANUS,1.0
senato-mattarellum-1993-corrected,SARDEGNA,5,CASTELSARDO,whole,,153,CASTELSARDO,1.0
senato-mattarellum-1993-corrected,SARDEGNA,5,CHEREMULE,whole,,153,CHEREMULE,1.0
senato-mattarellum-1993-corrected,SARDEGNA,5,COSSOINE,whole,,153,COSSOTNE,0.875
senato-mattarellum-1993-corrected,SARDEGNA,5,ESPORLATU,whole,,153,ESPORLATU,1.0
senato-mattarellum-1993-corrected,SARDEGNA,5,GIAVE,whole,,153,GIAVE,1.0
senato-mattarellum-1993-corrected,SARDEGNA,5,ILLORAI,whole,,153,ILLORAIT,0.875
senato-mattarellum-1993-corrected,SARDEGNA,5,ITTIREDDU,whole,,153,1TTIREDOU,0.889
senato-mattarellum-1993-corrected,SARDEGNA,5,LAERRU,whole,,153,LAERRU,1.0
senato-mattarellum-1993-corrected,SARDEGNA,5,LA MADDALENA,whole,,153,LA MADDALENA,1.0
senato-mattarellum-1993-corrected,SARDEGNA,5,LUOGOSANTO,whole,,153,LUOGOSANTO,1.0
senato-mattarellum-1993-corrected,SARDEGNA,5,LURAS,whole,,153,LURAS,1.0
senato-mattarellum-1993-corrected,SARDEGNA,5,MARA,whole,,153,MARA,1.0
senato-mattarellum-1993-corrected,SARDEGNA,5,MARTIS,whole,,153,MARTIS,1.0
senato-mattarellum-1993-corrected,SARDEGNA,5,MONTI,whole,,153,MONTI,1.0
senato-mattarellum-1993-corrected,SARDEGNA,5,MORES,whole,,153,MORES,1.0
senato-mattarellum-1993-corrected,SARDEGNA,5,NUGHEDU DI SAN NICOLO',whole,,153,NUGHEDU DI SAN NICOLO?,1.0
senato-mattarellum-1993-corrected,SARDEGNA,5,NULE,whole,,153,NULE,1.0
senato-mattarellum-1993-corrected,SARDEGNA,5,NULVI,whole,,153,NULYVI,0.833
senato-mattarellum-1993-corrected,SARDEGNA,5,OLBIA,whole,,153,OLBIA,1.0
senato-mattarellum-1993-corrected,SARDEGNA,5,OSCHIRI,whole,,153,OSCHIRI,1.0
senato-mattarellum-1993-corrected,SARDEGNA,5,,whole,,153,O2ZI1ERE,0.714
senato-mattarellum-1993-corrected,SARDEGNA,5,PADRIA,whole,,153,PADRIA,1.0
senato-mattarellum-1993-corrected,SARDEGNA,5,PALAU,whole,,153,PALAU,1.0
senato-mattarellum-1993-corrected,SARDEGNA,5,PATTADA,whole,,153,PATTADA,1.0
senato-mattarellum-1993-corrected,SARDEGNA,5,PERFUGAS,whole,,153,PERFUGAS,1.0
senato-mattarellum-1993-corrected,SARDEGNA,5,POZZOMAGGIORE,whole,,153,POZZOMAGGIORE,1.0
senato-mattarellum-1993-corrected,SARDEGNA,5,AGLIENTU,whole,,153,AGLIENTHÙ,0.875
senato-mattarellum-1993-corrected,SARDEGNA,5,SANTA TERESA GALLURA,whole,,153,SANTA TERESA GALLURA,1.0
senato-mattarellum-1993-corrected,SARDEGNA,5,SEDINI,whole,,153,SEDINI,1.0
senato-mattarellum-1993-corrected,SARDEGNA,5,SEMESTENE,whole,,153,SEMESTENE,1.0
senato-mattarellum-1993-corrected,SARDEGNA,5,TEMPIO PAUSANIA,whole,,153,TEMPIO PAUSANIA,1.0
senato-mattarellum-1993-corrected,SARDEGNA,5,THIESI,whole,,153,THIESI,1.0
senato-mattarellum-1993-corrected,SARDEGNA,5,TORRALBA,whole,,153,TORRALBA,1.0
senato-mattarellum-1993-corrected,SARDEGNA,5,TRINITA D'AGULTU E VIGNOLA,whole,,153,TRINITA D'AGULTU E VIGNOLA,1.0
senato-mattarellum-1993-corrected,SARDEGNA,5,TULA,whole,,153,TULA,1.0
senato-mattarellum-1993-corrected,SARDEGNA,5,VALLEDORIA,whole,,153,VALLEDORITA,0.909
senato-mattarellum-1993-corrected,SARDEGNA,5,TELTI,whole,,153,TELTI,1.0
senato-mattarellum-1993-corrected,SARDEGNA,5,BADESI,whole,,153,BADESI,1.0
senato-mattarellum-1993-corrected,SARDEGNA,5,VIDDALBA,whole,,153,VIDDALBA,1.0
senato-mattarellum-1993-corrected,SARDEGNA,5,GOLFO ARANCI,whole,,153,GOLFO ARANCI,1.0
senato-mattarellum-1993-corrected,SARDEGNA,5,LOIRI PORTO SAN PAOLO,whole,,153,LOTIRI PORTO SAN PAOLO,0.947
senato-mattarellum-1993-corrected,SARDEGNA,5,SANT'ANTONIO DI GALLURA,whole,,153,SANT'ANTONIO DI GALLURA,1.0
senato-mattarellum-1993-corrected,SARDEGNA,5,TERGU,whole,,153,TERGU,1.0
senato-mattarellum-1993-corrected,SARDEGNA,5,SANTA MARIA COGHINAS,whole,,153,SANTA MARIA COGHINAS,1.0
senato-mattarellum-1993-corrected,SARDEGNA,5,ERULA,whole,,153,ERULA,1.0
senato-mattarellum-1993-corrected,SARDEGNA,5,BITTI,whole,,153,BITTI,1.0
senato-mattarellum-1993-corrected,SARDEGNA,5,BUDONI,whole,,153,BUDONI,1.0
senato-mattarellum-1993-corrected,SARDEGNA,5,GALTELLI,whole,,153,GALTELLI,1.0
senato-mattarellum-1993-corrected,SARDEGNA,5,IRGOLI,whole,,153,IRGOLI,1.0
senato-mattarellum-1993-corrected,SARDEGNA,5,,whole,,153,LQCULTI,0.714
senato-mattarellum-1993-corrected,SARDEGNA,5,LULA,whole,,153,LULA,1.0
senato-mattarellum-1993-corrected,SARDEGNA,5,ONANI,whole,,153,ONANI,1.0
senato-mattarellum-1993-corrected,SARDEGNA,5,ONIFAI,whole,,153,ONIFAÎI,1.0
senato-mattarellum-1993-corrected,SARDEGNA,5,,whole,,153,ORQSE I,0.667
senato-mattarellum-1993-corrected,SARDEGNA,5,ORUNE,whole,,153,ORUNE,1.0
senato-mattarellum-1993-corrected,SARDEGNA,5,OSIDDA,whole,,153,OSI1IDDA,0.75
senato-mattarellum-1993-corrected,SARDEGNA,5,POSADA,whole,,153,POSADA,1.0
senato-mattarellum-1993-corrected,SARDEGNA,5,SAN TEODORO,whole,,153,SAN TEODORO,1.0
senato-mattarellum-1993-corrected,SARDEGNA,5,SINISCOLA,whole,,153,SINISCOLA,1.0
senato-mattarellum-1993-corrected,SARDEGNA,5,TORPE',whole,,153,TORPE',1.0
senato-mattarellum-1993-corrected,SARDEGNA,6,,whole,,154,ARBUYUS,0.714
senato-mattarellum-1993-corrected,SARDEGNA,6,ARMUNGIA,whole,,154,ARMUNGIA,1.0
senato-mattarellum-1993-corrected,SARDEGNA,6,BALLAO,whole,,154,BALLAO,1.0
senato-mattarellum-1993-corrected,SARDEGNA,6,BARRALI,whole,,154,BARRAL I,0.857
senato-mattarellum-1993-corrected,SARDEGNA,6,BARUMINI,whole,,154,BARUMINI,1.0
senato-mattarellum-1993-corrected,SARDEGNA,6,COLLINAS,whole,,154,C€OLLINAS,1.0
senato-mattarellum-1993-corrected,SARDEGNA,6,DECIMOPUTZU,whole,,154,DECIHOPUTZY,0.909
senato-mattarellum-1993-corrected,SARDEGNA,6,DONORI',whole,,154,DONORE *,0.833
senato-mattarellum-1993-corrected,SARDEGNA,6,FURTEI,whole,,154,FURTE I,0.833
senato-mattarellum-1993-corrected,SARDEGNA,6,GENURI,whole,,154,GENUR 1,1.0
senato-mattarellum-1993-corrected,SARDEGNA,6,GESICO,whole,,154,GESICO,1.0
senato-mattarellum-1993-corrected,SARDEGNA,6,GESTURI,whole,,154,GESTURI,1.0
senato-mattarellum-1993-corrected,SARDEGNA,6,GONI,whole,,154,GONI,1.0
senato-mattarellum-1993-corrected,SARDEGNA,6,GONNOSFANADIGA,whole,,154,GONNOSF ANADIGA,1.0
senato-mattarellum-1993-corrected,SARDEGNA,6,GUAMAGGIORE,whole,,154,GUAMAGGIORE,1.0
senato-mattarellum-1993-corrected,SARDEGNA,6,GUASILA,whole,,154,GUASILA,1.0
senato-mattarellum-1993-corrected,SARDEGNA,6,GUSPINI,whole,,154,GUSPINI,1.0
senato-mattarellum-1993-corrected,SARDEGNA,6,LAS PLASSAS,whole,,154,LAS PLASSAS,1.0
senato-mattarellum-1993-corrected,SARDEGNA,6,LUNAMATRONA,whole,,154,LUNANMATRONA,0.917
senato-mattarellum-1993-corrected,SARDEGNA,6,MANDAS,whole,,154,HANDAS,1.0
senato-mattarellum-1993-corrected,SARDEGNA,6,MURAVERA,whole,,154,MURAVERA,1.0
senato-mattarellum-1993-corrected,SARDEGNA,6,ORTACESUS,whole,,154,ORTACE SUS,1.0
senato-mattarellum-1993-corrected,SARDEGNA,6,PABILLONIS,whole,,154,PABILLONIS,1.0
senato-mattarellum-1993-corrected,SARDEGNA,6,PAULI ARBAREI,whole,,154,PAULI ARBARE I,0.917
senato-mattarellum-1993-corrected,SARDEGNA,6,PIMENTEL,whole,,154,PIMENTEL,1.0
senato-mattarellum-1993-corrected,SARDEGNA,6,SAMASSI,whole,,154,SAMASSI,1.0
senato-mattarellum-1993-corrected,SARDEGNA,6,SAMATZAI,whole,,154,SAHATZAIL,0.889
senato-mattarellum-1993-corrected,SARDEGNA,6,SAN BASILIO,whole,,154,SAN BASILIO,1.0
senato-mattarellum-1993-corrected,SARDEGNA,6,SAN GAVINO MONREALE,whole,,154,SAN GAVINO HONREALE,1.0
senato-mattarellum-1993-corrected,SARDEGNA,6,SANLURI,whole,,154,SANLURI,1.0
senato-mattarellum-1993-corrected,SARDEGNA,6,SAN NICOLO' GERREI,whole,,154,SAN WICQLO* GERREI,0.867
senato-mattarellum-1993-corrected,SARDEGNA,6,SANT'ANDREA FRIUS,whole,,154,SANT'ANDREA FRIUS,1.0
senato-mattarellum-1993-corrected,SARDEGNA,6,SAN VITO,whole,,154,SAN vITO,1.0
senato-mattarellum-1993-corrected,SARDEGNA,6,SARDARA,whole,,154,SARDARA,1.0
senato-mattarellum-1993-corrected,SARDEGNA,6,SEGARIU,whole,,154,SEGAR IU,1.0
senato-mattarellum-1993-corrected,SARDEGNA,6,SELEGAS,whole,,154,SELESAS,0.857
senato-mattarellum-1993-corrected,SARDEGNA,6,SENORBI',whole,,154,SENORBI*,1.0
senato-mattarellum-1993-corrected,SARDEGNA,6,SERRAMANNA,whole,,154,SERRAMANNA,1.0
senato-mattarellum-1993-corrected,SARDEGNA,6,SERRENTI,whole,,154,SERRENTI,1.0
senato-mattarellum-1993-corrected,SARDEGNA,6,SETZU,whole,,154,SE TZU,1.0
senato-mattarellum-1993-corrected,SARDEGNA,6,SIURGUS DONIGALA,whole,,154,SIURGUS DONIGALA,1.0
senato-mattarellum-1993-corrected,SARDEGNA,6,SUELLI,whole,,154,SUELLE,0.833
senato-mattarellum-1993-corrected,SARDEGNA,6,TUILI,whole,,154,TU1ILI,0.833
senato-mattarellum-1993-corrected,SARDEGNA,6,TURRI,whole,,154,TURRI,1.0
senato-mattarellum-1993-corrected,SARDEGNA,6,USSARAMANNA,whole,,154,USSARAMANNA,1.0
senato-mattarellum-1993-corrected,SARDEGNA,6,VALLERMOSA,whole,,154,VALLERMOSA,1.0
senato-mattarellum-1993-corrected,SARDEGNA,6,VILLACIDRO,whole,,154,VILLACIDRO,1.0
senato-mattarellum-1993-corrected,SARDEGNA,6,VILLAMAR,whole,,154,VILLAMAR,1.0
senato-mattarellum-1993-corrected,SARDEGNA,6,VILLANOVAFORRU,whole,,154,VILLANOVAFORRU,1.0
senato-mattarellum-1993-corrected,SARDEGNA,6,VILLANOVAFRANCA,whole,,154,VILLANOVAFRANCA,1.0
senato-mattarellum-1993-corrected,SARDEGNA,6,VILLAPUTZU,whole,,154,VELLAPUTZU,0.9
senato-mattarellum-1993-corrected,SARDEGNA,6,VILLASALTO,whole,,154,VILLASALTO,1.0
senato-mattarellum-1993-corrected,SARDEGNA,6,CASTIADAS,whole,,154,CASTIADAS,1.0
senato-mattarellum-1993-corrected,SARDEGNA,6,ALBAGIARA,whole,,154,ALBAGIARA,1.0
senato-mattarellum-1993-corrected,SARDEGNA,6,ALES,whole,,154,ALES,1.0
senato-mattarellum-1993-corrected,SARDEGNA,6,ALLAI,whole,,154,ALLAI,1.0
senato-mattarellum-1993-corrected,SARDEGNA,6,ARBOREA,whole,,154,ARBOREA,1.0
senato-mattarellum-1993-corrected,SARDEGNA,6,ASSOLO,whole,,154,ASSOLO,1.0
senato-mattarellum-1993-corrected,SARDEGNA,6,ASUNI,whole,,154,ASUNI,1.0
senato-mattarellum-1993-corrected,SARDEGNA,6,BARADILI,whole,,154,BARADIL 1,1.0
senato-mattarellum-1993-corrected,SARDEGNA,6,BARATILI SAN PIETRO,whole,,154,BARATILI SAN PIETRO,1.0
senato-mattarellum-1993-corrected,SARDEGNA,6,BARESSA,whole,,154,BARESSA,1.0
senato-mattarellum-1993-corrected,SARDEGNA,6,BAULADU,whole,,154,BAULADU,1.0
senato-mattarellum-1993-corrected,SARDEGNA,6,BONARCADO,whole,,154,BONARCABDO,0.9
senato-mattarellum-1993-corrected,SARDEGNA,6,BUSACHI,whole,,154,BUSACHI,1.0
senato-mattarellum-1993-corrected,SARDEGNA,6,CABRAS,whole,,154,CABRAS,1.0
senato-mattarellum-1993-corrected,SARDEGNA,6,CUGLIERI,whole,,154,CUGLIERI,1.0
senato-mattarellum-1993-corrected,SARDEGNA,6,FORDONGIANUS,whole,,155,FURDONGIANUS,0.917
senato-mattarellum-1993-corrected,SARDEGNA,6,GONNOSCODINA,whole,,155,GONNOSCODINA,1.0
senato-mattarellum-1993-corrected,SARDEGNA,6,GONNOSNO',whole,,155,GONNOSNO*,1.0
senato-mattarellum-1993-corrected,SARDEGNA,6,GONNOSTRAMATZA,whole,,155,GONNOSTRAMATZA,1.0
senato-mattarellum-1993-corrected,SARDEGNA,6,MARRUBIU,whole,,155,MARRUBIU,1.0
senato-mattarellum-1993-corrected,SARDEGNA,6,MASULLAS,whole,,155,HMASULLAS,0.889
senato-mattarellum-1993-corrected,SARDEGNA,6,MILIS,whole,,155,MILIS,1.0
senato-mattarellum-1993-corrected,SARDEGNA,6,MOGORELLA,whole,,155,MOGORELLA,1.0
senato-mattarellum-1993-corrected,SARDEGNA,6,MOGORO,whole,,155,MOUGORO,0.857
senato-mattarellum-1993-corrected,SARDEGNA,6,MORGONGIORI,whole,,155,MORGONGIORI,1.0
senato-mattarellum-1993-corrected,SARDEGNA,6,NARBOLIA,whole,,155,NARBOLIA,1.0
senato-mattarellum-1993-corrected,SARDEGNA,6,NURACHI,whole,,155,NURACHI,1.0
senato-mattarellum-1993-corrected,SARDEGNA,6,NURECI,whole,,155,NURECI,1.0
senato-mattarellum-1993-corrected,SARDEGNA,6,OLLASTRA,whole,,155,OUOLLASTRA,0.8
senato-mattarellum-1993-corrected,SARDEGNA,6,ORISTANO,whole,,155,GRISTANO,0.875
senato-mattarellum-1993-corrected,SARDEGNA,6,PALMAS ARBOREA,whole,,155,PALMAS ARBOREA,1.0
senato-mattarellum-1993-corrected,SARDEGNA,6,PAU,whole,,155,PAU,1.0
senato-mattarellum-1993-corrected,SARDEGNA,6,POMPU,whole,,155,POMPU,1.0
senato-mattarellum-1993-corrected,SARDEGNA,6,RIOLA SARDO,whole,,155,RIOLA SARDO,1.0
senato-mattarellum-1993-corrected,SARDEGNA,6,RUINAS,whole,,155,RUINAS,1.0
senato-mattarellum-1993-corrected,SARDEGNA,6,SAMUGHEO,whole,,155,SAMUGHEDO,0.889
senato-mattarellum-1993-corrected,SARDEGNA,6,SAN NICOLO' D'ARCIDANO,whole,,155,SAN NÎICOLO' D'ARCIDANO,1.0
senato-mattarellum-1993-corrected,SARDEGNA,6,SANTA GIUSTA,whole,,155,SANTA GIUSTA,1.0
senato-mattarellum-1993-corrected,SARDEGNA,6,VILLA SANT'ANTONIO,whole,,155,VILLA SANT'ANTONIO,1.0
senato-mattarellum-1993-corrected,SARDEGNA,6,SAN VERO MILIS,whole,,155,SAN VERO MILIS,1.0
senato-mattarellum-1993-corrected,SARDEGNA,6,SENEGHE,whole,,155,SENEGHE,1.0
senato-mattarellum-1993-corrected,SARDEGNA,6,SENIS,whole,,155,SENI1S,0.833
senato-mattarellum-1993-corrected,SARDEGNA,6,SENNARIOLO,whole,,155,SENNARIOLO,1.0
senato-mattarellum-1993-corrected,SARDEGNA,6,SIAMAGGIORE,whole,,155,STAMAGGIORE,0.909
senato-mattarellum-1993-corrected,SARDEGNA,6,SIAMANNA,whole,,155,SITAMANNA,0.889
senato-mattarellum-1993-corrected,SARDEGNA,6,SIMALA,whole,,155,SIMALA,1.0
senato-mattarellum-1993-corrected,SARDEGNA,6,SIMAXIS,whole,,155,SIMAXIS,1.0
senato-mattarellum-1993-corrected,SARDEGNA,6,SINI,whole,,155,SINI,1.0
senato-mattarellum-1993-corrected,SARDEGNA,6,SIRIS,whole,,155,SIRIS,1.0
senato-mattarellum-1993-corrected,SARDEGNA,6,SOLARUSSA,whole,,155,SOLARUSSA,1.0
senato-mattarellum-1993-corrected,SARDEGNA,6,TERRALBA,whole,,155,TERRALBA,1.0
senato-mattarellum-1993-corrected,SARDEGNA,6,TRAMATZA,whole,,155,TRAMATZA,1.0
senato-mattarellum-1993-corrected,SARDEGNA,6,TRESNURAGHES,whole,,155,TRE SNURAGHES,1.0
senato-mattarellum-1993-corrected,SARDEGNA,6,URAS,whole,,155,URAS,1.0
senato-mattarellum-1993-corrected,SARDEGNA,6,USELLUS,whole,,155,USELLUS,1.0
senato-mattarellum-1993-corrected,SARDEGNA,6,VILLANOVA TRUSCHEDU,whole,,155,VILLANOVA TRUSCHEDU,1.0
senato-mattarellum-1993-corrected,SARDEGNA,6,VILLAURBANA,whole,,155,VILLAUR BANA,1.0
senato-mattarellum-1993-corrected,SARDEGNA,6,VILLA VERDE,whole,,155,VILLA VERDE,1.0
senato-mattarellum-1993-corrected,SARDEGNA,6,ZEDDIANI,whole,,155,ZEDDIANI,1.0
senato-mattarellum-1993-corrected,SARDEGNA,6,,whole,,155,ZERFALIU,0.556
senato-mattarellum-1993-corrected,SARDEGNA,6,SIAPICCIA,whole,,155,SFEAPICCIA,0.8
senato-mattarellum-1993-corrected,SARDEGNA,6,CURCURIS,whole,,155,CURCURIS,1.0
